method,explorer_batch,task_in_batch,run_id,trajectory_id,effective_loss_turns,recorded_turns,prompt_truncated,training_order
Vanilla OPD,1,0,0,1/0/0,14,30,True,1
Vanilla OPD,1,1,0,1/1/0,22,30,True,2
Vanilla OPD,1,2,0,1/2/0,8,8,False,3
Vanilla OPD,1,3,0,1/3/0,20,30,True,4
Vanilla OPD,1,4,0,1/4/0,17,30,True,5
Vanilla OPD,1,5,0,1/5/0,20,30,True,6
Vanilla OPD,1,6,0,1/6/0,20,30,True,7
Vanilla OPD,1,7,0,1/7/0,20,30,True,8
Vanilla OPD,1,8,0,1/8/0,18,30,True,9
Vanilla OPD,1,9,0,1/9/0,19,30,True,10
Vanilla OPD,1,10,0,1/10/0,21,30,True,11
Vanilla OPD,1,11,0,1/11/0,14,30,True,12
Vanilla OPD,1,12,0,1/12/0,16,30,True,13
Vanilla OPD,1,13,0,1/13/0,20,30,True,14
Vanilla OPD,1,14,0,1/14/0,15,30,True,15
Vanilla OPD,1,15,0,1/15/0,18,30,True,16
Vanilla OPD,2,0,0,2/0/0,19,30,True,17
Vanilla OPD,2,1,0,2/1/0,17,30,True,18
Vanilla OPD,2,2,0,2/2/0,19,30,True,19
Vanilla OPD,2,3,0,2/3/0,15,15,False,20
Vanilla OPD,2,4,0,2/4/0,19,30,True,21
Vanilla OPD,2,5,0,2/5/0,15,30,True,22
Vanilla OPD,2,6,0,2/6/0,14,30,True,23
Vanilla OPD,2,7,0,2/7/0,20,30,True,24
Vanilla OPD,2,8,0,2/8/0,14,30,True,25
Vanilla OPD,2,9,0,2/9/0,21,30,True,26
Vanilla OPD,2,10,0,2/10/0,20,30,True,27
Vanilla OPD,2,11,0,2/11/0,16,30,True,28
Vanilla OPD,2,12,0,2/12/0,18,30,True,29
Vanilla OPD,2,13,0,2/13/0,14,30,True,30
Vanilla OPD,2,14,0,2/14/0,16,30,True,31
Vanilla OPD,2,15,0,2/15/0,19,30,True,32
Vanilla OPD,3,0,0,3/0/0,15,30,True,33
Vanilla OPD,3,1,0,3/1/0,16,30,True,34
Vanilla OPD,3,2,0,3/2/0,15,30,True,35
Vanilla OPD,3,3,0,3/3/0,19,30,True,36
Vanilla OPD,3,4,0,3/4/0,3,3,False,37
Vanilla OPD,3,5,0,3/5/0,20,30,True,38
Vanilla OPD,3,6,0,3/6/0,14,30,True,39
Vanilla OPD,3,7,0,3/7/0,20,30,True,40
Vanilla OPD,3,8,0,3/8/0,17,30,True,41
Vanilla OPD,3,9,0,3/9/0,16,30,True,42
Vanilla OPD,3,10,0,3/10/0,12,30,True,43
Vanilla OPD,3,11,0,3/11/0,15,30,True,44
Vanilla OPD,3,12,0,3/12/0,13,30,True,45
Vanilla OPD,3,13,0,3/13/0,9,9,False,46
Vanilla OPD,3,14,0,3/14/0,19,30,True,47
Vanilla OPD,3,15,0,3/15/0,18,30,True,48
Vanilla OPD,4,0,0,4/0/0,16,16,False,49
Vanilla OPD,4,1,0,4/1/0,15,30,True,50
Vanilla OPD,4,2,0,4/2/0,18,30,True,51
Vanilla OPD,4,3,0,4/3/0,21,30,True,52
Vanilla OPD,4,4,0,4/4/0,18,30,True,53
Vanilla OPD,4,5,0,4/5/0,18,30,True,54
Vanilla OPD,4,6,0,4/6/0,16,30,True,55
Vanilla OPD,4,7,0,4/7/0,13,30,True,56
Vanilla OPD,4,8,0,4/8/0,18,30,True,57
Vanilla OPD,4,9,0,4/9/0,16,30,True,58
Vanilla OPD,4,10,0,4/10/0,5,5,False,59
Vanilla OPD,4,11,0,4/11/0,14,30,True,60
Vanilla OPD,4,12,0,4/12/0,13,30,True,61
Vanilla OPD,4,13,0,4/13/0,16,30,True,62
Vanilla OPD,4,14,0,4/14/0,18,30,True,63
Vanilla OPD,4,15,0,4/15/0,14,30,True,64
Vanilla OPD,5,0,0,5/0/0,19,30,True,65
Vanilla OPD,5,1,0,5/1/0,15,30,True,66
Vanilla OPD,5,2,0,5/2/0,19,30,True,67
Vanilla OPD,5,3,0,5/3/0,17,30,True,68
Vanilla OPD,5,4,0,5/4/0,15,30,True,69
Vanilla OPD,5,5,0,5/5/0,15,30,True,70
Vanilla OPD,5,6,0,5/6/0,12,30,True,71
Vanilla OPD,5,7,0,5/7/0,15,30,True,72
Vanilla OPD,5,8,0,5/8/0,23,30,True,73
Vanilla OPD,5,9,0,5/9/0,22,30,True,74
Vanilla OPD,5,10,0,5/10/0,19,30,True,75
Vanilla OPD,5,11,0,5/11/0,13,13,False,76
Vanilla OPD,5,12,0,5/12/0,17,30,True,77
Vanilla OPD,5,13,0,5/13/0,18,30,True,78
Vanilla OPD,5,14,0,5/14/0,21,30,True,79
Vanilla OPD,5,15,0,5/15/0,19,30,True,80
Vanilla OPD,6,0,0,6/0/0,7,7,False,81
Vanilla OPD,6,1,0,6/1/0,7,7,False,82
Vanilla OPD,6,2,0,6/2/0,19,30,True,83
Vanilla OPD,6,3,0,6/3/0,21,30,True,84
Vanilla OPD,6,4,0,6/4/0,19,30,True,85
Vanilla OPD,6,5,0,6/5/0,15,30,True,86
Vanilla OPD,6,6,0,6/6/0,15,30,True,87
Vanilla OPD,6,7,0,6/7/0,16,30,True,88
Vanilla OPD,6,8,0,6/8/0,13,30,True,89
Vanilla OPD,6,9,0,6/9/0,20,30,True,90
Vanilla OPD,6,10,0,6/10/0,17,30,True,91
Vanilla OPD,6,11,0,6/11/0,14,30,True,92
Vanilla OPD,6,12,0,6/12/0,15,30,True,93
Vanilla OPD,6,13,0,6/13/0,20,30,True,94
Vanilla OPD,6,14,0,6/14/0,15,30,True,95
Vanilla OPD,6,15,0,6/15/0,19,30,True,96
Vanilla OPD,7,0,0,7/0/0,18,30,True,97
Vanilla OPD,7,1,0,7/1/0,14,30,True,98
Vanilla OPD,7,2,0,7/2/0,16,30,True,99
Vanilla OPD,7,3,0,7/3/0,16,30,True,100
Vanilla OPD,7,4,0,7/4/0,12,30,True,101
Vanilla OPD,7,5,0,7/5/0,18,30,True,102
Vanilla OPD,7,6,0,7/6/0,15,30,True,103
Vanilla OPD,7,7,0,7/7/0,12,30,True,104
Vanilla OPD,7,8,0,7/8/0,20,30,True,105
Vanilla OPD,7,9,0,7/9/0,20,30,True,106
Vanilla OPD,7,10,0,7/10/0,13,30,True,107
Vanilla OPD,7,11,0,7/11/0,16,30,True,108
Vanilla OPD,7,12,0,7/12/0,15,30,True,109
Vanilla OPD,7,13,0,7/13/0,15,30,True,110
Vanilla OPD,7,14,0,7/14/0,19,30,True,111
Vanilla OPD,7,15,0,7/15/0,16,30,True,112
Vanilla OPD,8,0,0,8/0/0,19,30,True,113
Vanilla OPD,8,1,0,8/1/0,20,30,True,114
Vanilla OPD,8,2,0,8/2/0,15,30,True,115
Vanilla OPD,8,3,0,8/3/0,22,30,True,116
Vanilla OPD,8,4,0,8/4/0,23,30,True,117
Vanilla OPD,8,5,0,8/5/0,20,30,True,118
Vanilla OPD,8,6,0,8/6/0,20,30,True,119
Vanilla OPD,8,7,0,8/7/0,13,30,True,120
Vanilla OPD,8,8,0,8/8/0,10,10,False,121
Vanilla OPD,8,9,0,8/9/0,16,30,True,122
Vanilla OPD,8,10,0,8/10/0,17,30,True,123
Vanilla OPD,8,11,0,8/11/0,22,30,True,124
Vanilla OPD,8,12,0,8/12/0,15,30,True,125
Vanilla OPD,8,13,0,8/13/0,20,30,True,126
Vanilla OPD,8,14,0,8/14/0,7,7,False,127
Vanilla OPD,8,15,0,8/15/0,14,30,True,128
Vanilla OPD,9,0,0,9/0/0,23,30,True,129
Vanilla OPD,9,1,0,9/1/0,17,30,True,130
Vanilla OPD,9,2,0,9/2/0,21,30,True,131
Vanilla OPD,9,3,0,9/3/0,18,30,True,132
Vanilla OPD,9,4,0,9/4/0,14,30,True,133
Vanilla OPD,9,5,0,9/5/0,21,30,True,134
Vanilla OPD,9,6,0,9/6/0,16,30,True,135
Vanilla OPD,9,7,0,9/7/0,18,30,True,136
Vanilla OPD,9,8,0,9/8/0,11,11,False,137
Vanilla OPD,9,9,0,9/9/0,6,6,False,138
Vanilla OPD,9,10,0,9/10/0,21,30,True,139
Vanilla OPD,9,11,0,9/11/0,5,5,False,140
Vanilla OPD,9,12,0,9/12/0,22,30,True,141
Vanilla OPD,9,13,0,9/13/0,18,30,True,142
Vanilla OPD,9,14,0,9/14/0,15,30,True,143
Vanilla OPD,9,15,0,9/15/0,21,30,True,144
Vanilla OPD,10,0,0,10/0/0,22,30,True,145
Vanilla OPD,10,1,0,10/1/0,15,30,True,146
Vanilla OPD,10,2,0,10/2/0,18,30,True,147
Vanilla OPD,10,3,0,10/3/0,18,30,True,148
Vanilla OPD,10,4,0,10/4/0,22,30,True,149
Vanilla OPD,10,5,0,10/5/0,15,30,True,150
Vanilla OPD,10,6,0,10/6/0,21,30,True,151
Vanilla OPD,10,7,0,10/7/0,23,30,True,152
Vanilla OPD,10,8,0,10/8/0,18,30,True,153
Vanilla OPD,10,9,0,10/9/0,15,30,True,154
Vanilla OPD,10,10,0,10/10/0,24,24,False,155
Vanilla OPD,10,11,0,10/11/0,15,30,True,156
Vanilla OPD,10,12,0,10/12/0,7,7,False,157
Vanilla OPD,10,13,0,10/13/0,4,4,False,158
Vanilla OPD,10,14,0,10/14/0,17,30,True,159
Vanilla OPD,10,15,0,10/15/0,16,30,True,160
Vanilla OPD,11,0,0,11/0/0,23,30,True,161
Vanilla OPD,11,1,0,11/1/0,24,30,True,162
Vanilla OPD,11,2,0,11/2/0,22,30,True,163
Vanilla OPD,11,3,0,11/3/0,18,30,True,164
Vanilla OPD,11,4,0,11/4/0,14,30,True,165
Vanilla OPD,11,5,0,11/5/0,20,20,False,166
Vanilla OPD,11,6,0,11/6/0,16,30,True,167
Vanilla OPD,11,7,0,11/7/0,14,30,True,168
Vanilla OPD,11,8,0,11/8/0,20,30,True,169
Vanilla OPD,11,9,0,11/9/0,16,30,True,170
Vanilla OPD,11,10,0,11/10/0,15,30,True,171
Vanilla OPD,11,11,0,11/11/0,22,30,True,172
Vanilla OPD,11,12,0,11/12/0,15,30,True,173
Vanilla OPD,11,13,0,11/13/0,18,30,True,174
Vanilla OPD,11,14,0,11/14/0,24,30,True,175
Vanilla OPD,11,15,0,11/15/0,17,30,True,176
Vanilla OPD,12,0,0,12/0/0,23,30,True,177
Vanilla OPD,12,1,0,12/1/0,21,30,True,178
Vanilla OPD,12,2,0,12/2/0,16,30,True,179
Vanilla OPD,12,3,0,12/3/0,19,30,True,180
Vanilla OPD,12,4,0,12/4/0,23,30,True,181
Vanilla OPD,12,5,0,12/5/0,20,30,True,182
Vanilla OPD,12,6,0,12/6/0,17,30,True,183
Vanilla OPD,12,7,0,12/7/0,19,30,True,184
Vanilla OPD,12,8,0,12/8/0,16,30,True,185
Vanilla OPD,12,9,0,12/9/0,19,30,True,186
Vanilla OPD,12,10,0,12/10/0,16,30,True,187
Vanilla OPD,12,11,0,12/11/0,6,6,False,188
Vanilla OPD,12,12,0,12/12/0,18,30,True,189
Vanilla OPD,12,13,0,12/13/0,21,30,True,190
Vanilla OPD,12,14,0,12/14/0,23,30,True,191
Vanilla OPD,12,15,0,12/15/0,23,30,True,192
Vanilla OPD,13,0,0,13/0/0,4,4,False,193
Vanilla OPD,13,1,0,13/1/0,14,30,True,194
Vanilla OPD,13,2,0,13/2/0,17,30,True,195
Vanilla OPD,13,3,0,13/3/0,23,30,True,196
Vanilla OPD,13,4,0,13/4/0,19,30,True,197
Vanilla OPD,13,5,0,13/5/0,29,30,True,198
Vanilla OPD,13,6,0,13/6/0,13,30,True,199
Vanilla OPD,13,7,0,13/7/0,16,30,True,200
Vanilla OPD,13,8,0,13/8/0,13,30,True,201
Vanilla OPD,13,9,0,13/9/0,21,30,True,202
Vanilla OPD,13,10,0,13/10/0,13,30,True,203
Vanilla OPD,13,11,0,13/11/0,16,30,True,204
Vanilla OPD,13,12,0,13/12/0,20,30,True,205
Vanilla OPD,13,13,0,13/13/0,15,30,True,206
Vanilla OPD,13,14,0,13/14/0,23,30,True,207
Vanilla OPD,13,15,0,13/15/0,23,30,True,208
Vanilla OPD,14,0,0,14/0/0,16,30,True,209
Vanilla OPD,14,1,0,14/1/0,26,30,True,210
Vanilla OPD,14,2,0,14/2/0,17,30,True,211
Vanilla OPD,14,3,0,14/3/0,16,30,True,212
Vanilla OPD,14,4,0,14/4/0,19,30,True,213
Vanilla OPD,14,5,0,14/5/0,19,30,True,214
Vanilla OPD,14,6,0,14/6/0,16,30,True,215
Vanilla OPD,14,7,0,14/7/0,20,30,True,216
Vanilla OPD,14,8,0,14/8/0,22,30,True,217
Vanilla OPD,14,9,0,14/9/0,18,30,True,218
Vanilla OPD,14,10,0,14/10/0,19,30,True,219
Vanilla OPD,14,11,0,14/11/0,22,30,True,220
Vanilla OPD,14,12,0,14/12/0,22,30,True,221
Vanilla OPD,14,13,0,14/13/0,17,30,True,222
Vanilla OPD,14,14,0,14/14/0,21,30,True,223
Vanilla OPD,14,15,0,14/15/0,21,30,True,224
Vanilla OPD,15,0,0,15/0/0,20,30,True,225
Vanilla OPD,15,1,0,15/1/0,22,30,True,226
Vanilla OPD,15,2,0,15/2/0,19,30,True,227
Vanilla OPD,15,3,0,15/3/0,15,30,True,228
Vanilla OPD,15,4,0,15/4/0,20,30,True,229
Vanilla OPD,15,5,0,15/5/0,21,30,True,230
Vanilla OPD,15,6,0,15/6/0,15,30,True,231
Vanilla OPD,15,7,0,15/7/0,24,30,True,232
Vanilla OPD,15,8,0,15/8/0,27,30,True,233
Vanilla OPD,15,9,0,15/9/0,20,30,True,234
Vanilla OPD,15,10,0,15/10/0,15,30,True,235
Vanilla OPD,15,11,0,15/11/0,16,30,True,236
Vanilla OPD,15,12,0,15/12/0,16,30,True,237
Vanilla OPD,15,13,0,15/13/0,21,21,False,238
Vanilla OPD,15,14,0,15/14/0,20,30,True,239
Vanilla OPD,15,15,0,15/15/0,16,30,True,240
Vanilla OPD,16,0,0,16/0/0,20,30,True,241
Vanilla OPD,16,1,0,16/1/0,16,30,True,242
Vanilla OPD,16,2,0,16/2/0,10,10,False,243
Vanilla OPD,16,3,0,16/3/0,15,30,True,244
Vanilla OPD,16,4,0,16/4/0,17,30,True,245
Vanilla OPD,16,5,0,16/5/0,19,30,True,246
Vanilla OPD,16,6,0,16/6/0,20,30,True,247
Vanilla OPD,16,7,0,16/7/0,10,10,False,248
Vanilla OPD,16,8,0,16/8/0,27,30,True,249
Vanilla OPD,16,9,0,16/9/0,17,30,True,250
Vanilla OPD,16,10,0,16/10/0,8,8,False,251
Vanilla OPD,16,11,0,16/11/0,21,21,False,252
Vanilla OPD,16,12,0,16/12/0,22,30,True,253
Vanilla OPD,16,13,0,16/13/0,14,30,True,254
Vanilla OPD,16,14,0,16/14/0,15,30,True,255
Vanilla OPD,16,15,0,16/15/0,16,30,True,256
Vanilla OPD,17,0,0,17/0/0,17,30,True,257
Vanilla OPD,17,1,0,17/1/0,27,30,True,258
Vanilla OPD,17,2,0,17/2/0,25,30,True,259
Vanilla OPD,17,3,0,17/3/0,8,8,False,260
Vanilla OPD,17,4,0,17/4/0,20,30,True,261
Vanilla OPD,17,5,0,17/5/0,15,30,True,262
Vanilla OPD,17,6,0,17/6/0,21,30,True,263
Vanilla OPD,17,7,0,17/7/0,17,30,True,264
Vanilla OPD,17,8,0,17/8/0,12,30,True,265
Vanilla OPD,17,9,0,17/9/0,4,4,False,266
Vanilla OPD,17,10,0,17/10/0,17,30,True,267
Vanilla OPD,17,11,0,17/11/0,10,10,False,268
Vanilla OPD,17,12,0,17/12/0,26,30,True,269
Vanilla OPD,17,13,0,17/13/0,23,30,True,270
Vanilla OPD,17,14,0,17/14/0,20,30,True,271
Vanilla OPD,17,15,0,17/15/0,17,30,True,272
Vanilla OPD,18,0,0,18/0/0,17,30,True,273
Vanilla OPD,18,1,0,18/1/0,22,30,True,274
Vanilla OPD,18,2,0,18/2/0,25,30,True,275
Vanilla OPD,18,3,0,18/3/0,27,30,True,276
Vanilla OPD,18,4,0,18/4/0,17,30,True,277
Vanilla OPD,18,5,0,18/5/0,19,30,True,278
Vanilla OPD,18,6,0,18/6/0,15,30,True,279
Vanilla OPD,18,7,0,18/7/0,17,30,True,280
Vanilla OPD,18,8,0,18/8/0,16,16,False,281
Vanilla OPD,18,9,0,18/9/0,26,30,True,282
Vanilla OPD,18,10,0,18/10/0,15,30,True,283
Vanilla OPD,18,11,0,18/11/0,24,30,True,284
Vanilla OPD,18,12,0,18/12/0,13,13,False,285
Vanilla OPD,18,13,0,18/13/0,24,30,True,286
Vanilla OPD,18,14,0,18/14/0,22,30,True,287
Vanilla OPD,18,15,0,18/15/0,17,30,True,288
Vanilla OPD,19,0,0,19/0/0,17,30,True,289
Vanilla OPD,19,1,0,19/1/0,14,30,True,290
Vanilla OPD,19,2,0,19/2/0,13,13,False,291
Vanilla OPD,19,3,0,19/3/0,17,30,True,292
Vanilla OPD,19,4,0,19/4/0,12,30,True,293
Vanilla OPD,19,5,0,19/5/0,12,30,True,294
Vanilla OPD,19,6,0,19/6/0,5,5,False,295
Vanilla OPD,19,7,0,19/7/0,24,30,True,296
Vanilla OPD,19,8,0,19/8/0,20,30,True,297
Vanilla OPD,19,9,0,19/9/0,12,30,True,298
Vanilla OPD,19,10,0,19/10/0,15,30,True,299
Vanilla OPD,19,11,0,19/11/0,19,30,True,300
Vanilla OPD,19,12,0,19/12/0,18,30,True,301
Vanilla OPD,19,13,0,19/13/0,15,30,True,302
Vanilla OPD,19,14,0,19/14/0,16,30,True,303
Vanilla OPD,19,15,0,19/15/0,22,30,True,304
Vanilla OPD,20,0,0,20/0/0,23,30,True,305
Vanilla OPD,20,1,0,20/1/0,12,12,False,306
Vanilla OPD,20,2,0,20/2/0,10,10,False,307
Vanilla OPD,20,3,0,20/3/0,16,30,True,308
Vanilla OPD,20,4,0,20/4/0,5,5,False,309
Vanilla OPD,20,5,0,20/5/0,27,30,True,310
Vanilla OPD,20,6,0,20/6/0,25,30,True,311
Vanilla OPD,20,7,0,20/7/0,23,30,True,312
Vanilla OPD,20,8,0,20/8/0,18,30,True,313
Vanilla OPD,20,9,0,20/9/0,19,19,False,314
Vanilla OPD,20,10,0,20/10/0,25,30,True,315
Vanilla OPD,20,11,0,20/11/0,6,6,False,316
Vanilla OPD,20,12,0,20/12/0,23,30,True,317
Vanilla OPD,20,13,0,20/13/0,23,30,True,318
Vanilla OPD,20,14,0,20/14/0,15,30,True,319
Vanilla OPD,20,15,0,20/15/0,4,4,False,320
Vanilla OPD,21,0,0,21/0/0,19,30,True,321
Vanilla OPD,21,1,0,21/1/0,7,7,False,322
Vanilla OPD,21,2,0,21/2/0,21,30,True,323
Vanilla OPD,21,3,0,21/3/0,13,30,True,324
Vanilla OPD,21,4,0,21/4/0,23,30,True,325
Vanilla OPD,21,5,0,21/5/0,13,13,False,326
Vanilla OPD,21,6,0,21/6/0,14,30,True,327
Vanilla OPD,21,7,0,21/7/0,16,30,True,328
Vanilla OPD,21,8,0,21/8/0,10,10,False,329
Vanilla OPD,21,9,0,21/9/0,19,30,True,330
Vanilla OPD,21,10,0,21/10/0,17,30,True,331
Vanilla OPD,21,11,0,21/11/0,18,30,True,332
Vanilla OPD,21,12,0,21/12/0,23,30,True,333
Vanilla OPD,21,13,0,21/13/0,18,18,False,334
Vanilla OPD,21,14,0,21/14/0,23,30,True,335
Vanilla OPD,21,15,0,21/15/0,8,8,False,336
Vanilla OPD,22,0,0,22/0/0,22,22,False,337
Vanilla OPD,22,1,0,22/1/0,24,30,True,338
Vanilla OPD,22,2,0,22/2/0,11,11,False,339
Vanilla OPD,22,3,0,22/3/0,12,30,True,340
Vanilla OPD,22,4,0,22/4/0,28,30,True,341
Vanilla OPD,22,5,0,22/5/0,17,17,False,342
Vanilla OPD,22,6,0,22/6/0,19,30,True,343
Vanilla OPD,22,7,0,22/7/0,15,15,False,344
Vanilla OPD,22,8,0,22/8/0,19,30,True,345
Vanilla OPD,22,9,0,22/9/0,7,7,False,346
Vanilla OPD,22,10,0,22/10/0,24,30,True,347
Vanilla OPD,22,11,0,22/11/0,24,30,True,348
Vanilla OPD,22,12,0,22/12/0,15,30,True,349
Vanilla OPD,22,13,0,22/13/0,12,30,True,350
Vanilla OPD,22,14,0,22/14/0,11,11,False,351
Vanilla OPD,22,15,0,22/15/0,23,30,True,352
Vanilla OPD,23,0,0,23/0/0,15,30,True,353
Vanilla OPD,23,1,0,23/1/0,15,30,True,354
Vanilla OPD,23,2,0,23/2/0,9,9,False,355
Vanilla OPD,23,3,0,23/3/0,22,30,True,356
Vanilla OPD,23,4,0,23/4/0,15,30,True,357
Vanilla OPD,23,5,0,23/5/0,4,4,False,358
Vanilla OPD,23,6,0,23/6/0,4,4,False,359
Vanilla OPD,23,7,0,23/7/0,25,30,True,360
Vanilla OPD,23,8,0,23/8/0,8,8,False,361
Vanilla OPD,23,9,0,23/9/0,23,30,True,362
Vanilla OPD,23,10,0,23/10/0,12,30,True,363
Vanilla OPD,23,11,0,23/11/0,16,30,True,364
Vanilla OPD,23,12,0,23/12/0,17,30,True,365
Vanilla OPD,23,13,0,23/13/0,24,30,True,366
Vanilla OPD,23,14,0,23/14/0,18,18,False,367
Vanilla OPD,23,15,0,23/15/0,12,30,True,368
Vanilla OPD,24,0,0,24/0/0,25,30,True,369
Vanilla OPD,24,1,0,24/1/0,23,30,True,370
Vanilla OPD,24,2,0,24/2/0,18,30,True,371
Vanilla OPD,24,3,0,24/3/0,15,30,True,372
Vanilla OPD,24,4,0,24/4/0,15,30,True,373
Vanilla OPD,24,5,0,24/5/0,16,30,True,374
Vanilla OPD,24,6,0,24/6/0,15,30,True,375
Vanilla OPD,24,7,0,24/7/0,17,17,False,376
Vanilla OPD,24,8,0,24/8/0,20,30,True,377
Vanilla OPD,24,9,0,24/9/0,7,7,False,378
Vanilla OPD,24,10,0,24/10/0,4,4,False,379
Vanilla OPD,24,11,0,24/11/0,25,30,True,380
Vanilla OPD,24,12,0,24/12/0,12,30,True,381
Vanilla OPD,24,13,0,24/13/0,11,11,False,382
Vanilla OPD,24,14,0,24/14/0,8,8,False,383
Vanilla OPD,24,15,0,24/15/0,21,30,True,384
Vanilla OPD,25,0,0,25/0/0,25,30,True,385
Vanilla OPD,25,1,0,25/1/0,7,7,False,386
Vanilla OPD,25,2,0,25/2/0,8,8,False,387
Vanilla OPD,25,3,0,25/3/0,21,30,True,388
Vanilla OPD,25,4,0,25/4/0,12,30,True,389
Vanilla OPD,25,5,0,25/5/0,18,30,True,390
Vanilla OPD,25,6,0,25/6/0,11,11,False,391
Vanilla OPD,25,7,0,25/7/0,5,5,False,392
Vanilla OPD,25,8,0,25/8/0,14,14,False,393
Vanilla OPD,25,9,0,25/9/0,21,30,True,394
Vanilla OPD,25,10,0,25/10/0,18,30,True,395
Vanilla OPD,25,11,0,25/11/0,10,10,False,396
Vanilla OPD,25,12,0,25/12/0,15,30,True,397
Vanilla OPD,25,13,0,25/13/0,13,30,True,398
Vanilla OPD,25,14,0,25/14/0,14,30,True,399
Vanilla OPD,25,15,0,25/15/0,15,30,True,400
Vanilla OPD,26,0,0,26/0/0,16,30,True,401
Vanilla OPD,26,1,0,26/1/0,23,30,True,402
Vanilla OPD,26,2,0,26/2/0,14,14,False,403
Vanilla OPD,26,3,0,26/3/0,11,11,False,404
Vanilla OPD,26,4,0,26/4/0,4,4,False,405
Vanilla OPD,26,5,0,26/5/0,5,5,False,406
Vanilla OPD,26,6,0,26/6/0,23,30,True,407
Vanilla OPD,26,7,0,26/7/0,10,10,False,408
Vanilla OPD,26,8,0,26/8/0,17,30,True,409
Vanilla OPD,26,9,0,26/9/0,16,30,True,410
Vanilla OPD,26,10,0,26/10/0,21,30,True,411
Vanilla OPD,26,11,0,26/11/0,18,30,True,412
Vanilla OPD,26,12,0,26/12/0,22,30,True,413
Vanilla OPD,26,13,0,26/13/0,27,30,True,414
Vanilla OPD,26,14,0,26/14/0,27,30,True,415
Vanilla OPD,26,15,0,26/15/0,10,10,False,416
Vanilla OPD,27,0,0,27/0/0,16,30,True,417
Vanilla OPD,27,1,0,27/1/0,5,5,False,418
Vanilla OPD,27,2,0,27/2/0,15,30,True,419
Vanilla OPD,27,3,0,27/3/0,18,30,True,420
Vanilla OPD,27,4,0,27/4/0,20,30,True,421
Vanilla OPD,27,5,0,27/5/0,13,30,True,422
Vanilla OPD,27,6,0,27/6/0,21,30,True,423
Vanilla OPD,27,7,0,27/7/0,17,30,True,424
Vanilla OPD,27,8,0,27/8/0,15,30,True,425
Vanilla OPD,27,9,0,27/9/0,4,4,False,426
Vanilla OPD,27,10,0,27/10/0,7,7,False,427
Vanilla OPD,27,11,0,27/11/0,17,17,False,428
Vanilla OPD,27,12,0,27/12/0,25,30,True,429
Vanilla OPD,27,13,0,27/13/0,16,30,True,430
Vanilla OPD,27,14,0,27/14/0,15,30,True,431
Vanilla OPD,27,15,0,27/15/0,7,7,False,432
Vanilla OPD,28,0,0,28/0/0,14,30,True,433
Vanilla OPD,28,1,0,28/1/0,14,30,True,434
Vanilla OPD,28,2,0,28/2/0,21,30,True,435
Vanilla OPD,28,3,0,28/3/0,18,30,True,436
Vanilla OPD,28,4,0,28/4/0,17,30,True,437
Vanilla OPD,28,5,0,28/5/0,16,30,True,438
Vanilla OPD,28,6,0,28/6/0,16,30,True,439
Vanilla OPD,28,7,0,28/7/0,18,30,True,440
Vanilla OPD,28,8,0,28/8/0,16,16,False,441
Vanilla OPD,28,9,0,28/9/0,14,30,True,442
Vanilla OPD,28,10,0,28/10/0,15,30,True,443
Vanilla OPD,28,11,0,28/11/0,16,30,True,444
Vanilla OPD,28,12,0,28/12/0,27,30,True,445
Vanilla OPD,28,13,0,28/13/0,8,8,False,446
Vanilla OPD,28,14,0,28/14/0,18,30,True,447
Vanilla OPD,28,15,0,28/15/0,21,21,False,448
Vanilla OPD,29,0,0,29/0/0,4,4,False,449
Vanilla OPD,29,1,0,29/1/0,23,30,True,450
Vanilla OPD,29,2,0,29/2/0,21,30,True,451
Vanilla OPD,29,3,0,29/3/0,20,30,True,452
Vanilla OPD,29,4,0,29/4/0,13,13,False,453
Vanilla OPD,29,5,0,29/5/0,18,30,True,454
Vanilla OPD,29,6,0,29/6/0,18,30,True,455
Vanilla OPD,29,7,0,29/7/0,6,6,False,456
Vanilla OPD,29,8,0,29/8/0,22,30,True,457
Vanilla OPD,29,9,0,29/9/0,8,8,False,458
Vanilla OPD,29,10,0,29/10/0,7,7,False,459
Vanilla OPD,29,11,0,29/11/0,27,30,True,460
Vanilla OPD,29,12,0,29/12/0,16,30,True,461
Vanilla OPD,29,13,0,29/13/0,5,5,False,462
Vanilla OPD,29,14,0,29/14/0,15,30,True,463
Vanilla OPD,29,15,0,29/15/0,22,30,True,464
Vanilla OPD,30,0,0,30/0/0,6,6,False,465
Vanilla OPD,30,1,0,30/1/0,4,4,False,466
Vanilla OPD,30,2,0,30/2/0,13,13,False,467
Vanilla OPD,30,3,0,30/3/0,12,30,True,468
Vanilla OPD,30,4,0,30/4/0,17,30,True,469
Vanilla OPD,30,5,0,30/5/0,19,30,True,470
Vanilla OPD,30,6,0,30/6/0,22,30,True,471
Vanilla OPD,30,7,0,30/7/0,21,30,True,472
Vanilla OPD,30,8,0,30/8/0,17,30,True,473
Vanilla OPD,30,9,0,30/9/0,6,6,False,474
Vanilla OPD,30,10,0,30/10/0,12,12,False,475
Vanilla OPD,30,11,0,30/11/0,9,9,False,476
Vanilla OPD,30,12,0,30/12/0,24,30,True,477
Vanilla OPD,30,13,0,30/13/0,22,30,True,478
Vanilla OPD,30,14,0,30/14/0,12,30,True,479
Vanilla OPD,30,15,0,30/15/0,15,30,True,480
Vanilla OPD,31,0,0,31/0/0,23,30,True,481
Vanilla OPD,31,1,0,31/1/0,17,30,True,482
Vanilla OPD,31,2,0,31/2/0,15,30,True,483
Vanilla OPD,31,3,0,31/3/0,22,30,True,484
Vanilla OPD,31,4,0,31/4/0,21,30,True,485
Vanilla OPD,31,5,0,31/5/0,23,30,True,486
Vanilla OPD,31,6,0,31/6/0,8,8,False,487
Vanilla OPD,31,7,0,31/7/0,5,5,False,488
Vanilla OPD,31,8,0,31/8/0,13,30,True,489
Vanilla OPD,31,9,0,31/9/0,22,30,True,490
Vanilla OPD,31,10,0,31/10/0,15,30,True,491
Vanilla OPD,31,11,0,31/11/0,13,13,False,492
Vanilla OPD,31,12,0,31/12/0,11,30,True,493
Vanilla OPD,31,13,0,31/13/0,6,6,False,494
Vanilla OPD,31,14,0,31/14/0,12,30,True,495
Vanilla OPD,31,15,0,31/15/0,5,5,False,496
Vanilla OPD,32,0,0,32/0/0,19,30,True,497
Vanilla OPD,32,1,0,32/1/0,22,30,True,498
Vanilla OPD,32,2,0,32/2/0,17,30,True,499
Vanilla OPD,32,3,0,32/3/0,21,30,True,500
Vanilla OPD,32,4,0,32/4/0,7,7,False,501
Vanilla OPD,32,5,0,32/5/0,5,5,False,502
Vanilla OPD,32,6,0,32/6/0,21,30,True,503
Vanilla OPD,32,7,0,32/7/0,4,4,False,504
Vanilla OPD,32,8,0,32/8/0,20,30,True,505
Vanilla OPD,32,9,0,32/9/0,14,14,False,506
Vanilla OPD,32,10,0,32/10/0,8,8,False,507
Vanilla OPD,32,11,0,32/11/0,9,9,False,508
Vanilla OPD,32,12,0,32/12/0,16,30,True,509
Vanilla OPD,32,13,0,32/13/0,11,11,False,510
Vanilla OPD,32,14,0,32/14/0,23,30,True,511
Vanilla OPD,32,15,0,32/15/0,24,30,True,512
Vanilla OPD,33,0,0,33/0/0,11,11,False,513
Vanilla OPD,33,1,0,33/1/0,6,6,False,514
Vanilla OPD,33,2,0,33/2/0,11,11,False,515
Vanilla OPD,33,3,0,33/3/0,18,30,True,516
Vanilla OPD,33,4,0,33/4/0,6,6,False,517
Vanilla OPD,33,5,0,33/5/0,29,30,True,518
Vanilla OPD,33,6,0,33/6/0,18,30,True,519
Vanilla OPD,33,7,0,33/7/0,17,30,True,520
Vanilla OPD,33,8,0,33/8/0,20,30,True,521
Vanilla OPD,33,9,0,33/9/0,12,30,True,522
Vanilla OPD,33,10,0,33/10/0,4,4,False,523
Vanilla OPD,33,11,0,33/11/0,18,30,True,524
Vanilla OPD,33,12,0,33/12/0,14,14,False,525
Vanilla OPD,33,13,0,33/13/0,19,30,True,526
Vanilla OPD,33,14,0,33/14/0,17,17,False,527
Vanilla OPD,33,15,0,33/15/0,14,30,True,528
Vanilla OPD,34,0,0,34/0/0,18,30,True,529
Vanilla OPD,34,1,0,34/1/0,12,30,True,530
Vanilla OPD,34,2,0,34/2/0,13,13,False,531
Vanilla OPD,34,3,0,34/3/0,9,9,False,532
Vanilla OPD,34,4,0,34/4/0,16,30,True,533
Vanilla OPD,34,5,0,34/5/0,8,8,False,534
Vanilla OPD,34,6,0,34/6/0,7,7,False,535
Vanilla OPD,34,7,0,34/7/0,21,21,False,536
Vanilla OPD,34,8,0,34/8/0,4,4,False,537
Vanilla OPD,34,9,0,34/9/0,22,30,True,538
Vanilla OPD,34,10,0,34/10/0,9,9,False,539
Vanilla OPD,34,11,0,34/11/0,14,14,False,540
Vanilla OPD,34,12,0,34/12/0,10,10,False,541
Vanilla OPD,34,13,0,34/13/0,16,30,True,542
Vanilla OPD,34,14,0,34/14/0,11,30,True,543
Vanilla OPD,34,15,0,34/15/0,12,12,False,544
Vanilla OPD,35,0,0,35/0/0,7,7,False,545
Vanilla OPD,35,1,0,35/1/0,10,10,False,546
Vanilla OPD,35,2,0,35/2/0,17,30,True,547
Vanilla OPD,35,3,0,35/3/0,15,30,True,548
Vanilla OPD,35,4,0,35/4/0,23,30,True,549
Vanilla OPD,35,5,0,35/5/0,9,9,False,550
Vanilla OPD,35,6,0,35/6/0,17,30,True,551
Vanilla OPD,35,7,0,35/7/0,11,30,True,552
Vanilla OPD,35,8,0,35/8/0,20,30,True,553
Vanilla OPD,35,9,0,35/9/0,11,11,False,554
Vanilla OPD,35,10,0,35/10/0,7,7,False,555
Vanilla OPD,35,11,0,35/11/0,23,30,True,556
Vanilla OPD,35,12,0,35/12/0,13,30,True,557
Vanilla OPD,35,13,0,35/13/0,27,30,True,558
Vanilla OPD,35,14,0,35/14/0,3,3,False,559
Vanilla OPD,35,15,0,35/15/0,11,11,False,560
Vanilla OPD,36,0,0,36/0/0,14,30,True,561
Vanilla OPD,36,1,0,36/1/0,9,9,False,562
Vanilla OPD,36,2,0,36/2/0,16,30,True,563
Vanilla OPD,36,3,0,36/3/0,11,11,False,564
Vanilla OPD,36,4,0,36/4/0,22,30,True,565
Vanilla OPD,36,5,0,36/5/0,16,30,True,566
Vanilla OPD,36,6,0,36/6/0,18,30,True,567
Vanilla OPD,36,7,0,36/7/0,16,30,True,568
Vanilla OPD,36,8,0,36/8/0,4,4,False,569
Vanilla OPD,36,9,0,36/9/0,16,30,True,570
Vanilla OPD,36,10,0,36/10/0,8,8,False,571
Vanilla OPD,36,11,0,36/11/0,4,4,False,572
Vanilla OPD,36,12,0,36/12/0,4,4,False,573
Vanilla OPD,36,13,0,36/13/0,17,30,True,574
Vanilla OPD,36,14,0,36/14/0,20,30,True,575
Vanilla OPD,36,15,0,36/15/0,16,30,True,576
Vanilla OPD,37,0,0,37/0/0,17,17,False,577
Vanilla OPD,37,1,0,37/1/0,15,30,True,578
Vanilla OPD,37,2,0,37/2/0,15,30,True,579
Vanilla OPD,37,3,0,37/3/0,16,30,True,580
Vanilla OPD,37,4,0,37/4/0,23,30,True,581
Vanilla OPD,37,5,0,37/5/0,24,30,True,582
Vanilla OPD,37,6,0,37/6/0,12,12,False,583
Vanilla OPD,37,7,0,37/7/0,15,30,True,584
Vanilla OPD,37,8,0,37/8/0,14,30,True,585
Vanilla OPD,37,9,0,37/9/0,20,30,True,586
Vanilla OPD,37,10,0,37/10/0,14,30,True,587
Vanilla OPD,37,11,0,37/11/0,13,30,True,588
Vanilla OPD,37,12,0,37/12/0,17,30,True,589
Vanilla OPD,37,13,0,37/13/0,9,9,False,590
Vanilla OPD,37,14,0,37/14/0,24,30,True,591
Vanilla OPD,37,15,0,37/15/0,8,8,False,592
Vanilla OPD,38,0,0,38/0/0,22,30,True,593
Vanilla OPD,38,1,0,38/1/0,16,30,True,594
Vanilla OPD,38,2,0,38/2/0,9,9,False,595
Vanilla OPD,38,3,0,38/3/0,11,30,True,596
Vanilla OPD,38,4,0,38/4/0,21,30,True,597
Vanilla OPD,38,5,0,38/5/0,12,30,True,598
Vanilla OPD,38,6,0,38/6/0,16,30,True,599
Vanilla OPD,38,7,0,38/7/0,22,30,True,600
Vanilla OPD,38,8,0,38/8/0,23,30,True,601
Vanilla OPD,38,9,0,38/9/0,6,6,False,602
Vanilla OPD,38,10,0,38/10/0,12,30,True,603
Vanilla OPD,38,11,0,38/11/0,5,5,False,604
Vanilla OPD,38,12,0,38/12/0,4,4,False,605
Vanilla OPD,38,13,0,38/13/0,16,16,False,606
Vanilla OPD,38,14,0,38/14/0,15,30,True,607
Vanilla OPD,38,15,0,38/15/0,18,30,True,608
Vanilla OPD,39,0,0,39/0/0,22,30,True,609
Vanilla OPD,39,1,0,39/1/0,12,12,False,610
Vanilla OPD,39,2,0,39/2/0,11,11,False,611
Vanilla OPD,39,3,0,39/3/0,7,7,False,612
Vanilla OPD,39,4,0,39/4/0,17,30,True,613
Vanilla OPD,39,5,0,39/5/0,21,30,True,614
Vanilla OPD,39,6,0,39/6/0,13,30,True,615
Vanilla OPD,39,7,0,39/7/0,17,30,True,616
Vanilla OPD,39,8,0,39/8/0,23,30,True,617
Vanilla OPD,39,9,0,39/9/0,7,7,False,618
Vanilla OPD,39,10,0,39/10/0,14,14,False,619
Vanilla OPD,39,11,0,39/11/0,21,30,True,620
Vanilla OPD,39,12,0,39/12/0,14,30,True,621
Vanilla OPD,39,13,0,39/13/0,20,30,True,622
Vanilla OPD,39,14,0,39/14/0,16,30,True,623
Vanilla OPD,39,15,0,39/15/0,8,8,False,624
Vanilla OPD,40,0,0,40/0/0,12,30,True,625
Vanilla OPD,40,1,0,40/1/0,18,30,True,626
Vanilla OPD,40,2,0,40/2/0,16,30,True,627
Vanilla OPD,40,3,0,40/3/0,10,10,False,628
Vanilla OPD,40,4,0,40/4/0,17,30,True,629
Vanilla OPD,40,5,0,40/5/0,16,30,True,630
Vanilla OPD,40,6,0,40/6/0,14,30,True,631
Vanilla OPD,40,7,0,40/7/0,19,19,False,632
Vanilla OPD,40,8,0,40/8/0,6,6,False,633
Vanilla OPD,40,9,0,40/9/0,23,30,True,634
Vanilla OPD,40,10,0,40/10/0,11,11,False,635
Vanilla OPD,40,11,0,40/11/0,15,30,True,636
Vanilla OPD,40,12,0,40/12/0,15,30,True,637
Vanilla OPD,40,13,0,40/13/0,17,30,True,638
Vanilla OPD,40,14,0,40/14/0,26,30,True,639
Vanilla OPD,40,15,0,40/15/0,17,30,True,640
Vanilla OPD,41,0,0,41/0/0,23,30,True,641
Vanilla OPD,41,1,0,41/1/0,6,6,False,642
Vanilla OPD,41,2,0,41/2/0,8,8,False,643
Vanilla OPD,41,3,0,41/3/0,6,6,False,644
Vanilla OPD,41,4,0,41/4/0,14,30,True,645
Vanilla OPD,41,5,0,41/5/0,6,6,False,646
Vanilla OPD,41,6,0,41/6/0,16,30,True,647
Vanilla OPD,41,7,0,41/7/0,20,30,True,648
Vanilla OPD,41,8,0,41/8/0,5,5,False,649
Vanilla OPD,41,9,0,41/9/0,22,30,True,650
Vanilla OPD,41,10,0,41/10/0,20,30,True,651
Vanilla OPD,41,11,0,41/11/0,17,30,True,652
Vanilla OPD,41,12,0,41/12/0,25,30,True,653
Vanilla OPD,41,13,0,41/13/0,9,9,False,654
Vanilla OPD,41,14,0,41/14/0,15,30,True,655
Vanilla OPD,41,15,0,41/15/0,14,30,True,656
Vanilla OPD,42,0,0,42/0/0,14,30,True,657
Vanilla OPD,42,1,0,42/1/0,13,30,True,658
Vanilla OPD,42,2,0,42/2/0,22,30,True,659
Vanilla OPD,42,3,0,42/3/0,15,30,True,660
Vanilla OPD,42,4,0,42/4/0,17,30,True,661
Vanilla OPD,42,5,0,42/5/0,24,30,True,662
Vanilla OPD,42,6,0,42/6/0,4,4,False,663
Vanilla OPD,42,7,0,42/7/0,14,30,True,664
Vanilla OPD,42,8,0,42/8/0,13,30,True,665
Vanilla OPD,42,9,0,42/9/0,5,5,False,666
Vanilla OPD,42,10,0,42/10/0,3,3,False,667
Vanilla OPD,42,11,0,42/11/0,4,4,False,668
Vanilla OPD,42,12,0,42/12/0,18,30,True,669
Vanilla OPD,42,13,0,42/13/0,5,5,False,670
Vanilla OPD,42,14,0,42/14/0,5,5,False,671
Vanilla OPD,42,15,0,42/15/0,20,30,True,672
Vanilla OPD,43,0,0,43/0/0,9,9,False,673
Vanilla OPD,43,1,0,43/1/0,13,30,True,674
Vanilla OPD,43,2,0,43/2/0,22,30,True,675
Vanilla OPD,43,3,0,43/3/0,12,30,True,676
Vanilla OPD,43,4,0,43/4/0,4,4,False,677
Vanilla OPD,43,5,0,43/5/0,4,4,False,678
Vanilla OPD,43,6,0,43/6/0,7,7,False,679
Vanilla OPD,43,7,0,43/7/0,19,19,False,680
Vanilla OPD,43,8,0,43/8/0,15,30,True,681
Vanilla OPD,43,9,0,43/9/0,6,6,False,682
Vanilla OPD,43,10,0,43/10/0,24,30,True,683
Vanilla OPD,43,11,0,43/11/0,8,8,False,684
Vanilla OPD,43,12,0,43/12/0,12,30,True,685
Vanilla OPD,43,13,0,43/13/0,19,30,True,686
Vanilla OPD,43,14,0,43/14/0,16,30,True,687
Vanilla OPD,43,15,0,43/15/0,12,30,True,688
Vanilla OPD,44,0,0,44/0/0,14,30,True,689
Vanilla OPD,44,1,0,44/1/0,8,8,False,690
Vanilla OPD,44,2,0,44/2/0,16,16,False,691
Vanilla OPD,44,3,0,44/3/0,17,30,True,692
Vanilla OPD,44,4,0,44/4/0,4,4,False,693
Vanilla OPD,44,5,0,44/5/0,18,30,True,694
Vanilla OPD,44,6,0,44/6/0,16,30,True,695
Vanilla OPD,44,7,0,44/7/0,13,13,False,696
Vanilla OPD,44,8,0,44/8/0,7,7,False,697
Vanilla OPD,44,9,0,44/9/0,14,30,True,698
Vanilla OPD,44,10,0,44/10/0,17,30,True,699
Vanilla OPD,44,11,0,44/11/0,14,30,True,700
Vanilla OPD,44,12,0,44/12/0,10,10,False,701
Vanilla OPD,44,13,0,44/13/0,16,30,True,702
Vanilla OPD,44,14,0,44/14/0,24,30,True,703
Vanilla OPD,44,15,0,44/15/0,12,30,True,704
Vanilla OPD,45,0,0,45/0/0,17,30,True,705
Vanilla OPD,45,1,0,45/1/0,7,7,False,706
Vanilla OPD,45,2,0,45/2/0,11,11,False,707
Vanilla OPD,45,3,0,45/3/0,13,13,False,708
Vanilla OPD,45,4,0,45/4/0,18,30,True,709
Vanilla OPD,45,5,0,45/5/0,7,7,False,710
Vanilla OPD,45,6,0,45/6/0,17,30,True,711
Vanilla OPD,45,7,0,45/7/0,12,30,True,712
Vanilla OPD,45,8,0,45/8/0,4,4,False,713
Vanilla OPD,45,9,0,45/9/0,21,30,True,714
Vanilla OPD,45,10,0,45/10/0,4,4,False,715
Vanilla OPD,45,11,0,45/11/0,4,4,False,716
Vanilla OPD,45,12,0,45/12/0,16,30,True,717
Vanilla OPD,45,13,0,45/13/0,5,5,False,718
Vanilla OPD,45,14,0,45/14/0,24,30,True,719
Vanilla OPD,45,15,0,45/15/0,5,5,False,720
Vanilla OPD,46,0,0,46/0/0,15,30,True,721
Vanilla OPD,46,1,0,46/1/0,7,7,False,722
Vanilla OPD,46,2,0,46/2/0,15,30,True,723
Vanilla OPD,46,3,0,46/3/0,17,30,True,724
Vanilla OPD,46,4,0,46/4/0,16,30,True,725
Vanilla OPD,46,5,0,46/5/0,6,6,False,726
Vanilla OPD,46,6,0,46/6/0,21,30,True,727
Vanilla OPD,46,7,0,46/7/0,5,5,False,728
Vanilla OPD,46,8,0,46/8/0,20,30,True,729
Vanilla OPD,46,9,0,46/9/0,22,30,True,730
Vanilla OPD,46,10,0,46/10/0,22,30,True,731
Vanilla OPD,46,11,0,46/11/0,5,5,False,732
Vanilla OPD,46,12,0,46/12/0,16,30,True,733
Vanilla OPD,46,13,0,46/13/0,14,30,True,734
Vanilla OPD,46,14,0,46/14/0,6,6,False,735
Vanilla OPD,46,15,0,46/15/0,20,30,True,736
Vanilla OPD,47,0,0,47/0/0,11,11,False,737
Vanilla OPD,47,1,0,47/1/0,15,30,True,738
Vanilla OPD,47,2,0,47/2/0,20,30,True,739
Vanilla OPD,47,3,0,47/3/0,8,8,False,740
Vanilla OPD,47,4,0,47/4/0,6,6,False,741
Vanilla OPD,47,5,0,47/5/0,16,30,True,742
Vanilla OPD,47,6,0,47/6/0,6,6,False,743
Vanilla OPD,47,7,0,47/7/0,24,30,True,744
Vanilla OPD,47,8,0,47/8/0,11,30,True,745
Vanilla OPD,47,9,0,47/9/0,19,19,False,746
Vanilla OPD,47,10,0,47/10/0,16,30,True,747
Vanilla OPD,47,11,0,47/11/0,14,30,True,748
Vanilla OPD,47,12,0,47/12/0,16,30,True,749
Vanilla OPD,47,13,0,47/13/0,19,30,True,750
Vanilla OPD,47,14,0,47/14/0,20,30,True,751
Vanilla OPD,47,15,0,47/15/0,14,30,True,752
Vanilla OPD,48,0,0,48/0/0,9,9,False,753
Vanilla OPD,48,1,0,48/1/0,24,30,True,754
Vanilla OPD,48,2,0,48/2/0,24,30,True,755
Vanilla OPD,48,3,0,48/3/0,23,30,True,756
Vanilla OPD,48,4,0,48/4/0,16,30,True,757
Vanilla OPD,48,5,0,48/5/0,13,13,False,758
Vanilla OPD,48,6,0,48/6/0,14,30,True,759
Vanilla OPD,48,7,0,48/7/0,25,30,True,760
Vanilla OPD,48,8,0,48/8/0,22,30,True,761
Vanilla OPD,48,9,0,48/9/0,23,30,True,762
Vanilla OPD,48,10,0,48/10/0,13,30,True,763
Vanilla OPD,48,11,0,48/11/0,12,30,True,764
Vanilla OPD,48,12,0,48/12/0,13,30,True,765
Vanilla OPD,48,13,0,48/13/0,4,4,False,766
Vanilla OPD,48,14,0,48/14/0,13,13,False,767
Vanilla OPD,48,15,0,48/15/0,14,30,True,768
Vanilla OPD,49,0,0,49/0/0,11,30,True,769
Vanilla OPD,49,1,0,49/1/0,4,4,False,770
Vanilla OPD,49,2,0,49/2/0,19,30,True,771
Vanilla OPD,49,3,0,49/3/0,17,30,True,772
Vanilla OPD,49,4,0,49/4/0,23,30,True,773
Vanilla OPD,49,5,0,49/5/0,12,12,False,774
Vanilla OPD,49,6,0,49/6/0,26,30,True,775
Vanilla OPD,49,7,0,49/7/0,6,6,False,776
Vanilla OPD,49,8,0,49/8/0,4,4,False,777
Vanilla OPD,49,9,0,49/9/0,16,30,True,778
Vanilla OPD,49,10,0,49/10/0,15,30,True,779
Vanilla OPD,49,11,0,49/11/0,7,7,False,780
Vanilla OPD,49,12,0,49/12/0,24,30,True,781
Vanilla OPD,49,13,0,49/13/0,8,8,False,782
Vanilla OPD,49,14,0,49/14/0,14,30,True,783
Vanilla OPD,49,15,0,49/15/0,4,4,False,784
Vanilla OPD,50,0,0,50/0/0,26,30,True,785
Vanilla OPD,50,1,0,50/1/0,17,30,True,786
Vanilla OPD,50,2,0,50/2/0,22,30,True,787
Vanilla OPD,50,3,0,50/3/0,19,30,True,788
Vanilla OPD,50,4,0,50/4/0,12,12,False,789
Vanilla OPD,50,5,0,50/5/0,6,6,False,790
Vanilla OPD,50,6,0,50/6/0,21,30,True,791
Vanilla OPD,50,7,0,50/7/0,9,9,False,792
Vanilla OPD,50,8,0,50/8/0,20,30,True,793
Vanilla OPD,50,9,0,50/9/0,7,7,False,794
Vanilla OPD,50,10,0,50/10/0,18,30,True,795
Vanilla OPD,50,11,0,50/11/0,22,30,True,796
Vanilla OPD,50,12,0,50/12/0,22,30,True,797
Vanilla OPD,50,13,0,50/13/0,25,30,True,798
Vanilla OPD,50,14,0,50/14/0,3,3,False,799
Vanilla OPD,50,15,0,50/15/0,21,30,True,800
Vanilla OPD,51,0,0,51/0/0,7,7,False,801
Vanilla OPD,51,1,0,51/1/0,15,30,True,802
Vanilla OPD,51,2,0,51/2/0,7,7,False,803
Vanilla OPD,51,3,0,51/3/0,13,30,True,804
Vanilla OPD,51,4,0,51/4/0,9,9,False,805
Vanilla OPD,51,5,0,51/5/0,4,4,False,806
Vanilla OPD,51,6,0,51/6/0,11,30,True,807
Vanilla OPD,51,7,0,51/7/0,12,12,False,808
Vanilla OPD,51,8,0,51/8/0,11,11,False,809
Vanilla OPD,51,9,0,51/9/0,5,5,False,810
Vanilla OPD,51,10,0,51/10/0,10,30,True,811
Vanilla OPD,51,11,0,51/11/0,4,4,False,812
Vanilla OPD,51,12,0,51/12/0,9,9,False,813
Vanilla OPD,51,13,0,51/13/0,16,30,True,814
Vanilla OPD,51,14,0,51/14/0,16,30,True,815
Vanilla OPD,51,15,0,51/15/0,4,4,False,816
Vanilla OPD,52,0,0,52/0/0,11,11,False,817
Vanilla OPD,52,1,0,52/1/0,22,30,True,818
Vanilla OPD,52,2,0,52/2/0,12,30,True,819
Vanilla OPD,52,3,0,52/3/0,3,3,False,820
Vanilla OPD,52,4,0,52/4/0,16,30,True,821
Vanilla OPD,52,5,0,52/5/0,19,30,True,822
Vanilla OPD,52,6,0,52/6/0,6,6,False,823
Vanilla OPD,52,7,0,52/7/0,7,7,False,824
Vanilla OPD,52,8,0,52/8/0,4,4,False,825
Vanilla OPD,52,9,0,52/9/0,4,4,False,826
Vanilla OPD,52,10,0,52/10/0,10,10,False,827
Vanilla OPD,52,11,0,52/11/0,15,30,True,828
Vanilla OPD,52,12,0,52/12/0,19,30,True,829
Vanilla OPD,52,13,0,52/13/0,4,4,False,830
Vanilla OPD,52,14,0,52/14/0,6,6,False,831
Vanilla OPD,52,15,0,52/15/0,12,12,False,832
Vanilla OPD,53,0,0,53/0/0,16,30,True,833
Vanilla OPD,53,1,0,53/1/0,14,30,True,834
Vanilla OPD,53,2,0,53/2/0,18,30,True,835
Vanilla OPD,53,3,0,53/3/0,7,7,False,836
Vanilla OPD,53,4,0,53/4/0,14,30,True,837
Vanilla OPD,53,5,0,53/5/0,25,30,True,838
Vanilla OPD,53,6,0,53/6/0,9,9,False,839
Vanilla OPD,53,7,0,53/7/0,7,7,False,840
Vanilla OPD,53,8,0,53/8/0,16,30,True,841
Vanilla OPD,53,9,0,53/9/0,9,9,False,842
Vanilla OPD,53,10,0,53/10/0,16,30,True,843
Vanilla OPD,53,11,0,53/11/0,7,7,False,844
Vanilla OPD,53,12,0,53/12/0,3,3,False,845
Vanilla OPD,53,13,0,53/13/0,21,30,True,846
Vanilla OPD,53,14,0,53/14/0,4,4,False,847
Vanilla OPD,53,15,0,53/15/0,19,30,True,848
Vanilla OPD,54,0,0,54/0/0,16,30,True,849
Vanilla OPD,54,1,0,54/1/0,15,30,True,850
Vanilla OPD,54,2,0,54/2/0,25,30,True,851
Vanilla OPD,54,3,0,54/3/0,14,30,True,852
Vanilla OPD,54,4,0,54/4/0,10,10,False,853
Vanilla OPD,54,5,0,54/5/0,18,30,True,854
Vanilla OPD,54,6,0,54/6/0,4,4,False,855
Vanilla OPD,54,7,0,54/7/0,14,30,True,856
Vanilla OPD,54,8,0,54/8/0,10,10,False,857
Vanilla OPD,54,9,0,54/9/0,16,30,True,858
Vanilla OPD,54,10,0,54/10/0,17,30,True,859
Vanilla OPD,54,11,0,54/11/0,14,14,False,860
Vanilla OPD,54,12,0,54/12/0,13,30,True,861
Vanilla OPD,54,13,0,54/13/0,24,30,True,862
Vanilla OPD,54,14,0,54/14/0,14,30,True,863
Vanilla OPD,54,15,0,54/15/0,13,13,False,864
Vanilla OPD,55,0,0,55/0/0,14,30,True,865
Vanilla OPD,55,1,0,55/1/0,15,30,True,866
Vanilla OPD,55,2,0,55/2/0,4,4,False,867
Vanilla OPD,55,3,0,55/3/0,17,17,False,868
Vanilla OPD,55,4,0,55/4/0,12,30,True,869
Vanilla OPD,55,5,0,55/5/0,16,30,True,870
Vanilla OPD,55,6,0,55/6/0,6,6,False,871
Vanilla OPD,55,7,0,55/7/0,19,30,True,872
Vanilla OPD,55,8,0,55/8/0,16,30,True,873
Vanilla OPD,55,9,0,55/9/0,19,30,True,874
Vanilla OPD,55,10,0,55/10/0,8,8,False,875
Vanilla OPD,55,11,0,55/11/0,15,30,True,876
Vanilla OPD,55,12,0,55/12/0,4,4,False,877
Vanilla OPD,55,13,0,55/13/0,8,8,False,878
Vanilla OPD,55,14,0,55/14/0,6,6,False,879
Vanilla OPD,55,15,0,55/15/0,24,30,True,880
Vanilla OPD,56,0,0,56/0/0,12,30,True,881
Vanilla OPD,56,1,0,56/1/0,20,30,True,882
Vanilla OPD,56,2,0,56/2/0,6,6,False,883
Vanilla OPD,56,3,0,56/3/0,5,5,False,884
Vanilla OPD,56,4,0,56/4/0,15,30,True,885
Vanilla OPD,56,5,0,56/5/0,6,6,False,886
Vanilla OPD,56,6,0,56/6/0,10,10,False,887
Vanilla OPD,56,7,0,56/7/0,18,30,True,888
Vanilla OPD,56,8,0,56/8/0,14,30,True,889
Vanilla OPD,56,9,0,56/9/0,21,30,True,890
Vanilla OPD,56,10,0,56/10/0,8,8,False,891
Vanilla OPD,56,11,0,56/11/0,8,8,False,892
Vanilla OPD,56,12,0,56/12/0,14,14,False,893
Vanilla OPD,56,13,0,56/13/0,4,4,False,894
Vanilla OPD,56,14,0,56/14/0,23,30,True,895
Vanilla OPD,56,15,0,56/15/0,16,30,True,896
Vanilla OPD,57,0,0,57/0/0,10,30,True,897
Vanilla OPD,57,1,0,57/1/0,4,4,False,898
Vanilla OPD,57,2,0,57/2/0,8,8,False,899
Vanilla OPD,57,3,0,57/3/0,17,30,True,900
Vanilla OPD,57,4,0,57/4/0,4,4,False,901
Vanilla OPD,57,5,0,57/5/0,14,30,True,902
Vanilla OPD,57,6,0,57/6/0,14,14,False,903
Vanilla OPD,57,7,0,57/7/0,10,10,False,904
Vanilla OPD,57,8,0,57/8/0,6,6,False,905
Vanilla OPD,57,9,0,57/9/0,9,9,False,906
Vanilla OPD,57,10,0,57/10/0,22,30,True,907
Vanilla OPD,57,11,0,57/11/0,4,4,False,908
Vanilla OPD,57,12,0,57/12/0,8,8,False,909
Vanilla OPD,57,13,0,57/13/0,8,8,False,910
Vanilla OPD,57,14,0,57/14/0,14,30,True,911
Vanilla OPD,57,15,0,57/15/0,26,30,True,912
Vanilla OPD,58,0,0,58/0/0,15,30,True,913
Vanilla OPD,58,1,0,58/1/0,17,30,True,914
Vanilla OPD,58,2,0,58/2/0,20,30,True,915
Vanilla OPD,58,3,0,58/3/0,17,30,True,916
Vanilla OPD,58,4,0,58/4/0,21,30,True,917
Vanilla OPD,58,5,0,58/5/0,6,6,False,918
Vanilla OPD,58,6,0,58/6/0,10,10,False,919
Vanilla OPD,58,7,0,58/7/0,22,30,True,920
Vanilla OPD,58,8,0,58/8/0,16,30,True,921
Vanilla OPD,58,9,0,58/9/0,6,6,False,922
Vanilla OPD,58,10,0,58/10/0,9,9,False,923
Vanilla OPD,58,11,0,58/11/0,4,4,False,924
Vanilla OPD,58,12,0,58/12/0,4,4,False,925
Vanilla OPD,58,13,0,58/13/0,19,30,True,926
Vanilla OPD,58,14,0,58/14/0,23,30,True,927
Vanilla OPD,58,15,0,58/15/0,6,6,False,928
Vanilla OPD,59,0,0,59/0/0,14,30,True,929
Vanilla OPD,59,1,0,59/1/0,5,5,False,930
Vanilla OPD,59,2,0,59/2/0,11,11,False,931
Vanilla OPD,59,3,0,59/3/0,15,15,False,932
Vanilla OPD,59,4,0,59/4/0,17,30,True,933
Vanilla OPD,59,5,0,59/5/0,8,8,False,934
Vanilla OPD,59,6,0,59/6/0,19,30,True,935
Vanilla OPD,59,7,0,59/7/0,19,30,True,936
Vanilla OPD,59,8,0,59/8/0,16,30,True,937
Vanilla OPD,59,9,0,59/9/0,16,30,True,938
Vanilla OPD,59,10,0,59/10/0,8,8,False,939
Vanilla OPD,59,11,0,59/11/0,6,6,False,940
Vanilla OPD,59,12,0,59/12/0,24,30,True,941
Vanilla OPD,59,13,0,59/13/0,5,5,False,942
Vanilla OPD,59,14,0,59/14/0,13,30,True,943
Vanilla OPD,59,15,0,59/15/0,16,30,True,944
Vanilla OPD,60,0,0,60/0/0,7,7,False,945
Vanilla OPD,60,1,0,60/1/0,24,30,True,946
Vanilla OPD,60,2,0,60/2/0,18,30,True,947
Vanilla OPD,60,3,0,60/3/0,26,30,True,948
Vanilla OPD,60,4,0,60/4/0,12,30,True,949
Vanilla OPD,60,5,0,60/5/0,7,7,False,950
Vanilla OPD,60,6,0,60/6/0,23,30,True,951
Vanilla OPD,60,7,0,60/7/0,24,30,True,952
Vanilla OPD,60,8,0,60/8/0,7,7,False,953
Vanilla OPD,60,9,0,60/9/0,24,30,True,954
Vanilla OPD,60,10,0,60/10/0,14,30,True,955
Vanilla OPD,60,11,0,60/11/0,5,5,False,956
Vanilla OPD,60,12,0,60/12/0,25,30,True,957
Vanilla OPD,60,13,0,60/13/0,12,30,True,958
Vanilla OPD,60,14,0,60/14/0,17,30,True,959
Vanilla OPD,60,15,0,60/15/0,14,30,True,960
Vanilla OPD,61,0,0,61/0/0,9,9,False,961
Vanilla OPD,61,1,0,61/1/0,13,30,True,962
Vanilla OPD,61,2,0,61/2/0,7,7,False,963
Vanilla OPD,61,3,0,61/3/0,15,15,False,964
Vanilla OPD,61,4,0,61/4/0,23,30,True,965
Vanilla OPD,61,5,0,61/5/0,4,4,False,966
Vanilla OPD,61,6,0,61/6/0,6,6,False,967
Vanilla OPD,61,7,0,61/7/0,4,4,False,968
Vanilla OPD,61,8,0,61/8/0,19,30,True,969
Vanilla OPD,61,9,0,61/9/0,23,30,True,970
Vanilla OPD,61,10,0,61/10/0,17,30,True,971
Vanilla OPD,61,11,0,61/11/0,24,30,True,972
Vanilla OPD,61,12,0,61/12/0,8,8,False,973
Vanilla OPD,61,13,0,61/13/0,6,6,False,974
Vanilla OPD,61,14,0,61/14/0,4,4,False,975
Vanilla OPD,61,15,0,61/15/0,4,4,False,976
Vanilla OPD,62,0,0,62/0/0,5,5,False,977
Vanilla OPD,62,1,0,62/1/0,15,30,True,978
Vanilla OPD,62,2,0,62/2/0,21,21,False,979
Vanilla OPD,62,3,0,62/3/0,7,7,False,980
Vanilla OPD,62,4,0,62/4/0,17,30,True,981
Vanilla OPD,62,5,0,62/5/0,4,4,False,982
Vanilla OPD,62,6,0,62/6/0,11,30,True,983
Vanilla OPD,62,7,0,62/7/0,9,9,False,984
Vanilla OPD,62,8,0,62/8/0,22,30,True,985
Vanilla OPD,62,9,0,62/9/0,19,30,True,986
Vanilla OPD,62,10,0,62/10/0,20,30,True,987
Vanilla OPD,62,11,0,62/11/0,21,30,True,988
Vanilla OPD,62,12,0,62/12/0,14,30,True,989
Vanilla OPD,62,13,0,62/13/0,20,30,True,990
Vanilla OPD,62,14,0,62/14/0,6,6,False,991
Vanilla OPD,62,15,0,62/15/0,7,7,False,992
Vanilla OPD,63,0,0,63/0/0,21,30,True,993
Vanilla OPD,63,1,0,63/1/0,9,9,False,994
Vanilla OPD,63,2,0,63/2/0,12,30,True,995
Vanilla OPD,63,3,0,63/3/0,10,10,False,996
Vanilla OPD,63,4,0,63/4/0,9,9,False,997
Vanilla OPD,63,5,0,63/5/0,16,30,True,998
Vanilla OPD,63,6,0,63/6/0,4,4,False,999
Vanilla OPD,63,7,0,63/7/0,15,15,False,1000
Vanilla OPD,63,8,0,63/8/0,15,30,True,1001
Vanilla OPD,63,9,0,63/9/0,5,5,False,1002
Vanilla OPD,63,10,0,63/10/0,22,30,True,1003
Vanilla OPD,63,11,0,63/11/0,22,30,True,1004
Vanilla OPD,63,12,0,63/12/0,4,4,False,1005
Vanilla OPD,63,13,0,63/13/0,12,12,False,1006
Vanilla OPD,63,14,0,63/14/0,4,4,False,1007
Vanilla OPD,63,15,0,63/15/0,24,30,True,1008
Vanilla OPD,64,0,0,64/0/0,17,30,True,1009
Vanilla OPD,64,1,0,64/1/0,17,30,True,1010
Vanilla OPD,64,2,0,64/2/0,13,30,True,1011
Vanilla OPD,64,3,0,64/3/0,25,30,True,1012
Vanilla OPD,64,4,0,64/4/0,7,7,False,1013
Vanilla OPD,64,5,0,64/5/0,12,30,True,1014
Vanilla OPD,64,6,0,64/6/0,16,30,True,1015
Vanilla OPD,64,7,0,64/7/0,17,30,True,1016
Vanilla OPD,64,8,0,64/8/0,23,30,True,1017
Vanilla OPD,64,9,0,64/9/0,20,30,True,1018
Vanilla OPD,64,10,0,64/10/0,23,30,True,1019
Vanilla OPD,64,11,0,64/11/0,22,30,True,1020
Vanilla OPD,64,12,0,64/12/0,10,30,True,1021
Vanilla OPD,64,13,0,64/13/0,7,7,False,1022
Vanilla OPD,64,14,0,64/14/0,23,30,True,1023
Vanilla OPD,64,15,0,64/15/0,4,4,False,1024
Vanilla OPD,65,0,0,65/0/0,16,30,True,1025
Vanilla OPD,65,1,0,65/1/0,18,30,True,1026
Vanilla OPD,65,2,0,65/2/0,4,4,False,1027
Vanilla OPD,65,3,0,65/3/0,12,12,False,1028
Vanilla OPD,65,4,0,65/4/0,4,4,False,1029
Vanilla OPD,65,5,0,65/5/0,15,30,True,1030
Vanilla OPD,65,6,0,65/6/0,21,30,True,1031
Vanilla OPD,65,7,0,65/7/0,22,30,True,1032
Vanilla OPD,65,8,0,65/8/0,11,11,False,1033
Vanilla OPD,65,9,0,65/9/0,6,6,False,1034
Vanilla OPD,65,10,0,65/10/0,23,30,True,1035
Vanilla OPD,65,11,0,65/11/0,22,30,True,1036
Vanilla OPD,65,12,0,65/12/0,6,6,False,1037
Vanilla OPD,65,13,0,65/13/0,25,30,True,1038
Vanilla OPD,65,14,0,65/14/0,19,30,True,1039
Vanilla OPD,65,15,0,65/15/0,25,30,True,1040
Vanilla OPD,66,0,0,66/0/0,10,10,False,1041
Vanilla OPD,66,1,0,66/1/0,16,30,True,1042
Vanilla OPD,66,2,0,66/2/0,7,7,False,1043
Vanilla OPD,66,3,0,66/3/0,6,6,False,1044
Vanilla OPD,66,4,0,66/4/0,9,9,False,1045
Vanilla OPD,66,5,0,66/5/0,15,30,True,1046
Vanilla OPD,66,6,0,66/6/0,22,30,True,1047
Vanilla OPD,66,7,0,66/7/0,6,6,False,1048
Vanilla OPD,66,8,0,66/8/0,13,30,True,1049
Vanilla OPD,66,9,0,66/9/0,14,30,True,1050
Vanilla OPD,66,10,0,66/10/0,15,30,True,1051
Vanilla OPD,66,11,0,66/11/0,27,30,True,1052
Vanilla OPD,66,12,0,66/12/0,14,30,True,1053
Vanilla OPD,66,13,0,66/13/0,22,30,True,1054
Vanilla OPD,66,14,0,66/14/0,12,30,True,1055
Vanilla OPD,66,15,0,66/15/0,9,9,False,1056
Vanilla OPD,67,0,0,67/0/0,11,11,False,1057
Vanilla OPD,67,1,0,67/1/0,4,4,False,1058
Vanilla OPD,67,2,0,67/2/0,11,11,False,1059
Vanilla OPD,67,3,0,67/3/0,4,4,False,1060
Vanilla OPD,67,4,0,67/4/0,21,30,True,1061
Vanilla OPD,67,5,0,67/5/0,8,8,False,1062
Vanilla OPD,67,6,0,67/6/0,17,30,True,1063
Vanilla OPD,67,7,0,67/7/0,20,30,True,1064
Vanilla OPD,67,8,0,67/8/0,19,30,True,1065
Vanilla OPD,67,9,0,67/9/0,22,30,True,1066
Vanilla OPD,67,10,0,67/10/0,10,10,False,1067
Vanilla OPD,67,11,0,67/11/0,6,6,False,1068
Vanilla OPD,67,12,0,67/12/0,21,30,True,1069
Vanilla OPD,67,13,0,67/13/0,6,6,False,1070
Vanilla OPD,67,14,0,67/14/0,17,30,True,1071
Vanilla OPD,67,15,0,67/15/0,23,30,True,1072
Vanilla OPD,68,0,0,68/0/0,14,30,True,1073
Vanilla OPD,68,1,0,68/1/0,12,30,True,1074
Vanilla OPD,68,2,0,68/2/0,9,9,False,1075
Vanilla OPD,68,3,0,68/3/0,6,6,False,1076
Vanilla OPD,68,4,0,68/4/0,4,4,False,1077
Vanilla OPD,68,5,0,68/5/0,6,6,False,1078
Vanilla OPD,68,6,0,68/6/0,11,30,True,1079
Vanilla OPD,68,7,0,68/7/0,21,30,True,1080
Vanilla OPD,68,8,0,68/8/0,15,30,True,1081
Vanilla OPD,68,9,0,68/9/0,12,30,True,1082
Vanilla OPD,68,10,0,68/10/0,4,4,False,1083
Vanilla OPD,68,11,0,68/11/0,4,4,False,1084
Vanilla OPD,68,12,0,68/12/0,13,30,True,1085
Vanilla OPD,68,13,0,68/13/0,21,30,True,1086
Vanilla OPD,68,14,0,68/14/0,6,6,False,1087
Vanilla OPD,68,15,0,68/15/0,15,30,True,1088
Vanilla OPD,69,0,0,69/0/0,6,6,False,1089
Vanilla OPD,69,1,0,69/1/0,16,30,True,1090
Vanilla OPD,69,2,0,69/2/0,24,30,True,1091
Vanilla OPD,69,3,0,69/3/0,21,30,True,1092
Vanilla OPD,69,4,0,69/4/0,10,10,False,1093
Vanilla OPD,69,5,0,69/5/0,21,30,True,1094
Vanilla OPD,69,6,0,69/6/0,13,13,False,1095
Vanilla OPD,69,7,0,69/7/0,7,7,False,1096
Vanilla OPD,69,8,0,69/8/0,21,30,True,1097
Vanilla OPD,69,9,0,69/9/0,22,30,True,1098
Vanilla OPD,69,10,0,69/10/0,15,30,True,1099
Vanilla OPD,69,11,0,69/11/0,20,30,True,1100
Vanilla OPD,69,12,0,69/12/0,27,30,True,1101
Vanilla OPD,69,13,0,69/13/0,15,30,True,1102
Vanilla OPD,69,14,0,69/14/0,13,30,True,1103
Vanilla OPD,69,15,0,69/15/0,26,30,True,1104
Vanilla OPD,70,0,0,70/0/0,4,4,False,1105
Vanilla OPD,70,1,0,70/1/0,17,30,True,1106
Vanilla OPD,70,2,0,70/2/0,9,9,False,1107
Vanilla OPD,70,3,0,70/3/0,17,30,True,1108
Vanilla OPD,70,4,0,70/4/0,16,30,True,1109
Vanilla OPD,70,5,0,70/5/0,19,19,False,1110
Vanilla OPD,70,6,0,70/6/0,15,30,True,1111
Vanilla OPD,70,7,0,70/7/0,20,30,True,1112
Vanilla OPD,70,8,0,70/8/0,9,9,False,1113
Vanilla OPD,70,9,0,70/9/0,26,30,True,1114
Vanilla OPD,70,10,0,70/10/0,6,6,False,1115
Vanilla OPD,70,11,0,70/11/0,21,30,True,1116
Vanilla OPD,70,12,0,70/12/0,8,8,False,1117
Vanilla OPD,70,13,0,70/13/0,21,30,True,1118
Vanilla OPD,70,14,0,70/14/0,22,30,True,1119
Vanilla OPD,70,15,0,70/15/0,20,30,True,1120
Vanilla OPD,71,0,0,71/0/0,4,4,False,1121
Vanilla OPD,71,1,0,71/1/0,14,30,True,1122
Vanilla OPD,71,2,0,71/2/0,17,30,True,1123
Vanilla OPD,71,3,0,71/3/0,8,8,False,1124
Vanilla OPD,71,4,0,71/4/0,16,30,True,1125
Vanilla OPD,71,5,0,71/5/0,14,30,True,1126
Vanilla OPD,71,6,0,71/6/0,12,30,True,1127
Vanilla OPD,71,7,0,71/7/0,6,6,False,1128
Vanilla OPD,71,8,0,71/8/0,6,6,False,1129
Vanilla OPD,71,9,0,71/9/0,9,9,False,1130
Vanilla OPD,71,10,0,71/10/0,4,4,False,1131
Vanilla OPD,71,11,0,71/11/0,12,12,False,1132
Vanilla OPD,71,12,0,71/12/0,7,7,False,1133
Vanilla OPD,71,13,0,71/13/0,10,10,False,1134
Vanilla OPD,71,14,0,71/14/0,16,30,True,1135
Vanilla OPD,71,15,0,71/15/0,8,8,False,1136
Vanilla OPD,72,0,0,72/0/0,14,30,True,1137
Vanilla OPD,72,1,0,72/1/0,14,30,True,1138
Vanilla OPD,72,2,0,72/2/0,7,7,False,1139
Vanilla OPD,72,3,0,72/3/0,8,8,False,1140
Vanilla OPD,72,4,0,72/4/0,11,30,True,1141
Vanilla OPD,72,5,0,72/5/0,17,30,True,1142
Vanilla OPD,72,6,0,72/6/0,15,30,True,1143
Vanilla OPD,72,7,0,72/7/0,15,30,True,1144
Vanilla OPD,72,8,0,72/8/0,4,4,False,1145
Vanilla OPD,72,9,0,72/9/0,17,30,True,1146
Vanilla OPD,72,10,0,72/10/0,4,4,False,1147
Vanilla OPD,72,11,0,72/11/0,19,30,True,1148
Vanilla OPD,72,12,0,72/12/0,6,6,False,1149
Vanilla OPD,72,13,0,72/13/0,22,30,True,1150
Vanilla OPD,72,14,0,72/14/0,12,30,True,1151
Vanilla OPD,72,15,0,72/15/0,22,30,True,1152
Vanilla OPD,73,0,0,73/0/0,15,15,False,1153
Vanilla OPD,73,1,0,73/1/0,15,30,True,1154
Vanilla OPD,73,2,0,73/2/0,11,30,True,1155
Vanilla OPD,73,3,0,73/3/0,21,30,True,1156
Vanilla OPD,73,4,0,73/4/0,21,30,True,1157
Vanilla OPD,73,5,0,73/5/0,6,6,False,1158
Vanilla OPD,73,6,0,73/6/0,6,6,False,1159
Vanilla OPD,73,7,0,73/7/0,7,7,False,1160
Vanilla OPD,73,8,0,73/8/0,6,6,False,1161
Vanilla OPD,73,9,0,73/9/0,13,30,True,1162
Vanilla OPD,73,10,0,73/10/0,15,30,True,1163
Vanilla OPD,73,11,0,73/11/0,6,6,False,1164
Vanilla OPD,73,12,0,73/12/0,22,30,True,1165
Vanilla OPD,73,13,0,73/13/0,20,30,True,1166
Vanilla OPD,73,14,0,73/14/0,16,30,True,1167
Vanilla OPD,73,15,0,73/15/0,20,30,True,1168
Vanilla OPD,74,0,0,74/0/0,13,30,True,1169
Vanilla OPD,74,1,0,74/1/0,7,7,False,1170
Vanilla OPD,74,2,0,74/2/0,7,7,False,1171
Vanilla OPD,74,3,0,74/3/0,17,30,True,1172
Vanilla OPD,74,4,0,74/4/0,20,30,True,1173
Vanilla OPD,74,5,0,74/5/0,13,13,False,1174
Vanilla OPD,74,6,0,74/6/0,17,30,True,1175
Vanilla OPD,74,7,0,74/7/0,27,30,True,1176
Vanilla OPD,74,8,0,74/8/0,7,7,False,1177
Vanilla OPD,74,9,0,74/9/0,15,15,False,1178
Vanilla OPD,74,10,0,74/10/0,13,30,True,1179
Vanilla OPD,74,11,0,74/11/0,18,30,True,1180
Vanilla OPD,74,12,0,74/12/0,4,4,False,1181
Vanilla OPD,74,13,0,74/13/0,6,6,False,1182
Vanilla OPD,74,14,0,74/14/0,18,30,True,1183
Vanilla OPD,74,15,0,74/15/0,11,30,True,1184
Vanilla OPD,75,0,0,75/0/0,15,30,True,1185
Vanilla OPD,75,1,0,75/1/0,18,30,True,1186
Vanilla OPD,75,2,0,75/2/0,15,30,True,1187
Vanilla OPD,75,3,0,75/3/0,13,30,True,1188
Vanilla OPD,75,4,0,75/4/0,11,11,False,1189
Vanilla OPD,75,5,0,75/5/0,13,30,True,1190
Vanilla OPD,75,6,0,75/6/0,11,30,True,1191
Vanilla OPD,75,7,0,75/7/0,27,30,True,1192
Vanilla OPD,75,8,0,75/8/0,9,9,False,1193
Vanilla OPD,75,9,0,75/9/0,12,30,True,1194
Vanilla OPD,75,10,0,75/10/0,19,30,True,1195
Vanilla OPD,75,11,0,75/11/0,18,30,True,1196
Vanilla OPD,75,12,0,75/12/0,17,30,True,1197
Vanilla OPD,75,13,0,75/13/0,8,8,False,1198
Vanilla OPD,75,14,0,75/14/0,19,30,True,1199
Vanilla OPD,75,15,0,75/15/0,20,30,True,1200
Vanilla OPD,76,0,0,76/0/0,15,15,False,1201
Vanilla OPD,76,1,0,76/1/0,16,30,True,1202
Vanilla OPD,76,2,0,76/2/0,8,8,False,1203
Vanilla OPD,76,3,0,76/3/0,9,9,False,1204
Vanilla OPD,76,4,0,76/4/0,6,6,False,1205
Vanilla OPD,76,5,0,76/5/0,13,30,True,1206
Vanilla OPD,76,6,0,76/6/0,12,12,False,1207
Vanilla OPD,76,7,0,76/7/0,23,30,True,1208
Vanilla OPD,76,8,0,76/8/0,18,30,True,1209
Vanilla OPD,76,9,0,76/9/0,23,30,True,1210
Vanilla OPD,76,10,0,76/10/0,8,8,False,1211
Vanilla OPD,76,11,0,76/11/0,21,30,True,1212
Vanilla OPD,76,12,0,76/12/0,5,5,False,1213
Vanilla OPD,76,13,0,76/13/0,8,8,False,1214
Vanilla OPD,76,14,0,76/14/0,19,30,True,1215
Vanilla OPD,76,15,0,76/15/0,16,30,True,1216
Vanilla OPD,77,0,0,77/0/0,17,30,True,1217
Vanilla OPD,77,1,0,77/1/0,15,30,True,1218
Vanilla OPD,77,2,0,77/2/0,10,10,False,1219
Vanilla OPD,77,3,0,77/3/0,18,30,True,1220
Vanilla OPD,77,4,0,77/4/0,21,30,True,1221
Vanilla OPD,77,5,0,77/5/0,22,30,True,1222
Vanilla OPD,77,6,0,77/6/0,22,30,True,1223
Vanilla OPD,77,7,0,77/7/0,18,18,False,1224
Vanilla OPD,77,8,0,77/8/0,6,6,False,1225
Vanilla OPD,77,9,0,77/9/0,10,10,False,1226
Vanilla OPD,77,10,0,77/10/0,6,6,False,1227
Vanilla OPD,77,11,0,77/11/0,15,30,True,1228
Vanilla OPD,77,12,0,77/12/0,12,12,False,1229
Vanilla OPD,77,13,0,77/13/0,24,30,True,1230
Vanilla OPD,77,14,0,77/14/0,7,7,False,1231
Vanilla OPD,77,15,0,77/15/0,21,30,True,1232
Vanilla OPD,78,0,0,78/0/0,13,13,False,1233
Vanilla OPD,78,1,0,78/1/0,7,7,False,1234
Vanilla OPD,78,2,0,78/2/0,6,6,False,1235
Vanilla OPD,78,3,0,78/3/0,4,4,False,1236
Vanilla OPD,78,4,0,78/4/0,10,10,False,1237
Vanilla OPD,78,5,0,78/5/0,21,30,True,1238
Vanilla OPD,78,6,0,78/6/0,13,30,True,1239
Vanilla OPD,78,7,0,78/7/0,8,8,False,1240
Vanilla OPD,78,8,0,78/8/0,4,4,False,1241
Vanilla OPD,78,9,0,78/9/0,6,6,False,1242
Vanilla OPD,78,10,0,78/10/0,4,4,False,1243
Vanilla OPD,78,11,0,78/11/0,9,9,False,1244
Vanilla OPD,78,12,0,78/12/0,4,4,False,1245
Vanilla OPD,78,13,0,78/13/0,21,30,True,1246
Vanilla OPD,78,14,0,78/14/0,11,30,True,1247
Vanilla OPD,78,15,0,78/15/0,22,30,True,1248
Vanilla OPD,79,0,0,79/0/0,12,12,False,1249
Vanilla OPD,79,1,0,79/1/0,21,30,True,1250
Vanilla OPD,79,2,0,79/2/0,22,30,True,1251
Vanilla OPD,79,3,0,79/3/0,10,10,False,1252
Vanilla OPD,79,4,0,79/4/0,14,30,True,1253
Vanilla OPD,79,5,0,79/5/0,7,7,False,1254
Vanilla OPD,79,6,0,79/6/0,8,8,False,1255
Vanilla OPD,79,7,0,79/7/0,4,4,False,1256
Vanilla OPD,79,8,0,79/8/0,17,30,True,1257
Vanilla OPD,79,9,0,79/9/0,6,6,False,1258
Vanilla OPD,79,10,0,79/10/0,15,15,False,1259
Vanilla OPD,79,11,0,79/11/0,12,12,False,1260
Vanilla OPD,79,12,0,79/12/0,8,8,False,1261
Vanilla OPD,79,13,0,79/13/0,20,30,True,1262
Vanilla OPD,79,14,0,79/14/0,6,6,False,1263
Vanilla OPD,79,15,0,79/15/0,11,11,False,1264
Vanilla OPD,80,0,0,80/0/0,21,30,True,1265
Vanilla OPD,80,1,0,80/1/0,11,11,False,1266
Vanilla OPD,80,2,0,80/2/0,24,30,True,1267
Vanilla OPD,80,3,0,80/3/0,22,30,True,1268
Vanilla OPD,80,4,0,80/4/0,12,12,False,1269
Vanilla OPD,80,5,0,80/5/0,20,30,True,1270
Vanilla OPD,80,6,0,80/6/0,3,3,False,1271
Vanilla OPD,80,7,0,80/7/0,3,3,False,1272
Vanilla OPD,80,8,0,80/8/0,15,30,True,1273
Vanilla OPD,80,9,0,80/9/0,9,9,False,1274
Vanilla OPD,80,10,0,80/10/0,16,30,True,1275
Vanilla OPD,80,11,0,80/11/0,9,9,False,1276
Vanilla OPD,80,12,0,80/12/0,5,5,False,1277
Vanilla OPD,80,13,0,80/13/0,9,9,False,1278
Vanilla OPD,80,14,0,80/14/0,4,4,False,1279
Vanilla OPD,80,15,0,80/15/0,4,4,False,1280
Vanilla OPD,81,0,0,81/0/0,25,30,True,1281
Vanilla OPD,81,1,0,81/1/0,4,4,False,1282
Vanilla OPD,81,2,0,81/2/0,11,30,True,1283
Vanilla OPD,81,3,0,81/3/0,15,30,True,1284
Vanilla OPD,81,4,0,81/4/0,25,30,True,1285
Vanilla OPD,81,5,0,81/5/0,13,13,False,1286
Vanilla OPD,81,6,0,81/6/0,4,4,False,1287
Vanilla OPD,81,7,0,81/7/0,5,5,False,1288
Vanilla OPD,81,8,0,81/8/0,24,30,True,1289
Vanilla OPD,81,9,0,81/9/0,15,15,False,1290
Vanilla OPD,81,10,0,81/10/0,6,6,False,1291
Vanilla OPD,81,11,0,81/11/0,10,10,False,1292
Vanilla OPD,81,12,0,81/12/0,6,6,False,1293
Vanilla OPD,81,13,0,81/13/0,15,15,False,1294
Vanilla OPD,81,14,0,81/14/0,21,30,True,1295
Vanilla OPD,81,15,0,81/15/0,14,30,True,1296
Vanilla OPD,82,0,0,82/0/0,11,11,False,1297
Vanilla OPD,82,1,0,82/1/0,18,30,True,1298
Vanilla OPD,82,2,0,82/2/0,16,30,True,1299
Vanilla OPD,82,3,0,82/3/0,6,6,False,1300
Vanilla OPD,82,4,0,82/4/0,16,16,False,1301
Vanilla OPD,82,5,0,82/5/0,7,7,False,1302
Vanilla OPD,82,6,0,82/6/0,12,30,True,1303
Vanilla OPD,82,7,0,82/7/0,11,11,False,1304
Vanilla OPD,82,8,0,82/8/0,4,4,False,1305
Vanilla OPD,82,9,0,82/9/0,6,6,False,1306
Vanilla OPD,82,10,0,82/10/0,16,30,True,1307
Vanilla OPD,82,11,0,82/11/0,6,6,False,1308
Vanilla OPD,82,12,0,82/12/0,15,30,True,1309
Vanilla OPD,82,13,0,82/13/0,20,30,True,1310
Vanilla OPD,82,14,0,82/14/0,15,30,True,1311
Vanilla OPD,82,15,0,82/15/0,7,7,False,1312
Vanilla OPD,83,0,0,83/0/0,12,12,False,1313
Vanilla OPD,83,1,0,83/1/0,6,6,False,1314
Vanilla OPD,83,2,0,83/2/0,10,10,False,1315
Vanilla OPD,83,3,0,83/3/0,8,8,False,1316
Vanilla OPD,83,4,0,83/4/0,13,13,False,1317
Vanilla OPD,83,5,0,83/5/0,11,11,False,1318
Vanilla OPD,83,6,0,83/6/0,11,30,True,1319
Vanilla OPD,83,7,0,83/7/0,22,30,True,1320
Vanilla OPD,83,8,0,83/8/0,6,6,False,1321
Vanilla OPD,83,9,0,83/9/0,6,6,False,1322
Vanilla OPD,83,10,0,83/10/0,5,5,False,1323
Vanilla OPD,83,11,0,83/11/0,4,4,False,1324
Vanilla OPD,83,12,0,83/12/0,16,30,True,1325
Vanilla OPD,83,13,0,83/13/0,18,30,True,1326
Vanilla OPD,83,14,0,83/14/0,15,30,True,1327
Vanilla OPD,83,15,0,83/15/0,22,30,True,1328
Vanilla OPD,84,0,0,84/0/0,22,30,True,1329
Vanilla OPD,84,1,0,84/1/0,16,30,True,1330
Vanilla OPD,84,2,0,84/2/0,8,8,False,1331
Vanilla OPD,84,3,0,84/3/0,13,30,True,1332
Vanilla OPD,84,4,0,84/4/0,4,4,False,1333
Vanilla OPD,84,5,0,84/5/0,4,4,False,1334
Vanilla OPD,84,6,0,84/6/0,24,30,True,1335
Vanilla OPD,84,7,0,84/7/0,18,30,True,1336
Vanilla OPD,84,8,0,84/8/0,21,30,True,1337
Vanilla OPD,84,9,0,84/9/0,20,30,True,1338
Vanilla OPD,84,10,0,84/10/0,4,4,False,1339
Vanilla OPD,84,11,0,84/11/0,15,15,False,1340
Vanilla OPD,84,12,0,84/12/0,7,7,False,1341
Vanilla OPD,84,13,0,84/13/0,6,6,False,1342
Vanilla OPD,84,14,0,84/14/0,11,11,False,1343
Vanilla OPD,84,15,0,84/15/0,21,30,True,1344
Vanilla OPD,85,0,0,85/0/0,21,30,True,1345
Vanilla OPD,85,1,0,85/1/0,14,30,True,1346
Vanilla OPD,85,2,0,85/2/0,11,11,False,1347
Vanilla OPD,85,3,0,85/3/0,20,30,True,1348
Vanilla OPD,85,4,0,85/4/0,15,30,True,1349
Vanilla OPD,85,5,0,85/5/0,6,6,False,1350
Vanilla OPD,85,6,0,85/6/0,7,7,False,1351
Vanilla OPD,85,7,0,85/7/0,8,8,False,1352
Vanilla OPD,85,8,0,85/8/0,8,8,False,1353
Vanilla OPD,85,9,0,85/9/0,18,30,True,1354
Vanilla OPD,85,10,0,85/10/0,7,7,False,1355
Vanilla OPD,85,11,0,85/11/0,4,4,False,1356
Vanilla OPD,85,12,0,85/12/0,17,30,True,1357
Vanilla OPD,85,13,0,85/13/0,7,7,False,1358
Vanilla OPD,85,14,0,85/14/0,8,8,False,1359
Vanilla OPD,85,15,0,85/15/0,4,4,False,1360
Vanilla OPD,86,0,0,86/0/0,13,13,False,1361
Vanilla OPD,86,1,0,86/1/0,7,7,False,1362
Vanilla OPD,86,2,0,86/2/0,5,5,False,1363
Vanilla OPD,86,3,0,86/3/0,10,10,False,1364
Vanilla OPD,86,4,0,86/4/0,19,30,True,1365
Vanilla OPD,86,5,0,86/5/0,18,30,True,1366
Vanilla OPD,86,6,0,86/6/0,18,30,True,1367
Vanilla OPD,86,7,0,86/7/0,20,20,False,1368
Vanilla OPD,86,8,0,86/8/0,6,6,False,1369
Vanilla OPD,86,9,0,86/9/0,7,7,False,1370
Vanilla OPD,86,10,0,86/10/0,10,10,False,1371
Vanilla OPD,86,11,0,86/11/0,22,30,True,1372
Vanilla OPD,86,12,0,86/12/0,18,18,False,1373
Vanilla OPD,86,13,0,86/13/0,13,13,False,1374
Vanilla OPD,86,14,0,86/14/0,4,4,False,1375
Vanilla OPD,86,15,0,86/15/0,15,15,False,1376
Vanilla OPD,87,0,0,87/0/0,5,5,False,1377
Vanilla OPD,87,1,0,87/1/0,23,30,True,1378
Vanilla OPD,87,2,0,87/2/0,5,5,False,1379
Vanilla OPD,87,3,0,87/3/0,8,8,False,1380
Vanilla OPD,87,4,0,87/4/0,4,4,False,1381
Vanilla OPD,87,5,0,87/5/0,7,7,False,1382
Vanilla OPD,87,6,0,87/6/0,12,12,False,1383
Vanilla OPD,87,7,0,87/7/0,20,30,True,1384
Vanilla OPD,87,8,0,87/8/0,21,30,True,1385
Vanilla OPD,87,9,0,87/9/0,4,4,False,1386
Vanilla OPD,87,10,0,87/10/0,5,5,False,1387
Vanilla OPD,87,11,0,87/11/0,10,10,False,1388
Vanilla OPD,87,12,0,87/12/0,4,4,False,1389
Vanilla OPD,87,13,0,87/13/0,4,4,False,1390
Vanilla OPD,87,14,0,87/14/0,17,17,False,1391
Vanilla OPD,87,15,0,87/15/0,19,30,True,1392
Vanilla OPD,88,0,0,88/0/0,21,21,False,1393
Vanilla OPD,88,1,0,88/1/0,7,7,False,1394
Vanilla OPD,88,2,0,88/2/0,19,30,True,1395
Vanilla OPD,88,3,0,88/3/0,16,30,True,1396
Vanilla OPD,88,4,0,88/4/0,10,10,False,1397
Vanilla OPD,88,5,0,88/5/0,4,4,False,1398
Vanilla OPD,88,6,0,88/6/0,12,12,False,1399
Vanilla OPD,88,7,0,88/7/0,4,4,False,1400
Vanilla OPD,88,8,0,88/8/0,5,5,False,1401
Vanilla OPD,88,9,0,88/9/0,6,6,False,1402
Vanilla OPD,88,10,0,88/10/0,4,4,False,1403
Vanilla OPD,88,11,0,88/11/0,21,30,True,1404
Vanilla OPD,88,12,0,88/12/0,24,30,True,1405
Vanilla OPD,88,13,0,88/13/0,13,13,False,1406
Vanilla OPD,88,14,0,88/14/0,11,11,False,1407
Vanilla OPD,88,15,0,88/15/0,15,30,True,1408
Vanilla OPD,89,0,0,89/0/0,8,8,False,1409
Vanilla OPD,89,1,0,89/1/0,7,7,False,1410
Vanilla OPD,89,2,0,89/2/0,6,6,False,1411
Vanilla OPD,89,3,0,89/3/0,7,7,False,1412
Vanilla OPD,89,4,0,89/4/0,21,30,True,1413
Vanilla OPD,89,5,0,89/5/0,10,10,False,1414
Vanilla OPD,89,6,0,89/6/0,11,11,False,1415
Vanilla OPD,89,7,0,89/7/0,14,30,True,1416
Vanilla OPD,89,8,0,89/8/0,8,8,False,1417
Vanilla OPD,89,9,0,89/9/0,23,30,True,1418
Vanilla OPD,89,10,0,89/10/0,9,9,False,1419
Vanilla OPD,89,11,0,89/11/0,6,6,False,1420
Vanilla OPD,89,12,0,89/12/0,8,8,False,1421
Vanilla OPD,89,13,0,89/13/0,21,30,True,1422
Vanilla OPD,89,14,0,89/14/0,14,30,True,1423
Vanilla OPD,89,15,0,89/15/0,10,10,False,1424
Vanilla OPD,90,0,0,90/0/0,20,30,True,1425
Vanilla OPD,90,1,0,90/1/0,11,11,False,1426
Vanilla OPD,90,2,0,90/2/0,17,17,False,1427
Vanilla OPD,90,3,0,90/3/0,5,5,False,1428
Vanilla OPD,90,4,0,90/4/0,20,30,True,1429
Vanilla OPD,90,5,0,90/5/0,7,7,False,1430
Vanilla OPD,90,6,0,90/6/0,15,30,True,1431
Vanilla OPD,90,7,0,90/7/0,6,6,False,1432
Vanilla OPD,90,8,0,90/8/0,16,30,True,1433
Vanilla OPD,90,9,0,90/9/0,21,30,True,1434
Vanilla OPD,90,10,0,90/10/0,22,30,True,1435
Vanilla OPD,90,11,0,90/11/0,14,30,True,1436
Vanilla OPD,90,12,0,90/12/0,6,6,False,1437
Vanilla OPD,90,13,0,90/13/0,6,6,False,1438
Vanilla OPD,90,14,0,90/14/0,16,16,False,1439
Vanilla OPD,90,15,0,90/15/0,7,7,False,1440
Vanilla OPD,91,0,0,91/0/0,6,6,False,1441
Vanilla OPD,91,1,0,91/1/0,16,30,True,1442
Vanilla OPD,91,2,0,91/2/0,13,13,False,1443
Vanilla OPD,91,3,0,91/3/0,6,6,False,1444
Vanilla OPD,91,4,0,91/4/0,9,9,False,1445
Vanilla OPD,91,5,0,91/5/0,25,30,True,1446
Vanilla OPD,91,6,0,91/6/0,6,6,False,1447
Vanilla OPD,91,7,0,91/7/0,23,30,True,1448
Vanilla OPD,91,8,0,91/8/0,13,13,False,1449
Vanilla OPD,91,9,0,91/9/0,15,15,False,1450
Vanilla OPD,91,10,0,91/10/0,17,30,True,1451
Vanilla OPD,91,11,0,91/11/0,13,30,True,1452
Vanilla OPD,91,12,0,91/12/0,6,6,False,1453
Vanilla OPD,91,13,0,91/13/0,15,30,True,1454
Vanilla OPD,91,14,0,91/14/0,12,12,False,1455
Vanilla OPD,91,15,0,91/15/0,14,30,True,1456
Vanilla OPD,92,0,0,92/0/0,4,4,False,1457
Vanilla OPD,92,1,0,92/1/0,13,30,True,1458
Vanilla OPD,92,2,0,92/2/0,6,6,False,1459
Vanilla OPD,92,3,0,92/3/0,7,7,False,1460
Vanilla OPD,92,4,0,92/4/0,7,7,False,1461
Vanilla OPD,92,5,0,92/5/0,4,4,False,1462
Vanilla OPD,92,6,0,92/6/0,15,30,True,1463
Vanilla OPD,92,7,0,92/7/0,22,30,True,1464
Vanilla OPD,92,8,0,92/8/0,23,23,False,1465
Vanilla OPD,92,9,0,92/9/0,6,6,False,1466
Vanilla OPD,92,10,0,92/10/0,15,30,True,1467
Vanilla OPD,92,11,0,92/11/0,16,30,True,1468
Vanilla OPD,92,12,0,92/12/0,10,10,False,1469
Vanilla OPD,92,13,0,92/13/0,14,30,True,1470
Vanilla OPD,92,14,0,92/14/0,13,30,True,1471
Vanilla OPD,92,15,0,92/15/0,7,7,False,1472
Vanilla OPD,93,0,0,93/0/0,10,10,False,1473
Vanilla OPD,93,1,0,93/1/0,8,8,False,1474
Vanilla OPD,93,2,0,93/2/0,9,9,False,1475
Vanilla OPD,93,3,0,93/3/0,5,5,False,1476
Vanilla OPD,93,4,0,93/4/0,24,30,True,1477
Vanilla OPD,93,5,0,93/5/0,14,30,True,1478
Vanilla OPD,93,6,0,93/6/0,13,13,False,1479
Vanilla OPD,93,7,0,93/7/0,6,6,False,1480
Vanilla OPD,93,8,0,93/8/0,6,6,False,1481
Vanilla OPD,93,9,0,93/9/0,12,30,True,1482
Vanilla OPD,93,10,0,93/10/0,11,30,True,1483
Vanilla OPD,93,11,0,93/11/0,9,9,False,1484
Vanilla OPD,93,12,0,93/12/0,10,10,False,1485
Vanilla OPD,93,13,0,93/13/0,6,6,False,1486
Vanilla OPD,93,14,0,93/14/0,6,6,False,1487
Vanilla OPD,93,15,0,93/15/0,5,5,False,1488
Vanilla OPD,94,0,0,94/0/0,13,13,False,1489
Vanilla OPD,94,1,0,94/1/0,4,4,False,1490
Vanilla OPD,94,2,0,94/2/0,8,8,False,1491
Vanilla OPD,94,3,0,94/3/0,25,30,True,1492
Vanilla OPD,94,4,0,94/4/0,7,7,False,1493
Vanilla OPD,94,5,0,94/5/0,6,6,False,1494
Vanilla OPD,94,6,0,94/6/0,6,6,False,1495
Vanilla OPD,94,7,0,94/7/0,9,9,False,1496
Vanilla OPD,94,8,0,94/8/0,9,9,False,1497
Vanilla OPD,94,9,0,94/9/0,6,6,False,1498
Vanilla OPD,94,10,0,94/10/0,7,7,False,1499
Vanilla OPD,94,11,0,94/11/0,6,6,False,1500
Vanilla OPD,94,12,0,94/12/0,20,30,True,1501
Vanilla OPD,94,13,0,94/13/0,6,6,False,1502
Vanilla OPD,94,14,0,94/14/0,21,30,True,1503
Vanilla OPD,94,15,0,94/15/0,6,6,False,1504
Vanilla OPD,95,0,0,95/0/0,6,6,False,1505
Vanilla OPD,95,1,0,95/1/0,16,30,True,1506
Vanilla OPD,95,2,0,95/2/0,4,4,False,1507
Vanilla OPD,95,3,0,95/3/0,22,30,True,1508
Vanilla OPD,95,4,0,95/4/0,19,30,True,1509
Vanilla OPD,95,5,0,95/5/0,10,10,False,1510
Vanilla OPD,95,6,0,95/6/0,17,30,True,1511
Vanilla OPD,95,7,0,95/7/0,22,30,True,1512
Vanilla OPD,95,8,0,95/8/0,22,30,True,1513
Vanilla OPD,95,9,0,95/9/0,8,8,False,1514
Vanilla OPD,95,10,0,95/10/0,26,30,True,1515
Vanilla OPD,95,11,0,95/11/0,6,6,False,1516
Vanilla OPD,95,12,0,95/12/0,23,30,True,1517
Vanilla OPD,95,13,0,95/13/0,7,7,False,1518
Vanilla OPD,95,14,0,95/14/0,7,7,False,1519
Vanilla OPD,95,15,0,95/15/0,10,10,False,1520
Vanilla OPD,96,0,0,96/0/0,7,7,False,1521
Vanilla OPD,96,1,0,96/1/0,12,12,False,1522
Vanilla OPD,96,2,0,96/2/0,7,7,False,1523
Vanilla OPD,96,3,0,96/3/0,9,9,False,1524
Vanilla OPD,96,4,0,96/4/0,9,9,False,1525
Vanilla OPD,96,5,0,96/5/0,26,30,True,1526
Vanilla OPD,96,6,0,96/6/0,4,4,False,1527
Vanilla OPD,96,7,0,96/7/0,22,30,True,1528
Vanilla OPD,96,8,0,96/8/0,16,30,True,1529
Vanilla OPD,96,9,0,96/9/0,7,7,False,1530
Vanilla OPD,96,10,0,96/10/0,7,7,False,1531
Vanilla OPD,96,11,0,96/11/0,7,7,False,1532
Vanilla OPD,96,12,0,96/12/0,8,8,False,1533
Vanilla OPD,96,13,0,96/13/0,7,7,False,1534
Vanilla OPD,96,14,0,96/14/0,7,7,False,1535
Vanilla OPD,96,15,0,96/15/0,11,11,False,1536
Vanilla OPD,97,0,0,97/0/0,8,8,False,1537
Vanilla OPD,97,1,0,97/1/0,9,9,False,1538
Vanilla OPD,97,2,0,97/2/0,22,30,True,1539
Vanilla OPD,97,3,0,97/3/0,26,30,True,1540
Vanilla OPD,97,4,0,97/4/0,7,7,False,1541
Vanilla OPD,97,5,0,97/5/0,7,7,False,1542
Vanilla OPD,97,6,0,97/6/0,6,6,False,1543
Vanilla OPD,97,7,0,97/7/0,7,7,False,1544
Vanilla OPD,97,8,0,97/8/0,10,10,False,1545
Vanilla OPD,97,9,0,97/9/0,6,6,False,1546
Vanilla OPD,97,10,0,97/10/0,9,9,False,1547
Vanilla OPD,97,11,0,97/11/0,4,4,False,1548
Vanilla OPD,97,12,0,97/12/0,17,30,True,1549
Vanilla OPD,97,13,0,97/13/0,5,5,False,1550
Vanilla OPD,97,14,0,97/14/0,7,7,False,1551
Vanilla OPD,97,15,0,97/15/0,12,12,False,1552
Vanilla OPD,98,0,0,98/0/0,5,5,False,1553
Vanilla OPD,98,1,0,98/1/0,14,30,True,1554
Vanilla OPD,98,2,0,98/2/0,3,3,False,1555
Vanilla OPD,98,3,0,98/3/0,24,30,True,1556
Vanilla OPD,98,4,0,98/4/0,20,30,True,1557
Vanilla OPD,98,5,0,98/5/0,9,9,False,1558
Vanilla OPD,98,6,0,98/6/0,16,30,True,1559
Vanilla OPD,98,7,0,98/7/0,8,8,False,1560
Vanilla OPD,98,8,0,98/8/0,14,30,True,1561
Vanilla OPD,98,9,0,98/9/0,16,16,False,1562
Vanilla OPD,98,10,0,98/10/0,6,6,False,1563
Vanilla OPD,98,11,0,98/11/0,22,30,True,1564
Vanilla OPD,98,12,0,98/12/0,22,30,True,1565
Vanilla OPD,98,13,0,98/13/0,6,6,False,1566
Vanilla OPD,98,14,0,98/14/0,7,7,False,1567
Vanilla OPD,98,15,0,98/15/0,6,6,False,1568
Vanilla OPD,99,0,0,99/0/0,23,30,True,1569
Vanilla OPD,99,1,0,99/1/0,13,30,True,1570
Vanilla OPD,99,2,0,99/2/0,21,30,True,1571
Vanilla OPD,99,3,0,99/3/0,5,5,False,1572
Vanilla OPD,99,4,0,99/4/0,27,30,True,1573
Vanilla OPD,99,5,0,99/5/0,11,30,True,1574
Vanilla OPD,99,6,0,99/6/0,4,4,False,1575
Vanilla OPD,99,7,0,99/7/0,15,30,True,1576
Vanilla OPD,99,8,0,99/8/0,14,30,True,1577
Vanilla OPD,99,9,0,99/9/0,10,10,False,1578
Vanilla OPD,99,10,0,99/10/0,7,7,False,1579
Vanilla OPD,99,11,0,99/11/0,7,7,False,1580
Vanilla OPD,99,12,0,99/12/0,12,12,False,1581
Vanilla OPD,99,13,0,99/13/0,8,8,False,1582
Vanilla OPD,99,14,0,99/14/0,17,17,False,1583
Vanilla OPD,99,15,0,99/15/0,11,11,False,1584
Vanilla OPD,100,0,0,100/0/0,10,10,False,1585
Vanilla OPD,100,1,0,100/1/0,6,6,False,1586
Vanilla OPD,100,2,0,100/2/0,23,30,True,1587
Vanilla OPD,100,3,0,100/3/0,16,30,True,1588
Vanilla OPD,100,4,0,100/4/0,4,4,False,1589
Vanilla OPD,100,5,0,100/5/0,11,11,False,1590
Vanilla OPD,100,6,0,100/6/0,4,4,False,1591
Vanilla OPD,100,7,0,100/7/0,7,7,False,1592
Vanilla OPD,100,8,0,100/8/0,21,30,True,1593
Vanilla OPD,100,9,0,100/9/0,25,30,True,1594
Vanilla OPD,100,10,0,100/10/0,15,15,False,1595
Vanilla OPD,100,11,0,100/11/0,9,9,False,1596
Vanilla OPD,100,12,0,100/12/0,5,5,False,1597
Vanilla OPD,100,13,0,100/13/0,9,9,False,1598
Vanilla OPD,100,14,0,100/14/0,5,5,False,1599
Vanilla OPD,100,15,0,100/15/0,8,8,False,1600
Vanilla OPD,101,0,0,101/0/0,7,7,False,1601
Vanilla OPD,101,1,0,101/1/0,4,4,False,1602
Vanilla OPD,101,2,0,101/2/0,9,9,False,1603
Vanilla OPD,101,3,0,101/3/0,18,30,True,1604
Vanilla OPD,101,4,0,101/4/0,4,4,False,1605
Vanilla OPD,101,5,0,101/5/0,18,18,False,1606
Vanilla OPD,101,6,0,101/6/0,25,30,True,1607
Vanilla OPD,101,7,0,101/7/0,5,5,False,1608
Vanilla OPD,101,8,0,101/8/0,17,30,True,1609
Vanilla OPD,101,9,0,101/9/0,14,30,True,1610
Vanilla OPD,101,10,0,101/10/0,4,4,False,1611
Vanilla OPD,101,11,0,101/11/0,7,7,False,1612
Vanilla OPD,101,12,0,101/12/0,19,19,False,1613
Vanilla OPD,101,13,0,101/13/0,14,30,True,1614
Vanilla OPD,101,14,0,101/14/0,14,30,True,1615
Vanilla OPD,101,15,0,101/15/0,14,30,True,1616
Vanilla OPD,102,0,0,102/0/0,11,11,False,1617
Vanilla OPD,102,1,0,102/1/0,4,4,False,1618
Vanilla OPD,102,2,0,102/2/0,12,12,False,1619
Vanilla OPD,102,3,0,102/3/0,4,4,False,1620
Vanilla OPD,102,4,0,102/4/0,4,4,False,1621
Vanilla OPD,102,5,0,102/5/0,9,9,False,1622
Vanilla OPD,102,6,0,102/6/0,6,6,False,1623
Vanilla OPD,102,7,0,102/7/0,5,5,False,1624
Vanilla OPD,102,8,0,102/8/0,20,30,True,1625
Vanilla OPD,102,9,0,102/9/0,21,30,True,1626
Vanilla OPD,102,10,0,102/10/0,18,30,True,1627
Vanilla OPD,102,11,0,102/11/0,16,30,True,1628
Vanilla OPD,102,12,0,102/12/0,4,4,False,1629
Vanilla OPD,102,13,0,102/13/0,8,8,False,1630
Vanilla OPD,102,14,0,102/14/0,20,20,False,1631
Vanilla OPD,102,15,0,102/15/0,7,7,False,1632
Vanilla OPD,103,0,0,103/0/0,7,7,False,1633
Vanilla OPD,103,1,0,103/1/0,25,30,True,1634
Vanilla OPD,103,2,0,103/2/0,4,4,False,1635
Vanilla OPD,103,3,0,103/3/0,15,30,True,1636
Vanilla OPD,103,4,0,103/4/0,7,7,False,1637
Vanilla OPD,103,5,0,103/5/0,6,6,False,1638
Vanilla OPD,103,6,0,103/6/0,10,10,False,1639
Vanilla OPD,103,7,0,103/7/0,6,6,False,1640
Vanilla OPD,103,8,0,103/8/0,17,30,True,1641
Vanilla OPD,103,9,0,103/9/0,12,30,True,1642
Vanilla OPD,103,10,0,103/10/0,7,7,False,1643
Vanilla OPD,103,11,0,103/11/0,23,30,True,1644
Vanilla OPD,103,12,0,103/12/0,6,6,False,1645
Vanilla OPD,103,13,0,103/13/0,11,11,False,1646
Vanilla OPD,103,14,0,103/14/0,4,4,False,1647
Vanilla OPD,103,15,0,103/15/0,7,7,False,1648
Vanilla OPD,104,0,0,104/0/0,7,7,False,1649
Vanilla OPD,104,1,0,104/1/0,14,14,False,1650
Vanilla OPD,104,2,0,104/2/0,8,8,False,1651
Vanilla OPD,104,3,0,104/3/0,7,7,False,1652
Vanilla OPD,104,4,0,104/4/0,16,30,True,1653
Vanilla OPD,104,5,0,104/5/0,8,8,False,1654
Vanilla OPD,104,6,0,104/6/0,18,30,True,1655
Vanilla OPD,104,7,0,104/7/0,6,6,False,1656
Vanilla OPD,104,8,0,104/8/0,23,30,True,1657
Vanilla OPD,104,9,0,104/9/0,6,6,False,1658
Vanilla OPD,104,10,0,104/10/0,4,4,False,1659
Vanilla OPD,104,11,0,104/11/0,15,30,True,1660
Vanilla OPD,104,12,0,104/12/0,8,8,False,1661
Vanilla OPD,104,13,0,104/13/0,8,8,False,1662
Vanilla OPD,104,14,0,104/14/0,18,18,False,1663
Vanilla OPD,104,15,0,104/15/0,13,13,False,1664
Vanilla OPD,105,0,0,105/0/0,17,30,True,1665
Vanilla OPD,105,1,0,105/1/0,9,9,False,1666
Vanilla OPD,105,2,0,105/2/0,22,30,True,1667
Vanilla OPD,105,3,0,105/3/0,4,4,False,1668
Vanilla OPD,105,4,0,105/4/0,14,30,True,1669
Vanilla OPD,105,5,0,105/5/0,13,13,False,1670
Vanilla OPD,105,6,0,105/6/0,21,30,True,1671
Vanilla OPD,105,7,0,105/7/0,20,30,True,1672
Vanilla OPD,105,8,0,105/8/0,10,10,False,1673
Vanilla OPD,105,9,0,105/9/0,7,7,False,1674
Vanilla OPD,105,10,0,105/10/0,17,30,True,1675
Vanilla OPD,105,11,0,105/11/0,7,7,False,1676
Vanilla OPD,105,12,0,105/12/0,9,9,False,1677
Vanilla OPD,105,13,0,105/13/0,7,7,False,1678
Vanilla OPD,105,14,0,105/14/0,10,10,False,1679
Vanilla OPD,105,15,0,105/15/0,8,8,False,1680
Vanilla OPD,106,0,0,106/0/0,18,30,True,1681
Vanilla OPD,106,1,0,106/1/0,13,13,False,1682
Vanilla OPD,106,2,0,106/2/0,7,7,False,1683
Vanilla OPD,106,3,0,106/3/0,4,4,False,1684
Vanilla OPD,106,4,0,106/4/0,4,4,False,1685
Vanilla OPD,106,5,0,106/5/0,24,30,True,1686
Vanilla OPD,106,6,0,106/6/0,24,30,True,1687
Vanilla OPD,106,7,0,106/7/0,7,7,False,1688
Vanilla OPD,106,8,0,106/8/0,6,6,False,1689
Vanilla OPD,106,9,0,106/9/0,5,5,False,1690
Vanilla OPD,106,10,0,106/10/0,6,6,False,1691
Vanilla OPD,106,11,0,106/11/0,4,4,False,1692
Vanilla OPD,106,12,0,106/12/0,7,7,False,1693
Vanilla OPD,106,13,0,106/13/0,22,30,True,1694
Vanilla OPD,106,14,0,106/14/0,9,9,False,1695
Vanilla OPD,106,15,0,106/15/0,5,5,False,1696
Vanilla OPD,107,0,0,107/0/0,9,9,False,1697
Vanilla OPD,107,1,0,107/1/0,4,4,False,1698
Vanilla OPD,107,2,0,107/2/0,4,4,False,1699
Vanilla OPD,107,3,0,107/3/0,13,13,False,1700
Vanilla OPD,107,4,0,107/4/0,9,9,False,1701
Vanilla OPD,107,5,0,107/5/0,20,30,True,1702
Vanilla OPD,107,6,0,107/6/0,6,6,False,1703
Vanilla OPD,107,7,0,107/7/0,14,30,True,1704
Vanilla OPD,107,8,0,107/8/0,5,5,False,1705
Vanilla OPD,107,9,0,107/9/0,16,16,False,1706
Vanilla OPD,107,10,0,107/10/0,11,11,False,1707
Vanilla OPD,107,11,0,107/11/0,23,30,True,1708
Vanilla OPD,107,12,0,107/12/0,9,9,False,1709
Vanilla OPD,107,13,0,107/13/0,23,30,True,1710
Vanilla OPD,107,14,0,107/14/0,8,8,False,1711
Vanilla OPD,107,15,0,107/15/0,7,7,False,1712
Vanilla OPD,108,0,0,108/0/0,5,5,False,1713
Vanilla OPD,108,1,0,108/1/0,9,9,False,1714
Vanilla OPD,108,2,0,108/2/0,21,30,True,1715
Vanilla OPD,108,3,0,108/3/0,7,7,False,1716
Vanilla OPD,108,4,0,108/4/0,12,30,True,1717
Vanilla OPD,108,5,0,108/5/0,7,7,False,1718
Vanilla OPD,108,6,0,108/6/0,8,8,False,1719
Vanilla OPD,108,7,0,108/7/0,7,7,False,1720
Vanilla OPD,108,8,0,108/8/0,16,16,False,1721
Vanilla OPD,108,9,0,108/9/0,6,6,False,1722
Vanilla OPD,108,10,0,108/10/0,10,10,False,1723
Vanilla OPD,108,11,0,108/11/0,8,8,False,1724
Vanilla OPD,108,12,0,108/12/0,13,13,False,1725
Vanilla OPD,108,13,0,108/13/0,15,30,True,1726
Vanilla OPD,108,14,0,108/14/0,23,30,True,1727
Vanilla OPD,108,15,0,108/15/0,6,6,False,1728
Vanilla OPD,109,0,0,109/0/0,14,30,True,1729
Vanilla OPD,109,1,0,109/1/0,18,30,True,1730
Vanilla OPD,109,2,0,109/2/0,19,30,True,1731
Vanilla OPD,109,3,0,109/3/0,11,11,False,1732
Vanilla OPD,109,4,0,109/4/0,13,30,True,1733
Vanilla OPD,109,5,0,109/5/0,24,30,True,1734
Vanilla OPD,109,6,0,109/6/0,8,8,False,1735
Vanilla OPD,109,7,0,109/7/0,4,4,False,1736
Vanilla OPD,109,8,0,109/8/0,6,6,False,1737
Vanilla OPD,109,9,0,109/9/0,21,30,True,1738
Vanilla OPD,109,10,0,109/10/0,6,6,False,1739
Vanilla OPD,109,11,0,109/11/0,14,30,True,1740
Vanilla OPD,109,12,0,109/12/0,6,6,False,1741
Vanilla OPD,109,13,0,109/13/0,9,9,False,1742
Vanilla OPD,109,14,0,109/14/0,23,30,True,1743
Vanilla OPD,109,15,0,109/15/0,7,7,False,1744
Vanilla OPD,110,0,0,110/0/0,22,30,True,1745
Vanilla OPD,110,1,0,110/1/0,13,13,False,1746
Vanilla OPD,110,2,0,110/2/0,15,30,True,1747
Vanilla OPD,110,3,0,110/3/0,13,30,True,1748
Vanilla OPD,110,4,0,110/4/0,10,10,False,1749
Vanilla OPD,110,5,0,110/5/0,4,4,False,1750
Vanilla OPD,110,6,0,110/6/0,4,4,False,1751
Vanilla OPD,110,7,0,110/7/0,4,4,False,1752
Vanilla OPD,110,8,0,110/8/0,11,11,False,1753
Vanilla OPD,110,9,0,110/9/0,8,8,False,1754
Vanilla OPD,110,10,0,110/10/0,16,30,True,1755
Vanilla OPD,110,11,0,110/11/0,7,7,False,1756
Vanilla OPD,110,12,0,110/12/0,16,16,False,1757
Vanilla OPD,110,13,0,110/13/0,6,6,False,1758
Vanilla OPD,110,14,0,110/14/0,11,11,False,1759
Vanilla OPD,110,15,0,110/15/0,12,30,True,1760
Vanilla OPD,111,0,0,111/0/0,16,30,True,1761
Vanilla OPD,111,1,0,111/1/0,6,6,False,1762
Vanilla OPD,111,2,0,111/2/0,6,6,False,1763
Vanilla OPD,111,3,0,111/3/0,14,14,False,1764
Vanilla OPD,111,4,0,111/4/0,11,11,False,1765
Vanilla OPD,111,5,0,111/5/0,12,12,False,1766
Vanilla OPD,111,6,0,111/6/0,3,3,False,1767
Vanilla OPD,111,7,0,111/7/0,11,11,False,1768
Vanilla OPD,111,8,0,111/8/0,16,30,True,1769
Vanilla OPD,111,9,0,111/9/0,22,30,True,1770
Vanilla OPD,111,10,0,111/10/0,6,6,False,1771
Vanilla OPD,111,11,0,111/11/0,14,30,True,1772
Vanilla OPD,111,12,0,111/12/0,12,30,True,1773
Vanilla OPD,111,13,0,111/13/0,18,30,True,1774
Vanilla OPD,111,14,0,111/14/0,11,11,False,1775
Vanilla OPD,111,15,0,111/15/0,7,7,False,1776
Vanilla OPD,112,0,0,112/0/0,15,30,True,1777
Vanilla OPD,112,1,0,112/1/0,9,9,False,1778
Vanilla OPD,112,2,0,112/2/0,5,5,False,1779
Vanilla OPD,112,3,0,112/3/0,8,8,False,1780
Vanilla OPD,112,4,0,112/4/0,9,9,False,1781
Vanilla OPD,112,5,0,112/5/0,10,10,False,1782
Vanilla OPD,112,6,0,112/6/0,10,10,False,1783
Vanilla OPD,112,7,0,112/7/0,8,8,False,1784
Vanilla OPD,112,8,0,112/8/0,20,30,True,1785
Vanilla OPD,112,9,0,112/9/0,13,30,True,1786
Vanilla OPD,112,10,0,112/10/0,22,30,True,1787
Vanilla OPD,112,11,0,112/11/0,21,30,True,1788
Vanilla OPD,112,12,0,112/12/0,8,8,False,1789
Vanilla OPD,112,13,0,112/13/0,6,6,False,1790
Vanilla OPD,112,14,0,112/14/0,17,30,True,1791
Vanilla OPD,112,15,0,112/15/0,6,6,False,1792
Vanilla OPD,113,0,0,113/0/0,23,30,True,1793
Vanilla OPD,113,1,0,113/1/0,7,7,False,1794
Vanilla OPD,113,2,0,113/2/0,4,4,False,1795
Vanilla OPD,113,3,0,113/3/0,13,30,True,1796
Vanilla OPD,113,4,0,113/4/0,14,30,True,1797
Vanilla OPD,113,5,0,113/5/0,5,5,False,1798
Vanilla OPD,113,6,0,113/6/0,23,30,True,1799
Vanilla OPD,113,7,0,113/7/0,4,4,False,1800
Vanilla OPD,113,8,0,113/8/0,19,30,True,1801
Vanilla OPD,113,9,0,113/9/0,10,10,False,1802
Vanilla OPD,113,10,0,113/10/0,20,30,True,1803
Vanilla OPD,113,11,0,113/11/0,13,30,True,1804
Vanilla OPD,113,12,0,113/12/0,8,8,False,1805
Vanilla OPD,113,13,0,113/13/0,20,30,True,1806
Vanilla OPD,113,14,0,113/14/0,6,6,False,1807
Vanilla OPD,113,15,0,113/15/0,9,9,False,1808
Vanilla OPD,114,0,0,114/0/0,18,30,True,1809
Vanilla OPD,114,1,0,114/1/0,20,20,False,1810
Vanilla OPD,114,2,0,114/2/0,4,4,False,1811
Vanilla OPD,114,3,0,114/3/0,12,30,True,1812
Vanilla OPD,114,4,0,114/4/0,3,3,False,1813
Vanilla OPD,114,5,0,114/5/0,14,30,True,1814
Vanilla OPD,114,6,0,114/6/0,22,30,True,1815
Vanilla OPD,114,7,0,114/7/0,6,6,False,1816
Vanilla OPD,114,8,0,114/8/0,8,8,False,1817
Vanilla OPD,114,9,0,114/9/0,4,4,False,1818
Vanilla OPD,114,10,0,114/10/0,16,30,True,1819
Vanilla OPD,114,11,0,114/11/0,16,30,True,1820
Vanilla OPD,114,12,0,114/12/0,4,4,False,1821
Vanilla OPD,114,13,0,114/13/0,4,4,False,1822
Vanilla OPD,114,14,0,114/14/0,8,8,False,1823
Vanilla OPD,114,15,0,114/15/0,19,19,False,1824
Vanilla OPD,115,0,0,115/0/0,22,30,True,1825
Vanilla OPD,115,1,0,115/1/0,7,7,False,1826
Vanilla OPD,115,2,0,115/2/0,6,6,False,1827
Vanilla OPD,115,3,0,115/3/0,13,13,False,1828
Vanilla OPD,115,4,0,115/4/0,10,10,False,1829
Vanilla OPD,115,5,0,115/5/0,10,10,False,1830
Vanilla OPD,115,6,0,115/6/0,9,9,False,1831
Vanilla OPD,115,7,0,115/7/0,7,7,False,1832
Vanilla OPD,115,8,0,115/8/0,20,30,True,1833
Vanilla OPD,115,9,0,115/9/0,13,13,False,1834
Vanilla OPD,115,10,0,115/10/0,6,6,False,1835
Vanilla OPD,115,11,0,115/11/0,8,8,False,1836
Vanilla OPD,115,12,0,115/12/0,4,4,False,1837
Vanilla OPD,115,13,0,115/13/0,20,30,True,1838
Vanilla OPD,115,14,0,115/14/0,16,30,True,1839
Vanilla OPD,115,15,0,115/15/0,6,6,False,1840
Vanilla OPD,116,0,0,116/0/0,16,16,False,1841
Vanilla OPD,116,1,0,116/1/0,8,8,False,1842
Vanilla OPD,116,2,0,116/2/0,5,5,False,1843
Vanilla OPD,116,3,0,116/3/0,21,30,True,1844
Vanilla OPD,116,4,0,116/4/0,7,7,False,1845
Vanilla OPD,116,5,0,116/5/0,7,7,False,1846
Vanilla OPD,116,6,0,116/6/0,19,30,True,1847
Vanilla OPD,116,7,0,116/7/0,7,7,False,1848
Vanilla OPD,116,8,0,116/8/0,18,30,True,1849
Vanilla OPD,116,9,0,116/9/0,23,30,True,1850
Vanilla OPD,116,10,0,116/10/0,4,4,False,1851
Vanilla OPD,116,11,0,116/11/0,19,30,True,1852
Vanilla OPD,116,12,0,116/12/0,12,30,True,1853
Vanilla OPD,116,13,0,116/13/0,18,18,False,1854
Vanilla OPD,116,14,0,116/14/0,4,4,False,1855
Vanilla OPD,116,15,0,116/15/0,4,4,False,1856
Vanilla OPD,117,0,0,117/0/0,8,8,False,1857
Vanilla OPD,117,1,0,117/1/0,5,5,False,1858
Vanilla OPD,117,2,0,117/2/0,4,4,False,1859
Vanilla OPD,117,3,0,117/3/0,4,4,False,1860
Vanilla OPD,117,4,0,117/4/0,4,4,False,1861
Vanilla OPD,117,5,0,117/5/0,5,5,False,1862
Vanilla OPD,117,6,0,117/6/0,22,30,True,1863
Vanilla OPD,117,7,0,117/7/0,16,30,True,1864
Vanilla OPD,117,8,0,117/8/0,21,30,True,1865
Vanilla OPD,117,9,0,117/9/0,12,12,False,1866
Vanilla OPD,117,10,0,117/10/0,6,6,False,1867
Vanilla OPD,117,11,0,117/11/0,9,9,False,1868
Vanilla OPD,117,12,0,117/12/0,14,30,True,1869
Vanilla OPD,117,13,0,117/13/0,19,30,True,1870
Vanilla OPD,117,14,0,117/14/0,16,16,False,1871
Vanilla OPD,117,15,0,117/15/0,20,20,False,1872
Vanilla OPD,118,0,0,118/0/0,7,7,False,1873
Vanilla OPD,118,1,0,118/1/0,13,30,True,1874
Vanilla OPD,118,2,0,118/2/0,4,4,False,1875
Vanilla OPD,118,3,0,118/3/0,8,8,False,1876
Vanilla OPD,118,4,0,118/4/0,9,9,False,1877
Vanilla OPD,118,5,0,118/5/0,9,9,False,1878
Vanilla OPD,118,6,0,118/6/0,6,6,False,1879
Vanilla OPD,118,7,0,118/7/0,23,30,True,1880
Vanilla OPD,118,8,0,118/8/0,4,4,False,1881
Vanilla OPD,118,9,0,118/9/0,9,9,False,1882
Vanilla OPD,118,10,0,118/10/0,13,30,True,1883
Vanilla OPD,118,11,0,118/11/0,6,6,False,1884
Vanilla OPD,118,12,0,118/12/0,4,4,False,1885
Vanilla OPD,118,13,0,118/13/0,5,5,False,1886
Vanilla OPD,118,14,0,118/14/0,4,4,False,1887
Vanilla OPD,118,15,0,118/15/0,23,30,True,1888
Vanilla OPD,119,0,0,119/0/0,6,6,False,1889
Vanilla OPD,119,1,0,119/1/0,6,6,False,1890
Vanilla OPD,119,2,0,119/2/0,18,30,True,1891
Vanilla OPD,119,3,0,119/3/0,8,8,False,1892
Vanilla OPD,119,4,0,119/4/0,24,30,True,1893
Vanilla OPD,119,5,0,119/5/0,9,9,False,1894
Vanilla OPD,119,6,0,119/6/0,7,7,False,1895
Vanilla OPD,119,7,0,119/7/0,4,4,False,1896
Vanilla OPD,119,8,0,119/8/0,19,30,True,1897
Vanilla OPD,119,9,0,119/9/0,7,7,False,1898
Vanilla OPD,119,10,0,119/10/0,6,6,False,1899
Vanilla OPD,119,11,0,119/11/0,4,4,False,1900
Vanilla OPD,119,12,0,119/12/0,8,8,False,1901
Vanilla OPD,119,13,0,119/13/0,14,30,True,1902
Vanilla OPD,119,14,0,119/14/0,23,30,True,1903
Vanilla OPD,119,15,0,119/15/0,26,30,True,1904
Vanilla OPD,120,0,0,120/0/0,12,30,True,1905
Vanilla OPD,120,1,0,120/1/0,5,5,False,1906
Vanilla OPD,120,2,0,120/2/0,6,6,False,1907
Vanilla OPD,120,3,0,120/3/0,4,4,False,1908
Vanilla OPD,120,4,0,120/4/0,8,8,False,1909
Vanilla OPD,120,5,0,120/5/0,22,30,True,1910
Vanilla OPD,120,6,0,120/6/0,20,30,True,1911
Vanilla OPD,120,7,0,120/7/0,6,6,False,1912
Vanilla OPD,120,8,0,120/8/0,11,11,False,1913
Vanilla OPD,120,9,0,120/9/0,9,9,False,1914
Vanilla OPD,120,10,0,120/10/0,23,23,False,1915
Vanilla OPD,120,11,0,120/11/0,13,13,False,1916
Vanilla OPD,120,12,0,120/12/0,3,3,False,1917
Vanilla OPD,120,13,0,120/13/0,7,7,False,1918
Vanilla OPD,120,14,0,120/14/0,10,10,False,1919
Vanilla OPD,120,15,0,120/15/0,4,4,False,1920
Vanilla OPD,121,0,0,121/0/0,4,4,False,1921
Vanilla OPD,121,1,0,121/1/0,15,30,True,1922
Vanilla OPD,121,2,0,121/2/0,4,4,False,1923
Vanilla OPD,121,3,0,121/3/0,4,4,False,1924
Vanilla OPD,121,4,0,121/4/0,5,5,False,1925
Vanilla OPD,121,5,0,121/5/0,6,6,False,1926
Vanilla OPD,121,6,0,121/6/0,19,30,True,1927
Vanilla OPD,121,7,0,121/7/0,4,4,False,1928
Vanilla OPD,121,8,0,121/8/0,15,30,True,1929
Vanilla OPD,121,9,0,121/9/0,23,30,True,1930
Vanilla OPD,121,10,0,121/10/0,4,4,False,1931
Vanilla OPD,121,11,0,121/11/0,12,12,False,1932
Vanilla OPD,121,12,0,121/12/0,7,7,False,1933
Vanilla OPD,121,13,0,121/13/0,8,8,False,1934
Vanilla OPD,121,14,0,121/14/0,7,7,False,1935
Vanilla OPD,121,15,0,121/15/0,6,6,False,1936
Vanilla OPD,122,0,0,122/0/0,6,6,False,1937
Vanilla OPD,122,1,0,122/1/0,6,6,False,1938
Vanilla OPD,122,2,0,122/2/0,11,30,True,1939
Vanilla OPD,122,3,0,122/3/0,16,30,True,1940
Vanilla OPD,122,4,0,122/4/0,11,11,False,1941
Vanilla OPD,122,5,0,122/5/0,6,6,False,1942
Vanilla OPD,122,6,0,122/6/0,17,30,True,1943
Vanilla OPD,122,7,0,122/7/0,7,7,False,1944
Vanilla OPD,122,8,0,122/8/0,7,7,False,1945
Vanilla OPD,122,9,0,122/9/0,8,8,False,1946
Vanilla OPD,122,10,0,122/10/0,8,8,False,1947
Vanilla OPD,122,11,0,122/11/0,15,30,True,1948
Vanilla OPD,122,12,0,122/12/0,7,7,False,1949
Vanilla OPD,122,13,0,122/13/0,17,17,False,1950
Vanilla OPD,122,14,0,122/14/0,8,8,False,1951
Vanilla OPD,122,15,0,122/15/0,7,7,False,1952
Vanilla OPD,123,0,0,123/0/0,11,11,False,1953
Vanilla OPD,123,1,0,123/1/0,8,8,False,1954
Vanilla OPD,123,2,0,123/2/0,17,17,False,1955
Vanilla OPD,123,3,0,123/3/0,7,7,False,1956
Vanilla OPD,123,4,0,123/4/0,15,30,True,1957
Vanilla OPD,123,5,0,123/5/0,10,10,False,1958
Vanilla OPD,123,6,0,123/6/0,18,30,True,1959
Vanilla OPD,123,7,0,123/7/0,4,4,False,1960
Vanilla OPD,123,8,0,123/8/0,14,30,True,1961
Vanilla OPD,123,9,0,123/9/0,21,30,True,1962
Vanilla OPD,123,10,0,123/10/0,5,5,False,1963
Vanilla OPD,123,11,0,123/11/0,14,14,False,1964
Vanilla OPD,123,12,0,123/12/0,6,6,False,1965
Vanilla OPD,123,13,0,123/13/0,8,8,False,1966
Vanilla OPD,123,14,0,123/14/0,4,4,False,1967
Vanilla OPD,123,15,0,123/15/0,9,9,False,1968
Vanilla OPD,124,0,0,124/0/0,9,9,False,1969
Vanilla OPD,124,1,0,124/1/0,21,30,True,1970
Vanilla OPD,124,2,0,124/2/0,19,30,True,1971
Vanilla OPD,124,3,0,124/3/0,12,30,True,1972
Vanilla OPD,124,4,0,124/4/0,9,9,False,1973
Vanilla OPD,124,5,0,124/5/0,8,8,False,1974
Vanilla OPD,124,6,0,124/6/0,4,4,False,1975
Vanilla OPD,124,7,0,124/7/0,8,8,False,1976
Vanilla OPD,124,8,0,124/8/0,24,30,True,1977
Vanilla OPD,124,9,0,124/9/0,5,5,False,1978
Vanilla OPD,124,10,0,124/10/0,17,30,True,1979
Vanilla OPD,124,11,0,124/11/0,7,7,False,1980
Vanilla OPD,124,12,0,124/12/0,6,6,False,1981
Vanilla OPD,124,13,0,124/13/0,5,5,False,1982
Vanilla OPD,124,14,0,124/14/0,10,10,False,1983
Vanilla OPD,124,15,0,124/15/0,5,5,False,1984
Vanilla OPD,125,0,0,125/0/0,4,4,False,1985
Vanilla OPD,125,1,0,125/1/0,7,7,False,1986
Vanilla OPD,125,2,0,125/2/0,4,4,False,1987
Vanilla OPD,125,3,0,125/3/0,14,14,False,1988
Vanilla OPD,125,4,0,125/4/0,15,30,True,1989
Vanilla OPD,125,5,0,125/5/0,6,6,False,1990
Vanilla OPD,125,6,0,125/6/0,4,4,False,1991
Vanilla OPD,125,7,0,125/7/0,19,30,True,1992
Vanilla OPD,125,8,0,125/8/0,13,30,True,1993
Vanilla OPD,125,9,0,125/9/0,6,6,False,1994
Vanilla OPD,125,10,0,125/10/0,5,5,False,1995
Vanilla OPD,125,11,0,125/11/0,7,7,False,1996
Vanilla OPD,125,12,0,125/12/0,6,6,False,1997
Vanilla OPD,125,13,0,125/13/0,7,7,False,1998
Vanilla OPD,125,14,0,125/14/0,14,14,False,1999
Vanilla OPD,125,15,0,125/15/0,6,6,False,2000
Vanilla OPD,126,0,0,126/0/0,4,4,False,2001
Vanilla OPD,126,1,0,126/1/0,14,14,False,2002
Vanilla OPD,126,2,0,126/2/0,6,6,False,2003
Vanilla OPD,126,3,0,126/3/0,6,6,False,2004
Vanilla OPD,126,4,0,126/4/0,12,30,True,2005
Vanilla OPD,126,5,0,126/5/0,4,4,False,2006
Vanilla OPD,126,6,0,126/6/0,13,30,True,2007
Vanilla OPD,126,7,0,126/7/0,7,7,False,2008
Vanilla OPD,126,8,0,126/8/0,19,30,True,2009
Vanilla OPD,126,9,0,126/9/0,22,30,True,2010
Vanilla OPD,126,10,0,126/10/0,13,30,True,2011
Vanilla OPD,126,11,0,126/11/0,12,12,False,2012
Vanilla OPD,126,12,0,126/12/0,4,4,False,2013
Vanilla OPD,126,13,0,126/13/0,7,7,False,2014
Vanilla OPD,126,14,0,126/14/0,13,30,True,2015
Vanilla OPD,126,15,0,126/15/0,7,7,False,2016
Vanilla OPD,127,0,0,127/0/0,6,6,False,2017
Vanilla OPD,127,1,0,127/1/0,7,7,False,2018
Vanilla OPD,127,2,0,127/2/0,16,30,True,2019
Vanilla OPD,127,3,0,127/3/0,4,4,False,2020
Vanilla OPD,127,4,0,127/4/0,4,4,False,2021
Vanilla OPD,127,5,0,127/5/0,28,30,True,2022
Vanilla OPD,127,6,0,127/6/0,21,30,True,2023
Vanilla OPD,127,7,0,127/7/0,13,30,True,2024
Vanilla OPD,127,8,0,127/8/0,5,5,False,2025
Vanilla OPD,127,9,0,127/9/0,6,6,False,2026
Vanilla OPD,127,10,0,127/10/0,7,7,False,2027
Vanilla OPD,127,11,0,127/11/0,6,6,False,2028
Vanilla OPD,127,12,0,127/12/0,8,8,False,2029
Vanilla OPD,127,13,0,127/13/0,16,30,True,2030
Vanilla OPD,127,14,0,127/14/0,6,6,False,2031
Vanilla OPD,127,15,0,127/15/0,7,7,False,2032
Vanilla OPD,128,0,0,128/0/0,12,12,False,2033
Vanilla OPD,128,1,0,128/1/0,10,10,False,2034
Vanilla OPD,128,2,0,128/2/0,6,6,False,2035
Vanilla OPD,128,3,0,128/3/0,6,6,False,2036
Vanilla OPD,128,4,0,128/4/0,6,6,False,2037
Vanilla OPD,128,5,0,128/5/0,20,30,True,2038
Vanilla OPD,128,6,0,128/6/0,4,4,False,2039
Vanilla OPD,128,7,0,128/7/0,7,7,False,2040
Vanilla OPD,128,8,0,128/8/0,20,30,True,2041
Vanilla OPD,128,9,0,128/9/0,12,12,False,2042
Vanilla OPD,128,10,0,128/10/0,4,4,False,2043
Vanilla OPD,128,11,0,128/11/0,13,13,False,2044
Vanilla OPD,128,12,0,128/12/0,19,30,True,2045
Vanilla OPD,128,13,0,128/13/0,7,7,False,2046
Vanilla OPD,128,14,0,128/14/0,6,6,False,2047
Vanilla OPD,128,15,0,128/15/0,10,10,False,2048
Vanilla OPD,129,0,0,129/0/0,23,30,True,2049
Vanilla OPD,129,1,0,129/1/0,6,6,False,2050
Vanilla OPD,129,2,0,129/2/0,7,7,False,2051
Vanilla OPD,129,3,0,129/3/0,7,7,False,2052
Vanilla OPD,129,4,0,129/4/0,7,7,False,2053
Vanilla OPD,129,5,0,129/5/0,25,30,True,2054
Vanilla OPD,129,6,0,129/6/0,7,7,False,2055
Vanilla OPD,129,7,0,129/7/0,15,30,True,2056
Vanilla OPD,129,8,0,129/8/0,20,30,True,2057
Vanilla OPD,129,9,0,129/9/0,8,8,False,2058
Vanilla OPD,129,10,0,129/10/0,20,30,True,2059
Vanilla OPD,129,11,0,129/11/0,4,4,False,2060
Vanilla OPD,129,12,0,129/12/0,9,9,False,2061
Vanilla OPD,129,13,0,129/13/0,7,7,False,2062
Vanilla OPD,129,14,0,129/14/0,4,4,False,2063
Vanilla OPD,129,15,0,129/15/0,6,6,False,2064
Vanilla OPD,130,0,0,130/0/0,27,30,True,2065
Vanilla OPD,130,1,0,130/1/0,7,7,False,2066
Vanilla OPD,130,2,0,130/2/0,21,30,True,2067
Vanilla OPD,130,3,0,130/3/0,8,8,False,2068
Vanilla OPD,130,4,0,130/4/0,7,7,False,2069
Vanilla OPD,130,5,0,130/5/0,20,30,True,2070
Vanilla OPD,130,6,0,130/6/0,4,4,False,2071
Vanilla OPD,130,7,0,130/7/0,7,7,False,2072
Vanilla OPD,130,8,0,130/8/0,8,8,False,2073
Vanilla OPD,130,9,0,130/9/0,4,4,False,2074
Vanilla OPD,130,10,0,130/10/0,21,30,True,2075
Vanilla OPD,130,11,0,130/11/0,23,30,True,2076
Vanilla OPD,130,12,0,130/12/0,17,30,True,2077
Vanilla OPD,130,13,0,130/13/0,6,6,False,2078
Vanilla OPD,130,14,0,130/14/0,16,16,False,2079
Vanilla OPD,130,15,0,130/15/0,9,9,False,2080
Vanilla OPD,131,0,0,131/0/0,4,4,False,2081
Vanilla OPD,131,1,0,131/1/0,9,9,False,2082
Vanilla OPD,131,2,0,131/2/0,10,10,False,2083
Vanilla OPD,131,3,0,131/3/0,8,8,False,2084
Vanilla OPD,131,4,0,131/4/0,14,30,True,2085
Vanilla OPD,131,5,0,131/5/0,23,30,True,2086
Vanilla OPD,131,6,0,131/6/0,16,30,True,2087
Vanilla OPD,131,7,0,131/7/0,4,4,False,2088
Vanilla OPD,131,8,0,131/8/0,15,30,True,2089
Vanilla OPD,131,9,0,131/9/0,7,7,False,2090
Vanilla OPD,131,10,0,131/10/0,5,5,False,2091
Vanilla OPD,131,11,0,131/11/0,4,4,False,2092
Vanilla OPD,131,12,0,131/12/0,20,20,False,2093
Vanilla OPD,131,13,0,131/13/0,6,6,False,2094
Vanilla OPD,131,14,0,131/14/0,7,7,False,2095
Vanilla OPD,131,15,0,131/15/0,6,6,False,2096
Vanilla OPD,132,0,0,132/0/0,9,9,False,2097
Vanilla OPD,132,1,0,132/1/0,8,8,False,2098
Vanilla OPD,132,2,0,132/2/0,7,7,False,2099
Vanilla OPD,132,3,0,132/3/0,12,12,False,2100
Vanilla OPD,132,4,0,132/4/0,14,30,True,2101
Vanilla OPD,132,5,0,132/5/0,22,30,True,2102
Vanilla OPD,132,6,0,132/6/0,19,19,False,2103
Vanilla OPD,132,7,0,132/7/0,18,30,True,2104
Vanilla OPD,132,8,0,132/8/0,8,8,False,2105
Vanilla OPD,132,9,0,132/9/0,7,7,False,2106
Vanilla OPD,132,10,0,132/10/0,4,4,False,2107
Vanilla OPD,132,11,0,132/11/0,6,6,False,2108
Vanilla OPD,132,12,0,132/12/0,5,5,False,2109
Vanilla OPD,132,13,0,132/13/0,7,7,False,2110
Vanilla OPD,132,14,0,132/14/0,5,5,False,2111
Vanilla OPD,132,15,0,132/15/0,20,20,False,2112
Vanilla OPD,133,0,0,133/0/0,8,8,False,2113
Vanilla OPD,133,1,0,133/1/0,8,8,False,2114
Vanilla OPD,133,2,0,133/2/0,4,4,False,2115
Vanilla OPD,133,3,0,133/3/0,6,6,False,2116
Vanilla OPD,133,4,0,133/4/0,16,30,True,2117
Vanilla OPD,133,5,0,133/5/0,14,30,True,2118
Vanilla OPD,133,6,0,133/6/0,7,7,False,2119
Vanilla OPD,133,7,0,133/7/0,7,7,False,2120
Vanilla OPD,133,8,0,133/8/0,14,30,True,2121
Vanilla OPD,133,9,0,133/9/0,5,5,False,2122
Vanilla OPD,133,10,0,133/10/0,9,9,False,2123
Vanilla OPD,133,11,0,133/11/0,7,7,False,2124
Vanilla OPD,133,12,0,133/12/0,7,7,False,2125
Vanilla OPD,133,13,0,133/13/0,21,30,True,2126
Vanilla OPD,133,14,0,133/14/0,9,9,False,2127
Vanilla OPD,133,15,0,133/15/0,4,4,False,2128
Vanilla OPD,134,0,0,134/0/0,15,30,True,2129
Vanilla OPD,134,1,0,134/1/0,7,7,False,2130
Vanilla OPD,134,2,0,134/2/0,19,30,True,2131
Vanilla OPD,134,3,0,134/3/0,20,30,True,2132
Vanilla OPD,134,4,0,134/4/0,8,8,False,2133
Vanilla OPD,134,5,0,134/5/0,7,7,False,2134
Vanilla OPD,134,6,0,134/6/0,21,30,True,2135
Vanilla OPD,134,7,0,134/7/0,7,7,False,2136
Vanilla OPD,134,8,0,134/8/0,9,9,False,2137
Vanilla OPD,134,9,0,134/9/0,15,30,True,2138
Vanilla OPD,134,10,0,134/10/0,12,30,True,2139
Vanilla OPD,134,11,0,134/11/0,4,4,False,2140
Vanilla OPD,134,12,0,134/12/0,18,30,True,2141
Vanilla OPD,134,13,0,134/13/0,5,5,False,2142
Vanilla OPD,134,14,0,134/14/0,10,10,False,2143
Vanilla OPD,134,15,0,134/15/0,9,9,False,2144
Vanilla OPD,135,0,0,135/0/0,4,4,False,2145
Vanilla OPD,135,1,0,135/1/0,25,30,True,2146
Vanilla OPD,135,2,0,135/2/0,18,30,True,2147
Vanilla OPD,135,3,0,135/3/0,4,4,False,2148
Vanilla OPD,135,4,0,135/4/0,10,10,False,2149
Vanilla OPD,135,5,0,135/5/0,6,6,False,2150
Vanilla OPD,135,6,0,135/6/0,9,9,False,2151
Vanilla OPD,135,7,0,135/7/0,7,7,False,2152
Vanilla OPD,135,8,0,135/8/0,15,15,False,2153
Vanilla OPD,135,9,0,135/9/0,6,6,False,2154
Vanilla OPD,135,10,0,135/10/0,4,4,False,2155
Vanilla OPD,135,11,0,135/11/0,7,7,False,2156
Vanilla OPD,135,12,0,135/12/0,9,9,False,2157
Vanilla OPD,135,13,0,135/13/0,6,6,False,2158
Vanilla OPD,135,14,0,135/14/0,25,30,True,2159
Vanilla OPD,135,15,0,135/15/0,20,30,True,2160
Vanilla OPD,136,0,0,136/0/0,24,30,True,2161
Vanilla OPD,136,1,0,136/1/0,6,6,False,2162
Vanilla OPD,136,2,0,136/2/0,14,30,True,2163
Vanilla OPD,136,3,0,136/3/0,11,11,False,2164
Vanilla OPD,136,4,0,136/4/0,8,8,False,2165
Vanilla OPD,136,5,0,136/5/0,11,11,False,2166
Vanilla OPD,136,6,0,136/6/0,11,11,False,2167
Vanilla OPD,136,7,0,136/7/0,6,6,False,2168
Vanilla OPD,136,8,0,136/8/0,4,4,False,2169
Vanilla OPD,136,9,0,136/9/0,3,3,False,2170
Vanilla OPD,136,10,0,136/10/0,7,7,False,2171
Vanilla OPD,136,11,0,136/11/0,10,10,False,2172
Vanilla OPD,136,12,0,136/12/0,5,5,False,2173
Vanilla OPD,136,13,0,136/13/0,4,4,False,2174
Vanilla OPD,136,14,0,136/14/0,8,8,False,2175
Vanilla OPD,136,15,0,136/15/0,8,8,False,2176
Vanilla OPD,137,0,0,137/0/0,9,9,False,2177
Vanilla OPD,137,1,0,137/1/0,4,4,False,2178
Vanilla OPD,137,2,0,137/2/0,6,6,False,2179
Vanilla OPD,137,3,0,137/3/0,6,6,False,2180
Vanilla OPD,137,4,0,137/4/0,9,9,False,2181
Vanilla OPD,137,5,0,137/5/0,8,8,False,2182
Vanilla OPD,137,6,0,137/6/0,22,30,True,2183
Vanilla OPD,137,7,0,137/7/0,4,4,False,2184
Vanilla OPD,137,8,0,137/8/0,13,30,True,2185
Vanilla OPD,137,9,0,137/9/0,9,9,False,2186
Vanilla OPD,137,10,0,137/10/0,4,4,False,2187
Vanilla OPD,137,11,0,137/11/0,11,11,False,2188
Vanilla OPD,137,12,0,137/12/0,7,7,False,2189
Vanilla OPD,137,13,0,137/13/0,7,7,False,2190
Vanilla OPD,137,14,0,137/14/0,9,9,False,2191
Vanilla OPD,137,15,0,137/15/0,6,6,False,2192
Vanilla OPD,138,0,0,138/0/0,11,11,False,2193
Vanilla OPD,138,1,0,138/1/0,8,8,False,2194
Vanilla OPD,138,2,0,138/2/0,8,8,False,2195
Vanilla OPD,138,3,0,138/3/0,8,8,False,2196
Vanilla OPD,138,4,0,138/4/0,10,10,False,2197
Vanilla OPD,138,5,0,138/5/0,6,6,False,2198
Vanilla OPD,138,6,0,138/6/0,12,12,False,2199
Vanilla OPD,138,7,0,138/7/0,8,8,False,2200
Vanilla OPD,138,8,0,138/8/0,7,7,False,2201
Vanilla OPD,138,9,0,138/9/0,4,4,False,2202
Vanilla OPD,138,10,0,138/10/0,23,30,True,2203
Vanilla OPD,138,11,0,138/11/0,6,6,False,2204
Vanilla OPD,138,12,0,138/12/0,8,8,False,2205
Vanilla OPD,138,13,0,138/13/0,6,6,False,2206
Vanilla OPD,138,14,0,138/14/0,10,10,False,2207
Vanilla OPD,138,15,0,138/15/0,14,30,True,2208
Vanilla OPD,139,0,0,139/0/0,7,7,False,2209
Vanilla OPD,139,1,0,139/1/0,18,30,True,2210
Vanilla OPD,139,2,0,139/2/0,4,4,False,2211
Vanilla OPD,139,3,0,139/3/0,26,30,True,2212
Vanilla OPD,139,4,0,139/4/0,14,30,True,2213
Vanilla OPD,139,5,0,139/5/0,7,7,False,2214
Vanilla OPD,139,6,0,139/6/0,6,6,False,2215
Vanilla OPD,139,7,0,139/7/0,23,30,True,2216
Vanilla OPD,139,8,0,139/8/0,20,30,True,2217
Vanilla OPD,139,9,0,139/9/0,7,7,False,2218
Vanilla OPD,139,10,0,139/10/0,8,8,False,2219
Vanilla OPD,139,11,0,139/11/0,8,8,False,2220
Vanilla OPD,139,12,0,139/12/0,20,30,True,2221
Vanilla OPD,139,13,0,139/13/0,19,30,True,2222
Vanilla OPD,139,14,0,139/14/0,22,30,True,2223
Vanilla OPD,139,15,0,139/15/0,22,30,True,2224
Vanilla OPD,140,0,0,140/0/0,4,4,False,2225
Vanilla OPD,140,1,0,140/1/0,5,5,False,2226
Vanilla OPD,140,2,0,140/2/0,6,6,False,2227
Vanilla OPD,140,3,0,140/3/0,4,4,False,2228
Vanilla OPD,140,4,0,140/4/0,13,13,False,2229
Vanilla OPD,140,5,0,140/5/0,5,5,False,2230
Vanilla OPD,140,6,0,140/6/0,5,5,False,2231
Vanilla OPD,140,7,0,140/7/0,11,11,False,2232
Vanilla OPD,140,8,0,140/8/0,7,7,False,2233
Vanilla OPD,140,9,0,140/9/0,4,4,False,2234
Vanilla OPD,140,10,0,140/10/0,5,5,False,2235
Vanilla OPD,140,11,0,140/11/0,16,30,True,2236
Vanilla OPD,140,12,0,140/12/0,7,7,False,2237
Vanilla OPD,140,13,0,140/13/0,7,7,False,2238
Vanilla OPD,140,14,0,140/14/0,6,6,False,2239
Vanilla OPD,140,15,0,140/15/0,17,30,True,2240
Vanilla OPD,141,0,0,141/0/0,15,30,True,2241
Vanilla OPD,141,1,0,141/1/0,6,6,False,2242
Vanilla OPD,141,2,0,141/2/0,9,9,False,2243
Vanilla OPD,141,3,0,141/3/0,15,30,True,2244
Vanilla OPD,141,4,0,141/4/0,6,6,False,2245
Vanilla OPD,141,5,0,141/5/0,5,5,False,2246
Vanilla OPD,141,6,0,141/6/0,22,30,True,2247
Vanilla OPD,141,7,0,141/7/0,20,30,True,2248
Vanilla OPD,141,8,0,141/8/0,6,6,False,2249
Vanilla OPD,141,9,0,141/9/0,9,9,False,2250
Vanilla OPD,141,10,0,141/10/0,7,7,False,2251
Vanilla OPD,141,11,0,141/11/0,8,8,False,2252
Vanilla OPD,141,12,0,141/12/0,4,4,False,2253
Vanilla OPD,141,13,0,141/13/0,6,6,False,2254
Vanilla OPD,141,14,0,141/14/0,6,6,False,2255
Vanilla OPD,141,15,0,141/15/0,3,3,False,2256
Vanilla OPD,142,0,0,142/0/0,16,30,True,2257
Vanilla OPD,142,1,0,142/1/0,6,6,False,2258
Vanilla OPD,142,2,0,142/2/0,8,8,False,2259
Vanilla OPD,142,3,0,142/3/0,22,30,True,2260
Vanilla OPD,142,4,0,142/4/0,18,30,True,2261
Vanilla OPD,142,5,0,142/5/0,13,13,False,2262
Vanilla OPD,142,6,0,142/6/0,10,10,False,2263
Vanilla OPD,142,7,0,142/7/0,6,6,False,2264
Vanilla OPD,142,8,0,142/8/0,13,13,False,2265
Vanilla OPD,142,9,0,142/9/0,5,5,False,2266
Vanilla OPD,142,10,0,142/10/0,15,30,True,2267
Vanilla OPD,142,11,0,142/11/0,6,6,False,2268
Vanilla OPD,142,12,0,142/12/0,7,7,False,2269
Vanilla OPD,142,13,0,142/13/0,5,5,False,2270
Vanilla OPD,142,14,0,142/14/0,4,4,False,2271
Vanilla OPD,142,15,0,142/15/0,4,4,False,2272
Vanilla OPD,143,0,0,143/0/0,7,7,False,2273
Vanilla OPD,143,1,0,143/1/0,7,7,False,2274
Vanilla OPD,143,2,0,143/2/0,4,4,False,2275
Vanilla OPD,143,3,0,143/3/0,10,10,False,2276
Vanilla OPD,143,4,0,143/4/0,11,11,False,2277
Vanilla OPD,143,5,0,143/5/0,6,6,False,2278
Vanilla OPD,143,6,0,143/6/0,6,6,False,2279
Vanilla OPD,143,7,0,143/7/0,9,9,False,2280
Vanilla OPD,143,8,0,143/8/0,4,4,False,2281
Vanilla OPD,143,9,0,143/9/0,14,30,True,2282
Vanilla OPD,143,10,0,143/10/0,20,30,True,2283
Vanilla OPD,143,11,0,143/11/0,6,6,False,2284
Vanilla OPD,143,12,0,143/12/0,9,9,False,2285
Vanilla OPD,143,13,0,143/13/0,7,7,False,2286
Vanilla OPD,143,14,0,143/14/0,15,30,True,2287
Vanilla OPD,143,15,0,143/15/0,12,12,False,2288
Vanilla OPD,144,0,0,144/0/0,4,4,False,2289
Vanilla OPD,144,1,0,144/1/0,9,9,False,2290
Vanilla OPD,144,2,0,144/2/0,14,14,False,2291
Vanilla OPD,144,3,0,144/3/0,6,6,False,2292
Vanilla OPD,144,4,0,144/4/0,4,4,False,2293
Vanilla OPD,144,5,0,144/5/0,14,30,True,2294
Vanilla OPD,144,6,0,144/6/0,4,4,False,2295
Vanilla OPD,144,7,0,144/7/0,6,6,False,2296
Vanilla OPD,144,8,0,144/8/0,13,13,False,2297
Vanilla OPD,144,9,0,144/9/0,5,5,False,2298
Vanilla OPD,144,10,0,144/10/0,5,5,False,2299
Vanilla OPD,144,11,0,144/11/0,6,6,False,2300
Vanilla OPD,144,12,0,144/12/0,6,6,False,2301
Vanilla OPD,144,13,0,144/13/0,11,11,False,2302
Vanilla OPD,144,14,0,144/14/0,19,19,False,2303
Vanilla OPD,144,15,0,144/15/0,8,8,False,2304
Vanilla OPD,145,0,0,145/0/0,6,6,False,2305
Vanilla OPD,145,1,0,145/1/0,20,30,True,2306
Vanilla OPD,145,2,0,145/2/0,4,4,False,2307
Vanilla OPD,145,3,0,145/3/0,4,4,False,2308
Vanilla OPD,145,4,0,145/4/0,6,6,False,2309
Vanilla OPD,145,5,0,145/5/0,6,6,False,2310
Vanilla OPD,145,6,0,145/6/0,17,30,True,2311
Vanilla OPD,145,7,0,145/7/0,23,30,True,2312
Vanilla OPD,145,8,0,145/8/0,8,8,False,2313
Vanilla OPD,145,9,0,145/9/0,15,15,False,2314
Vanilla OPD,145,10,0,145/10/0,11,11,False,2315
Vanilla OPD,145,11,0,145/11/0,8,8,False,2316
Vanilla OPD,145,12,0,145/12/0,10,10,False,2317
Vanilla OPD,145,13,0,145/13/0,7,7,False,2318
Vanilla OPD,145,14,0,145/14/0,4,4,False,2319
Vanilla OPD,145,15,0,145/15/0,6,6,False,2320
Vanilla OPD,146,0,0,146/0/0,8,8,False,2321
Vanilla OPD,146,1,0,146/1/0,10,10,False,2322
Vanilla OPD,146,2,0,146/2/0,21,30,True,2323
Vanilla OPD,146,3,0,146/3/0,9,9,False,2324
Vanilla OPD,146,4,0,146/4/0,4,4,False,2325
Vanilla OPD,146,5,0,146/5/0,8,8,False,2326
Vanilla OPD,146,6,0,146/6/0,10,10,False,2327
Vanilla OPD,146,7,0,146/7/0,5,5,False,2328
Vanilla OPD,146,8,0,146/8/0,7,7,False,2329
Vanilla OPD,146,9,0,146/9/0,8,8,False,2330
Vanilla OPD,146,10,0,146/10/0,13,13,False,2331
Vanilla OPD,146,11,0,146/11/0,8,8,False,2332
Vanilla OPD,146,12,0,146/12/0,7,7,False,2333
Vanilla OPD,146,13,0,146/13/0,5,5,False,2334
Vanilla OPD,146,14,0,146/14/0,8,8,False,2335
Vanilla OPD,146,15,0,146/15/0,7,7,False,2336
Vanilla OPD,147,0,0,147/0/0,6,6,False,2337
Vanilla OPD,147,1,0,147/1/0,4,4,False,2338
Vanilla OPD,147,2,0,147/2/0,21,30,True,2339
Vanilla OPD,147,3,0,147/3/0,4,4,False,2340
Vanilla OPD,147,4,0,147/4/0,18,30,True,2341
Vanilla OPD,147,5,0,147/5/0,13,30,True,2342
Vanilla OPD,147,6,0,147/6/0,6,6,False,2343
Vanilla OPD,147,7,0,147/7/0,19,19,False,2344
Vanilla OPD,147,8,0,147/8/0,23,30,True,2345
Vanilla OPD,147,9,0,147/9/0,16,30,True,2346
Vanilla OPD,147,10,0,147/10/0,7,7,False,2347
Vanilla OPD,147,11,0,147/11/0,5,5,False,2348
Vanilla OPD,147,12,0,147/12/0,10,10,False,2349
Vanilla OPD,147,13,0,147/13/0,7,7,False,2350
Vanilla OPD,147,14,0,147/14/0,15,30,True,2351
Vanilla OPD,147,15,0,147/15/0,9,9,False,2352
Vanilla OPD,148,0,0,148/0/0,14,14,False,2353
Vanilla OPD,148,1,0,148/1/0,15,15,False,2354
Vanilla OPD,148,2,0,148/2/0,8,8,False,2355
Vanilla OPD,148,3,0,148/3/0,4,4,False,2356
Vanilla OPD,148,4,0,148/4/0,4,4,False,2357
Vanilla OPD,148,5,0,148/5/0,15,30,True,2358
Vanilla OPD,148,6,0,148/6/0,10,10,False,2359
Vanilla OPD,148,7,0,148/7/0,7,7,False,2360
Vanilla OPD,148,8,0,148/8/0,5,5,False,2361
Vanilla OPD,148,9,0,148/9/0,9,9,False,2362
Vanilla OPD,148,10,0,148/10/0,12,12,False,2363
Vanilla OPD,148,11,0,148/11/0,9,9,False,2364
Vanilla OPD,148,12,0,148/12/0,16,30,True,2365
Vanilla OPD,148,13,0,148/13/0,4,4,False,2366
Vanilla OPD,148,14,0,148/14/0,9,9,False,2367
Vanilla OPD,148,15,0,148/15/0,4,4,False,2368
Vanilla OPD,149,0,0,149/0/0,3,3,False,2369
Vanilla OPD,149,1,0,149/1/0,5,5,False,2370
Vanilla OPD,149,2,0,149/2/0,7,7,False,2371
Vanilla OPD,149,3,0,149/3/0,10,10,False,2372
Vanilla OPD,149,4,0,149/4/0,7,7,False,2373
Vanilla OPD,149,5,0,149/5/0,3,3,False,2374
Vanilla OPD,149,6,0,149/6/0,10,10,False,2375
Vanilla OPD,149,7,0,149/7/0,8,8,False,2376
Vanilla OPD,149,8,0,149/8/0,8,8,False,2377
Vanilla OPD,149,9,0,149/9/0,6,6,False,2378
Vanilla OPD,149,10,0,149/10/0,5,5,False,2379
Vanilla OPD,149,11,0,149/11/0,7,7,False,2380
Vanilla OPD,149,12,0,149/12/0,8,8,False,2381
Vanilla OPD,149,13,0,149/13/0,5,5,False,2382
Vanilla OPD,149,14,0,149/14/0,11,30,True,2383
Vanilla OPD,149,15,0,149/15/0,9,9,False,2384
Vanilla OPD,150,0,0,150/0/0,9,9,False,2385
Vanilla OPD,150,1,0,150/1/0,7,7,False,2386
Vanilla OPD,150,2,0,150/2/0,7,7,False,2387
Vanilla OPD,150,3,0,150/3/0,19,19,False,2388
Vanilla OPD,150,4,0,150/4/0,4,4,False,2389
Vanilla OPD,150,5,0,150/5/0,4,4,False,2390
Vanilla OPD,150,6,0,150/6/0,6,6,False,2391
Vanilla OPD,150,7,0,150/7/0,20,30,True,2392
Vanilla OPD,150,8,0,150/8/0,7,7,False,2393
Vanilla OPD,150,9,0,150/9/0,8,8,False,2394
Vanilla OPD,150,10,0,150/10/0,9,9,False,2395
Vanilla OPD,150,11,0,150/11/0,4,4,False,2396
Vanilla OPD,150,12,0,150/12/0,6,6,False,2397
Vanilla OPD,150,13,0,150/13/0,3,3,False,2398
Vanilla OPD,150,14,0,150/14/0,4,4,False,2399
Vanilla OPD,150,15,0,150/15/0,4,4,False,2400
Vanilla OPD,151,0,0,151/0/0,24,30,True,2401
Vanilla OPD,151,1,0,151/1/0,6,6,False,2402
Vanilla OPD,151,2,0,151/2/0,11,11,False,2403
Vanilla OPD,151,3,0,151/3/0,7,7,False,2404
Vanilla OPD,151,4,0,151/4/0,10,10,False,2405
Vanilla OPD,151,5,0,151/5/0,11,11,False,2406
Vanilla OPD,151,6,0,151/6/0,4,4,False,2407
Vanilla OPD,151,7,0,151/7/0,12,30,True,2408
Vanilla OPD,151,8,0,151/8/0,4,4,False,2409
Vanilla OPD,151,9,0,151/9/0,9,9,False,2410
Vanilla OPD,151,10,0,151/10/0,7,7,False,2411
Vanilla OPD,151,11,0,151/11/0,6,6,False,2412
Vanilla OPD,151,12,0,151/12/0,10,10,False,2413
Vanilla OPD,151,13,0,151/13/0,5,5,False,2414
Vanilla OPD,151,14,0,151/14/0,16,30,True,2415
Vanilla OPD,151,15,0,151/15/0,5,5,False,2416
Vanilla OPD,152,0,0,152/0/0,4,4,False,2417
Vanilla OPD,152,1,0,152/1/0,6,6,False,2418
Vanilla OPD,152,2,0,152/2/0,17,17,False,2419
Vanilla OPD,152,3,0,152/3/0,4,4,False,2420
Vanilla OPD,152,4,0,152/4/0,9,9,False,2421
Vanilla OPD,152,5,0,152/5/0,4,4,False,2422
Vanilla OPD,152,6,0,152/6/0,7,7,False,2423
Vanilla OPD,152,7,0,152/7/0,6,6,False,2424
Vanilla OPD,152,8,0,152/8/0,16,30,True,2425
Vanilla OPD,152,9,0,152/9/0,7,7,False,2426
Vanilla OPD,152,10,0,152/10/0,4,4,False,2427
Vanilla OPD,152,11,0,152/11/0,15,30,True,2428
Vanilla OPD,152,12,0,152/12/0,7,7,False,2429
Vanilla OPD,152,13,0,152/13/0,14,30,True,2430
Vanilla OPD,152,14,0,152/14/0,19,19,False,2431
Vanilla OPD,152,15,0,152/15/0,20,30,True,2432
Vanilla OPD,153,0,0,153/0/0,22,30,True,2433
Vanilla OPD,153,1,0,153/1/0,6,6,False,2434
Vanilla OPD,153,2,0,153/2/0,7,7,False,2435
Vanilla OPD,153,3,0,153/3/0,12,12,False,2436
Vanilla OPD,153,4,0,153/4/0,6,6,False,2437
Vanilla OPD,153,5,0,153/5/0,8,8,False,2438
Vanilla OPD,153,6,0,153/6/0,4,4,False,2439
Vanilla OPD,153,7,0,153/7/0,4,4,False,2440
Vanilla OPD,153,8,0,153/8/0,6,6,False,2441
Vanilla OPD,153,9,0,153/9/0,6,6,False,2442
Vanilla OPD,153,10,0,153/10/0,6,6,False,2443
Vanilla OPD,153,11,0,153/11/0,8,8,False,2444
Vanilla OPD,153,12,0,153/12/0,4,4,False,2445
Vanilla OPD,153,13,0,153/13/0,15,15,False,2446
Vanilla OPD,153,14,0,153/14/0,13,13,False,2447
Vanilla OPD,153,15,0,153/15/0,5,5,False,2448
Vanilla OPD,154,0,0,154/0/0,7,7,False,2449
Vanilla OPD,154,1,0,154/1/0,7,7,False,2450
Vanilla OPD,154,2,0,154/2/0,7,7,False,2451
Vanilla OPD,154,3,0,154/3/0,4,4,False,2452
Vanilla OPD,154,4,0,154/4/0,7,7,False,2453
Vanilla OPD,154,5,0,154/5/0,4,4,False,2454
Vanilla OPD,154,6,0,154/6/0,13,30,True,2455
Vanilla OPD,154,7,0,154/7/0,6,6,False,2456
Vanilla OPD,154,8,0,154/8/0,4,4,False,2457
Vanilla OPD,154,9,0,154/9/0,12,12,False,2458
Vanilla OPD,154,10,0,154/10/0,8,8,False,2459
Vanilla OPD,154,11,0,154/11/0,12,12,False,2460
Vanilla OPD,154,12,0,154/12/0,6,6,False,2461
Vanilla OPD,154,13,0,154/13/0,6,6,False,2462
Vanilla OPD,154,14,0,154/14/0,6,6,False,2463
Vanilla OPD,154,15,0,154/15/0,11,11,False,2464
Vanilla OPD,155,0,0,155/0/0,9,9,False,2465
Vanilla OPD,155,1,0,155/1/0,8,8,False,2466
Vanilla OPD,155,2,0,155/2/0,7,7,False,2467
Vanilla OPD,155,3,0,155/3/0,19,30,True,2468
Vanilla OPD,155,4,0,155/4/0,21,30,True,2469
Vanilla OPD,155,5,0,155/5/0,6,6,False,2470
Vanilla OPD,155,6,0,155/6/0,10,10,False,2471
Vanilla OPD,155,7,0,155/7/0,8,8,False,2472
Vanilla OPD,155,8,0,155/8/0,7,7,False,2473
Vanilla OPD,155,9,0,155/9/0,9,9,False,2474
Vanilla OPD,155,10,0,155/10/0,16,30,True,2475
Vanilla OPD,155,11,0,155/11/0,7,7,False,2476
Vanilla OPD,155,12,0,155/12/0,4,4,False,2477
Vanilla OPD,155,13,0,155/13/0,20,30,True,2478
Vanilla OPD,155,14,0,155/14/0,6,6,False,2479
Vanilla OPD,155,15,0,155/15/0,4,4,False,2480
Vanilla OPD,156,0,0,156/0/0,4,4,False,2481
Vanilla OPD,156,1,0,156/1/0,15,30,True,2482
Vanilla OPD,156,2,0,156/2/0,14,14,False,2483
Vanilla OPD,156,3,0,156/3/0,4,4,False,2484
Vanilla OPD,156,4,0,156/4/0,11,11,False,2485
Vanilla OPD,156,5,0,156/5/0,7,7,False,2486
Vanilla OPD,156,6,0,156/6/0,7,7,False,2487
Vanilla OPD,156,7,0,156/7/0,7,7,False,2488
Vanilla OPD,156,8,0,156/8/0,6,6,False,2489
Vanilla OPD,156,9,0,156/9/0,7,7,False,2490
Vanilla OPD,156,10,0,156/10/0,14,14,False,2491
Vanilla OPD,156,11,0,156/11/0,16,30,True,2492
Vanilla OPD,156,12,0,156/12/0,24,30,True,2493
Vanilla OPD,156,13,0,156/13/0,6,6,False,2494
Vanilla OPD,156,14,0,156/14/0,8,8,False,2495
Vanilla OPD,156,15,0,156/15/0,15,30,True,2496
Vanilla OPD,157,0,0,157/0/0,14,30,True,2497
Vanilla OPD,157,1,0,157/1/0,3,3,False,2498
Vanilla OPD,157,2,0,157/2/0,17,30,True,2499
Vanilla OPD,157,3,0,157/3/0,11,11,False,2500
Vanilla OPD,157,4,0,157/4/0,6,6,False,2501
Vanilla OPD,157,5,0,157/5/0,5,5,False,2502
Vanilla OPD,157,6,0,157/6/0,6,6,False,2503
Vanilla OPD,157,7,0,157/7/0,6,6,False,2504
Vanilla OPD,157,8,0,157/8/0,9,9,False,2505
Vanilla OPD,157,9,0,157/9/0,6,6,False,2506
Vanilla OPD,157,10,0,157/10/0,5,5,False,2507
Vanilla OPD,157,11,0,157/11/0,6,6,False,2508
Vanilla OPD,157,12,0,157/12/0,17,17,False,2509
Vanilla OPD,157,13,0,157/13/0,16,30,True,2510
Vanilla OPD,157,14,0,157/14/0,3,3,False,2511
Vanilla OPD,157,15,0,157/15/0,6,6,False,2512
Vanilla OPD,158,0,0,158/0/0,20,30,True,2513
Vanilla OPD,158,1,0,158/1/0,9,9,False,2514
Vanilla OPD,158,2,0,158/2/0,16,30,True,2515
Vanilla OPD,158,3,0,158/3/0,6,6,False,2516
Vanilla OPD,158,4,0,158/4/0,8,8,False,2517
Vanilla OPD,158,5,0,158/5/0,10,10,False,2518
Vanilla OPD,158,6,0,158/6/0,12,12,False,2519
Vanilla OPD,158,7,0,158/7/0,4,4,False,2520
Vanilla OPD,158,8,0,158/8/0,6,6,False,2521
Vanilla OPD,158,9,0,158/9/0,6,6,False,2522
Vanilla OPD,158,10,0,158/10/0,23,30,True,2523
Vanilla OPD,158,11,0,158/11/0,4,4,False,2524
Vanilla OPD,158,12,0,158/12/0,7,7,False,2525
Vanilla OPD,158,13,0,158/13/0,4,4,False,2526
Vanilla OPD,158,14,0,158/14/0,8,8,False,2527
Vanilla OPD,158,15,0,158/15/0,6,6,False,2528
Vanilla OPD,159,0,0,159/0/0,6,6,False,2529
Vanilla OPD,159,1,0,159/1/0,4,4,False,2530
Vanilla OPD,159,2,0,159/2/0,6,6,False,2531
Vanilla OPD,159,3,0,159/3/0,8,8,False,2532
Vanilla OPD,159,4,0,159/4/0,9,9,False,2533
Vanilla OPD,159,5,0,159/5/0,7,7,False,2534
Vanilla OPD,159,6,0,159/6/0,4,4,False,2535
Vanilla OPD,159,7,0,159/7/0,23,30,True,2536
Vanilla OPD,159,8,0,159/8/0,12,12,False,2537
Vanilla OPD,159,9,0,159/9/0,18,30,True,2538
Vanilla OPD,159,10,0,159/10/0,9,9,False,2539
Vanilla OPD,159,11,0,159/11/0,8,8,False,2540
Vanilla OPD,159,12,0,159/12/0,22,30,True,2541
Vanilla OPD,159,13,0,159/13/0,4,4,False,2542
Vanilla OPD,159,14,0,159/14/0,16,30,True,2543
Vanilla OPD,159,15,0,159/15/0,4,4,False,2544
Vanilla OPD,160,0,0,160/0/0,10,10,False,2545
Vanilla OPD,160,1,0,160/1/0,10,10,False,2546
Vanilla OPD,160,2,0,160/2/0,21,30,True,2547
Vanilla OPD,160,3,0,160/3/0,6,6,False,2548
Vanilla OPD,160,4,0,160/4/0,12,12,False,2549
Vanilla OPD,160,5,0,160/5/0,7,7,False,2550
Vanilla OPD,160,6,0,160/6/0,20,30,True,2551
Vanilla OPD,160,7,0,160/7/0,3,3,False,2552
Vanilla OPD,160,8,0,160/8/0,15,30,True,2553
Vanilla OPD,160,9,0,160/9/0,6,6,False,2554
Vanilla OPD,160,10,0,160/10/0,9,9,False,2555
Vanilla OPD,160,11,0,160/11/0,7,7,False,2556
Vanilla OPD,160,12,0,160/12/0,9,9,False,2557
Vanilla OPD,160,13,0,160/13/0,20,30,True,2558
Vanilla OPD,160,14,0,160/14/0,8,8,False,2559
Vanilla OPD,160,15,0,160/15/0,7,7,False,2560
Vanilla OPD,161,0,0,161/0/0,5,5,False,2561
Vanilla OPD,161,1,0,161/1/0,6,6,False,2562
Vanilla OPD,161,2,0,161/2/0,13,30,True,2563
Vanilla OPD,161,3,0,161/3/0,4,4,False,2564
Vanilla OPD,161,4,0,161/4/0,15,15,False,2565
Vanilla OPD,161,5,0,161/5/0,10,10,False,2566
Vanilla OPD,161,6,0,161/6/0,8,8,False,2567
Vanilla OPD,161,7,0,161/7/0,11,11,False,2568
Vanilla OPD,161,8,0,161/8/0,19,30,True,2569
Vanilla OPD,161,9,0,161/9/0,12,30,True,2570
Vanilla OPD,161,10,0,161/10/0,11,11,False,2571
Vanilla OPD,161,11,0,161/11/0,10,10,False,2572
Vanilla OPD,161,12,0,161/12/0,5,5,False,2573
Vanilla OPD,161,13,0,161/13/0,12,30,True,2574
Vanilla OPD,161,14,0,161/14/0,18,30,True,2575
Vanilla OPD,161,15,0,161/15/0,6,6,False,2576
Vanilla OPD,162,0,0,162/0/0,17,30,True,2577
Vanilla OPD,162,1,0,162/1/0,7,7,False,2578
Vanilla OPD,162,2,0,162/2/0,15,30,True,2579
Vanilla OPD,162,3,0,162/3/0,8,8,False,2580
Vanilla OPD,162,4,0,162/4/0,11,30,True,2581
Vanilla OPD,162,5,0,162/5/0,4,4,False,2582
Vanilla OPD,162,6,0,162/6/0,4,4,False,2583
Vanilla OPD,162,7,0,162/7/0,5,5,False,2584
Vanilla OPD,162,8,0,162/8/0,12,30,True,2585
Vanilla OPD,162,9,0,162/9/0,5,5,False,2586
Vanilla OPD,162,10,0,162/10/0,7,7,False,2587
Vanilla OPD,162,11,0,162/11/0,7,7,False,2588
Vanilla OPD,162,12,0,162/12/0,20,20,False,2589
Vanilla OPD,162,13,0,162/13/0,5,5,False,2590
Vanilla OPD,162,14,0,162/14/0,21,30,True,2591
Vanilla OPD,162,15,0,162/15/0,6,6,False,2592
Vanilla OPD,163,0,0,163/0/0,8,8,False,2593
Vanilla OPD,163,1,0,163/1/0,21,30,True,2594
Vanilla OPD,163,2,0,163/2/0,7,7,False,2595
Vanilla OPD,163,3,0,163/3/0,4,4,False,2596
Vanilla OPD,163,4,0,163/4/0,4,4,False,2597
Vanilla OPD,163,5,0,163/5/0,6,6,False,2598
Vanilla OPD,163,6,0,163/6/0,8,8,False,2599
Vanilla OPD,163,7,0,163/7/0,16,30,True,2600
Vanilla OPD,163,8,0,163/8/0,9,9,False,2601
Vanilla OPD,163,9,0,163/9/0,9,9,False,2602
Vanilla OPD,163,10,0,163/10/0,18,30,True,2603
Vanilla OPD,163,11,0,163/11/0,15,30,True,2604
Vanilla OPD,163,12,0,163/12/0,7,7,False,2605
Vanilla OPD,163,13,0,163/13/0,10,10,False,2606
Vanilla OPD,163,14,0,163/14/0,8,8,False,2607
Vanilla OPD,163,15,0,163/15/0,7,7,False,2608
Vanilla OPD,164,0,0,164/0/0,7,7,False,2609
Vanilla OPD,164,1,0,164/1/0,5,5,False,2610
Vanilla OPD,164,2,0,164/2/0,15,30,True,2611
Vanilla OPD,164,3,0,164/3/0,21,30,True,2612
Vanilla OPD,164,4,0,164/4/0,13,13,False,2613
Vanilla OPD,164,5,0,164/5/0,4,4,False,2614
Vanilla OPD,164,6,0,164/6/0,12,12,False,2615
Vanilla OPD,164,7,0,164/7/0,10,10,False,2616
Vanilla OPD,164,8,0,164/8/0,4,4,False,2617
Vanilla OPD,164,9,0,164/9/0,15,30,True,2618
Vanilla OPD,164,10,0,164/10/0,5,5,False,2619
Vanilla OPD,164,11,0,164/11/0,7,7,False,2620
Vanilla OPD,164,12,0,164/12/0,6,6,False,2621
Vanilla OPD,164,13,0,164/13/0,9,9,False,2622
Vanilla OPD,164,14,0,164/14/0,8,8,False,2623
Vanilla OPD,164,15,0,164/15/0,9,9,False,2624
Vanilla OPD,165,0,0,165/0/0,19,30,True,2625
Vanilla OPD,165,1,0,165/1/0,6,6,False,2626
Vanilla OPD,165,2,0,165/2/0,4,4,False,2627
Vanilla OPD,165,3,0,165/3/0,5,5,False,2628
Vanilla OPD,165,4,0,165/4/0,17,30,True,2629
Vanilla OPD,165,5,0,165/5/0,8,8,False,2630
Vanilla OPD,165,6,0,165/6/0,23,30,True,2631
Vanilla OPD,165,7,0,165/7/0,17,30,True,2632
Vanilla OPD,165,8,0,165/8/0,3,3,False,2633
Vanilla OPD,165,9,0,165/9/0,6,6,False,2634
Vanilla OPD,165,10,0,165/10/0,6,6,False,2635
Vanilla OPD,165,11,0,165/11/0,15,30,True,2636
Vanilla OPD,165,12,0,165/12/0,7,7,False,2637
Vanilla OPD,165,13,0,165/13/0,6,6,False,2638
Vanilla OPD,165,14,0,165/14/0,8,8,False,2639
Vanilla OPD,165,15,0,165/15/0,24,30,True,2640
Vanilla OPD,166,0,0,166/0/0,16,30,True,2641
Vanilla OPD,166,1,0,166/1/0,10,10,False,2642
Vanilla OPD,166,2,0,166/2/0,5,5,False,2643
Vanilla OPD,166,3,0,166/3/0,4,4,False,2644
Vanilla OPD,166,4,0,166/4/0,7,7,False,2645
Vanilla OPD,166,5,0,166/5/0,6,6,False,2646
Vanilla OPD,166,6,0,166/6/0,5,5,False,2647
Vanilla OPD,166,7,0,166/7/0,19,19,False,2648
Vanilla OPD,166,8,0,166/8/0,6,6,False,2649
Vanilla OPD,166,9,0,166/9/0,23,30,True,2650
Vanilla OPD,166,10,0,166/10/0,5,5,False,2651
Vanilla OPD,166,11,0,166/11/0,12,12,False,2652
Vanilla OPD,166,12,0,166/12/0,19,30,True,2653
Vanilla OPD,166,13,0,166/13/0,21,30,True,2654
Vanilla OPD,166,14,0,166/14/0,10,10,False,2655
Vanilla OPD,166,15,0,166/15/0,6,6,False,2656
Vanilla OPD,167,0,0,167/0/0,6,6,False,2657
Vanilla OPD,167,1,0,167/1/0,21,30,True,2658
Vanilla OPD,167,2,0,167/2/0,3,3,False,2659
Vanilla OPD,167,3,0,167/3/0,8,8,False,2660
Vanilla OPD,167,4,0,167/4/0,8,8,False,2661
Vanilla OPD,167,5,0,167/5/0,6,6,False,2662
Vanilla OPD,167,6,0,167/6/0,7,7,False,2663
Vanilla OPD,167,7,0,167/7/0,3,3,False,2664
Vanilla OPD,167,8,0,167/8/0,16,30,True,2665
Vanilla OPD,167,9,0,167/9/0,10,10,False,2666
Vanilla OPD,167,10,0,167/10/0,6,6,False,2667
Vanilla OPD,167,11,0,167/11/0,6,6,False,2668
Vanilla OPD,167,12,0,167/12/0,8,8,False,2669
Vanilla OPD,167,13,0,167/13/0,5,5,False,2670
Vanilla OPD,167,14,0,167/14/0,8,8,False,2671
Vanilla OPD,167,15,0,167/15/0,6,6,False,2672
Vanilla OPD,168,0,0,168/0/0,18,30,True,2673
Vanilla OPD,168,1,0,168/1/0,8,8,False,2674
Vanilla OPD,168,2,0,168/2/0,5,5,False,2675
Vanilla OPD,168,3,0,168/3/0,9,9,False,2676
Vanilla OPD,168,4,0,168/4/0,15,15,False,2677
Vanilla OPD,168,5,0,168/5/0,9,9,False,2678
Vanilla OPD,168,6,0,168/6/0,4,4,False,2679
Vanilla OPD,168,7,0,168/7/0,20,30,True,2680
Vanilla OPD,168,8,0,168/8/0,5,5,False,2681
Vanilla OPD,168,9,0,168/9/0,19,19,False,2682
Vanilla OPD,168,10,0,168/10/0,7,7,False,2683
Vanilla OPD,168,11,0,168/11/0,19,30,True,2684
Vanilla OPD,168,12,0,168/12/0,4,4,False,2685
Vanilla OPD,168,13,0,168/13/0,20,30,True,2686
Vanilla OPD,168,14,0,168/14/0,7,7,False,2687
Vanilla OPD,168,15,0,168/15/0,23,30,True,2688
Vanilla OPD,169,0,0,169/0/0,22,30,True,2689
Vanilla OPD,169,1,0,169/1/0,4,4,False,2690
Vanilla OPD,169,2,0,169/2/0,6,6,False,2691
Vanilla OPD,169,3,0,169/3/0,17,17,False,2692
Vanilla OPD,169,4,0,169/4/0,10,10,False,2693
Vanilla OPD,169,5,0,169/5/0,18,30,True,2694
Vanilla OPD,169,6,0,169/6/0,22,30,True,2695
Vanilla OPD,169,7,0,169/7/0,8,8,False,2696
Vanilla OPD,169,8,0,169/8/0,7,7,False,2697
Vanilla OPD,169,9,0,169/9/0,7,7,False,2698
Vanilla OPD,169,10,0,169/10/0,4,4,False,2699
Vanilla OPD,169,11,0,169/11/0,19,30,True,2700
Vanilla OPD,169,12,0,169/12/0,9,9,False,2701
Vanilla OPD,169,13,0,169/13/0,16,30,True,2702
Vanilla OPD,169,14,0,169/14/0,20,30,True,2703
Vanilla OPD,169,15,0,169/15/0,12,12,False,2704
Vanilla OPD,170,0,0,170/0/0,7,7,False,2705
Vanilla OPD,170,1,0,170/1/0,17,30,True,2706
Vanilla OPD,170,2,0,170/2/0,7,7,False,2707
Vanilla OPD,170,3,0,170/3/0,6,6,False,2708
Vanilla OPD,170,4,0,170/4/0,21,30,True,2709
Vanilla OPD,170,5,0,170/5/0,7,7,False,2710
Vanilla OPD,170,6,0,170/6/0,21,30,True,2711
Vanilla OPD,170,7,0,170/7/0,4,4,False,2712
Vanilla OPD,170,8,0,170/8/0,4,4,False,2713
Vanilla OPD,170,9,0,170/9/0,4,4,False,2714
Vanilla OPD,170,10,0,170/10/0,13,30,True,2715
Vanilla OPD,170,11,0,170/11/0,19,30,True,2716
Vanilla OPD,170,12,0,170/12/0,12,12,False,2717
Vanilla OPD,170,13,0,170/13/0,12,30,True,2718
Vanilla OPD,170,14,0,170/14/0,22,30,True,2719
Vanilla OPD,170,15,0,170/15/0,4,4,False,2720
Vanilla OPD,171,0,0,171/0/0,5,5,False,2721
Vanilla OPD,171,1,0,171/1/0,4,4,False,2722
Vanilla OPD,171,2,0,171/2/0,6,6,False,2723
Vanilla OPD,171,3,0,171/3/0,11,11,False,2724
Vanilla OPD,171,4,0,171/4/0,27,30,True,2725
Vanilla OPD,171,5,0,171/5/0,4,4,False,2726
Vanilla OPD,171,6,0,171/6/0,4,4,False,2727
Vanilla OPD,171,7,0,171/7/0,4,4,False,2728
Vanilla OPD,171,8,0,171/8/0,21,30,True,2729
Vanilla OPD,171,9,0,171/9/0,15,30,True,2730
Vanilla OPD,171,10,0,171/10/0,6,6,False,2731
Vanilla OPD,171,11,0,171/11/0,4,4,False,2732
Vanilla OPD,171,12,0,171/12/0,18,30,True,2733
Vanilla OPD,171,13,0,171/13/0,7,7,False,2734
Vanilla OPD,171,14,0,171/14/0,15,30,True,2735
Vanilla OPD,171,15,0,171/15/0,13,13,False,2736
Vanilla OPD,172,0,0,172/0/0,8,8,False,2737
Vanilla OPD,172,1,0,172/1/0,11,11,False,2738
Vanilla OPD,172,2,0,172/2/0,4,4,False,2739
Vanilla OPD,172,3,0,172/3/0,7,7,False,2740
Vanilla OPD,172,4,0,172/4/0,14,30,True,2741
Vanilla OPD,172,5,0,172/5/0,8,8,False,2742
Vanilla OPD,172,6,0,172/6/0,4,4,False,2743
Vanilla OPD,172,7,0,172/7/0,6,6,False,2744
Vanilla OPD,172,8,0,172/8/0,8,8,False,2745
Vanilla OPD,172,9,0,172/9/0,18,18,False,2746
Vanilla OPD,172,10,0,172/10/0,6,6,False,2747
Vanilla OPD,172,11,0,172/11/0,6,6,False,2748
Vanilla OPD,172,12,0,172/12/0,3,3,False,2749
Vanilla OPD,172,13,0,172/13/0,4,4,False,2750
Vanilla OPD,172,14,0,172/14/0,9,9,False,2751
Vanilla OPD,172,15,0,172/15/0,7,7,False,2752
Vanilla OPD,173,0,0,173/0/0,7,7,False,2753
Vanilla OPD,173,1,0,173/1/0,7,7,False,2754
Vanilla OPD,173,2,0,173/2/0,7,7,False,2755
Vanilla OPD,173,3,0,173/3/0,20,30,True,2756
Vanilla OPD,173,4,0,173/4/0,24,30,True,2757
Vanilla OPD,173,5,0,173/5/0,13,30,True,2758
Vanilla OPD,173,6,0,173/6/0,6,6,False,2759
Vanilla OPD,173,7,0,173/7/0,4,4,False,2760
Vanilla OPD,173,8,0,173/8/0,7,7,False,2761
Vanilla OPD,173,9,0,173/9/0,11,11,False,2762
Vanilla OPD,173,10,0,173/10/0,12,12,False,2763
Vanilla OPD,173,11,0,173/11/0,12,12,False,2764
Vanilla OPD,173,12,0,173/12/0,14,30,True,2765
Vanilla OPD,173,13,0,173/13/0,8,8,False,2766
Vanilla OPD,173,14,0,173/14/0,9,9,False,2767
Vanilla OPD,173,15,0,173/15/0,6,6,False,2768
Vanilla OPD,174,0,0,174/0/0,9,9,False,2769
Vanilla OPD,174,1,0,174/1/0,6,6,False,2770
Vanilla OPD,174,2,0,174/2/0,7,7,False,2771
Vanilla OPD,174,3,0,174/3/0,7,7,False,2772
Vanilla OPD,174,4,0,174/4/0,4,4,False,2773
Vanilla OPD,174,5,0,174/5/0,11,11,False,2774
Vanilla OPD,174,6,0,174/6/0,8,8,False,2775
Vanilla OPD,174,7,0,174/7/0,9,9,False,2776
Vanilla OPD,174,8,0,174/8/0,4,4,False,2777
Vanilla OPD,174,9,0,174/9/0,15,30,True,2778
Vanilla OPD,174,10,0,174/10/0,5,5,False,2779
Vanilla OPD,174,11,0,174/11/0,4,4,False,2780
Vanilla OPD,174,12,0,174/12/0,4,4,False,2781
Vanilla OPD,174,13,0,174/13/0,12,12,False,2782
Vanilla OPD,174,14,0,174/14/0,17,30,True,2783
Vanilla OPD,174,15,0,174/15/0,6,6,False,2784
Vanilla OPD,175,0,0,175/0/0,8,8,False,2785
Vanilla OPD,175,1,0,175/1/0,8,8,False,2786
Vanilla OPD,175,2,0,175/2/0,21,30,True,2787
Vanilla OPD,175,3,0,175/3/0,8,8,False,2788
Vanilla OPD,175,4,0,175/4/0,6,6,False,2789
Vanilla OPD,175,5,0,175/5/0,7,7,False,2790
Vanilla OPD,175,6,0,175/6/0,21,30,True,2791
Vanilla OPD,175,7,0,175/7/0,7,7,False,2792
Vanilla OPD,175,8,0,175/8/0,6,6,False,2793
Vanilla OPD,175,9,0,175/9/0,16,30,True,2794
Vanilla OPD,175,10,0,175/10/0,4,4,False,2795
Vanilla OPD,175,11,0,175/11/0,7,7,False,2796
Vanilla OPD,175,12,0,175/12/0,8,8,False,2797
Vanilla OPD,175,13,0,175/13/0,23,30,True,2798
Vanilla OPD,175,14,0,175/14/0,12,12,False,2799
Vanilla OPD,175,15,0,175/15/0,13,30,True,2800
Vanilla OPD,176,0,0,176/0/0,8,8,False,2801
Vanilla OPD,176,1,0,176/1/0,9,9,False,2802
Vanilla OPD,176,2,0,176/2/0,16,16,False,2803
Vanilla OPD,176,3,0,176/3/0,9,9,False,2804
Vanilla OPD,176,4,0,176/4/0,17,30,True,2805
Vanilla OPD,176,5,0,176/5/0,4,4,False,2806
Vanilla OPD,176,6,0,176/6/0,11,11,False,2807
Vanilla OPD,176,7,0,176/7/0,16,30,True,2808
Vanilla OPD,176,8,0,176/8/0,7,7,False,2809
Vanilla OPD,176,9,0,176/9/0,7,7,False,2810
Vanilla OPD,176,10,0,176/10/0,6,6,False,2811
Vanilla OPD,176,11,0,176/11/0,6,6,False,2812
Vanilla OPD,176,12,0,176/12/0,7,7,False,2813
Vanilla OPD,176,13,0,176/13/0,6,6,False,2814
Vanilla OPD,176,14,0,176/14/0,21,30,True,2815
Vanilla OPD,176,15,0,176/15/0,8,8,False,2816
Vanilla OPD,177,0,0,177/0/0,4,4,False,2817
Vanilla OPD,177,1,0,177/1/0,6,6,False,2818
Vanilla OPD,177,2,0,177/2/0,9,9,False,2819
Vanilla OPD,177,3,0,177/3/0,6,6,False,2820
Vanilla OPD,177,4,0,177/4/0,5,5,False,2821
Vanilla OPD,177,5,0,177/5/0,5,5,False,2822
Vanilla OPD,177,6,0,177/6/0,22,30,True,2823
Vanilla OPD,177,7,0,177/7/0,17,30,True,2824
Vanilla OPD,177,8,0,177/8/0,8,8,False,2825
Vanilla OPD,177,9,0,177/9/0,8,8,False,2826
Vanilla OPD,177,10,0,177/10/0,15,30,True,2827
Vanilla OPD,177,11,0,177/11/0,6,6,False,2828
Vanilla OPD,177,12,0,177/12/0,6,6,False,2829
Vanilla OPD,177,13,0,177/13/0,10,10,False,2830
Vanilla OPD,177,14,0,177/14/0,7,7,False,2831
Vanilla OPD,177,15,0,177/15/0,5,5,False,2832
TCOD F2B,1,0,0,1/0/0,1,1,False,1
TCOD F2B,1,1,0,1/1/0,1,1,False,2
TCOD F2B,1,2,0,1/2/0,1,1,False,3
TCOD F2B,1,3,0,1/3/0,1,1,False,4
TCOD F2B,1,4,0,1/4/0,1,1,False,5
TCOD F2B,1,5,0,1/5/0,1,1,False,6
TCOD F2B,1,6,0,1/6/0,1,1,False,7
TCOD F2B,1,7,0,1/7/0,1,1,False,8
TCOD F2B,1,8,0,1/8/0,1,1,False,9
TCOD F2B,1,9,0,1/9/0,1,1,False,10
TCOD F2B,1,10,0,1/10/0,1,1,False,11
TCOD F2B,1,11,0,1/11/0,1,1,False,12
TCOD F2B,1,12,0,1/12/0,1,1,False,13
TCOD F2B,1,13,0,1/13/0,1,1,False,14
TCOD F2B,1,14,0,1/14/0,1,1,False,15
TCOD F2B,1,15,0,1/15/0,1,1,False,16
TCOD F2B,2,0,0,2/0/0,1,1,False,17
TCOD F2B,2,1,0,2/1/0,1,1,False,18
TCOD F2B,2,2,0,2/2/0,1,1,False,19
TCOD F2B,2,3,0,2/3/0,1,1,False,20
TCOD F2B,2,4,0,2/4/0,1,1,False,21
TCOD F2B,2,5,0,2/5/0,1,1,False,22
TCOD F2B,2,6,0,2/6/0,1,1,False,23
TCOD F2B,2,7,0,2/7/0,1,1,False,24
TCOD F2B,2,8,0,2/8/0,1,1,False,25
TCOD F2B,2,9,0,2/9/0,1,1,False,26
TCOD F2B,2,10,0,2/10/0,1,1,False,27
TCOD F2B,2,11,0,2/11/0,1,1,False,28
TCOD F2B,2,12,0,2/12/0,1,1,False,29
TCOD F2B,2,13,0,2/13/0,1,1,False,30
TCOD F2B,2,14,0,2/14/0,1,1,False,31
TCOD F2B,2,15,0,2/15/0,1,1,False,32
TCOD F2B,3,0,0,3/0/0,1,1,False,33
TCOD F2B,3,1,0,3/1/0,1,1,False,34
TCOD F2B,3,2,0,3/2/0,1,1,False,35
TCOD F2B,3,3,0,3/3/0,1,1,False,36
TCOD F2B,3,4,0,3/4/0,1,1,False,37
TCOD F2B,3,5,0,3/5/0,1,1,False,38
TCOD F2B,3,6,0,3/6/0,1,1,False,39
TCOD F2B,3,7,0,3/7/0,1,1,False,40
TCOD F2B,3,8,0,3/8/0,1,1,False,41
TCOD F2B,3,9,0,3/9/0,1,1,False,42
TCOD F2B,3,10,0,3/10/0,1,1,False,43
TCOD F2B,3,11,0,3/11/0,1,1,False,44
TCOD F2B,3,12,0,3/12/0,1,1,False,45
TCOD F2B,3,13,0,3/13/0,1,1,False,46
TCOD F2B,3,14,0,3/14/0,1,1,False,47
TCOD F2B,3,15,0,3/15/0,1,1,False,48
TCOD F2B,4,0,0,4/0/0,1,1,False,49
TCOD F2B,4,1,0,4/1/0,1,1,False,50
TCOD F2B,4,2,0,4/2/0,1,1,False,51
TCOD F2B,4,3,0,4/3/0,1,1,False,52
TCOD F2B,4,4,0,4/4/0,1,1,False,53
TCOD F2B,4,5,0,4/5/0,1,1,False,54
TCOD F2B,4,6,0,4/6/0,1,1,False,55
TCOD F2B,4,7,0,4/7/0,1,1,False,56
TCOD F2B,4,8,0,4/8/0,1,1,False,57
TCOD F2B,4,9,0,4/9/0,1,1,False,58
TCOD F2B,4,10,0,4/10/0,1,1,False,59
TCOD F2B,4,11,0,4/11/0,1,1,False,60
TCOD F2B,4,12,0,4/12/0,1,1,False,61
TCOD F2B,4,13,0,4/13/0,1,1,False,62
TCOD F2B,4,14,0,4/14/0,1,1,False,63
TCOD F2B,4,15,0,4/15/0,1,1,False,64
TCOD F2B,5,0,0,5/0/0,2,2,False,65
TCOD F2B,5,1,0,5/1/0,2,2,False,66
TCOD F2B,5,2,0,5/2/0,2,2,False,67
TCOD F2B,5,3,0,5/3/0,2,2,False,68
TCOD F2B,5,4,0,5/4/0,2,2,False,69
TCOD F2B,5,5,0,5/5/0,2,2,False,70
TCOD F2B,5,6,0,5/6/0,2,2,False,71
TCOD F2B,5,7,0,5/7/0,2,2,False,72
TCOD F2B,5,8,0,5/8/0,2,2,False,73
TCOD F2B,5,9,0,5/9/0,2,2,False,74
TCOD F2B,5,10,0,5/10/0,2,2,False,75
TCOD F2B,5,11,0,5/11/0,2,2,False,76
TCOD F2B,5,12,0,5/12/0,2,2,False,77
TCOD F2B,5,13,0,5/13/0,2,2,False,78
TCOD F2B,5,14,0,5/14/0,2,2,False,79
TCOD F2B,5,15,0,5/15/0,2,2,False,80
TCOD F2B,6,0,0,6/0/0,2,2,False,81
TCOD F2B,6,1,0,6/1/0,2,2,False,82
TCOD F2B,6,2,0,6/2/0,2,2,False,83
TCOD F2B,6,3,0,6/3/0,2,2,False,84
TCOD F2B,6,4,0,6/4/0,2,2,False,85
TCOD F2B,6,5,0,6/5/0,2,2,False,86
TCOD F2B,6,6,0,6/6/0,2,2,False,87
TCOD F2B,6,7,0,6/7/0,2,2,False,88
TCOD F2B,6,8,0,6/8/0,2,2,False,89
TCOD F2B,6,9,0,6/9/0,2,2,False,90
TCOD F2B,6,10,0,6/10/0,2,2,False,91
TCOD F2B,6,11,0,6/11/0,2,2,False,92
TCOD F2B,6,12,0,6/12/0,2,2,False,93
TCOD F2B,6,13,0,6/13/0,2,2,False,94
TCOD F2B,6,14,0,6/14/0,2,2,False,95
TCOD F2B,6,15,0,6/15/0,2,2,False,96
TCOD F2B,7,0,0,7/0/0,2,2,False,97
TCOD F2B,7,1,0,7/1/0,2,2,False,98
TCOD F2B,7,2,0,7/2/0,2,2,False,99
TCOD F2B,7,3,0,7/3/0,2,2,False,100
TCOD F2B,7,4,0,7/4/0,2,2,False,101
TCOD F2B,7,5,0,7/5/0,2,2,False,102
TCOD F2B,7,6,0,7/6/0,2,2,False,103
TCOD F2B,7,7,0,7/7/0,2,2,False,104
TCOD F2B,7,8,0,7/8/0,2,2,False,105
TCOD F2B,7,9,0,7/9/0,2,2,False,106
TCOD F2B,7,10,0,7/10/0,2,2,False,107
TCOD F2B,7,11,0,7/11/0,2,2,False,108
TCOD F2B,7,12,0,7/12/0,2,2,False,109
TCOD F2B,7,13,0,7/13/0,2,2,False,110
TCOD F2B,7,14,0,7/14/0,2,2,False,111
TCOD F2B,7,15,0,7/15/0,2,2,False,112
TCOD F2B,8,0,0,8/0/0,2,2,False,113
TCOD F2B,8,1,0,8/1/0,2,2,False,114
TCOD F2B,8,2,0,8/2/0,2,2,False,115
TCOD F2B,8,3,0,8/3/0,2,2,False,116
TCOD F2B,8,4,0,8/4/0,2,2,False,117
TCOD F2B,8,5,0,8/5/0,2,2,False,118
TCOD F2B,8,6,0,8/6/0,2,2,False,119
TCOD F2B,8,7,0,8/7/0,2,2,False,120
TCOD F2B,8,8,0,8/8/0,2,2,False,121
TCOD F2B,8,9,0,8/9/0,2,2,False,122
TCOD F2B,8,10,0,8/10/0,2,2,False,123
TCOD F2B,8,11,0,8/11/0,2,2,False,124
TCOD F2B,8,12,0,8/12/0,2,2,False,125
TCOD F2B,8,13,0,8/13/0,2,2,False,126
TCOD F2B,8,14,0,8/14/0,2,2,False,127
TCOD F2B,8,15,0,8/15/0,2,2,False,128
TCOD F2B,9,0,0,9/0/0,2,2,False,129
TCOD F2B,9,1,0,9/1/0,2,2,False,130
TCOD F2B,9,2,0,9/2/0,2,2,False,131
TCOD F2B,9,3,0,9/3/0,2,2,False,132
TCOD F2B,9,4,0,9/4/0,2,2,False,133
TCOD F2B,9,5,0,9/5/0,2,2,False,134
TCOD F2B,9,6,0,9/6/0,2,2,False,135
TCOD F2B,9,7,0,9/7/0,2,2,False,136
TCOD F2B,9,8,0,9/8/0,2,2,False,137
TCOD F2B,9,9,0,9/9/0,2,2,False,138
TCOD F2B,9,10,0,9/10/0,2,2,False,139
TCOD F2B,9,11,0,9/11/0,2,2,False,140
TCOD F2B,9,12,0,9/12/0,2,2,False,141
TCOD F2B,9,13,0,9/13/0,2,2,False,142
TCOD F2B,9,14,0,9/14/0,2,2,False,143
TCOD F2B,9,15,0,9/15/0,2,2,False,144
TCOD F2B,10,0,0,10/0/0,3,3,False,145
TCOD F2B,10,1,0,10/1/0,3,3,False,146
TCOD F2B,10,2,0,10/2/0,3,3,False,147
TCOD F2B,10,3,0,10/3/0,3,3,False,148
TCOD F2B,10,4,0,10/4/0,3,3,False,149
TCOD F2B,10,5,0,10/5/0,3,3,False,150
TCOD F2B,10,6,0,10/6/0,3,3,False,151
TCOD F2B,10,7,0,10/7/0,3,3,False,152
TCOD F2B,10,8,0,10/8/0,3,3,False,153
TCOD F2B,10,9,0,10/9/0,3,3,False,154
TCOD F2B,10,10,0,10/10/0,3,3,False,155
TCOD F2B,10,11,0,10/11/0,3,3,False,156
TCOD F2B,10,12,0,10/12/0,3,3,False,157
TCOD F2B,10,13,0,10/13/0,3,3,False,158
TCOD F2B,10,14,0,10/14/0,3,3,False,159
TCOD F2B,10,15,0,10/15/0,3,3,False,160
TCOD F2B,11,0,0,11/0/0,3,3,False,161
TCOD F2B,11,1,0,11/1/0,3,3,False,162
TCOD F2B,11,2,0,11/2/0,3,3,False,163
TCOD F2B,11,3,0,11/3/0,3,3,False,164
TCOD F2B,11,4,0,11/4/0,3,3,False,165
TCOD F2B,11,5,0,11/5/0,3,3,False,166
TCOD F2B,11,6,0,11/6/0,3,3,False,167
TCOD F2B,11,7,0,11/7/0,3,3,False,168
TCOD F2B,11,8,0,11/8/0,3,3,False,169
TCOD F2B,11,9,0,11/9/0,3,3,False,170
TCOD F2B,11,10,0,11/10/0,3,3,False,171
TCOD F2B,11,11,0,11/11/0,3,3,False,172
TCOD F2B,11,12,0,11/12/0,3,3,False,173
TCOD F2B,11,13,0,11/13/0,3,3,False,174
TCOD F2B,11,14,0,11/14/0,3,3,False,175
TCOD F2B,11,15,0,11/15/0,3,3,False,176
TCOD F2B,12,0,0,12/0/0,3,3,False,177
TCOD F2B,12,1,0,12/1/0,3,3,False,178
TCOD F2B,12,2,0,12/2/0,3,3,False,179
TCOD F2B,12,3,0,12/3/0,3,3,False,180
TCOD F2B,12,4,0,12/4/0,3,3,False,181
TCOD F2B,12,5,0,12/5/0,3,3,False,182
TCOD F2B,12,6,0,12/6/0,3,3,False,183
TCOD F2B,12,7,0,12/7/0,3,3,False,184
TCOD F2B,12,8,0,12/8/0,3,3,False,185
TCOD F2B,12,9,0,12/9/0,3,3,False,186
TCOD F2B,12,10,0,12/10/0,3,3,False,187
TCOD F2B,12,11,0,12/11/0,3,3,False,188
TCOD F2B,12,12,0,12/12/0,3,3,False,189
TCOD F2B,12,13,0,12/13/0,3,3,False,190
TCOD F2B,12,14,0,12/14/0,3,3,False,191
TCOD F2B,12,15,0,12/15/0,3,3,False,192
TCOD F2B,13,0,0,13/0/0,3,3,False,193
TCOD F2B,13,1,0,13/1/0,3,3,False,194
TCOD F2B,13,2,0,13/2/0,3,3,False,195
TCOD F2B,13,3,0,13/3/0,3,3,False,196
TCOD F2B,13,4,0,13/4/0,3,3,False,197
TCOD F2B,13,5,0,13/5/0,3,3,False,198
TCOD F2B,13,6,0,13/6/0,3,3,False,199
TCOD F2B,13,7,0,13/7/0,3,3,False,200
TCOD F2B,13,8,0,13/8/0,3,3,False,201
TCOD F2B,13,9,0,13/9/0,3,3,False,202
TCOD F2B,13,10,0,13/10/0,3,3,False,203
TCOD F2B,13,11,0,13/11/0,3,3,False,204
TCOD F2B,13,12,0,13/12/0,3,3,False,205
TCOD F2B,13,13,0,13/13/0,3,3,False,206
TCOD F2B,13,14,0,13/14/0,3,3,False,207
TCOD F2B,13,15,0,13/15/0,3,3,False,208
TCOD F2B,14,0,0,14/0/0,3,3,False,209
TCOD F2B,14,1,0,14/1/0,3,3,False,210
TCOD F2B,14,2,0,14/2/0,3,3,False,211
TCOD F2B,14,3,0,14/3/0,3,3,False,212
TCOD F2B,14,4,0,14/4/0,3,3,False,213
TCOD F2B,14,5,0,14/5/0,3,3,False,214
TCOD F2B,14,6,0,14/6/0,3,3,False,215
TCOD F2B,14,7,0,14/7/0,3,3,False,216
TCOD F2B,14,8,0,14/8/0,3,3,False,217
TCOD F2B,14,9,0,14/9/0,3,3,False,218
TCOD F2B,14,10,0,14/10/0,3,3,False,219
TCOD F2B,14,11,0,14/11/0,3,3,False,220
TCOD F2B,14,12,0,14/12/0,3,3,False,221
TCOD F2B,14,13,0,14/13/0,3,3,False,222
TCOD F2B,14,14,0,14/14/0,3,3,False,223
TCOD F2B,14,15,0,14/15/0,3,3,False,224
TCOD F2B,15,0,0,15/0/0,4,4,False,225
TCOD F2B,15,1,0,15/1/0,4,4,False,226
TCOD F2B,15,2,0,15/2/0,4,4,False,227
TCOD F2B,15,3,0,15/3/0,4,4,False,228
TCOD F2B,15,4,0,15/4/0,4,4,False,229
TCOD F2B,15,5,0,15/5/0,4,4,False,230
TCOD F2B,15,6,0,15/6/0,4,4,False,231
TCOD F2B,15,7,0,15/7/0,4,4,False,232
TCOD F2B,15,8,0,15/8/0,4,4,False,233
TCOD F2B,15,9,0,15/9/0,4,4,False,234
TCOD F2B,15,10,0,15/10/0,4,4,False,235
TCOD F2B,15,11,0,15/11/0,4,4,False,236
TCOD F2B,15,12,0,15/12/0,4,4,False,237
TCOD F2B,15,13,0,15/13/0,4,4,False,238
TCOD F2B,15,14,0,15/14/0,4,4,False,239
TCOD F2B,15,15,0,15/15/0,4,4,False,240
TCOD F2B,16,0,0,16/0/0,4,4,False,241
TCOD F2B,16,1,0,16/1/0,4,4,False,242
TCOD F2B,16,2,0,16/2/0,4,4,False,243
TCOD F2B,16,3,0,16/3/0,4,4,False,244
TCOD F2B,16,4,0,16/4/0,4,4,False,245
TCOD F2B,16,5,0,16/5/0,4,4,False,246
TCOD F2B,16,6,0,16/6/0,4,4,False,247
TCOD F2B,16,7,0,16/7/0,4,4,False,248
TCOD F2B,16,8,0,16/8/0,4,4,False,249
TCOD F2B,16,9,0,16/9/0,4,4,False,250
TCOD F2B,16,10,0,16/10/0,4,4,False,251
TCOD F2B,16,11,0,16/11/0,4,4,False,252
TCOD F2B,16,12,0,16/12/0,4,4,False,253
TCOD F2B,16,13,0,16/13/0,4,4,False,254
TCOD F2B,16,14,0,16/14/0,4,4,False,255
TCOD F2B,16,15,0,16/15/0,4,4,False,256
TCOD F2B,17,0,0,17/0/0,4,4,False,257
TCOD F2B,17,1,0,17/1/0,4,4,False,258
TCOD F2B,17,2,0,17/2/0,4,4,False,259
TCOD F2B,17,3,0,17/3/0,4,4,False,260
TCOD F2B,17,4,0,17/4/0,4,4,False,261
TCOD F2B,17,5,0,17/5/0,4,4,False,262
TCOD F2B,17,6,0,17/6/0,4,4,False,263
TCOD F2B,17,7,0,17/7/0,4,4,False,264
TCOD F2B,17,8,0,17/8/0,4,4,False,265
TCOD F2B,17,9,0,17/9/0,4,4,False,266
TCOD F2B,17,10,0,17/10/0,4,4,False,267
TCOD F2B,17,11,0,17/11/0,4,4,False,268
TCOD F2B,17,12,0,17/12/0,4,4,False,269
TCOD F2B,17,13,0,17/13/0,4,4,False,270
TCOD F2B,17,14,0,17/14/0,4,4,False,271
TCOD F2B,17,15,0,17/15/0,4,4,False,272
TCOD F2B,18,0,0,18/0/0,4,4,False,273
TCOD F2B,18,1,0,18/1/0,4,4,False,274
TCOD F2B,18,2,0,18/2/0,4,4,False,275
TCOD F2B,18,3,0,18/3/0,4,4,False,276
TCOD F2B,18,4,0,18/4/0,4,4,False,277
TCOD F2B,18,5,0,18/5/0,4,4,False,278
TCOD F2B,18,6,0,18/6/0,4,4,False,279
TCOD F2B,18,7,0,18/7/0,4,4,False,280
TCOD F2B,18,8,0,18/8/0,4,4,False,281
TCOD F2B,18,9,0,18/9/0,4,4,False,282
TCOD F2B,18,10,0,18/10/0,4,4,False,283
TCOD F2B,18,11,0,18/11/0,4,4,False,284
TCOD F2B,18,12,0,18/12/0,4,4,False,285
TCOD F2B,18,13,0,18/13/0,4,4,False,286
TCOD F2B,18,14,0,18/14/0,4,4,False,287
TCOD F2B,18,15,0,18/15/0,4,4,False,288
TCOD F2B,19,0,0,19/0/0,4,4,False,289
TCOD F2B,19,1,0,19/1/0,4,4,False,290
TCOD F2B,19,2,0,19/2/0,4,4,False,291
TCOD F2B,19,3,0,19/3/0,4,4,False,292
TCOD F2B,19,4,0,19/4/0,4,4,False,293
TCOD F2B,19,5,0,19/5/0,4,4,False,294
TCOD F2B,19,6,0,19/6/0,4,4,False,295
TCOD F2B,19,7,0,19/7/0,4,4,False,296
TCOD F2B,19,8,0,19/8/0,4,4,False,297
TCOD F2B,19,9,0,19/9/0,4,4,False,298
TCOD F2B,19,10,0,19/10/0,4,4,False,299
TCOD F2B,19,11,0,19/11/0,4,4,False,300
TCOD F2B,19,12,0,19/12/0,4,4,False,301
TCOD F2B,19,13,0,19/13/0,4,4,False,302
TCOD F2B,19,14,0,19/14/0,4,4,False,303
TCOD F2B,19,15,0,19/15/0,4,4,False,304
TCOD F2B,20,0,0,20/0/0,5,5,False,305
TCOD F2B,20,1,0,20/1/0,5,5,False,306
TCOD F2B,20,2,0,20/2/0,5,5,False,307
TCOD F2B,20,3,0,20/3/0,5,5,False,308
TCOD F2B,20,4,0,20/4/0,5,5,False,309
TCOD F2B,20,5,0,20/5/0,5,5,False,310
TCOD F2B,20,6,0,20/6/0,5,5,False,311
TCOD F2B,20,7,0,20/7/0,5,5,False,312
TCOD F2B,20,8,0,20/8/0,5,5,False,313
TCOD F2B,20,9,0,20/9/0,5,5,False,314
TCOD F2B,20,10,0,20/10/0,5,5,False,315
TCOD F2B,20,11,0,20/11/0,5,5,False,316
TCOD F2B,20,12,0,20/12/0,5,5,False,317
TCOD F2B,20,13,0,20/13/0,5,5,False,318
TCOD F2B,20,14,0,20/14/0,5,5,False,319
TCOD F2B,20,15,0,20/15/0,4,4,False,320
TCOD F2B,21,0,0,21/0/0,5,5,False,321
TCOD F2B,21,1,0,21/1/0,5,5,False,322
TCOD F2B,21,2,0,21/2/0,5,5,False,323
TCOD F2B,21,3,0,21/3/0,5,5,False,324
TCOD F2B,21,4,0,21/4/0,5,5,False,325
TCOD F2B,21,5,0,21/5/0,5,5,False,326
TCOD F2B,21,6,0,21/6/0,5,5,False,327
TCOD F2B,21,7,0,21/7/0,5,5,False,328
TCOD F2B,21,8,0,21/8/0,5,5,False,329
TCOD F2B,21,9,0,21/9/0,5,5,False,330
TCOD F2B,21,10,0,21/10/0,5,5,False,331
TCOD F2B,21,11,0,21/11/0,5,5,False,332
TCOD F2B,21,12,0,21/12/0,5,5,False,333
TCOD F2B,21,13,0,21/13/0,5,5,False,334
TCOD F2B,21,14,0,21/14/0,5,5,False,335
TCOD F2B,21,15,0,21/15/0,5,5,False,336
TCOD F2B,22,0,0,22/0/0,5,5,False,337
TCOD F2B,22,1,0,22/1/0,5,5,False,338
TCOD F2B,22,2,0,22/2/0,5,5,False,339
TCOD F2B,22,3,0,22/3/0,5,5,False,340
TCOD F2B,22,4,0,22/4/0,5,5,False,341
TCOD F2B,22,5,0,22/5/0,5,5,False,342
TCOD F2B,22,6,0,22/6/0,5,5,False,343
TCOD F2B,22,7,0,22/7/0,5,5,False,344
TCOD F2B,22,8,0,22/8/0,5,5,False,345
TCOD F2B,22,9,0,22/9/0,5,5,False,346
TCOD F2B,22,10,0,22/10/0,5,5,False,347
TCOD F2B,22,11,0,22/11/0,5,5,False,348
TCOD F2B,22,12,0,22/12/0,5,5,False,349
TCOD F2B,22,13,0,22/13/0,5,5,False,350
TCOD F2B,22,14,0,22/14/0,5,5,False,351
TCOD F2B,22,15,0,22/15/0,5,5,False,352
TCOD F2B,23,0,0,23/0/0,5,5,False,353
TCOD F2B,23,1,0,23/1/0,5,5,False,354
TCOD F2B,23,2,0,23/2/0,5,5,False,355
TCOD F2B,23,3,0,23/3/0,5,5,False,356
TCOD F2B,23,4,0,23/4/0,5,5,False,357
TCOD F2B,23,5,0,23/5/0,5,5,False,358
TCOD F2B,23,6,0,23/6/0,5,5,False,359
TCOD F2B,23,7,0,23/7/0,5,5,False,360
TCOD F2B,23,8,0,23/8/0,5,5,False,361
TCOD F2B,23,9,0,23/9/0,5,5,False,362
TCOD F2B,23,10,0,23/10/0,5,5,False,363
TCOD F2B,23,11,0,23/11/0,5,5,False,364
TCOD F2B,23,12,0,23/12/0,5,5,False,365
TCOD F2B,23,13,0,23/13/0,5,5,False,366
TCOD F2B,23,14,0,23/14/0,5,5,False,367
TCOD F2B,23,15,0,23/15/0,5,5,False,368
TCOD F2B,24,0,0,24/0/0,5,5,False,369
TCOD F2B,24,1,0,24/1/0,5,5,False,370
TCOD F2B,24,2,0,24/2/0,5,5,False,371
TCOD F2B,24,3,0,24/3/0,5,5,False,372
TCOD F2B,24,4,0,24/4/0,5,5,False,373
TCOD F2B,24,5,0,24/5/0,5,5,False,374
TCOD F2B,24,6,0,24/6/0,5,5,False,375
TCOD F2B,24,7,0,24/7/0,5,5,False,376
TCOD F2B,24,8,0,24/8/0,5,5,False,377
TCOD F2B,24,9,0,24/9/0,5,5,False,378
TCOD F2B,24,10,0,24/10/0,5,5,False,379
TCOD F2B,24,11,0,24/11/0,4,4,False,380
TCOD F2B,24,12,0,24/12/0,5,5,False,381
TCOD F2B,24,13,0,24/13/0,5,5,False,382
TCOD F2B,24,14,0,24/14/0,5,5,False,383
TCOD F2B,24,15,0,24/15/0,5,5,False,384
TCOD F2B,25,0,0,25/0/0,6,6,False,385
TCOD F2B,25,1,0,25/1/0,6,6,False,386
TCOD F2B,25,2,0,25/2/0,6,6,False,387
TCOD F2B,25,3,0,25/3/0,6,6,False,388
TCOD F2B,25,4,0,25/4/0,6,6,False,389
TCOD F2B,25,5,0,25/5/0,6,6,False,390
TCOD F2B,25,6,0,25/6/0,6,6,False,391
TCOD F2B,25,7,0,25/7/0,6,6,False,392
TCOD F2B,25,8,0,25/8/0,6,6,False,393
TCOD F2B,25,9,0,25/9/0,6,6,False,394
TCOD F2B,25,10,0,25/10/0,6,6,False,395
TCOD F2B,25,11,0,25/11/0,6,6,False,396
TCOD F2B,25,12,0,25/12/0,6,6,False,397
TCOD F2B,25,13,0,25/13/0,6,6,False,398
TCOD F2B,25,14,0,25/14/0,6,6,False,399
TCOD F2B,25,15,0,25/15/0,6,6,False,400
TCOD F2B,26,0,0,26/0/0,6,6,False,401
TCOD F2B,26,1,0,26/1/0,6,6,False,402
TCOD F2B,26,2,0,26/2/0,6,6,False,403
TCOD F2B,26,3,0,26/3/0,6,6,False,404
TCOD F2B,26,4,0,26/4/0,6,6,False,405
TCOD F2B,26,5,0,26/5/0,6,6,False,406
TCOD F2B,26,6,0,26/6/0,6,6,False,407
TCOD F2B,26,7,0,26/7/0,6,6,False,408
TCOD F2B,26,8,0,26/8/0,6,6,False,409
TCOD F2B,26,9,0,26/9/0,6,6,False,410
TCOD F2B,26,10,0,26/10/0,6,6,False,411
TCOD F2B,26,11,0,26/11/0,6,6,False,412
TCOD F2B,26,12,0,26/12/0,6,6,False,413
TCOD F2B,26,13,0,26/13/0,6,6,False,414
TCOD F2B,26,14,0,26/14/0,4,4,False,415
TCOD F2B,26,15,0,26/15/0,6,6,False,416
TCOD F2B,27,0,0,27/0/0,6,6,False,417
TCOD F2B,27,1,0,27/1/0,6,6,False,418
TCOD F2B,27,2,0,27/2/0,6,6,False,419
TCOD F2B,27,3,0,27/3/0,6,6,False,420
TCOD F2B,27,4,0,27/4/0,6,6,False,421
TCOD F2B,27,5,0,27/5/0,6,6,False,422
TCOD F2B,27,6,0,27/6/0,6,6,False,423
TCOD F2B,27,7,0,27/7/0,6,6,False,424
TCOD F2B,27,8,0,27/8/0,6,6,False,425
TCOD F2B,27,9,0,27/9/0,6,6,False,426
TCOD F2B,27,10,0,27/10/0,6,6,False,427
TCOD F2B,27,11,0,27/11/0,6,6,False,428
TCOD F2B,27,12,0,27/12/0,4,4,False,429
TCOD F2B,27,13,0,27/13/0,6,6,False,430
TCOD F2B,27,14,0,27/14/0,6,6,False,431
TCOD F2B,27,15,0,27/15/0,6,6,False,432
TCOD F2B,28,0,0,28/0/0,6,6,False,433
TCOD F2B,28,1,0,28/1/0,6,6,False,434
TCOD F2B,28,2,0,28/2/0,6,6,False,435
TCOD F2B,28,3,0,28/3/0,6,6,False,436
TCOD F2B,28,4,0,28/4/0,6,6,False,437
TCOD F2B,28,5,0,28/5/0,6,6,False,438
TCOD F2B,28,6,0,28/6/0,6,6,False,439
TCOD F2B,28,7,0,28/7/0,6,6,False,440
TCOD F2B,28,8,0,28/8/0,6,6,False,441
TCOD F2B,28,9,0,28/9/0,6,6,False,442
TCOD F2B,28,10,0,28/10/0,6,6,False,443
TCOD F2B,28,11,0,28/11/0,6,6,False,444
TCOD F2B,28,12,0,28/12/0,6,6,False,445
TCOD F2B,28,13,0,28/13/0,6,6,False,446
TCOD F2B,28,14,0,28/14/0,6,6,False,447
TCOD F2B,28,15,0,28/15/0,6,6,False,448
TCOD F2B,29,0,0,29/0/0,4,4,False,449
TCOD F2B,29,1,0,29/1/0,6,6,False,450
TCOD F2B,29,2,0,29/2/0,6,6,False,451
TCOD F2B,29,3,0,29/3/0,6,6,False,452
TCOD F2B,29,4,0,29/4/0,6,6,False,453
TCOD F2B,29,5,0,29/5/0,6,6,False,454
TCOD F2B,29,6,0,29/6/0,6,6,False,455
TCOD F2B,29,7,0,29/7/0,5,5,False,456
TCOD F2B,29,8,0,29/8/0,6,6,False,457
TCOD F2B,29,9,0,29/9/0,6,6,False,458
TCOD F2B,29,10,0,29/10/0,5,5,False,459
TCOD F2B,29,11,0,29/11/0,6,6,False,460
TCOD F2B,29,12,0,29/12/0,6,6,False,461
TCOD F2B,29,13,0,29/13/0,6,6,False,462
TCOD F2B,29,14,0,29/14/0,6,6,False,463
TCOD F2B,29,15,0,29/15/0,6,6,False,464
TCOD F2B,30,0,0,30/0/0,5,5,False,465
TCOD F2B,30,1,0,30/1/0,7,7,False,466
TCOD F2B,30,2,0,30/2/0,6,6,False,467
TCOD F2B,30,3,0,30/3/0,7,7,False,468
TCOD F2B,30,4,0,30/4/0,7,7,False,469
TCOD F2B,30,5,0,30/5/0,7,7,False,470
TCOD F2B,30,6,0,30/6/0,4,4,False,471
TCOD F2B,30,7,0,30/7/0,7,7,False,472
TCOD F2B,30,8,0,30/8/0,7,7,False,473
TCOD F2B,30,9,0,30/9/0,7,7,False,474
TCOD F2B,30,10,0,30/10/0,7,7,False,475
TCOD F2B,30,11,0,30/11/0,7,7,False,476
TCOD F2B,30,12,0,30/12/0,7,7,False,477
TCOD F2B,30,13,0,30/13/0,7,7,False,478
TCOD F2B,30,14,0,30/14/0,7,7,False,479
TCOD F2B,30,15,0,30/15/0,7,7,False,480
TCOD F2B,31,0,0,31/0/0,7,7,False,481
TCOD F2B,31,1,0,31/1/0,7,7,False,482
TCOD F2B,31,2,0,31/2/0,7,7,False,483
TCOD F2B,31,3,0,31/3/0,7,7,False,484
TCOD F2B,31,4,0,31/4/0,7,7,False,485
TCOD F2B,31,5,0,31/5/0,7,7,False,486
TCOD F2B,31,6,0,31/6/0,7,7,False,487
TCOD F2B,31,7,0,31/7/0,7,7,False,488
TCOD F2B,31,8,0,31/8/0,7,7,False,489
TCOD F2B,31,9,0,31/9/0,7,7,False,490
TCOD F2B,31,10,0,31/10/0,7,7,False,491
TCOD F2B,31,11,0,31/11/0,7,7,False,492
TCOD F2B,31,12,0,31/12/0,7,7,False,493
TCOD F2B,31,13,0,31/13/0,7,7,False,494
TCOD F2B,31,14,0,31/14/0,7,7,False,495
TCOD F2B,31,15,0,31/15/0,4,4,False,496
TCOD F2B,32,0,0,32/0/0,4,4,False,497
TCOD F2B,32,1,0,32/1/0,7,7,False,498
TCOD F2B,32,2,0,32/2/0,7,7,False,499
TCOD F2B,32,3,0,32/3/0,7,7,False,500
TCOD F2B,32,4,0,32/4/0,7,7,False,501
TCOD F2B,32,5,0,32/5/0,4,4,False,502
TCOD F2B,32,6,0,32/6/0,7,7,False,503
TCOD F2B,32,7,0,32/7/0,6,6,False,504
TCOD F2B,32,8,0,32/8/0,7,7,False,505
TCOD F2B,32,9,0,32/9/0,7,7,False,506
TCOD F2B,32,10,0,32/10/0,7,7,False,507
TCOD F2B,32,11,0,32/11/0,7,7,False,508
TCOD F2B,32,12,0,32/12/0,7,7,False,509
TCOD F2B,32,13,0,32/13/0,7,7,False,510
TCOD F2B,32,14,0,32/14/0,6,6,False,511
TCOD F2B,32,15,0,32/15/0,5,5,False,512
TCOD F2B,33,0,0,33/0/0,7,7,False,513
TCOD F2B,33,1,0,33/1/0,6,6,False,514
TCOD F2B,33,2,0,33/2/0,7,7,False,515
TCOD F2B,33,3,0,33/3/0,7,7,False,516
TCOD F2B,33,4,0,33/4/0,7,7,False,517
TCOD F2B,33,5,0,33/5/0,7,7,False,518
TCOD F2B,33,6,0,33/6/0,7,7,False,519
TCOD F2B,33,7,0,33/7/0,7,7,False,520
TCOD F2B,33,8,0,33/8/0,7,7,False,521
TCOD F2B,33,9,0,33/9/0,7,7,False,522
TCOD F2B,33,10,0,33/10/0,4,4,False,523
TCOD F2B,33,11,0,33/11/0,7,7,False,524
TCOD F2B,33,12,0,33/12/0,5,5,False,525
TCOD F2B,33,13,0,33/13/0,7,7,False,526
TCOD F2B,33,14,0,33/14/0,7,7,False,527
TCOD F2B,33,15,0,33/15/0,7,7,False,528
TCOD F2B,34,0,0,34/0/0,6,6,False,529
TCOD F2B,34,1,0,34/1/0,7,7,False,530
TCOD F2B,34,2,0,34/2/0,7,7,False,531
TCOD F2B,34,3,0,34/3/0,7,7,False,532
TCOD F2B,34,4,0,34/4/0,7,7,False,533
TCOD F2B,34,5,0,34/5/0,7,7,False,534
TCOD F2B,34,6,0,34/6/0,7,7,False,535
TCOD F2B,34,7,0,34/7/0,7,7,False,536
TCOD F2B,34,8,0,34/8/0,4,4,False,537
TCOD F2B,34,9,0,34/9/0,7,7,False,538
TCOD F2B,34,10,0,34/10/0,7,7,False,539
TCOD F2B,34,11,0,34/11/0,7,7,False,540
TCOD F2B,34,12,0,34/12/0,7,7,False,541
TCOD F2B,34,13,0,34/13/0,7,7,False,542
TCOD F2B,34,14,0,34/14/0,7,7,False,543
TCOD F2B,34,15,0,34/15/0,7,7,False,544
TCOD F2B,35,0,0,35/0/0,8,8,False,545
TCOD F2B,35,1,0,35/1/0,8,8,False,546
TCOD F2B,35,2,0,35/2/0,8,8,False,547
TCOD F2B,35,3,0,35/3/0,8,8,False,548
TCOD F2B,35,4,0,35/4/0,8,8,False,549
TCOD F2B,35,5,0,35/5/0,8,8,False,550
TCOD F2B,35,6,0,35/6/0,8,8,False,551
TCOD F2B,35,7,0,35/7/0,8,8,False,552
TCOD F2B,35,8,0,35/8/0,8,8,False,553
TCOD F2B,35,9,0,35/9/0,8,8,False,554
TCOD F2B,35,10,0,35/10/0,8,8,False,555
TCOD F2B,35,11,0,35/11/0,8,8,False,556
TCOD F2B,35,12,0,35/12/0,8,8,False,557
TCOD F2B,35,13,0,35/13/0,8,8,False,558
TCOD F2B,35,14,0,35/14/0,5,5,False,559
TCOD F2B,35,15,0,35/15/0,8,8,False,560
TCOD F2B,36,0,0,36/0/0,8,8,False,561
TCOD F2B,36,1,0,36/1/0,8,8,False,562
TCOD F2B,36,2,0,36/2/0,8,8,False,563
TCOD F2B,36,3,0,36/3/0,8,8,False,564
TCOD F2B,36,4,0,36/4/0,8,8,False,565
TCOD F2B,36,5,0,36/5/0,8,8,False,566
TCOD F2B,36,6,0,36/6/0,8,8,False,567
TCOD F2B,36,7,0,36/7/0,8,8,False,568
TCOD F2B,36,8,0,36/8/0,4,4,False,569
TCOD F2B,36,9,0,36/9/0,8,8,False,570
TCOD F2B,36,10,0,36/10/0,8,8,False,571
TCOD F2B,36,11,0,36/11/0,4,4,False,572
TCOD F2B,36,12,0,36/12/0,8,8,False,573
TCOD F2B,36,13,0,36/13/0,5,5,False,574
TCOD F2B,36,14,0,36/14/0,8,8,False,575
TCOD F2B,36,15,0,36/15/0,8,8,False,576
TCOD F2B,37,0,0,37/0/0,8,8,False,577
TCOD F2B,37,1,0,37/1/0,8,8,False,578
TCOD F2B,37,2,0,37/2/0,8,8,False,579
TCOD F2B,37,3,0,37/3/0,8,8,False,580
TCOD F2B,37,4,0,37/4/0,8,8,False,581
TCOD F2B,37,5,0,37/5/0,8,8,False,582
TCOD F2B,37,6,0,37/6/0,8,8,False,583
TCOD F2B,37,7,0,37/7/0,8,8,False,584
TCOD F2B,37,8,0,37/8/0,8,8,False,585
TCOD F2B,37,9,0,37/9/0,4,4,False,586
TCOD F2B,37,10,0,37/10/0,8,8,False,587
TCOD F2B,37,11,0,37/11/0,8,8,False,588
TCOD F2B,37,12,0,37/12/0,8,8,False,589
TCOD F2B,37,13,0,37/13/0,8,8,False,590
TCOD F2B,37,14,0,37/14/0,8,8,False,591
TCOD F2B,37,15,0,37/15/0,8,8,False,592
TCOD F2B,38,0,0,38/0/0,8,8,False,593
TCOD F2B,38,1,0,38/1/0,7,7,False,594
TCOD F2B,38,2,0,38/2/0,8,8,False,595
TCOD F2B,38,3,0,38/3/0,8,8,False,596
TCOD F2B,38,4,0,38/4/0,8,8,False,597
TCOD F2B,38,5,0,38/5/0,8,8,False,598
TCOD F2B,38,6,0,38/6/0,8,8,False,599
TCOD F2B,38,7,0,38/7/0,8,8,False,600
TCOD F2B,38,8,0,38/8/0,8,8,False,601
TCOD F2B,38,9,0,38/9/0,8,8,False,602
TCOD F2B,38,10,0,38/10/0,8,8,False,603
TCOD F2B,38,11,0,38/11/0,8,8,False,604
TCOD F2B,38,12,0,38/12/0,4,4,False,605
TCOD F2B,38,13,0,38/13/0,8,8,False,606
TCOD F2B,38,14,0,38/14/0,7,7,False,607
TCOD F2B,38,15,0,38/15/0,8,8,False,608
TCOD F2B,39,0,0,39/0/0,8,8,False,609
TCOD F2B,39,1,0,39/1/0,8,8,False,610
TCOD F2B,39,2,0,39/2/0,8,8,False,611
TCOD F2B,39,3,0,39/3/0,8,8,False,612
TCOD F2B,39,4,0,39/4/0,8,8,False,613
TCOD F2B,39,5,0,39/5/0,8,8,False,614
TCOD F2B,39,6,0,39/6/0,8,8,False,615
TCOD F2B,39,7,0,39/7/0,8,8,False,616
TCOD F2B,39,8,0,39/8/0,8,8,False,617
TCOD F2B,39,9,0,39/9/0,8,8,False,618
TCOD F2B,39,10,0,39/10/0,8,8,False,619
TCOD F2B,39,11,0,39/11/0,8,8,False,620
TCOD F2B,39,12,0,39/12/0,8,8,False,621
TCOD F2B,39,13,0,39/13/0,8,8,False,622
TCOD F2B,39,14,0,39/14/0,8,8,False,623
TCOD F2B,39,15,0,39/15/0,8,8,False,624
TCOD F2B,40,0,0,40/0/0,9,9,False,625
TCOD F2B,40,1,0,40/1/0,9,9,False,626
TCOD F2B,40,2,0,40/2/0,9,9,False,627
TCOD F2B,40,3,0,40/3/0,9,9,False,628
TCOD F2B,40,4,0,40/4/0,9,9,False,629
TCOD F2B,40,5,0,40/5/0,9,9,False,630
TCOD F2B,40,6,0,40/6/0,9,9,False,631
TCOD F2B,40,7,0,40/7/0,4,4,False,632
TCOD F2B,40,8,0,40/8/0,9,9,False,633
TCOD F2B,40,9,0,40/9/0,9,9,False,634
TCOD F2B,40,10,0,40/10/0,9,9,False,635
TCOD F2B,40,11,0,40/11/0,9,9,False,636
TCOD F2B,40,12,0,40/12/0,9,9,False,637
TCOD F2B,40,13,0,40/13/0,9,9,False,638
TCOD F2B,40,14,0,40/14/0,9,9,False,639
TCOD F2B,40,15,0,40/15/0,9,9,False,640
TCOD F2B,41,0,0,41/0/0,9,9,False,641
TCOD F2B,41,1,0,41/1/0,9,9,False,642
TCOD F2B,41,2,0,41/2/0,9,9,False,643
TCOD F2B,41,3,0,41/3/0,9,9,False,644
TCOD F2B,41,4,0,41/4/0,9,9,False,645
TCOD F2B,41,5,0,41/5/0,5,5,False,646
TCOD F2B,41,6,0,41/6/0,9,9,False,647
TCOD F2B,41,7,0,41/7/0,9,9,False,648
TCOD F2B,41,8,0,41/8/0,9,9,False,649
TCOD F2B,41,9,0,41/9/0,9,9,False,650
TCOD F2B,41,10,0,41/10/0,9,9,False,651
TCOD F2B,41,11,0,41/11/0,9,9,False,652
TCOD F2B,41,12,0,41/12/0,7,7,False,653
TCOD F2B,41,13,0,41/13/0,9,9,False,654
TCOD F2B,41,14,0,41/14/0,9,9,False,655
TCOD F2B,41,15,0,41/15/0,9,9,False,656
TCOD F2B,42,0,0,42/0/0,9,9,False,657
TCOD F2B,42,1,0,42/1/0,9,9,False,658
TCOD F2B,42,2,0,42/2/0,9,9,False,659
TCOD F2B,42,3,0,42/3/0,8,8,False,660
TCOD F2B,42,4,0,42/4/0,9,9,False,661
TCOD F2B,42,5,0,42/5/0,9,9,False,662
TCOD F2B,42,6,0,42/6/0,4,4,False,663
TCOD F2B,42,7,0,42/7/0,9,9,False,664
TCOD F2B,42,8,0,42/8/0,9,9,False,665
TCOD F2B,42,9,0,42/9/0,8,8,False,666
TCOD F2B,42,10,0,42/10/0,9,9,False,667
TCOD F2B,42,11,0,42/11/0,4,4,False,668
TCOD F2B,42,12,0,42/12/0,9,9,False,669
TCOD F2B,42,13,0,42/13/0,7,7,False,670
TCOD F2B,42,14,0,42/14/0,5,5,False,671
TCOD F2B,42,15,0,42/15/0,9,9,False,672
TCOD F2B,43,0,0,43/0/0,9,9,False,673
TCOD F2B,43,1,0,43/1/0,9,9,False,674
TCOD F2B,43,2,0,43/2/0,9,9,False,675
TCOD F2B,43,3,0,43/3/0,9,9,False,676
TCOD F2B,43,4,0,43/4/0,4,4,False,677
TCOD F2B,43,5,0,43/5/0,4,4,False,678
TCOD F2B,43,6,0,43/6/0,9,9,False,679
TCOD F2B,43,7,0,43/7/0,6,6,False,680
TCOD F2B,43,8,0,43/8/0,9,9,False,681
TCOD F2B,43,9,0,43/9/0,9,9,False,682
TCOD F2B,43,10,0,43/10/0,9,9,False,683
TCOD F2B,43,11,0,43/11/0,9,9,False,684
TCOD F2B,43,12,0,43/12/0,9,9,False,685
TCOD F2B,43,13,0,43/13/0,9,9,False,686
TCOD F2B,43,14,0,43/14/0,9,9,False,687
TCOD F2B,43,15,0,43/15/0,9,9,False,688
TCOD F2B,44,0,0,44/0/0,9,9,False,689
TCOD F2B,44,1,0,44/1/0,9,9,False,690
TCOD F2B,44,2,0,44/2/0,9,9,False,691
TCOD F2B,44,3,0,44/3/0,9,9,False,692
TCOD F2B,44,4,0,44/4/0,9,9,False,693
TCOD F2B,44,5,0,44/5/0,9,9,False,694
TCOD F2B,44,6,0,44/6/0,9,9,False,695
TCOD F2B,44,7,0,44/7/0,9,9,False,696
TCOD F2B,44,8,0,44/8/0,9,9,False,697
TCOD F2B,44,9,0,44/9/0,9,9,False,698
TCOD F2B,44,10,0,44/10/0,9,9,False,699
TCOD F2B,44,11,0,44/11/0,9,9,False,700
TCOD F2B,44,12,0,44/12/0,9,9,False,701
TCOD F2B,44,13,0,44/13/0,9,9,False,702
TCOD F2B,44,14,0,44/14/0,4,4,False,703
TCOD F2B,44,15,0,44/15/0,9,9,False,704
TCOD F2B,45,0,0,45/0/0,10,10,False,705
TCOD F2B,45,1,0,45/1/0,10,10,False,706
TCOD F2B,45,2,0,45/2/0,10,10,False,707
TCOD F2B,45,3,0,45/3/0,4,4,False,708
TCOD F2B,45,4,0,45/4/0,8,8,False,709
TCOD F2B,45,5,0,45/5/0,7,7,False,710
TCOD F2B,45,6,0,45/6/0,10,10,False,711
TCOD F2B,45,7,0,45/7/0,10,10,False,712
TCOD F2B,45,8,0,45/8/0,4,4,False,713
TCOD F2B,45,9,0,45/9/0,10,10,False,714
TCOD F2B,45,10,0,45/10/0,4,4,False,715
TCOD F2B,45,11,0,45/11/0,5,5,False,716
TCOD F2B,45,12,0,45/12/0,10,10,False,717
TCOD F2B,45,13,0,45/13/0,6,6,False,718
TCOD F2B,45,14,0,45/14/0,10,10,False,719
TCOD F2B,45,15,0,45/15/0,10,10,False,720
TCOD F2B,46,0,0,46/0/0,10,10,False,721
TCOD F2B,46,1,0,46/1/0,6,6,False,722
TCOD F2B,46,2,0,46/2/0,10,10,False,723
TCOD F2B,46,3,0,46/3/0,10,10,False,724
TCOD F2B,46,4,0,46/4/0,10,10,False,725
TCOD F2B,46,5,0,46/5/0,6,6,False,726
TCOD F2B,46,6,0,46/6/0,10,10,False,727
TCOD F2B,46,7,0,46/7/0,4,4,False,728
TCOD F2B,46,8,0,46/8/0,6,6,False,729
TCOD F2B,46,9,0,46/9/0,10,10,False,730
TCOD F2B,46,10,0,46/10/0,10,10,False,731
TCOD F2B,46,11,0,46/11/0,6,6,False,732
TCOD F2B,46,12,0,46/12/0,10,10,False,733
TCOD F2B,46,13,0,46/13/0,8,8,False,734
TCOD F2B,46,14,0,46/14/0,10,10,False,735
TCOD F2B,46,15,0,46/15/0,10,10,False,736
TCOD F2B,47,0,0,47/0/0,10,10,False,737
TCOD F2B,47,1,0,47/1/0,10,10,False,738
TCOD F2B,47,2,0,47/2/0,10,10,False,739
TCOD F2B,47,3,0,47/3/0,8,8,False,740
TCOD F2B,47,4,0,47/4/0,10,10,False,741
TCOD F2B,47,5,0,47/5/0,10,10,False,742
TCOD F2B,47,6,0,47/6/0,10,10,False,743
TCOD F2B,47,7,0,47/7/0,10,10,False,744
TCOD F2B,47,8,0,47/8/0,10,10,False,745
TCOD F2B,47,9,0,47/9/0,10,10,False,746
TCOD F2B,47,10,0,47/10/0,10,10,False,747
TCOD F2B,47,11,0,47/11/0,10,10,False,748
TCOD F2B,47,12,0,47/12/0,10,10,False,749
TCOD F2B,47,13,0,47/13/0,10,10,False,750
TCOD F2B,47,14,0,47/14/0,10,10,False,751
TCOD F2B,47,15,0,47/15/0,9,9,False,752
TCOD F2B,48,0,0,48/0/0,7,7,False,753
TCOD F2B,48,1,0,48/1/0,10,10,False,754
TCOD F2B,48,2,0,48/2/0,7,7,False,755
TCOD F2B,48,3,0,48/3/0,8,8,False,756
TCOD F2B,48,4,0,48/4/0,8,8,False,757
TCOD F2B,48,5,0,48/5/0,10,10,False,758
TCOD F2B,48,6,0,48/6/0,10,10,False,759
TCOD F2B,48,7,0,48/7/0,10,10,False,760
TCOD F2B,48,8,0,48/8/0,3,3,False,761
TCOD F2B,48,9,0,48/9/0,10,10,False,762
TCOD F2B,48,10,0,48/10/0,10,10,False,763
TCOD F2B,48,11,0,48/11/0,10,10,False,764
TCOD F2B,48,12,0,48/12/0,10,10,False,765
TCOD F2B,48,13,0,48/13/0,10,10,False,766
TCOD F2B,48,14,0,48/14/0,10,10,False,767
TCOD F2B,48,15,0,48/15/0,7,7,False,768
TCOD F2B,49,0,0,49/0/0,6,6,False,769
TCOD F2B,49,1,0,49/1/0,4,4,False,770
TCOD F2B,49,2,0,49/2/0,10,10,False,771
TCOD F2B,49,3,0,49/3/0,10,10,False,772
TCOD F2B,49,4,0,49/4/0,10,10,False,773
TCOD F2B,49,5,0,49/5/0,6,6,False,774
TCOD F2B,49,6,0,49/6/0,10,10,False,775
TCOD F2B,49,7,0,49/7/0,10,10,False,776
TCOD F2B,49,8,0,49/8/0,4,4,False,777
TCOD F2B,49,9,0,49/9/0,10,10,False,778
TCOD F2B,49,10,0,49/10/0,10,10,False,779
TCOD F2B,49,11,0,49/11/0,7,7,False,780
TCOD F2B,49,12,0,49/12/0,10,10,False,781
TCOD F2B,49,13,0,49/13/0,10,10,False,782
TCOD F2B,49,14,0,49/14/0,10,10,False,783
TCOD F2B,49,15,0,49/15/0,5,5,False,784
TCOD F2B,50,0,0,50/0/0,11,11,False,785
TCOD F2B,50,1,0,50/1/0,7,7,False,786
TCOD F2B,50,2,0,50/2/0,11,11,False,787
TCOD F2B,50,3,0,50/3/0,11,11,False,788
TCOD F2B,50,4,0,50/4/0,11,11,False,789
TCOD F2B,50,5,0,50/5/0,11,11,False,790
TCOD F2B,50,6,0,50/6/0,11,11,False,791
TCOD F2B,50,7,0,50/7/0,9,9,False,792
TCOD F2B,50,8,0,50/8/0,11,11,False,793
TCOD F2B,50,9,0,50/9/0,7,7,False,794
TCOD F2B,50,10,0,50/10/0,11,11,False,795
TCOD F2B,50,11,0,50/11/0,11,11,False,796
TCOD F2B,50,12,0,50/12/0,11,11,False,797
TCOD F2B,50,13,0,50/13/0,9,9,False,798
TCOD F2B,50,14,0,50/14/0,3,3,False,799
TCOD F2B,50,15,0,50/15/0,11,11,False,800
TCOD F2B,51,0,0,51/0/0,9,9,False,801
TCOD F2B,51,1,0,51/1/0,11,11,False,802
TCOD F2B,51,2,0,51/2/0,11,11,False,803
TCOD F2B,51,3,0,51/3/0,11,11,False,804
TCOD F2B,51,4,0,51/4/0,10,10,False,805
TCOD F2B,51,5,0,51/5/0,4,4,False,806
TCOD F2B,51,6,0,51/6/0,11,11,False,807
TCOD F2B,51,7,0,51/7/0,11,11,False,808
TCOD F2B,51,8,0,51/8/0,11,11,False,809
TCOD F2B,51,9,0,51/9/0,4,4,False,810
TCOD F2B,51,10,0,51/10/0,11,11,False,811
TCOD F2B,51,11,0,51/11/0,9,9,False,812
TCOD F2B,51,12,0,51/12/0,8,8,False,813
TCOD F2B,51,13,0,51/13/0,11,11,False,814
TCOD F2B,51,14,0,51/14/0,11,11,False,815
TCOD F2B,51,15,0,51/15/0,5,5,False,816
TCOD F2B,52,0,0,52/0/0,11,11,False,817
TCOD F2B,52,1,0,52/1/0,11,11,False,818
TCOD F2B,52,2,0,52/2/0,9,9,False,819
TCOD F2B,52,3,0,52/3/0,11,11,False,820
TCOD F2B,52,4,0,52/4/0,11,11,False,821
TCOD F2B,52,5,0,52/5/0,11,11,False,822
TCOD F2B,52,6,0,52/6/0,11,11,False,823
TCOD F2B,52,7,0,52/7/0,7,7,False,824
TCOD F2B,52,8,0,52/8/0,5,5,False,825
TCOD F2B,52,9,0,52/9/0,11,11,False,826
TCOD F2B,52,10,0,52/10/0,10,10,False,827
TCOD F2B,52,11,0,52/11/0,11,11,False,828
TCOD F2B,52,12,0,52/12/0,11,11,False,829
TCOD F2B,52,13,0,52/13/0,4,4,False,830
TCOD F2B,52,14,0,52/14/0,6,6,False,831
TCOD F2B,52,15,0,52/15/0,11,11,False,832
TCOD F2B,53,0,0,53/0/0,11,11,False,833
TCOD F2B,53,1,0,53/1/0,11,11,False,834
TCOD F2B,53,2,0,53/2/0,11,11,False,835
TCOD F2B,53,3,0,53/3/0,11,11,False,836
TCOD F2B,53,4,0,53/4/0,11,11,False,837
TCOD F2B,53,5,0,53/5/0,8,8,False,838
TCOD F2B,53,6,0,53/6/0,8,8,False,839
TCOD F2B,53,7,0,53/7/0,4,4,False,840
TCOD F2B,53,8,0,53/8/0,11,11,False,841
TCOD F2B,53,9,0,53/9/0,8,8,False,842
TCOD F2B,53,10,0,53/10/0,8,8,False,843
TCOD F2B,53,11,0,53/11/0,11,11,False,844
TCOD F2B,53,12,0,53/12/0,6,6,False,845
TCOD F2B,53,13,0,53/13/0,11,11,False,846
TCOD F2B,53,14,0,53/14/0,11,11,False,847
TCOD F2B,53,15,0,53/15/0,4,4,False,848
TCOD F2B,54,0,0,54/0/0,11,11,False,849
TCOD F2B,54,1,0,54/1/0,11,11,False,850
TCOD F2B,54,2,0,54/2/0,8,8,False,851
TCOD F2B,54,3,0,54/3/0,11,11,False,852
TCOD F2B,54,4,0,54/4/0,8,8,False,853
TCOD F2B,54,5,0,54/5/0,11,11,False,854
TCOD F2B,54,6,0,54/6/0,4,4,False,855
TCOD F2B,54,7,0,54/7/0,11,11,False,856
TCOD F2B,54,8,0,54/8/0,8,8,False,857
TCOD F2B,54,9,0,54/9/0,9,9,False,858
TCOD F2B,54,10,0,54/10/0,11,11,False,859
TCOD F2B,54,11,0,54/11/0,9,9,False,860
TCOD F2B,54,12,0,54/12/0,11,11,False,861
TCOD F2B,54,13,0,54/13/0,9,9,False,862
TCOD F2B,54,14,0,54/14/0,11,11,False,863
TCOD F2B,54,15,0,54/15/0,6,6,False,864
TCOD F2B,55,0,0,55/0/0,7,7,False,865
TCOD F2B,55,1,0,55/1/0,11,11,False,866
TCOD F2B,55,2,0,55/2/0,4,4,False,867
TCOD F2B,55,3,0,55/3/0,6,6,False,868
TCOD F2B,55,4,0,55/4/0,8,8,False,869
TCOD F2B,55,5,0,55/5/0,12,12,False,870
TCOD F2B,55,6,0,55/6/0,5,5,False,871
TCOD F2B,55,7,0,55/7/0,9,9,False,872
TCOD F2B,55,8,0,55/8/0,7,7,False,873
TCOD F2B,55,9,0,55/9/0,12,12,False,874
TCOD F2B,55,10,0,55/10/0,9,9,False,875
TCOD F2B,55,11,0,55/11/0,7,7,False,876
TCOD F2B,55,12,0,55/12/0,12,12,False,877
TCOD F2B,55,13,0,55/13/0,12,12,False,878
TCOD F2B,55,14,0,55/14/0,6,6,False,879
TCOD F2B,55,15,0,55/15/0,12,12,False,880
TCOD F2B,56,0,0,56/0/0,11,12,True,881
TCOD F2B,56,1,0,56/1/0,12,12,False,882
TCOD F2B,56,2,0,56/2/0,12,12,False,883
TCOD F2B,56,3,0,56/3/0,5,5,False,884
TCOD F2B,56,4,0,56/4/0,7,7,False,885
TCOD F2B,56,5,0,56/5/0,6,6,False,886
TCOD F2B,56,6,0,56/6/0,12,12,False,887
TCOD F2B,56,7,0,56/7/0,12,12,False,888
TCOD F2B,56,8,0,56/8/0,12,12,False,889
TCOD F2B,56,9,0,56/9/0,12,12,False,890
TCOD F2B,56,10,0,56/10/0,12,12,False,891
TCOD F2B,56,11,0,56/11/0,8,8,False,892
TCOD F2B,56,12,0,56/12/0,12,12,False,893
TCOD F2B,56,13,0,56/13/0,11,11,False,894
TCOD F2B,56,14,0,56/14/0,12,12,False,895
TCOD F2B,56,15,0,56/15/0,11,11,False,896
TCOD F2B,57,0,0,57/0/0,6,6,False,897
TCOD F2B,57,1,0,57/1/0,4,4,False,898
TCOD F2B,57,2,0,57/2/0,10,10,False,899
TCOD F2B,57,3,0,57/3/0,12,12,False,900
TCOD F2B,57,4,0,57/4/0,4,4,False,901
TCOD F2B,57,5,0,57/5/0,12,12,False,902
TCOD F2B,57,6,0,57/6/0,12,12,False,903
TCOD F2B,57,7,0,57/7/0,10,10,False,904
TCOD F2B,57,8,0,57/8/0,6,6,False,905
TCOD F2B,57,9,0,57/9/0,4,4,False,906
TCOD F2B,57,10,0,57/10/0,11,11,False,907
TCOD F2B,57,11,0,57/11/0,5,5,False,908
TCOD F2B,57,12,0,57/12/0,8,8,False,909
TCOD F2B,57,13,0,57/13/0,8,8,False,910
TCOD F2B,57,14,0,57/14/0,12,12,False,911
TCOD F2B,57,15,0,57/15/0,12,12,False,912
TCOD F2B,58,0,0,58/0/0,12,12,False,913
TCOD F2B,58,1,0,58/1/0,12,12,False,914
TCOD F2B,58,2,0,58/2/0,12,12,False,915
TCOD F2B,58,3,0,58/3/0,12,12,False,916
TCOD F2B,58,4,0,58/4/0,12,12,False,917
TCOD F2B,58,5,0,58/5/0,12,12,False,918
TCOD F2B,58,6,0,58/6/0,12,12,False,919
TCOD F2B,58,7,0,58/7/0,12,12,False,920
TCOD F2B,58,8,0,58/8/0,12,12,False,921
TCOD F2B,58,9,0,58/9/0,6,6,False,922
TCOD F2B,58,10,0,58/10/0,9,9,False,923
TCOD F2B,58,11,0,58/11/0,4,4,False,924
TCOD F2B,58,12,0,58/12/0,4,4,False,925
TCOD F2B,58,13,0,58/13/0,12,12,False,926
TCOD F2B,58,14,0,58/14/0,8,8,False,927
TCOD F2B,58,15,0,58/15/0,12,12,False,928
TCOD F2B,59,0,0,59/0/0,12,12,False,929
TCOD F2B,59,1,0,59/1/0,12,12,False,930
TCOD F2B,59,2,0,59/2/0,12,12,False,931
TCOD F2B,59,3,0,59/3/0,12,12,False,932
TCOD F2B,59,4,0,59/4/0,12,12,False,933
TCOD F2B,59,5,0,59/5/0,9,9,False,934
TCOD F2B,59,6,0,59/6/0,7,7,False,935
TCOD F2B,59,7,0,59/7/0,12,12,False,936
TCOD F2B,59,8,0,59/8/0,12,12,False,937
TCOD F2B,59,9,0,59/9/0,12,12,False,938
TCOD F2B,59,10,0,59/10/0,6,6,False,939
TCOD F2B,59,11,0,59/11/0,6,6,False,940
TCOD F2B,59,12,0,59/12/0,12,12,False,941
TCOD F2B,59,13,0,59/13/0,5,5,False,942
TCOD F2B,59,14,0,59/14/0,12,12,False,943
TCOD F2B,59,15,0,59/15/0,12,12,False,944
TCOD F2B,60,0,0,60/0/0,7,7,False,945
TCOD F2B,60,1,0,60/1/0,4,4,False,946
TCOD F2B,60,2,0,60/2/0,13,13,False,947
TCOD F2B,60,3,0,60/3/0,4,4,False,948
TCOD F2B,60,4,0,60/4/0,13,13,False,949
TCOD F2B,60,5,0,60/5/0,6,6,False,950
TCOD F2B,60,6,0,60/6/0,13,13,False,951
TCOD F2B,60,7,0,60/7/0,9,9,False,952
TCOD F2B,60,8,0,60/8/0,7,7,False,953
TCOD F2B,60,9,0,60/9/0,11,11,False,954
TCOD F2B,60,10,0,60/10/0,13,13,False,955
TCOD F2B,60,11,0,60/11/0,5,5,False,956
TCOD F2B,60,12,0,60/12/0,13,13,False,957
TCOD F2B,60,13,0,60/13/0,6,6,False,958
TCOD F2B,60,14,0,60/14/0,13,13,False,959
TCOD F2B,60,15,0,60/15/0,13,13,False,960
TCOD F2B,61,0,0,61/0/0,12,13,True,961
TCOD F2B,61,1,0,61/1/0,13,13,False,962
TCOD F2B,61,2,0,61/2/0,7,7,False,963
TCOD F2B,61,3,0,61/3/0,4,4,False,964
TCOD F2B,61,4,0,61/4/0,13,13,False,965
TCOD F2B,61,5,0,61/5/0,5,5,False,966
TCOD F2B,61,6,0,61/6/0,6,6,False,967
TCOD F2B,61,7,0,61/7/0,4,4,False,968
TCOD F2B,61,8,0,61/8/0,13,13,False,969
TCOD F2B,61,9,0,61/9/0,13,13,False,970
TCOD F2B,61,10,0,61/10/0,13,13,False,971
TCOD F2B,61,11,0,61/11/0,13,13,False,972
TCOD F2B,61,12,0,61/12/0,13,13,False,973
TCOD F2B,61,13,0,61/13/0,6,6,False,974
TCOD F2B,61,14,0,61/14/0,13,13,False,975
TCOD F2B,61,15,0,61/15/0,8,8,False,976
TCOD F2B,62,0,0,62/0/0,6,6,False,977
TCOD F2B,62,1,0,62/1/0,7,7,False,978
TCOD F2B,62,2,0,62/2/0,13,13,False,979
TCOD F2B,62,3,0,62/3/0,11,11,False,980
TCOD F2B,62,4,0,62/4/0,13,13,False,981
TCOD F2B,62,5,0,62/5/0,9,9,False,982
TCOD F2B,62,6,0,62/6/0,12,13,True,983
TCOD F2B,62,7,0,62/7/0,12,12,False,984
TCOD F2B,62,8,0,62/8/0,13,13,False,985
TCOD F2B,62,9,0,62/9/0,7,7,False,986
TCOD F2B,62,10,0,62/10/0,13,13,False,987
TCOD F2B,62,11,0,62/11/0,12,12,False,988
TCOD F2B,62,12,0,62/12/0,12,13,True,989
TCOD F2B,62,13,0,62/13/0,13,13,False,990
TCOD F2B,62,14,0,62/14/0,13,13,False,991
TCOD F2B,62,15,0,62/15/0,8,8,False,992
TCOD F2B,63,0,0,63/0/0,13,13,False,993
TCOD F2B,63,1,0,63/1/0,9,9,False,994
TCOD F2B,63,2,0,63/2/0,9,9,False,995
TCOD F2B,63,3,0,63/3/0,8,8,False,996
TCOD F2B,63,4,0,63/4/0,13,13,False,997
TCOD F2B,63,5,0,63/5/0,13,13,False,998
TCOD F2B,63,6,0,63/6/0,4,4,False,999
TCOD F2B,63,7,0,63/7/0,13,13,False,1000
TCOD F2B,63,8,0,63/8/0,13,13,False,1001
TCOD F2B,63,9,0,63/9/0,5,5,False,1002
TCOD F2B,63,10,0,63/10/0,13,13,False,1003
TCOD F2B,63,11,0,63/11/0,13,13,False,1004
TCOD F2B,63,12,0,63/12/0,4,4,False,1005
TCOD F2B,63,13,0,63/13/0,5,5,False,1006
TCOD F2B,63,14,0,63/14/0,4,4,False,1007
TCOD F2B,63,15,0,63/15/0,5,5,False,1008
TCOD F2B,64,0,0,64/0/0,13,13,False,1009
TCOD F2B,64,1,0,64/1/0,13,13,False,1010
TCOD F2B,64,2,0,64/2/0,13,13,False,1011
TCOD F2B,64,3,0,64/3/0,13,13,False,1012
TCOD F2B,64,4,0,64/4/0,12,13,True,1013
TCOD F2B,64,5,0,64/5/0,13,13,False,1014
TCOD F2B,64,6,0,64/6/0,6,6,False,1015
TCOD F2B,64,7,0,64/7/0,13,13,False,1016
TCOD F2B,64,8,0,64/8/0,13,13,False,1017
TCOD F2B,64,9,0,64/9/0,13,13,False,1018
TCOD F2B,64,10,0,64/10/0,4,4,False,1019
TCOD F2B,64,11,0,64/11/0,13,13,False,1020
TCOD F2B,64,12,0,64/12/0,11,13,True,1021
TCOD F2B,64,13,0,64/13/0,13,13,False,1022
TCOD F2B,64,14,0,64/14/0,13,13,False,1023
TCOD F2B,64,15,0,64/15/0,4,4,False,1024
TCOD F2B,65,0,0,65/0/0,5,5,False,1025
TCOD F2B,65,1,0,65/1/0,14,14,False,1026
TCOD F2B,65,2,0,65/2/0,5,5,False,1027
TCOD F2B,65,3,0,65/3/0,14,14,False,1028
TCOD F2B,65,4,0,65/4/0,14,14,False,1029
TCOD F2B,65,5,0,65/5/0,14,14,False,1030
TCOD F2B,65,6,0,65/6/0,14,14,False,1031
TCOD F2B,65,7,0,65/7/0,14,14,False,1032
TCOD F2B,65,8,0,65/8/0,4,4,False,1033
TCOD F2B,65,9,0,65/9/0,11,11,False,1034
TCOD F2B,65,10,0,65/10/0,14,14,False,1035
TCOD F2B,65,11,0,65/11/0,5,5,False,1036
TCOD F2B,65,12,0,65/12/0,6,6,False,1037
TCOD F2B,65,13,0,65/13/0,14,14,False,1038
TCOD F2B,65,14,0,65/14/0,14,14,False,1039
TCOD F2B,65,15,0,65/15/0,11,11,False,1040
TCOD F2B,66,0,0,66/0/0,6,6,False,1041
TCOD F2B,66,1,0,66/1/0,7,7,False,1042
TCOD F2B,66,2,0,66/2/0,10,10,False,1043
TCOD F2B,66,3,0,66/3/0,6,6,False,1044
TCOD F2B,66,4,0,66/4/0,12,12,False,1045
TCOD F2B,66,5,0,66/5/0,14,14,False,1046
TCOD F2B,66,6,0,66/6/0,14,14,False,1047
TCOD F2B,66,7,0,66/7/0,6,6,False,1048
TCOD F2B,66,8,0,66/8/0,8,8,False,1049
TCOD F2B,66,9,0,66/9/0,14,14,False,1050
TCOD F2B,66,10,0,66/10/0,9,9,False,1051
TCOD F2B,66,11,0,66/11/0,4,4,False,1052
TCOD F2B,66,12,0,66/12/0,14,14,False,1053
TCOD F2B,66,13,0,66/13/0,14,14,False,1054
TCOD F2B,66,14,0,66/14/0,13,14,True,1055
TCOD F2B,66,15,0,66/15/0,14,14,False,1056
TCOD F2B,67,0,0,67/0/0,14,14,False,1057
TCOD F2B,67,1,0,67/1/0,4,4,False,1058
TCOD F2B,67,2,0,67/2/0,12,12,False,1059
TCOD F2B,67,3,0,67/3/0,4,4,False,1060
TCOD F2B,67,4,0,67/4/0,14,14,False,1061
TCOD F2B,67,5,0,67/5/0,11,11,False,1062
TCOD F2B,67,6,0,67/6/0,14,14,False,1063
TCOD F2B,67,7,0,67/7/0,3,3,False,1064
TCOD F2B,67,8,0,67/8/0,11,11,False,1065
TCOD F2B,67,9,0,67/9/0,14,14,False,1066
TCOD F2B,67,10,0,67/10/0,8,8,False,1067
TCOD F2B,67,11,0,67/11/0,6,6,False,1068
TCOD F2B,67,12,0,67/12/0,14,14,False,1069
TCOD F2B,67,13,0,67/13/0,6,6,False,1070
TCOD F2B,67,14,0,67/14/0,14,14,False,1071
TCOD F2B,67,15,0,67/15/0,8,8,False,1072
TCOD F2B,68,0,0,68/0/0,12,12,False,1073
TCOD F2B,68,1,0,68/1/0,12,14,True,1074
TCOD F2B,68,2,0,68/2/0,14,14,False,1075
TCOD F2B,68,3,0,68/3/0,6,6,False,1076
TCOD F2B,68,4,0,68/4/0,4,4,False,1077
TCOD F2B,68,5,0,68/5/0,6,6,False,1078
TCOD F2B,68,6,0,68/6/0,8,8,False,1079
TCOD F2B,68,7,0,68/7/0,14,14,False,1080
TCOD F2B,68,8,0,68/8/0,8,8,False,1081
TCOD F2B,68,9,0,68/9/0,14,14,False,1082
TCOD F2B,68,10,0,68/10/0,4,4,False,1083
TCOD F2B,68,11,0,68/11/0,10,10,False,1084
TCOD F2B,68,12,0,68/12/0,13,14,True,1085
TCOD F2B,68,13,0,68/13/0,14,14,False,1086
TCOD F2B,68,14,0,68/14/0,4,4,False,1087
TCOD F2B,68,15,0,68/15/0,14,14,False,1088
TCOD F2B,69,0,0,69/0/0,6,6,False,1089
TCOD F2B,69,1,0,69/1/0,14,14,False,1090
TCOD F2B,69,2,0,69/2/0,14,14,False,1091
TCOD F2B,69,3,0,69/3/0,14,14,False,1092
TCOD F2B,69,4,0,69/4/0,4,4,False,1093
TCOD F2B,69,5,0,69/5/0,14,14,False,1094
TCOD F2B,69,6,0,69/6/0,10,10,False,1095
TCOD F2B,69,7,0,69/7/0,7,7,False,1096
TCOD F2B,69,8,0,69/8/0,7,7,False,1097
TCOD F2B,69,9,0,69/9/0,8,8,False,1098
TCOD F2B,69,10,0,69/10/0,14,14,False,1099
TCOD F2B,69,11,0,69/11/0,14,14,False,1100
TCOD F2B,69,12,0,69/12/0,8,8,False,1101
TCOD F2B,69,13,0,69/13/0,14,14,False,1102
TCOD F2B,69,14,0,69/14/0,10,10,False,1103
TCOD F2B,69,15,0,69/15/0,14,14,False,1104
TCOD F2B,70,0,0,70/0/0,10,10,False,1105
TCOD F2B,70,1,0,70/1/0,6,6,False,1106
TCOD F2B,70,2,0,70/2/0,15,15,False,1107
TCOD F2B,70,3,0,70/3/0,15,15,False,1108
TCOD F2B,70,4,0,70/4/0,6,6,False,1109
TCOD F2B,70,5,0,70/5/0,3,3,False,1110
TCOD F2B,70,6,0,70/6/0,13,13,False,1111
TCOD F2B,70,7,0,70/7/0,15,15,False,1112
TCOD F2B,70,8,0,70/8/0,14,15,True,1113
TCOD F2B,70,9,0,70/9/0,15,15,False,1114
TCOD F2B,70,10,0,70/10/0,15,15,False,1115
TCOD F2B,70,11,0,70/11/0,15,15,False,1116
TCOD F2B,70,12,0,70/12/0,15,15,False,1117
TCOD F2B,70,13,0,70/13/0,15,15,False,1118
TCOD F2B,70,14,0,70/14/0,15,15,False,1119
TCOD F2B,70,15,0,70/15/0,15,15,False,1120
TCOD F2B,71,0,0,71/0/0,4,4,False,1121
TCOD F2B,71,1,0,71/1/0,6,6,False,1122
TCOD F2B,71,2,0,71/2/0,15,15,False,1123
TCOD F2B,71,3,0,71/3/0,4,4,False,1124
TCOD F2B,71,4,0,71/4/0,15,15,False,1125
TCOD F2B,71,5,0,71/5/0,7,7,False,1126
TCOD F2B,71,6,0,71/6/0,12,15,True,1127
TCOD F2B,71,7,0,71/7/0,6,6,False,1128
TCOD F2B,71,8,0,71/8/0,15,15,False,1129
TCOD F2B,71,9,0,71/9/0,15,15,False,1130
TCOD F2B,71,10,0,71/10/0,4,4,False,1131
TCOD F2B,71,11,0,71/11/0,5,5,False,1132
TCOD F2B,71,12,0,71/12/0,15,15,False,1133
TCOD F2B,71,13,0,71/13/0,7,7,False,1134
TCOD F2B,71,14,0,71/14/0,5,5,False,1135
TCOD F2B,71,15,0,71/15/0,11,11,False,1136
TCOD F2B,72,0,0,72/0/0,6,6,False,1137
TCOD F2B,72,1,0,72/1/0,14,15,True,1138
TCOD F2B,72,2,0,72/2/0,15,15,False,1139
TCOD F2B,72,3,0,72/3/0,15,15,False,1140
TCOD F2B,72,4,0,72/4/0,11,15,True,1141
TCOD F2B,72,5,0,72/5/0,15,15,False,1142
TCOD F2B,72,6,0,72/6/0,15,15,False,1143
TCOD F2B,72,7,0,72/7/0,14,15,True,1144
TCOD F2B,72,8,0,72/8/0,4,4,False,1145
TCOD F2B,72,9,0,72/9/0,14,14,False,1146
TCOD F2B,72,10,0,72/10/0,4,4,False,1147
TCOD F2B,72,11,0,72/11/0,5,5,False,1148
TCOD F2B,72,12,0,72/12/0,6,6,False,1149
TCOD F2B,72,13,0,72/13/0,15,15,False,1150
TCOD F2B,72,14,0,72/14/0,12,15,True,1151
TCOD F2B,72,15,0,72/15/0,15,15,False,1152
TCOD F2B,73,0,0,73/0/0,15,15,False,1153
TCOD F2B,73,1,0,73/1/0,14,15,True,1154
TCOD F2B,73,2,0,73/2/0,11,15,True,1155
TCOD F2B,73,3,0,73/3/0,15,15,False,1156
TCOD F2B,73,4,0,73/4/0,15,15,False,1157
TCOD F2B,73,5,0,73/5/0,15,15,False,1158
TCOD F2B,73,6,0,73/6/0,6,6,False,1159
TCOD F2B,73,7,0,73/7/0,7,7,False,1160
TCOD F2B,73,8,0,73/8/0,6,6,False,1161
TCOD F2B,73,9,0,73/9/0,15,15,False,1162
TCOD F2B,73,10,0,73/10/0,6,6,False,1163
TCOD F2B,73,11,0,73/11/0,8,8,False,1164
TCOD F2B,73,12,0,73/12/0,8,8,False,1165
TCOD F2B,73,13,0,73/13/0,15,15,False,1166
TCOD F2B,73,14,0,73/14/0,15,15,False,1167
TCOD F2B,73,15,0,73/15/0,15,15,False,1168
TCOD F2B,74,0,0,74/0/0,13,15,True,1169
TCOD F2B,74,1,0,74/1/0,4,4,False,1170
TCOD F2B,74,2,0,74/2/0,5,5,False,1171
TCOD F2B,74,3,0,74/3/0,6,6,False,1172
TCOD F2B,74,4,0,74/4/0,15,15,False,1173
TCOD F2B,74,5,0,74/5/0,6,6,False,1174
TCOD F2B,74,6,0,74/6/0,6,6,False,1175
TCOD F2B,74,7,0,74/7/0,12,12,False,1176
TCOD F2B,74,8,0,74/8/0,7,7,False,1177
TCOD F2B,74,9,0,74/9/0,15,15,False,1178
TCOD F2B,74,10,0,74/10/0,11,11,False,1179
TCOD F2B,74,11,0,74/11/0,15,15,False,1180
TCOD F2B,74,12,0,74/12/0,4,4,False,1181
TCOD F2B,74,13,0,74/13/0,6,6,False,1182
TCOD F2B,74,14,0,74/14/0,15,15,False,1183
TCOD F2B,74,15,0,74/15/0,6,6,False,1184
TCOD F2B,75,0,0,75/0/0,13,16,True,1185
TCOD F2B,75,1,0,75/1/0,15,16,True,1186
TCOD F2B,75,2,0,75/2/0,13,13,False,1187
TCOD F2B,75,3,0,75/3/0,12,16,True,1188
TCOD F2B,75,4,0,75/4/0,5,5,False,1189
TCOD F2B,75,5,0,75/5/0,14,16,True,1190
TCOD F2B,75,6,0,75/6/0,11,16,True,1191
TCOD F2B,75,7,0,75/7/0,16,16,False,1192
TCOD F2B,75,8,0,75/8/0,16,16,False,1193
TCOD F2B,75,9,0,75/9/0,12,16,True,1194
TCOD F2B,75,10,0,75/10/0,5,5,False,1195
TCOD F2B,75,11,0,75/11/0,16,16,False,1196
TCOD F2B,75,12,0,75/12/0,16,16,False,1197
TCOD F2B,75,13,0,75/13/0,16,16,False,1198
TCOD F2B,75,14,0,75/14/0,8,8,False,1199
TCOD F2B,75,15,0,75/15/0,16,16,False,1200
TCOD F2B,76,0,0,76/0/0,16,16,False,1201
TCOD F2B,76,1,0,76/1/0,15,16,True,1202
TCOD F2B,76,2,0,76/2/0,8,8,False,1203
TCOD F2B,76,3,0,76/3/0,8,8,False,1204
TCOD F2B,76,4,0,76/4/0,7,7,False,1205
TCOD F2B,76,5,0,76/5/0,12,16,True,1206
TCOD F2B,76,6,0,76/6/0,16,16,False,1207
TCOD F2B,76,7,0,76/7/0,16,16,False,1208
TCOD F2B,76,8,0,76/8/0,16,16,False,1209
TCOD F2B,76,9,0,76/9/0,9,9,False,1210
TCOD F2B,76,10,0,76/10/0,6,6,False,1211
TCOD F2B,76,11,0,76/11/0,16,16,False,1212
TCOD F2B,76,12,0,76/12/0,5,5,False,1213
TCOD F2B,76,13,0,76/13/0,15,16,True,1214
TCOD F2B,76,14,0,76/14/0,16,16,False,1215
TCOD F2B,76,15,0,76/15/0,7,7,False,1216
TCOD F2B,77,0,0,77/0/0,16,16,False,1217
TCOD F2B,77,1,0,77/1/0,11,11,False,1218
TCOD F2B,77,2,0,77/2/0,16,16,False,1219
TCOD F2B,77,3,0,77/3/0,16,16,False,1220
TCOD F2B,77,4,0,77/4/0,16,16,False,1221
TCOD F2B,77,5,0,77/5/0,9,9,False,1222
TCOD F2B,77,6,0,77/6/0,13,13,False,1223
TCOD F2B,77,7,0,77/7/0,11,11,False,1224
TCOD F2B,77,8,0,77/8/0,6,6,False,1225
TCOD F2B,77,9,0,77/9/0,8,8,False,1226
TCOD F2B,77,10,0,77/10/0,6,6,False,1227
TCOD F2B,77,11,0,77/11/0,7,7,False,1228
TCOD F2B,77,12,0,77/12/0,16,16,False,1229
TCOD F2B,77,13,0,77/13/0,16,16,False,1230
TCOD F2B,77,14,0,77/14/0,16,16,False,1231
TCOD F2B,77,15,0,77/15/0,16,16,False,1232
TCOD F2B,78,0,0,78/0/0,10,10,False,1233
TCOD F2B,78,1,0,78/1/0,6,6,False,1234
TCOD F2B,78,2,0,78/2/0,6,6,False,1235
TCOD F2B,78,3,0,78/3/0,4,4,False,1236
TCOD F2B,78,4,0,78/4/0,8,8,False,1237
TCOD F2B,78,5,0,78/5/0,16,16,False,1238
TCOD F2B,78,6,0,78/6/0,13,16,True,1239
TCOD F2B,78,7,0,78/7/0,4,4,False,1240
TCOD F2B,78,8,0,78/8/0,4,4,False,1241
TCOD F2B,78,9,0,78/9/0,6,6,False,1242
TCOD F2B,78,10,0,78/10/0,5,5,False,1243
TCOD F2B,78,11,0,78/11/0,9,9,False,1244
TCOD F2B,78,12,0,78/12/0,4,4,False,1245
TCOD F2B,78,13,0,78/13/0,16,16,False,1246
TCOD F2B,78,14,0,78/14/0,11,16,True,1247
TCOD F2B,78,15,0,78/15/0,16,16,False,1248
TCOD F2B,79,0,0,79/0/0,9,9,False,1249
TCOD F2B,79,1,0,79/1/0,23,30,True,1250
TCOD F2B,79,2,0,79/2/0,25,30,True,1251
TCOD F2B,79,3,0,79/3/0,11,11,False,1252
TCOD F2B,79,4,0,79/4/0,17,30,True,1253
TCOD F2B,79,5,0,79/5/0,10,10,False,1254
TCOD F2B,79,6,0,79/6/0,10,10,False,1255
TCOD F2B,79,7,0,79/7/0,4,4,False,1256
TCOD F2B,79,8,0,79/8/0,16,16,False,1257
TCOD F2B,79,9,0,79/9/0,6,6,False,1258
TCOD F2B,79,10,0,79/10/0,20,30,True,1259
TCOD F2B,79,11,0,79/11/0,18,30,True,1260
TCOD F2B,79,12,0,79/12/0,6,6,False,1261
TCOD F2B,79,13,0,79/13/0,20,30,True,1262
TCOD F2B,79,14,0,79/14/0,22,22,False,1263
TCOD F2B,79,15,0,79/15/0,13,13,False,1264
TCOD F2B,80,0,0,80/0/0,20,30,True,1265
TCOD F2B,80,1,0,80/1/0,13,13,False,1266
TCOD F2B,80,2,0,80/2/0,24,30,True,1267
TCOD F2B,80,3,0,80/3/0,26,30,True,1268
TCOD F2B,80,4,0,80/4/0,21,30,True,1269
TCOD F2B,80,5,0,80/5/0,20,30,True,1270
TCOD F2B,80,6,0,80/6/0,3,3,False,1271
TCOD F2B,80,7,0,80/7/0,3,3,False,1272
TCOD F2B,80,8,0,80/8/0,16,30,True,1273
TCOD F2B,80,9,0,80/9/0,17,30,True,1274
TCOD F2B,80,10,0,80/10/0,17,30,True,1275
TCOD F2B,80,11,0,80/11/0,9,9,False,1276
TCOD F2B,80,12,0,80/12/0,7,7,False,1277
TCOD F2B,80,13,0,80/13/0,8,8,False,1278
TCOD F2B,80,14,0,80/14/0,4,4,False,1279
TCOD F2B,80,15,0,80/15/0,4,4,False,1280
TCOD F2B,81,0,0,81/0/0,24,30,True,1281
TCOD F2B,81,1,0,81/1/0,22,30,True,1282
TCOD F2B,81,2,0,81/2/0,11,30,True,1283
TCOD F2B,81,3,0,81/3/0,14,30,True,1284
TCOD F2B,81,4,0,81/4/0,29,30,True,1285
TCOD F2B,81,5,0,81/5/0,24,30,True,1286
TCOD F2B,81,6,0,81/6/0,20,30,True,1287
TCOD F2B,81,7,0,81/7/0,5,5,False,1288
TCOD F2B,81,8,0,81/8/0,22,30,True,1289
TCOD F2B,81,9,0,81/9/0,24,30,True,1290
TCOD F2B,81,10,0,81/10/0,15,30,True,1291
TCOD F2B,81,11,0,81/11/0,14,14,False,1292
TCOD F2B,81,12,0,81/12/0,12,30,True,1293
TCOD F2B,81,13,0,81/13/0,21,30,True,1294
TCOD F2B,81,14,0,81/14/0,22,30,True,1295
TCOD F2B,81,15,0,81/15/0,16,30,True,1296
TCOD F2B,82,0,0,82/0/0,6,6,False,1297
TCOD F2B,82,1,0,82/1/0,17,30,True,1298
TCOD F2B,82,2,0,82/2/0,16,30,True,1299
TCOD F2B,82,3,0,82/3/0,5,5,False,1300
TCOD F2B,82,4,0,82/4/0,6,6,False,1301
TCOD F2B,82,5,0,82/5/0,11,30,True,1302
TCOD F2B,82,6,0,82/6/0,12,30,True,1303
TCOD F2B,82,7,0,82/7/0,19,30,True,1304
TCOD F2B,82,8,0,82/8/0,5,5,False,1305
TCOD F2B,82,9,0,82/9/0,15,30,True,1306
TCOD F2B,82,10,0,82/10/0,17,30,True,1307
TCOD F2B,82,11,0,82/11/0,5,5,False,1308
TCOD F2B,82,12,0,82/12/0,15,30,True,1309
TCOD F2B,82,13,0,82/13/0,7,7,False,1310
TCOD F2B,82,14,0,82/14/0,6,6,False,1311
TCOD F2B,82,15,0,82/15/0,7,7,False,1312
TCOD F2B,83,0,0,83/0/0,21,30,True,1313
TCOD F2B,83,1,0,83/1/0,16,30,True,1314
TCOD F2B,83,2,0,83/2/0,20,30,True,1315
TCOD F2B,83,3,0,83/3/0,6,6,False,1316
TCOD F2B,83,4,0,83/4/0,6,6,False,1317
TCOD F2B,83,5,0,83/5/0,12,12,False,1318
TCOD F2B,83,6,0,83/6/0,11,30,True,1319
TCOD F2B,83,7,0,83/7/0,23,30,True,1320
TCOD F2B,83,8,0,83/8/0,8,8,False,1321
TCOD F2B,83,9,0,83/9/0,6,6,False,1322
TCOD F2B,83,10,0,83/10/0,5,5,False,1323
TCOD F2B,83,11,0,83/11/0,21,30,True,1324
TCOD F2B,83,12,0,83/12/0,16,30,True,1325
TCOD F2B,83,13,0,83/13/0,9,9,False,1326
TCOD F2B,83,14,0,83/14/0,14,30,True,1327
TCOD F2B,83,15,0,83/15/0,23,30,True,1328
TCOD F2B,84,0,0,84/0/0,5,5,False,1329
TCOD F2B,84,1,0,84/1/0,17,30,True,1330
TCOD F2B,84,2,0,84/2/0,8,8,False,1331
TCOD F2B,84,3,0,84/3/0,14,30,True,1332
TCOD F2B,84,4,0,84/4/0,4,4,False,1333
TCOD F2B,84,5,0,84/5/0,4,4,False,1334
TCOD F2B,84,6,0,84/6/0,21,30,True,1335
TCOD F2B,84,7,0,84/7/0,18,30,True,1336
TCOD F2B,84,8,0,84/8/0,9,9,False,1337
TCOD F2B,84,9,0,84/9/0,9,9,False,1338
TCOD F2B,84,10,0,84/10/0,4,4,False,1339
TCOD F2B,84,11,0,84/11/0,6,6,False,1340
TCOD F2B,84,12,0,84/12/0,17,30,True,1341
TCOD F2B,84,13,0,84/13/0,6,6,False,1342
TCOD F2B,84,14,0,84/14/0,8,8,False,1343
TCOD F2B,84,15,0,84/15/0,15,15,False,1344
TCOD F2B,85,0,0,85/0/0,18,18,False,1345
TCOD F2B,85,1,0,85/1/0,14,30,True,1346
TCOD F2B,85,2,0,85/2/0,8,8,False,1347
TCOD F2B,85,3,0,85/3/0,21,30,True,1348
TCOD F2B,85,4,0,85/4/0,14,30,True,1349
TCOD F2B,85,5,0,85/5/0,6,6,False,1350
TCOD F2B,85,6,0,85/6/0,6,6,False,1351
TCOD F2B,85,7,0,85/7/0,17,30,True,1352
TCOD F2B,85,8,0,85/8/0,7,7,False,1353
TCOD F2B,85,9,0,85/9/0,19,30,True,1354
TCOD F2B,85,10,0,85/10/0,16,30,True,1355
TCOD F2B,85,11,0,85/11/0,4,4,False,1356
TCOD F2B,85,12,0,85/12/0,17,30,True,1357
TCOD F2B,85,13,0,85/13/0,14,30,True,1358
TCOD F2B,85,14,0,85/14/0,5,5,False,1359
TCOD F2B,85,15,0,85/15/0,4,4,False,1360
TCOD F2B,86,0,0,86/0/0,8,8,False,1361
TCOD F2B,86,1,0,86/1/0,11,11,False,1362
TCOD F2B,86,2,0,86/2/0,5,5,False,1363
TCOD F2B,86,3,0,86/3/0,8,8,False,1364
TCOD F2B,86,4,0,86/4/0,21,30,True,1365
TCOD F2B,86,5,0,86/5/0,19,30,True,1366
TCOD F2B,86,6,0,86/6/0,8,8,False,1367
TCOD F2B,86,7,0,86/7/0,26,30,True,1368
TCOD F2B,86,8,0,86/8/0,6,6,False,1369
TCOD F2B,86,9,0,86/9/0,7,7,False,1370
TCOD F2B,86,10,0,86/10/0,9,9,False,1371
TCOD F2B,86,11,0,86/11/0,23,30,True,1372
TCOD F2B,86,12,0,86/12/0,26,30,True,1373
TCOD F2B,86,13,0,86/13/0,24,30,True,1374
TCOD F2B,86,14,0,86/14/0,4,4,False,1375
TCOD F2B,86,15,0,86/15/0,23,30,True,1376
TCOD F2B,87,0,0,87/0/0,23,30,True,1377
TCOD F2B,87,1,0,87/1/0,23,30,True,1378
TCOD F2B,87,2,0,87/2/0,5,5,False,1379
TCOD F2B,87,3,0,87/3/0,9,9,False,1380
TCOD F2B,87,4,0,87/4/0,22,30,True,1381
TCOD F2B,87,5,0,87/5/0,15,30,True,1382
TCOD F2B,87,6,0,87/6/0,21,30,True,1383
TCOD F2B,87,7,0,87/7/0,22,30,True,1384
TCOD F2B,87,8,0,87/8/0,21,30,True,1385
TCOD F2B,87,9,0,87/9/0,4,4,False,1386
TCOD F2B,87,10,0,87/10/0,7,7,False,1387
TCOD F2B,87,11,0,87/11/0,17,30,True,1388
TCOD F2B,87,12,0,87/12/0,4,4,False,1389
TCOD F2B,87,13,0,87/13/0,4,4,False,1390
TCOD F2B,87,14,0,87/14/0,22,30,True,1391
TCOD F2B,87,15,0,87/15/0,20,30,True,1392
TCOD F2B,88,0,0,88/0/0,25,30,True,1393
TCOD F2B,88,1,0,88/1/0,13,30,True,1394
TCOD F2B,88,2,0,88/2/0,20,30,True,1395
TCOD F2B,88,3,0,88/3/0,17,30,True,1396
TCOD F2B,88,4,0,88/4/0,23,30,True,1397
TCOD F2B,88,5,0,88/5/0,4,4,False,1398
TCOD F2B,88,6,0,88/6/0,23,30,True,1399
TCOD F2B,88,7,0,88/7/0,4,4,False,1400
TCOD F2B,88,8,0,88/8/0,5,5,False,1401
TCOD F2B,88,9,0,88/9/0,9,9,False,1402
TCOD F2B,88,10,0,88/10/0,22,30,True,1403
TCOD F2B,88,11,0,88/11/0,21,30,True,1404
TCOD F2B,88,12,0,88/12/0,24,30,True,1405
TCOD F2B,88,13,0,88/13/0,13,30,True,1406
TCOD F2B,88,14,0,88/14/0,10,10,False,1407
TCOD F2B,88,15,0,88/15/0,15,30,True,1408
TCOD F2B,89,0,0,89/0/0,14,14,False,1409
TCOD F2B,89,1,0,89/1/0,7,7,False,1410
TCOD F2B,89,2,0,89/2/0,15,30,True,1411
TCOD F2B,89,3,0,89/3/0,12,30,True,1412
TCOD F2B,89,4,0,89/4/0,21,30,True,1413
TCOD F2B,89,5,0,89/5/0,14,30,True,1414
TCOD F2B,89,6,0,89/6/0,11,30,True,1415
TCOD F2B,89,7,0,89/7/0,14,30,True,1416
TCOD F2B,89,8,0,89/8/0,21,21,False,1417
TCOD F2B,89,9,0,89/9/0,8,8,False,1418
TCOD F2B,89,10,0,89/10/0,17,17,False,1419
TCOD F2B,89,11,0,89/11/0,6,6,False,1420
TCOD F2B,89,12,0,89/12/0,8,8,False,1421
TCOD F2B,89,13,0,89/13/0,13,13,False,1422
TCOD F2B,89,14,0,89/14/0,4,4,False,1423
TCOD F2B,89,15,0,89/15/0,20,30,True,1424
TCOD F2B,90,0,0,90/0/0,3,3,False,1425
TCOD F2B,90,1,0,90/1/0,11,11,False,1426
TCOD F2B,90,2,0,90/2/0,21,30,True,1427
TCOD F2B,90,3,0,90/3/0,5,5,False,1428
TCOD F2B,90,4,0,90/4/0,20,30,True,1429
TCOD F2B,90,5,0,90/5/0,5,5,False,1430
TCOD F2B,90,6,0,90/6/0,8,8,False,1431
TCOD F2B,90,7,0,90/7/0,6,6,False,1432
TCOD F2B,90,8,0,90/8/0,12,12,False,1433
TCOD F2B,90,9,0,90/9/0,23,30,True,1434
TCOD F2B,90,10,0,90/10/0,11,11,False,1435
TCOD F2B,90,11,0,90/11/0,9,9,False,1436
TCOD F2B,90,12,0,90/12/0,6,6,False,1437
TCOD F2B,90,13,0,90/13/0,6,6,False,1438
TCOD F2B,90,14,0,90/14/0,22,30,True,1439
TCOD F2B,90,15,0,90/15/0,5,5,False,1440
TCOD F2B,91,0,0,91/0/0,8,8,False,1441
TCOD F2B,91,1,0,91/1/0,16,30,True,1442
TCOD F2B,91,2,0,91/2/0,15,15,False,1443
TCOD F2B,91,3,0,91/3/0,6,6,False,1444
TCOD F2B,91,4,0,91/4/0,8,8,False,1445
TCOD F2B,91,5,0,91/5/0,26,30,True,1446
TCOD F2B,91,6,0,91/6/0,6,6,False,1447
TCOD F2B,91,7,0,91/7/0,23,30,True,1448
TCOD F2B,91,8,0,91/8/0,4,4,False,1449
TCOD F2B,91,9,0,91/9/0,18,30,True,1450
TCOD F2B,91,10,0,91/10/0,7,7,False,1451
TCOD F2B,91,11,0,91/11/0,13,30,True,1452
TCOD F2B,91,12,0,91/12/0,6,6,False,1453
TCOD F2B,91,13,0,91/13/0,16,30,True,1454
TCOD F2B,91,14,0,91/14/0,21,30,True,1455
TCOD F2B,91,15,0,91/15/0,15,30,True,1456
TCOD F2B,92,0,0,92/0/0,4,4,False,1457
TCOD F2B,92,1,0,92/1/0,13,30,True,1458
TCOD F2B,92,2,0,92/2/0,4,4,False,1459
TCOD F2B,92,3,0,92/3/0,7,7,False,1460
TCOD F2B,92,4,0,92/4/0,7,7,False,1461
TCOD F2B,92,5,0,92/5/0,4,4,False,1462
TCOD F2B,92,6,0,92/6/0,13,30,True,1463
TCOD F2B,92,7,0,92/7/0,22,30,True,1464
TCOD F2B,92,8,0,92/8/0,4,4,False,1465
TCOD F2B,92,9,0,92/9/0,7,7,False,1466
TCOD F2B,92,10,0,92/10/0,15,30,True,1467
TCOD F2B,92,11,0,92/11/0,17,30,True,1468
TCOD F2B,92,12,0,92/12/0,22,30,True,1469
TCOD F2B,92,13,0,92/13/0,13,30,True,1470
TCOD F2B,92,14,0,92/14/0,13,30,True,1471
TCOD F2B,92,15,0,92/15/0,7,7,False,1472
TCOD F2B,93,0,0,93/0/0,20,30,True,1473
TCOD F2B,93,1,0,93/1/0,8,8,False,1474
TCOD F2B,93,2,0,93/2/0,13,30,True,1475
TCOD F2B,93,3,0,93/3/0,5,5,False,1476
TCOD F2B,93,4,0,93/4/0,16,16,False,1477
TCOD F2B,93,5,0,93/5/0,13,30,True,1478
TCOD F2B,93,6,0,93/6/0,9,9,False,1479
TCOD F2B,93,7,0,93/7/0,7,7,False,1480
TCOD F2B,93,8,0,93/8/0,6,6,False,1481
TCOD F2B,93,9,0,93/9/0,11,30,True,1482
TCOD F2B,93,10,0,93/10/0,11,30,True,1483
TCOD F2B,93,11,0,93/11/0,9,9,False,1484
TCOD F2B,93,12,0,93/12/0,20,30,True,1485
TCOD F2B,93,13,0,93/13/0,6,6,False,1486
TCOD F2B,93,14,0,93/14/0,4,4,False,1487
TCOD F2B,93,15,0,93/15/0,5,5,False,1488
TCOD F2B,94,0,0,94/0/0,20,30,True,1489
TCOD F2B,94,1,0,94/1/0,4,4,False,1490
TCOD F2B,94,2,0,94/2/0,8,8,False,1491
TCOD F2B,94,3,0,94/3/0,13,13,False,1492
TCOD F2B,94,4,0,94/4/0,7,7,False,1493
TCOD F2B,94,5,0,94/5/0,6,6,False,1494
TCOD F2B,94,6,0,94/6/0,19,30,True,1495
TCOD F2B,94,7,0,94/7/0,7,7,False,1496
TCOD F2B,94,8,0,94/8/0,9,9,False,1497
TCOD F2B,94,9,0,94/9/0,6,6,False,1498
TCOD F2B,94,10,0,94/10/0,7,7,False,1499
TCOD F2B,94,11,0,94/11/0,6,6,False,1500
TCOD F2B,94,12,0,94/12/0,21,21,False,1501
TCOD F2B,94,13,0,94/13/0,14,30,True,1502
TCOD F2B,94,14,0,94/14/0,13,13,False,1503
TCOD F2B,94,15,0,94/15/0,6,6,False,1504
TCOD F2B,95,0,0,95/0/0,6,6,False,1505
TCOD F2B,95,1,0,95/1/0,16,30,True,1506
TCOD F2B,95,2,0,95/2/0,4,4,False,1507
TCOD F2B,95,3,0,95/3/0,20,30,True,1508
TCOD F2B,95,4,0,95/4/0,4,4,False,1509
TCOD F2B,95,5,0,95/5/0,10,10,False,1510
TCOD F2B,95,6,0,95/6/0,11,11,False,1511
TCOD F2B,95,7,0,95/7/0,11,11,False,1512
TCOD F2B,95,8,0,95/8/0,21,30,True,1513
TCOD F2B,95,9,0,95/9/0,8,8,False,1514
TCOD F2B,95,10,0,95/10/0,27,30,True,1515
TCOD F2B,95,11,0,95/11/0,6,6,False,1516
TCOD F2B,95,12,0,95/12/0,7,7,False,1517
TCOD F2B,95,13,0,95/13/0,7,7,False,1518
TCOD F2B,95,14,0,95/14/0,7,7,False,1519
TCOD F2B,95,15,0,95/15/0,5,5,False,1520
TCOD F2B,96,0,0,96/0/0,7,7,False,1521
TCOD F2B,96,1,0,96/1/0,7,7,False,1522
TCOD F2B,96,2,0,96/2/0,7,7,False,1523
TCOD F2B,96,3,0,96/3/0,17,30,True,1524
TCOD F2B,96,4,0,96/4/0,10,10,False,1525
TCOD F2B,96,5,0,96/5/0,3,3,False,1526
TCOD F2B,96,6,0,96/6/0,4,4,False,1527
TCOD F2B,96,7,0,96/7/0,21,30,True,1528
TCOD F2B,96,8,0,96/8/0,17,30,True,1529
TCOD F2B,96,9,0,96/9/0,14,30,True,1530
TCOD F2B,96,10,0,96/10/0,16,30,True,1531
TCOD F2B,96,11,0,96/11/0,7,7,False,1532
TCOD F2B,96,12,0,96/12/0,8,8,False,1533
TCOD F2B,96,13,0,96/13/0,8,8,False,1534
TCOD F2B,96,14,0,96/14/0,7,7,False,1535
TCOD F2B,96,15,0,96/15/0,7,7,False,1536
TCOD F2B,97,0,0,97/0/0,8,8,False,1537
TCOD F2B,97,1,0,97/1/0,9,9,False,1538
TCOD F2B,97,2,0,97/2/0,27,30,True,1539
TCOD F2B,97,3,0,97/3/0,17,17,False,1540
TCOD F2B,97,4,0,97/4/0,7,7,False,1541
TCOD F2B,97,5,0,97/5/0,22,30,True,1542
TCOD F2B,97,6,0,97/6/0,14,14,False,1543
TCOD F2B,97,7,0,97/7/0,7,7,False,1544
TCOD F2B,97,8,0,97/8/0,21,30,True,1545
TCOD F2B,97,9,0,97/9/0,6,6,False,1546
TCOD F2B,97,10,0,97/10/0,8,8,False,1547
TCOD F2B,97,11,0,97/11/0,4,4,False,1548
TCOD F2B,97,12,0,97/12/0,17,30,True,1549
TCOD F2B,97,13,0,97/13/0,4,4,False,1550
TCOD F2B,97,14,0,97/14/0,17,30,True,1551
TCOD F2B,97,15,0,97/15/0,7,7,False,1552
TCOD F2B,98,0,0,98/0/0,5,5,False,1553
TCOD F2B,98,1,0,98/1/0,16,30,True,1554
TCOD F2B,98,2,0,98/2/0,3,3,False,1555
TCOD F2B,98,3,0,98/3/0,4,4,False,1556
TCOD F2B,98,4,0,98/4/0,20,30,True,1557
TCOD F2B,98,5,0,98/5/0,8,8,False,1558
TCOD F2B,98,6,0,98/6/0,15,30,True,1559
TCOD F2B,98,7,0,98/7/0,8,8,False,1560
TCOD F2B,98,8,0,98/8/0,16,30,True,1561
TCOD F2B,98,9,0,98/9/0,16,16,False,1562
TCOD F2B,98,10,0,98/10/0,6,6,False,1563
TCOD F2B,98,11,0,98/11/0,16,16,False,1564
TCOD F2B,98,12,0,98/12/0,23,30,True,1565
TCOD F2B,98,13,0,98/13/0,6,6,False,1566
TCOD F2B,98,14,0,98/14/0,17,30,True,1567
TCOD F2B,98,15,0,98/15/0,6,6,False,1568
TCOD F2B,99,0,0,99/0/0,21,30,True,1569
TCOD F2B,99,1,0,99/1/0,13,30,True,1570
TCOD F2B,99,2,0,99/2/0,23,30,True,1571
TCOD F2B,99,3,0,99/3/0,5,5,False,1572
TCOD F2B,99,4,0,99/4/0,24,30,True,1573
TCOD F2B,99,5,0,99/5/0,10,30,True,1574
TCOD F2B,99,6,0,99/6/0,4,4,False,1575
TCOD F2B,99,7,0,99/7/0,6,6,False,1576
TCOD F2B,99,8,0,99/8/0,15,30,True,1577
TCOD F2B,99,9,0,99/9/0,16,30,True,1578
TCOD F2B,99,10,0,99/10/0,7,7,False,1579
TCOD F2B,99,11,0,99/11/0,7,7,False,1580
TCOD F2B,99,12,0,99/12/0,16,30,True,1581
TCOD F2B,99,13,0,99/13/0,7,7,False,1582
TCOD F2B,99,14,0,99/14/0,24,30,True,1583
TCOD F2B,99,15,0,99/15/0,15,30,True,1584
TCOD F2B,100,0,0,100/0/0,20,30,True,1585
TCOD F2B,100,1,0,100/1/0,7,7,False,1586
TCOD F2B,100,2,0,100/2/0,9,9,False,1587
TCOD F2B,100,3,0,100/3/0,16,30,True,1588
TCOD F2B,100,4,0,100/4/0,7,7,False,1589
TCOD F2B,100,5,0,100/5/0,16,30,True,1590
TCOD F2B,100,6,0,100/6/0,4,4,False,1591
TCOD F2B,100,7,0,100/7/0,7,7,False,1592
TCOD F2B,100,8,0,100/8/0,4,4,False,1593
TCOD F2B,100,9,0,100/9/0,25,30,True,1594
TCOD F2B,100,10,0,100/10/0,9,9,False,1595
TCOD F2B,100,11,0,100/11/0,11,11,False,1596
TCOD F2B,100,12,0,100/12/0,5,5,False,1597
TCOD F2B,100,13,0,100/13/0,8,8,False,1598
TCOD F2B,100,14,0,100/14/0,5,5,False,1599
TCOD F2B,100,15,0,100/15/0,8,8,False,1600
TCOD F2B,101,0,0,101/0/0,7,7,False,1601
TCOD F2B,101,1,0,101/1/0,4,4,False,1602
TCOD F2B,101,2,0,101/2/0,9,9,False,1603
TCOD F2B,101,3,0,101/3/0,5,5,False,1604
TCOD F2B,101,4,0,101/4/0,4,4,False,1605
TCOD F2B,101,5,0,101/5/0,20,30,True,1606
TCOD F2B,101,6,0,101/6/0,11,11,False,1607
TCOD F2B,101,7,0,101/7/0,5,5,False,1608
TCOD F2B,101,8,0,101/8/0,18,30,True,1609
TCOD F2B,101,9,0,101/9/0,15,30,True,1610
TCOD F2B,101,10,0,101/10/0,4,4,False,1611
TCOD F2B,101,11,0,101/11/0,7,7,False,1612
TCOD F2B,101,12,0,101/12/0,21,30,True,1613
TCOD F2B,101,13,0,101/13/0,7,7,False,1614
TCOD F2B,101,14,0,101/14/0,13,30,True,1615
TCOD F2B,101,15,0,101/15/0,15,30,True,1616
TCOD F2B,102,0,0,102/0/0,12,12,False,1617
TCOD F2B,102,1,0,102/1/0,8,8,False,1618
TCOD F2B,102,2,0,102/2/0,21,30,True,1619
TCOD F2B,102,3,0,102/3/0,4,4,False,1620
TCOD F2B,102,4,0,102/4/0,4,4,False,1621
TCOD F2B,102,5,0,102/5/0,9,9,False,1622
TCOD F2B,102,6,0,102/6/0,22,30,True,1623
TCOD F2B,102,7,0,102/7/0,5,5,False,1624
TCOD F2B,102,8,0,102/8/0,21,30,True,1625
TCOD F2B,102,9,0,102/9/0,24,30,True,1626
TCOD F2B,102,10,0,102/10/0,5,5,False,1627
TCOD F2B,102,11,0,102/11/0,16,30,True,1628
TCOD F2B,102,12,0,102/12/0,4,4,False,1629
TCOD F2B,102,13,0,102/13/0,8,8,False,1630
TCOD F2B,102,14,0,102/14/0,15,15,False,1631
TCOD F2B,102,15,0,102/15/0,7,7,False,1632
TCOD F2B,103,0,0,103/0/0,5,5,False,1633
TCOD F2B,103,1,0,103/1/0,15,15,False,1634
TCOD F2B,103,2,0,103/2/0,13,13,False,1635
TCOD F2B,103,3,0,103/3/0,14,30,True,1636
TCOD F2B,103,4,0,103/4/0,7,7,False,1637
TCOD F2B,103,5,0,103/5/0,6,6,False,1638
TCOD F2B,103,6,0,103/6/0,20,30,True,1639
TCOD F2B,103,7,0,103/7/0,6,6,False,1640
TCOD F2B,103,8,0,103/8/0,15,30,True,1641
TCOD F2B,103,9,0,103/9/0,12,30,True,1642
TCOD F2B,103,10,0,103/10/0,13,13,False,1643
TCOD F2B,103,11,0,103/11/0,11,11,False,1644
TCOD F2B,103,12,0,103/12/0,5,5,False,1645
TCOD F2B,103,13,0,103/13/0,10,10,False,1646
TCOD F2B,103,14,0,103/14/0,4,4,False,1647
TCOD F2B,103,15,0,103/15/0,7,7,False,1648
TCOD F2B,104,0,0,104/0/0,7,7,False,1649
TCOD F2B,104,1,0,104/1/0,22,30,True,1650
TCOD F2B,104,2,0,104/2/0,8,8,False,1651
TCOD F2B,104,3,0,104/3/0,6,6,False,1652
TCOD F2B,104,4,0,104/4/0,8,8,False,1653
TCOD F2B,104,5,0,104/5/0,7,7,False,1654
TCOD F2B,104,6,0,104/6/0,18,30,True,1655
TCOD F2B,104,7,0,104/7/0,6,6,False,1656
TCOD F2B,104,8,0,104/8/0,18,18,False,1657
TCOD F2B,104,9,0,104/9/0,6,6,False,1658
TCOD F2B,104,10,0,104/10/0,4,4,False,1659
TCOD F2B,104,11,0,104/11/0,15,30,True,1660
TCOD F2B,104,12,0,104/12/0,19,19,False,1661
TCOD F2B,104,13,0,104/13/0,8,8,False,1662
TCOD F2B,104,14,0,104/14/0,12,12,False,1663
TCOD F2B,104,15,0,104/15/0,15,15,False,1664
TCOD F2B,105,0,0,105/0/0,18,30,True,1665
TCOD F2B,105,1,0,105/1/0,20,30,True,1666
TCOD F2B,105,2,0,105/2/0,4,4,False,1667
TCOD F2B,105,3,0,105/3/0,4,4,False,1668
TCOD F2B,105,4,0,105/4/0,11,11,False,1669
TCOD F2B,105,5,0,105/5/0,12,12,False,1670
TCOD F2B,105,6,0,105/6/0,21,30,True,1671
TCOD F2B,105,7,0,105/7/0,8,8,False,1672
TCOD F2B,105,8,0,105/8/0,12,12,False,1673
TCOD F2B,105,9,0,105/9/0,7,7,False,1674
TCOD F2B,105,10,0,105/10/0,15,30,True,1675
TCOD F2B,105,11,0,105/11/0,7,7,False,1676
TCOD F2B,105,12,0,105/12/0,13,30,True,1677
TCOD F2B,105,13,0,105/13/0,7,7,False,1678
TCOD F2B,105,14,0,105/14/0,25,30,True,1679
TCOD F2B,105,15,0,105/15/0,23,30,True,1680
TCOD F2B,106,0,0,106/0/0,12,12,False,1681
TCOD F2B,106,1,0,106/1/0,21,30,True,1682
TCOD F2B,106,2,0,106/2/0,7,7,False,1683
TCOD F2B,106,3,0,106/3/0,4,4,False,1684
TCOD F2B,106,4,0,106/4/0,4,4,False,1685
TCOD F2B,106,5,0,106/5/0,3,3,False,1686
TCOD F2B,106,6,0,106/6/0,12,12,False,1687
TCOD F2B,106,7,0,106/7/0,13,30,True,1688
TCOD F2B,106,8,0,106/8/0,9,9,False,1689
TCOD F2B,106,9,0,106/9/0,4,4,False,1690
TCOD F2B,106,10,0,106/10/0,6,6,False,1691
TCOD F2B,106,11,0,106/11/0,4,4,False,1692
TCOD F2B,106,12,0,106/12/0,7,7,False,1693
TCOD F2B,106,13,0,106/13/0,19,30,True,1694
TCOD F2B,106,14,0,106/14/0,20,30,True,1695
TCOD F2B,106,15,0,106/15/0,5,5,False,1696
TCOD F2B,107,0,0,107/0/0,25,30,True,1697
TCOD F2B,107,1,0,107/1/0,4,4,False,1698
TCOD F2B,107,2,0,107/2/0,4,4,False,1699
TCOD F2B,107,3,0,107/3/0,15,15,False,1700
TCOD F2B,107,4,0,107/4/0,23,30,True,1701
TCOD F2B,107,5,0,107/5/0,3,3,False,1702
TCOD F2B,107,6,0,107/6/0,6,6,False,1703
TCOD F2B,107,7,0,107/7/0,15,30,True,1704
TCOD F2B,107,8,0,107/8/0,4,4,False,1705
TCOD F2B,107,9,0,107/9/0,4,4,False,1706
TCOD F2B,107,10,0,107/10/0,15,30,True,1707
TCOD F2B,107,11,0,107/11/0,24,30,True,1708
TCOD F2B,107,12,0,107/12/0,12,12,False,1709
TCOD F2B,107,13,0,107/13/0,23,30,True,1710
TCOD F2B,107,14,0,107/14/0,8,8,False,1711
TCOD F2B,107,15,0,107/15/0,7,7,False,1712
TCOD F2B,108,0,0,108/0/0,4,4,False,1713
TCOD F2B,108,1,0,108/1/0,9,9,False,1714
TCOD F2B,108,2,0,108/2/0,21,30,True,1715
TCOD F2B,108,3,0,108/3/0,7,7,False,1716
TCOD F2B,108,4,0,108/4/0,12,30,True,1717
TCOD F2B,108,5,0,108/5/0,7,7,False,1718
TCOD F2B,108,6,0,108/6/0,10,10,False,1719
TCOD F2B,108,7,0,108/7/0,7,7,False,1720
TCOD F2B,108,8,0,108/8/0,21,30,True,1721
TCOD F2B,108,9,0,108/9/0,25,30,True,1722
TCOD F2B,108,10,0,108/10/0,15,15,False,1723
TCOD F2B,108,11,0,108/11/0,8,8,False,1724
TCOD F2B,108,12,0,108/12/0,6,6,False,1725
TCOD F2B,108,13,0,108/13/0,15,30,True,1726
TCOD F2B,108,14,0,108/14/0,14,14,False,1727
TCOD F2B,108,15,0,108/15/0,14,14,False,1728
TCOD F2B,109,0,0,109/0/0,14,30,True,1729
TCOD F2B,109,1,0,109/1/0,15,15,False,1730
TCOD F2B,109,2,0,109/2/0,11,11,False,1731
TCOD F2B,109,3,0,109/3/0,7,7,False,1732
TCOD F2B,109,4,0,109/4/0,14,30,True,1733
TCOD F2B,109,5,0,109/5/0,24,30,True,1734
TCOD F2B,109,6,0,109/6/0,8,8,False,1735
TCOD F2B,109,7,0,109/7/0,4,4,False,1736
TCOD F2B,109,8,0,109/8/0,6,6,False,1737
TCOD F2B,109,9,0,109/9/0,6,6,False,1738
TCOD F2B,109,10,0,109/10/0,6,6,False,1739
TCOD F2B,109,11,0,109/11/0,14,30,True,1740
TCOD F2B,109,12,0,109/12/0,7,7,False,1741
TCOD F2B,109,13,0,109/13/0,9,9,False,1742
TCOD F2B,109,14,0,109/14/0,10,10,False,1743
TCOD F2B,109,15,0,109/15/0,7,7,False,1744
TCOD F2B,110,0,0,110/0/0,22,30,True,1745
TCOD F2B,110,1,0,110/1/0,10,10,False,1746
TCOD F2B,110,2,0,110/2/0,17,30,True,1747
TCOD F2B,110,3,0,110/3/0,14,30,True,1748
TCOD F2B,110,4,0,110/4/0,15,15,False,1749
TCOD F2B,110,5,0,110/5/0,4,4,False,1750
TCOD F2B,110,6,0,110/6/0,4,4,False,1751
TCOD F2B,110,7,0,110/7/0,4,4,False,1752
TCOD F2B,110,8,0,110/8/0,8,8,False,1753
TCOD F2B,110,9,0,110/9/0,5,5,False,1754
TCOD F2B,110,10,0,110/10/0,16,30,True,1755
TCOD F2B,110,11,0,110/11/0,7,7,False,1756
TCOD F2B,110,12,0,110/12/0,22,30,True,1757
TCOD F2B,110,13,0,110/13/0,6,6,False,1758
TCOD F2B,110,14,0,110/14/0,10,10,False,1759
TCOD F2B,110,15,0,110/15/0,13,30,True,1760
TCOD F2B,111,0,0,111/0/0,7,7,False,1761
TCOD F2B,111,1,0,111/1/0,6,6,False,1762
TCOD F2B,111,2,0,111/2/0,6,6,False,1763
TCOD F2B,111,3,0,111/3/0,22,30,True,1764
TCOD F2B,111,4,0,111/4/0,11,11,False,1765
TCOD F2B,111,5,0,111/5/0,8,8,False,1766
TCOD F2B,111,6,0,111/6/0,3,3,False,1767
TCOD F2B,111,7,0,111/7/0,10,10,False,1768
TCOD F2B,111,8,0,111/8/0,14,30,True,1769
TCOD F2B,111,9,0,111/9/0,8,8,False,1770
TCOD F2B,111,10,0,111/10/0,17,30,True,1771
TCOD F2B,111,11,0,111/11/0,13,30,True,1772
TCOD F2B,111,12,0,111/12/0,14,30,True,1773
TCOD F2B,111,13,0,111/13/0,11,11,False,1774
TCOD F2B,111,14,0,111/14/0,15,30,True,1775
TCOD F2B,111,15,0,111/15/0,15,30,True,1776
TCOD F2B,112,0,0,112/0/0,7,7,False,1777
TCOD F2B,112,1,0,112/1/0,9,9,False,1778
TCOD F2B,112,2,0,112/2/0,21,30,True,1779
TCOD F2B,112,3,0,112/3/0,7,7,False,1780
TCOD F2B,112,4,0,112/4/0,11,11,False,1781
TCOD F2B,112,5,0,112/5/0,9,9,False,1782
TCOD F2B,112,6,0,112/6/0,6,6,False,1783
TCOD F2B,112,7,0,112/7/0,7,7,False,1784
TCOD F2B,112,8,0,112/8/0,7,7,False,1785
TCOD F2B,112,9,0,112/9/0,6,6,False,1786
TCOD F2B,112,10,0,112/10/0,20,30,True,1787
TCOD F2B,112,11,0,112/11/0,20,20,False,1788
TCOD F2B,112,12,0,112/12/0,8,8,False,1789
TCOD F2B,112,13,0,112/13/0,6,6,False,1790
TCOD F2B,112,14,0,112/14/0,13,13,False,1791
TCOD F2B,112,15,0,112/15/0,17,30,True,1792
TCOD F2B,113,0,0,113/0/0,8,8,False,1793
TCOD F2B,113,1,0,113/1/0,7,7,False,1794
TCOD F2B,113,2,0,113/2/0,4,4,False,1795
TCOD F2B,113,3,0,113/3/0,13,30,True,1796
TCOD F2B,113,4,0,113/4/0,12,30,True,1797
TCOD F2B,113,5,0,113/5/0,5,5,False,1798
TCOD F2B,113,6,0,113/6/0,25,30,True,1799
TCOD F2B,113,7,0,113/7/0,22,30,True,1800
TCOD F2B,113,8,0,113/8/0,12,12,False,1801
TCOD F2B,113,9,0,113/9/0,8,8,False,1802
TCOD F2B,113,10,0,113/10/0,20,30,True,1803
TCOD F2B,113,11,0,113/11/0,12,12,False,1804
TCOD F2B,113,12,0,113/12/0,8,8,False,1805
TCOD F2B,113,13,0,113/13/0,20,30,True,1806
TCOD F2B,113,14,0,113/14/0,6,6,False,1807
TCOD F2B,113,15,0,113/15/0,8,8,False,1808
TCOD F2B,114,0,0,114/0/0,7,7,False,1809
TCOD F2B,114,1,0,114/1/0,21,30,True,1810
TCOD F2B,114,2,0,114/2/0,4,4,False,1811
TCOD F2B,114,3,0,114/3/0,8,8,False,1812
TCOD F2B,114,4,0,114/4/0,5,5,False,1813
TCOD F2B,114,5,0,114/5/0,15,30,True,1814
TCOD F2B,114,6,0,114/6/0,21,30,True,1815
TCOD F2B,114,7,0,114/7/0,18,30,True,1816
TCOD F2B,114,8,0,114/8/0,8,8,False,1817
TCOD F2B,114,9,0,114/9/0,4,4,False,1818
TCOD F2B,114,10,0,114/10/0,16,30,True,1819
TCOD F2B,114,11,0,114/11/0,16,30,True,1820
TCOD F2B,114,12,0,114/12/0,4,4,False,1821
TCOD F2B,114,13,0,114/13/0,4,4,False,1822
TCOD F2B,114,14,0,114/14/0,8,8,False,1823
TCOD F2B,114,15,0,114/15/0,8,8,False,1824
TCOD F2B,115,0,0,115/0/0,8,8,False,1825
TCOD F2B,115,1,0,115/1/0,7,7,False,1826
TCOD F2B,115,2,0,115/2/0,8,8,False,1827
TCOD F2B,115,3,0,115/3/0,13,13,False,1828
TCOD F2B,115,4,0,115/4/0,10,10,False,1829
TCOD F2B,115,5,0,115/5/0,11,11,False,1830
TCOD F2B,115,6,0,115/6/0,9,9,False,1831
TCOD F2B,115,7,0,115/7/0,7,7,False,1832
TCOD F2B,115,8,0,115/8/0,20,30,True,1833
TCOD F2B,115,9,0,115/9/0,9,9,False,1834
TCOD F2B,115,10,0,115/10/0,6,6,False,1835
TCOD F2B,115,11,0,115/11/0,15,30,True,1836
TCOD F2B,115,12,0,115/12/0,4,4,False,1837
TCOD F2B,115,13,0,115/13/0,14,14,False,1838
TCOD F2B,115,14,0,115/14/0,16,30,True,1839
TCOD F2B,115,15,0,115/15/0,4,4,False,1840
TCOD F2B,116,0,0,116/0/0,22,30,True,1841
TCOD F2B,116,1,0,116/1/0,7,7,False,1842
TCOD F2B,116,2,0,116/2/0,5,5,False,1843
TCOD F2B,116,3,0,116/3/0,21,30,True,1844
TCOD F2B,116,4,0,116/4/0,19,30,True,1845
TCOD F2B,116,5,0,116/5/0,7,7,False,1846
TCOD F2B,116,6,0,116/6/0,8,8,False,1847
TCOD F2B,116,7,0,116/7/0,16,30,True,1848
TCOD F2B,116,8,0,116/8/0,20,30,True,1849
TCOD F2B,116,9,0,116/9/0,25,30,True,1850
TCOD F2B,116,10,0,116/10/0,4,4,False,1851
TCOD F2B,116,11,0,116/11/0,18,30,True,1852
TCOD F2B,116,12,0,116/12/0,8,8,False,1853
TCOD F2B,116,13,0,116/13/0,21,21,False,1854
TCOD F2B,116,14,0,116/14/0,4,4,False,1855
TCOD F2B,116,15,0,116/15/0,4,4,False,1856
TCOD F2B,117,0,0,117/0/0,8,8,False,1857
TCOD F2B,117,1,0,117/1/0,5,5,False,1858
TCOD F2B,117,2,0,117/2/0,4,4,False,1859
TCOD F2B,117,3,0,117/3/0,4,4,False,1860
TCOD F2B,117,4,0,117/4/0,4,4,False,1861
TCOD F2B,117,5,0,117/5/0,5,5,False,1862
TCOD F2B,117,6,0,117/6/0,21,21,False,1863
TCOD F2B,117,7,0,117/7/0,17,30,True,1864
TCOD F2B,117,8,0,117/8/0,23,30,True,1865
TCOD F2B,117,9,0,117/9/0,18,30,True,1866
TCOD F2B,117,10,0,117/10/0,6,6,False,1867
TCOD F2B,117,11,0,117/11/0,20,30,True,1868
TCOD F2B,117,12,0,117/12/0,11,11,False,1869
TCOD F2B,117,13,0,117/13/0,19,30,True,1870
TCOD F2B,117,14,0,117/14/0,23,23,False,1871
TCOD F2B,117,15,0,117/15/0,23,30,True,1872
TCOD F2B,118,0,0,118/0/0,7,7,False,1873
TCOD F2B,118,1,0,118/1/0,14,30,True,1874
TCOD F2B,118,2,0,118/2/0,4,4,False,1875
TCOD F2B,118,3,0,118/3/0,6,6,False,1876
TCOD F2B,118,4,0,118/4/0,9,9,False,1877
TCOD F2B,118,5,0,118/5/0,9,9,False,1878
TCOD F2B,118,6,0,118/6/0,6,6,False,1879
TCOD F2B,118,7,0,118/7/0,24,30,True,1880
TCOD F2B,118,8,0,118/8/0,4,4,False,1881
TCOD F2B,118,9,0,118/9/0,8,8,False,1882
TCOD F2B,118,10,0,118/10/0,8,8,False,1883
TCOD F2B,118,11,0,118/11/0,6,6,False,1884
TCOD F2B,118,12,0,118/12/0,4,4,False,1885
TCOD F2B,118,13,0,118/13/0,5,5,False,1886
TCOD F2B,118,14,0,118/14/0,4,4,False,1887
TCOD F2B,118,15,0,118/15/0,12,12,False,1888
TCOD F2B,119,0,0,119/0/0,6,6,False,1889
TCOD F2B,119,1,0,119/1/0,6,6,False,1890
TCOD F2B,119,2,0,119/2/0,19,30,True,1891
TCOD F2B,119,3,0,119/3/0,8,8,False,1892
TCOD F2B,119,4,0,119/4/0,5,5,False,1893
TCOD F2B,119,5,0,119/5/0,17,30,True,1894
TCOD F2B,119,6,0,119/6/0,7,7,False,1895
TCOD F2B,119,7,0,119/7/0,4,4,False,1896
TCOD F2B,119,8,0,119/8/0,19,30,True,1897
TCOD F2B,119,9,0,119/9/0,20,30,True,1898
TCOD F2B,119,10,0,119/10/0,6,6,False,1899
TCOD F2B,119,11,0,119/11/0,4,4,False,1900
TCOD F2B,119,12,0,119/12/0,13,13,False,1901
TCOD F2B,119,13,0,119/13/0,8,8,False,1902
TCOD F2B,119,14,0,119/14/0,21,30,True,1903
TCOD F2B,119,15,0,119/15/0,8,8,False,1904
TCOD F2B,120,0,0,120/0/0,11,30,True,1905
TCOD F2B,120,1,0,120/1/0,14,14,False,1906
TCOD F2B,120,2,0,120/2/0,6,6,False,1907
TCOD F2B,120,3,0,120/3/0,4,4,False,1908
TCOD F2B,120,4,0,120/4/0,8,8,False,1909
TCOD F2B,120,5,0,120/5/0,9,9,False,1910
TCOD F2B,120,6,0,120/6/0,19,30,True,1911
TCOD F2B,120,7,0,120/7/0,4,4,False,1912
TCOD F2B,120,8,0,120/8/0,5,5,False,1913
TCOD F2B,120,9,0,120/9/0,8,8,False,1914
TCOD F2B,120,10,0,120/10/0,22,30,True,1915
TCOD F2B,120,11,0,120/11/0,5,5,False,1916
TCOD F2B,120,12,0,120/12/0,3,3,False,1917
TCOD F2B,120,13,0,120/13/0,7,7,False,1918
TCOD F2B,120,14,0,120/14/0,16,30,True,1919
TCOD F2B,120,15,0,120/15/0,4,4,False,1920
TCOD F2B,121,0,0,121/0/0,4,4,False,1921
TCOD F2B,121,1,0,121/1/0,17,30,True,1922
TCOD F2B,121,2,0,121/2/0,4,4,False,1923
TCOD F2B,121,3,0,121/3/0,4,4,False,1924
TCOD F2B,121,4,0,121/4/0,5,5,False,1925
TCOD F2B,121,5,0,121/5/0,6,6,False,1926
TCOD F2B,121,6,0,121/6/0,9,9,False,1927
TCOD F2B,121,7,0,121/7/0,4,4,False,1928
TCOD F2B,121,8,0,121/8/0,16,30,True,1929
TCOD F2B,121,9,0,121/9/0,8,8,False,1930
TCOD F2B,121,10,0,121/10/0,4,4,False,1931
TCOD F2B,121,11,0,121/11/0,10,10,False,1932
TCOD F2B,121,12,0,121/12/0,21,30,True,1933
TCOD F2B,121,13,0,121/13/0,8,8,False,1934
TCOD F2B,121,14,0,121/14/0,4,4,False,1935
TCOD F2B,121,15,0,121/15/0,17,30,True,1936
TCOD F2B,122,0,0,122/0/0,6,6,False,1937
TCOD F2B,122,1,0,122/1/0,6,6,False,1938
TCOD F2B,122,2,0,122/2/0,11,30,True,1939
TCOD F2B,122,3,0,122/3/0,7,7,False,1940
TCOD F2B,122,4,0,122/4/0,11,11,False,1941
TCOD F2B,122,5,0,122/5/0,13,30,True,1942
TCOD F2B,122,6,0,122/6/0,17,30,True,1943
TCOD F2B,122,7,0,122/7/0,16,16,False,1944
TCOD F2B,122,8,0,122/8/0,7,7,False,1945
TCOD F2B,122,9,0,122/9/0,8,8,False,1946
TCOD F2B,122,10,0,122/10/0,19,30,True,1947
TCOD F2B,122,11,0,122/11/0,16,30,True,1948
TCOD F2B,122,12,0,122/12/0,18,30,True,1949
TCOD F2B,122,13,0,122/13/0,21,30,True,1950
TCOD F2B,122,14,0,122/14/0,8,8,False,1951
TCOD F2B,122,15,0,122/15/0,12,30,True,1952
TCOD F2B,123,0,0,123/0/0,11,11,False,1953
TCOD F2B,123,1,0,123/1/0,8,8,False,1954
TCOD F2B,123,2,0,123/2/0,21,30,True,1955
TCOD F2B,123,3,0,123/3/0,7,7,False,1956
TCOD F2B,123,4,0,123/4/0,16,30,True,1957
TCOD F2B,123,5,0,123/5/0,8,8,False,1958
TCOD F2B,123,6,0,123/6/0,7,7,False,1959
TCOD F2B,123,7,0,123/7/0,4,4,False,1960
TCOD F2B,123,8,0,123/8/0,12,30,True,1961
TCOD F2B,123,9,0,123/9/0,23,30,True,1962
TCOD F2B,123,10,0,123/10/0,5,5,False,1963
TCOD F2B,123,11,0,123/11/0,16,30,True,1964
TCOD F2B,123,12,0,123/12/0,6,6,False,1965
TCOD F2B,123,13,0,123/13/0,8,8,False,1966
TCOD F2B,123,14,0,123/14/0,4,4,False,1967
TCOD F2B,123,15,0,123/15/0,8,8,False,1968
TCOD F2B,124,0,0,124/0/0,23,30,True,1969
TCOD F2B,124,1,0,124/1/0,9,9,False,1970
TCOD F2B,124,2,0,124/2/0,18,30,True,1971
TCOD F2B,124,3,0,124/3/0,12,30,True,1972
TCOD F2B,124,4,0,124/4/0,9,9,False,1973
TCOD F2B,124,5,0,124/5/0,13,13,False,1974
TCOD F2B,124,6,0,124/6/0,4,4,False,1975
TCOD F2B,124,7,0,124/7/0,8,8,False,1976
TCOD F2B,124,8,0,124/8/0,21,30,True,1977
TCOD F2B,124,9,0,124/9/0,5,5,False,1978
TCOD F2B,124,10,0,124/10/0,17,30,True,1979
TCOD F2B,124,11,0,124/11/0,7,7,False,1980
TCOD F2B,124,12,0,124/12/0,6,6,False,1981
TCOD F2B,124,13,0,124/13/0,5,5,False,1982
TCOD F2B,124,14,0,124/14/0,15,30,True,1983
TCOD F2B,124,15,0,124/15/0,5,5,False,1984
TCOD F2B,125,0,0,125/0/0,4,4,False,1985
TCOD F2B,125,1,0,125/1/0,7,7,False,1986
TCOD F2B,125,2,0,125/2/0,4,4,False,1987
TCOD F2B,125,3,0,125/3/0,11,11,False,1988
TCOD F2B,125,4,0,125/4/0,16,30,True,1989
TCOD F2B,125,5,0,125/5/0,6,6,False,1990
TCOD F2B,125,6,0,125/6/0,4,4,False,1991
TCOD F2B,125,7,0,125/7/0,22,30,True,1992
TCOD F2B,125,8,0,125/8/0,13,30,True,1993
TCOD F2B,125,9,0,125/9/0,5,5,False,1994
TCOD F2B,125,10,0,125/10/0,5,5,False,1995
TCOD F2B,125,11,0,125/11/0,14,30,True,1996
TCOD F2B,125,12,0,125/12/0,6,6,False,1997
TCOD F2B,125,13,0,125/13/0,7,7,False,1998
TCOD F2B,125,14,0,125/14/0,11,11,False,1999
TCOD F2B,125,15,0,125/15/0,6,6,False,2000
TCOD F2B,126,0,0,126/0/0,4,4,False,2001
TCOD F2B,126,1,0,126/1/0,21,30,True,2002
TCOD F2B,126,2,0,126/2/0,6,6,False,2003
TCOD F2B,126,3,0,126/3/0,6,6,False,2004
TCOD F2B,126,4,0,126/4/0,12,30,True,2005
TCOD F2B,126,5,0,126/5/0,4,4,False,2006
TCOD F2B,126,6,0,126/6/0,13,30,True,2007
TCOD F2B,126,7,0,126/7/0,7,7,False,2008
TCOD F2B,126,8,0,126/8/0,18,30,True,2009
TCOD F2B,126,9,0,126/9/0,21,21,False,2010
TCOD F2B,126,10,0,126/10/0,13,30,True,2011
TCOD F2B,126,11,0,126/11/0,13,30,True,2012
TCOD F2B,126,12,0,126/12/0,4,4,False,2013
TCOD F2B,126,13,0,126/13/0,7,7,False,2014
TCOD F2B,126,14,0,126/14/0,14,30,True,2015
TCOD F2B,126,15,0,126/15/0,7,7,False,2016
TCOD F2B,127,0,0,127/0/0,16,16,False,2017
TCOD F2B,127,1,0,127/1/0,7,7,False,2018
TCOD F2B,127,2,0,127/2/0,14,30,True,2019
TCOD F2B,127,3,0,127/3/0,4,4,False,2020
TCOD F2B,127,4,0,127/4/0,6,6,False,2021
TCOD F2B,127,5,0,127/5/0,27,30,True,2022
TCOD F2B,127,6,0,127/6/0,17,17,False,2023
TCOD F2B,127,7,0,127/7/0,13,30,True,2024
TCOD F2B,127,8,0,127/8/0,5,5,False,2025
TCOD F2B,127,9,0,127/9/0,6,6,False,2026
TCOD F2B,127,10,0,127/10/0,7,7,False,2027
TCOD F2B,127,11,0,127/11/0,6,6,False,2028
TCOD F2B,127,12,0,127/12/0,8,8,False,2029
TCOD F2B,127,13,0,127/13/0,17,30,True,2030
TCOD F2B,127,14,0,127/14/0,7,7,False,2031
TCOD F2B,127,15,0,127/15/0,15,30,True,2032
TCOD F2B,128,0,0,128/0/0,15,30,True,2033
TCOD F2B,128,1,0,128/1/0,10,10,False,2034
TCOD F2B,128,2,0,128/2/0,9,9,False,2035
TCOD F2B,128,3,0,128/3/0,6,6,False,2036
TCOD F2B,128,4,0,128/4/0,6,6,False,2037
TCOD F2B,128,5,0,128/5/0,6,6,False,2038
TCOD F2B,128,6,0,128/6/0,4,4,False,2039
TCOD F2B,128,7,0,128/7/0,7,7,False,2040
TCOD F2B,128,8,0,128/8/0,21,30,True,2041
TCOD F2B,128,9,0,128/9/0,24,30,True,2042
TCOD F2B,128,10,0,128/10/0,5,5,False,2043
TCOD F2B,128,11,0,128/11/0,14,14,False,2044
TCOD F2B,128,12,0,128/12/0,20,30,True,2045
TCOD F2B,128,13,0,128/13/0,7,7,False,2046
TCOD F2B,128,14,0,128/14/0,6,6,False,2047
TCOD F2B,128,15,0,128/15/0,9,9,False,2048
TCOD F2B,129,0,0,129/0/0,21,30,True,2049
TCOD F2B,129,1,0,129/1/0,6,6,False,2050
TCOD F2B,129,2,0,129/2/0,10,10,False,2051
TCOD F2B,129,3,0,129/3/0,7,7,False,2052
TCOD F2B,129,4,0,129/4/0,10,10,False,2053
TCOD F2B,129,5,0,129/5/0,12,12,False,2054
TCOD F2B,129,6,0,129/6/0,7,7,False,2055
TCOD F2B,129,7,0,129/7/0,15,30,True,2056
TCOD F2B,129,8,0,129/8/0,22,22,False,2057
TCOD F2B,129,9,0,129/9/0,8,8,False,2058
TCOD F2B,129,10,0,129/10/0,18,30,True,2059
TCOD F2B,129,11,0,129/11/0,4,4,False,2060
TCOD F2B,129,12,0,129/12/0,6,6,False,2061
TCOD F2B,129,13,0,129/13/0,17,30,True,2062
TCOD F2B,129,14,0,129/14/0,4,4,False,2063
TCOD F2B,129,15,0,129/15/0,6,6,False,2064
TCOD F2B,130,0,0,130/0/0,10,10,False,2065
TCOD F2B,130,1,0,130/1/0,7,7,False,2066
TCOD F2B,130,2,0,130/2/0,22,30,True,2067
TCOD F2B,130,3,0,130/3/0,16,30,True,2068
TCOD F2B,130,4,0,130/4/0,11,11,False,2069
TCOD F2B,130,5,0,130/5/0,20,30,True,2070
TCOD F2B,130,6,0,130/6/0,4,4,False,2071
TCOD F2B,130,7,0,130/7/0,9,9,False,2072
TCOD F2B,130,8,0,130/8/0,11,11,False,2073
TCOD F2B,130,9,0,130/9/0,4,4,False,2074
TCOD F2B,130,10,0,130/10/0,21,30,True,2075
TCOD F2B,130,11,0,130/11/0,22,30,True,2076
TCOD F2B,130,12,0,130/12/0,6,6,False,2077
TCOD F2B,130,13,0,130/13/0,6,6,False,2078
TCOD F2B,130,14,0,130/14/0,16,30,True,2079
TCOD F2B,130,15,0,130/15/0,12,12,False,2080
TCOD F2B,131,0,0,131/0/0,4,4,False,2081
TCOD F2B,131,1,0,131/1/0,4,4,False,2082
TCOD F2B,131,2,0,131/2/0,10,10,False,2083
TCOD F2B,131,3,0,131/3/0,8,8,False,2084
TCOD F2B,131,4,0,131/4/0,13,30,True,2085
TCOD F2B,131,5,0,131/5/0,8,8,False,2086
TCOD F2B,131,6,0,131/6/0,11,11,False,2087
TCOD F2B,131,7,0,131/7/0,4,4,False,2088
TCOD F2B,131,8,0,131/8/0,16,30,True,2089
TCOD F2B,131,9,0,131/9/0,7,7,False,2090
TCOD F2B,131,10,0,131/10/0,5,5,False,2091
TCOD F2B,131,11,0,131/11/0,4,4,False,2092
TCOD F2B,131,12,0,131/12/0,9,9,False,2093
TCOD F2B,131,13,0,131/13/0,6,6,False,2094
TCOD F2B,131,14,0,131/14/0,7,7,False,2095
TCOD F2B,131,15,0,131/15/0,6,6,False,2096
TCOD F2B,132,0,0,132/0/0,16,16,False,2097
TCOD F2B,132,1,0,132/1/0,8,8,False,2098
TCOD F2B,132,2,0,132/2/0,7,7,False,2099
TCOD F2B,132,3,0,132/3/0,12,12,False,2100
TCOD F2B,132,4,0,132/4/0,11,11,False,2101
TCOD F2B,132,5,0,132/5/0,21,30,True,2102
TCOD F2B,132,6,0,132/6/0,22,30,True,2103
TCOD F2B,132,7,0,132/7/0,17,30,True,2104
TCOD F2B,132,8,0,132/8/0,8,8,False,2105
TCOD F2B,132,9,0,132/9/0,7,7,False,2106
TCOD F2B,132,10,0,132/10/0,4,4,False,2107
TCOD F2B,132,11,0,132/11/0,6,6,False,2108
TCOD F2B,132,12,0,132/12/0,4,4,False,2109
TCOD F2B,132,13,0,132/13/0,15,30,True,2110
TCOD F2B,132,14,0,132/14/0,5,5,False,2111
TCOD F2B,132,15,0,132/15/0,9,9,False,2112
TCOD F2B,133,0,0,133/0/0,17,30,True,2113
TCOD F2B,133,1,0,133/1/0,9,9,False,2114
TCOD F2B,133,2,0,133/2/0,4,4,False,2115
TCOD F2B,133,3,0,133/3/0,6,6,False,2116
TCOD F2B,133,4,0,133/4/0,17,30,True,2117
TCOD F2B,133,5,0,133/5/0,13,30,True,2118
TCOD F2B,133,6,0,133/6/0,24,30,True,2119
TCOD F2B,133,7,0,133/7/0,7,7,False,2120
TCOD F2B,133,8,0,133/8/0,6,6,False,2121
TCOD F2B,133,9,0,133/9/0,5,5,False,2122
TCOD F2B,133,10,0,133/10/0,6,6,False,2123
TCOD F2B,133,11,0,133/11/0,7,7,False,2124
TCOD F2B,133,12,0,133/12/0,15,30,True,2125
TCOD F2B,133,13,0,133/13/0,21,30,True,2126
TCOD F2B,133,14,0,133/14/0,9,9,False,2127
TCOD F2B,133,15,0,133/15/0,4,4,False,2128
TCOD F2B,134,0,0,134/0/0,14,30,True,2129
TCOD F2B,134,1,0,134/1/0,7,7,False,2130
TCOD F2B,134,2,0,134/2/0,6,6,False,2131
TCOD F2B,134,3,0,134/3/0,21,30,True,2132
TCOD F2B,134,4,0,134/4/0,8,8,False,2133
TCOD F2B,134,5,0,134/5/0,7,7,False,2134
TCOD F2B,134,6,0,134/6/0,18,18,False,2135
TCOD F2B,134,7,0,134/7/0,6,6,False,2136
TCOD F2B,134,8,0,134/8/0,14,14,False,2137
TCOD F2B,134,9,0,134/9/0,16,30,True,2138
TCOD F2B,134,10,0,134/10/0,12,30,True,2139
TCOD F2B,134,11,0,134/11/0,4,4,False,2140
TCOD F2B,134,12,0,134/12/0,18,30,True,2141
TCOD F2B,134,13,0,134/13/0,5,5,False,2142
TCOD F2B,134,14,0,134/14/0,20,30,True,2143
TCOD F2B,134,15,0,134/15/0,9,9,False,2144
TCOD F2B,135,0,0,135/0/0,4,4,False,2145
TCOD F2B,135,1,0,135/1/0,8,8,False,2146
TCOD F2B,135,2,0,135/2/0,18,30,True,2147
TCOD F2B,135,3,0,135/3/0,4,4,False,2148
TCOD F2B,135,4,0,135/4/0,10,10,False,2149
TCOD F2B,135,5,0,135/5/0,9,9,False,2150
TCOD F2B,135,6,0,135/6/0,9,9,False,2151
TCOD F2B,135,7,0,135/7/0,7,7,False,2152
TCOD F2B,135,8,0,135/8/0,5,5,False,2153
TCOD F2B,135,9,0,135/9/0,6,6,False,2154
TCOD F2B,135,10,0,135/10/0,4,4,False,2155
TCOD F2B,135,11,0,135/11/0,7,7,False,2156
TCOD F2B,135,12,0,135/12/0,5,5,False,2157
TCOD F2B,135,13,0,135/13/0,6,6,False,2158
TCOD F2B,135,14,0,135/14/0,16,16,False,2159
TCOD F2B,135,15,0,135/15/0,13,13,False,2160
TCOD F2B,136,0,0,136/0/0,25,30,True,2161
TCOD F2B,136,1,0,136/1/0,14,30,True,2162
TCOD F2B,136,2,0,136/2/0,14,30,True,2163
TCOD F2B,136,3,0,136/3/0,10,10,False,2164
TCOD F2B,136,4,0,136/4/0,9,9,False,2165
TCOD F2B,136,5,0,136/5/0,4,4,False,2166
TCOD F2B,136,6,0,136/6/0,9,9,False,2167
TCOD F2B,136,7,0,136/7/0,6,6,False,2168
TCOD F2B,136,8,0,136/8/0,4,4,False,2169
TCOD F2B,136,9,0,136/9/0,3,3,False,2170
TCOD F2B,136,10,0,136/10/0,7,7,False,2171
TCOD F2B,136,11,0,136/11/0,10,10,False,2172
TCOD F2B,136,12,0,136/12/0,5,5,False,2173
TCOD F2B,136,13,0,136/13/0,5,5,False,2174
TCOD F2B,136,14,0,136/14/0,8,8,False,2175
TCOD F2B,136,15,0,136/15/0,8,8,False,2176
TCOD F2B,137,0,0,137/0/0,8,8,False,2177
TCOD F2B,137,1,0,137/1/0,4,4,False,2178
TCOD F2B,137,2,0,137/2/0,6,6,False,2179
TCOD F2B,137,3,0,137/3/0,6,6,False,2180
TCOD F2B,137,4,0,137/4/0,17,30,True,2181
TCOD F2B,137,5,0,137/5/0,8,8,False,2182
TCOD F2B,137,6,0,137/6/0,8,8,False,2183
TCOD F2B,137,7,0,137/7/0,4,4,False,2184
TCOD F2B,137,8,0,137/8/0,12,12,False,2185
TCOD F2B,137,9,0,137/9/0,9,9,False,2186
TCOD F2B,137,10,0,137/10/0,4,4,False,2187
TCOD F2B,137,11,0,137/11/0,22,30,True,2188
TCOD F2B,137,12,0,137/12/0,7,7,False,2189
TCOD F2B,137,13,0,137/13/0,7,7,False,2190
TCOD F2B,137,14,0,137/14/0,11,11,False,2191
TCOD F2B,137,15,0,137/15/0,11,11,False,2192
TCOD F2B,138,0,0,138/0/0,7,7,False,2193
TCOD F2B,138,1,0,138/1/0,8,8,False,2194
TCOD F2B,138,2,0,138/2/0,6,6,False,2195
TCOD F2B,138,3,0,138/3/0,7,7,False,2196
TCOD F2B,138,4,0,138/4/0,16,16,False,2197
TCOD F2B,138,5,0,138/5/0,6,6,False,2198
TCOD F2B,138,6,0,138/6/0,10,10,False,2199
TCOD F2B,138,7,0,138/7/0,14,14,False,2200
TCOD F2B,138,8,0,138/8/0,7,7,False,2201
TCOD F2B,138,9,0,138/9/0,4,4,False,2202
TCOD F2B,138,10,0,138/10/0,18,18,False,2203
TCOD F2B,138,11,0,138/11/0,6,6,False,2204
TCOD F2B,138,12,0,138/12/0,23,30,True,2205
TCOD F2B,138,13,0,138/13/0,4,4,False,2206
TCOD F2B,138,14,0,138/14/0,10,10,False,2207
TCOD F2B,138,15,0,138/15/0,13,30,True,2208
TCOD F2B,139,0,0,139/0/0,7,7,False,2209
TCOD F2B,139,1,0,139/1/0,9,9,False,2210
TCOD F2B,139,2,0,139/2/0,4,4,False,2211
TCOD F2B,139,3,0,139/3/0,19,19,False,2212
TCOD F2B,139,4,0,139/4/0,15,30,True,2213
TCOD F2B,139,5,0,139/5/0,14,30,True,2214
TCOD F2B,139,6,0,139/6/0,6,6,False,2215
TCOD F2B,139,7,0,139/7/0,6,6,False,2216
TCOD F2B,139,8,0,139/8/0,20,30,True,2217
TCOD F2B,139,9,0,139/9/0,7,7,False,2218
TCOD F2B,139,10,0,139/10/0,9,9,False,2219
TCOD F2B,139,11,0,139/11/0,20,30,True,2220
TCOD F2B,139,12,0,139/12/0,21,30,True,2221
TCOD F2B,139,13,0,139/13/0,14,14,False,2222
TCOD F2B,139,14,0,139/14/0,9,9,False,2223
TCOD F2B,139,15,0,139/15/0,11,11,False,2224
TCOD F2B,140,0,0,140/0/0,4,4,False,2225
TCOD F2B,140,1,0,140/1/0,5,5,False,2226
TCOD F2B,140,2,0,140/2/0,6,6,False,2227
TCOD F2B,140,3,0,140/3/0,5,5,False,2228
TCOD F2B,140,4,0,140/4/0,14,14,False,2229
TCOD F2B,140,5,0,140/5/0,5,5,False,2230
TCOD F2B,140,6,0,140/6/0,5,5,False,2231
TCOD F2B,140,7,0,140/7/0,11,11,False,2232
TCOD F2B,140,8,0,140/8/0,7,7,False,2233
TCOD F2B,140,9,0,140/9/0,4,4,False,2234
TCOD F2B,140,10,0,140/10/0,8,8,False,2235
TCOD F2B,140,11,0,140/11/0,8,8,False,2236
TCOD F2B,140,12,0,140/12/0,6,6,False,2237
TCOD F2B,140,13,0,140/13/0,7,7,False,2238
TCOD F2B,140,14,0,140/14/0,6,6,False,2239
TCOD F2B,140,15,0,140/15/0,15,30,True,2240
TCOD F2B,141,0,0,141/0/0,9,9,False,2241
TCOD F2B,141,1,0,141/1/0,6,6,False,2242
TCOD F2B,141,2,0,141/2/0,9,9,False,2243
TCOD F2B,141,3,0,141/3/0,15,30,True,2244
TCOD F2B,141,4,0,141/4/0,8,8,False,2245
TCOD F2B,141,5,0,141/5/0,5,5,False,2246
TCOD F2B,141,6,0,141/6/0,9,9,False,2247
TCOD F2B,141,7,0,141/7/0,23,30,True,2248
TCOD F2B,141,8,0,141/8/0,6,6,False,2249
TCOD F2B,141,9,0,141/9/0,16,30,True,2250
TCOD F2B,141,10,0,141/10/0,7,7,False,2251
TCOD F2B,141,11,0,141/11/0,8,8,False,2252
TCOD F2B,141,12,0,141/12/0,4,4,False,2253
TCOD F2B,141,13,0,141/13/0,8,8,False,2254
TCOD F2B,141,14,0,141/14/0,6,6,False,2255
TCOD F2B,141,15,0,141/15/0,3,3,False,2256
TCOD F2B,142,0,0,142/0/0,15,30,True,2257
TCOD F2B,142,1,0,142/1/0,6,6,False,2258
TCOD F2B,142,2,0,142/2/0,21,30,True,2259
TCOD F2B,142,3,0,142/3/0,22,30,True,2260
TCOD F2B,142,4,0,142/4/0,5,5,False,2261
TCOD F2B,142,5,0,142/5/0,8,8,False,2262
TCOD F2B,142,6,0,142/6/0,10,10,False,2263
TCOD F2B,142,7,0,142/7/0,6,6,False,2264
TCOD F2B,142,8,0,142/8/0,8,8,False,2265
TCOD F2B,142,9,0,142/9/0,6,6,False,2266
TCOD F2B,142,10,0,142/10/0,15,30,True,2267
TCOD F2B,142,11,0,142/11/0,6,6,False,2268
TCOD F2B,142,12,0,142/12/0,7,7,False,2269
TCOD F2B,142,13,0,142/13/0,5,5,False,2270
TCOD F2B,142,14,0,142/14/0,4,4,False,2271
TCOD F2B,142,15,0,142/15/0,4,4,False,2272
TCOD F2B,143,0,0,143/0/0,7,7,False,2273
TCOD F2B,143,1,0,143/1/0,7,7,False,2274
TCOD F2B,143,2,0,143/2/0,5,5,False,2275
TCOD F2B,143,3,0,143/3/0,15,15,False,2276
TCOD F2B,143,4,0,143/4/0,14,14,False,2277
TCOD F2B,143,5,0,143/5/0,6,6,False,2278
TCOD F2B,143,6,0,143/6/0,6,6,False,2279
TCOD F2B,143,7,0,143/7/0,9,9,False,2280
TCOD F2B,143,8,0,143/8/0,4,4,False,2281
TCOD F2B,143,9,0,143/9/0,13,30,True,2282
TCOD F2B,143,10,0,143/10/0,19,30,True,2283
TCOD F2B,143,11,0,143/11/0,6,6,False,2284
TCOD F2B,143,12,0,143/12/0,9,9,False,2285
TCOD F2B,143,13,0,143/13/0,7,7,False,2286
TCOD F2B,143,14,0,143/14/0,15,30,True,2287
TCOD F2B,143,15,0,143/15/0,23,30,True,2288
TCOD F2B,144,0,0,144/0/0,4,4,False,2289
TCOD F2B,144,1,0,144/1/0,23,30,True,2290
TCOD F2B,144,2,0,144/2/0,19,30,True,2291
TCOD F2B,144,3,0,144/3/0,6,6,False,2292
TCOD F2B,144,4,0,144/4/0,15,15,False,2293
TCOD F2B,144,5,0,144/5/0,13,30,True,2294
TCOD F2B,144,6,0,144/6/0,21,30,True,2295
TCOD F2B,144,7,0,144/7/0,6,6,False,2296
TCOD F2B,144,8,0,144/8/0,14,14,False,2297
TCOD F2B,144,9,0,144/9/0,5,5,False,2298
TCOD F2B,144,10,0,144/10/0,25,30,True,2299
TCOD F2B,144,11,0,144/11/0,6,6,False,2300
TCOD F2B,144,12,0,144/12/0,6,6,False,2301
TCOD F2B,144,13,0,144/13/0,9,9,False,2302
TCOD F2B,144,14,0,144/14/0,6,6,False,2303
TCOD F2B,144,15,0,144/15/0,6,6,False,2304
TCOD F2B,145,0,0,145/0/0,4,4,False,2305
TCOD F2B,145,1,0,145/1/0,20,30,True,2306
TCOD F2B,145,2,0,145/2/0,4,4,False,2307
TCOD F2B,145,3,0,145/3/0,4,4,False,2308
TCOD F2B,145,4,0,145/4/0,5,5,False,2309
TCOD F2B,145,5,0,145/5/0,6,6,False,2310
TCOD F2B,145,6,0,145/6/0,14,14,False,2311
TCOD F2B,145,7,0,145/7/0,23,30,True,2312
TCOD F2B,145,8,0,145/8/0,20,30,True,2313
TCOD F2B,145,9,0,145/9/0,13,13,False,2314
TCOD F2B,145,10,0,145/10/0,10,10,False,2315
TCOD F2B,145,11,0,145/11/0,8,8,False,2316
TCOD F2B,145,12,0,145/12/0,8,8,False,2317
TCOD F2B,145,13,0,145/13/0,7,7,False,2318
TCOD F2B,145,14,0,145/14/0,4,4,False,2319
TCOD F2B,145,15,0,145/15/0,6,6,False,2320
TCOD F2B,146,0,0,146/0/0,8,8,False,2321
TCOD F2B,146,1,0,146/1/0,22,30,True,2322
TCOD F2B,146,2,0,146/2/0,9,9,False,2323
TCOD F2B,146,3,0,146/3/0,9,9,False,2324
TCOD F2B,146,4,0,146/4/0,4,4,False,2325
TCOD F2B,146,5,0,146/5/0,8,8,False,2326
TCOD F2B,146,6,0,146/6/0,7,7,False,2327
TCOD F2B,146,7,0,146/7/0,5,5,False,2328
TCOD F2B,146,8,0,146/8/0,23,30,True,2329
TCOD F2B,146,9,0,146/9/0,27,30,True,2330
TCOD F2B,146,10,0,146/10/0,4,4,False,2331
TCOD F2B,146,11,0,146/11/0,8,8,False,2332
TCOD F2B,146,12,0,146/12/0,8,8,False,2333
TCOD F2B,146,13,0,146/13/0,4,4,False,2334
TCOD F2B,146,14,0,146/14/0,8,8,False,2335
TCOD F2B,146,15,0,146/15/0,7,7,False,2336
TCOD F2B,147,0,0,147/0/0,6,6,False,2337
TCOD F2B,147,1,0,147/1/0,4,4,False,2338
TCOD F2B,147,2,0,147/2/0,9,9,False,2339
TCOD F2B,147,3,0,147/3/0,4,4,False,2340
TCOD F2B,147,4,0,147/4/0,6,6,False,2341
TCOD F2B,147,5,0,147/5/0,15,30,True,2342
TCOD F2B,147,6,0,147/6/0,6,6,False,2343
TCOD F2B,147,7,0,147/7/0,19,19,False,2344
TCOD F2B,147,8,0,147/8/0,11,11,False,2345
TCOD F2B,147,9,0,147/9/0,10,10,False,2346
TCOD F2B,147,10,0,147/10/0,7,7,False,2347
TCOD F2B,147,11,0,147/11/0,4,4,False,2348
TCOD F2B,147,12,0,147/12/0,10,10,False,2349
TCOD F2B,147,13,0,147/13/0,7,7,False,2350
TCOD F2B,147,14,0,147/14/0,15,30,True,2351
TCOD F2B,147,15,0,147/15/0,9,9,False,2352
TCOD F2B,148,0,0,148/0/0,24,30,True,2353
TCOD F2B,148,1,0,148/1/0,18,18,False,2354
TCOD F2B,148,2,0,148/2/0,8,8,False,2355
TCOD F2B,148,3,0,148/3/0,4,4,False,2356
TCOD F2B,148,4,0,148/4/0,4,4,False,2357
TCOD F2B,148,5,0,148/5/0,6,6,False,2358
TCOD F2B,148,6,0,148/6/0,8,8,False,2359
TCOD F2B,148,7,0,148/7/0,7,7,False,2360
TCOD F2B,148,8,0,148/8/0,23,30,True,2361
TCOD F2B,148,9,0,148/9/0,9,9,False,2362
TCOD F2B,148,10,0,148/10/0,20,30,True,2363
TCOD F2B,148,11,0,148/11/0,9,9,False,2364
TCOD F2B,148,12,0,148/12/0,15,30,True,2365
TCOD F2B,148,13,0,148/13/0,4,4,False,2366
TCOD F2B,148,14,0,148/14/0,9,9,False,2367
TCOD F2B,148,15,0,148/15/0,4,4,False,2368
TCOD F2B,149,0,0,149/0/0,3,3,False,2369
TCOD F2B,149,1,0,149/1/0,5,5,False,2370
TCOD F2B,149,2,0,149/2/0,5,5,False,2371
TCOD F2B,149,3,0,149/3/0,15,30,True,2372
TCOD F2B,149,4,0,149/4/0,7,7,False,2373
TCOD F2B,149,5,0,149/5/0,3,3,False,2374
TCOD F2B,149,6,0,149/6/0,11,11,False,2375
TCOD F2B,149,7,0,149/7/0,9,9,False,2376
TCOD F2B,149,8,0,149/8/0,8,8,False,2377
TCOD F2B,149,9,0,149/9/0,12,12,False,2378
TCOD F2B,149,10,0,149/10/0,5,5,False,2379
TCOD F2B,149,11,0,149/11/0,7,7,False,2380
TCOD F2B,149,12,0,149/12/0,7,7,False,2381
TCOD F2B,149,13,0,149/13/0,4,4,False,2382
TCOD F2B,149,14,0,149/14/0,12,30,True,2383
TCOD F2B,149,15,0,149/15/0,20,30,True,2384
TCOD F2B,150,0,0,150/0/0,8,8,False,2385
TCOD F2B,150,1,0,150/1/0,7,7,False,2386
TCOD F2B,150,2,0,150/2/0,7,7,False,2387
TCOD F2B,150,3,0,150/3/0,19,19,False,2388
TCOD F2B,150,4,0,150/4/0,4,4,False,2389
TCOD F2B,150,5,0,150/5/0,4,4,False,2390
TCOD F2B,150,6,0,150/6/0,6,6,False,2391
TCOD F2B,150,7,0,150/7/0,19,30,True,2392
TCOD F2B,150,8,0,150/8/0,7,7,False,2393
TCOD F2B,150,9,0,150/9/0,8,8,False,2394
TCOD F2B,150,10,0,150/10/0,17,30,True,2395
TCOD F2B,150,11,0,150/11/0,4,4,False,2396
TCOD F2B,150,12,0,150/12/0,8,8,False,2397
TCOD F2B,150,13,0,150/13/0,3,3,False,2398
TCOD F2B,150,14,0,150/14/0,4,4,False,2399
TCOD F2B,150,15,0,150/15/0,4,4,False,2400
TCOD F2B,151,0,0,151/0/0,25,30,True,2401
TCOD F2B,151,1,0,151/1/0,6,6,False,2402
TCOD F2B,151,2,0,151/2/0,9,9,False,2403
TCOD F2B,151,3,0,151/3/0,7,7,False,2404
TCOD F2B,151,4,0,151/4/0,9,9,False,2405
TCOD F2B,151,5,0,151/5/0,19,19,False,2406
TCOD F2B,151,6,0,151/6/0,4,4,False,2407
TCOD F2B,151,7,0,151/7/0,12,12,False,2408
TCOD F2B,151,8,0,151/8/0,4,4,False,2409
TCOD F2B,151,9,0,151/9/0,9,9,False,2410
TCOD F2B,151,10,0,151/10/0,7,7,False,2411
TCOD F2B,151,11,0,151/11/0,6,6,False,2412
TCOD F2B,151,12,0,151/12/0,23,30,True,2413
TCOD F2B,151,13,0,151/13/0,5,5,False,2414
TCOD F2B,151,14,0,151/14/0,17,30,True,2415
TCOD F2B,151,15,0,151/15/0,3,3,False,2416
TCOD F2B,152,0,0,152/0/0,4,4,False,2417
TCOD F2B,152,1,0,152/1/0,6,6,False,2418
TCOD F2B,152,2,0,152/2/0,14,14,False,2419
TCOD F2B,152,3,0,152/3/0,4,4,False,2420
TCOD F2B,152,4,0,152/4/0,11,11,False,2421
TCOD F2B,152,5,0,152/5/0,4,4,False,2422
TCOD F2B,152,6,0,152/6/0,5,5,False,2423
TCOD F2B,152,7,0,152/7/0,6,6,False,2424
TCOD F2B,152,8,0,152/8/0,16,30,True,2425
TCOD F2B,152,9,0,152/9/0,5,5,False,2426
TCOD F2B,152,10,0,152/10/0,4,4,False,2427
TCOD F2B,152,11,0,152/11/0,11,11,False,2428
TCOD F2B,152,12,0,152/12/0,7,7,False,2429
TCOD F2B,152,13,0,152/13/0,12,12,False,2430
TCOD F2B,152,14,0,152/14/0,14,14,False,2431
TCOD F2B,152,15,0,152/15/0,20,30,True,2432
TCOD F2B,153,0,0,153/0/0,13,13,False,2433
TCOD F2B,153,1,0,153/1/0,6,6,False,2434
TCOD F2B,153,2,0,153/2/0,7,7,False,2435
TCOD F2B,153,3,0,153/3/0,20,30,True,2436
TCOD F2B,153,4,0,153/4/0,6,6,False,2437
TCOD F2B,153,5,0,153/5/0,8,8,False,2438
TCOD F2B,153,6,0,153/6/0,4,4,False,2439
TCOD F2B,153,7,0,153/7/0,4,4,False,2440
TCOD F2B,153,8,0,153/8/0,6,6,False,2441
TCOD F2B,153,9,0,153/9/0,6,6,False,2442
TCOD F2B,153,10,0,153/10/0,7,7,False,2443
TCOD F2B,153,11,0,153/11/0,8,8,False,2444
TCOD F2B,153,12,0,153/12/0,4,4,False,2445
TCOD F2B,153,13,0,153/13/0,8,8,False,2446
TCOD F2B,153,14,0,153/14/0,10,10,False,2447
TCOD F2B,153,15,0,153/15/0,13,13,False,2448
TCOD F2B,154,0,0,154/0/0,7,7,False,2449
TCOD F2B,154,1,0,154/1/0,23,30,True,2450
TCOD F2B,154,2,0,154/2/0,7,7,False,2451
TCOD F2B,154,3,0,154/3/0,4,4,False,2452
TCOD F2B,154,4,0,154/4/0,7,7,False,2453
TCOD F2B,154,5,0,154/5/0,4,4,False,2454
TCOD F2B,154,6,0,154/6/0,12,12,False,2455
TCOD F2B,154,7,0,154/7/0,6,6,False,2456
TCOD F2B,154,8,0,154/8/0,4,4,False,2457
TCOD F2B,154,9,0,154/9/0,11,11,False,2458
TCOD F2B,154,10,0,154/10/0,8,8,False,2459
TCOD F2B,154,11,0,154/11/0,12,12,False,2460
TCOD F2B,154,12,0,154/12/0,6,6,False,2461
TCOD F2B,154,13,0,154/13/0,6,6,False,2462
TCOD F2B,154,14,0,154/14/0,6,6,False,2463
TCOD F2B,154,15,0,154/15/0,7,7,False,2464
TCOD F2B,155,0,0,155/0/0,10,10,False,2465
TCOD F2B,155,1,0,155/1/0,8,8,False,2466
TCOD F2B,155,2,0,155/2/0,7,7,False,2467
TCOD F2B,155,3,0,155/3/0,20,30,True,2468
TCOD F2B,155,4,0,155/4/0,14,14,False,2469
TCOD F2B,155,5,0,155/5/0,6,6,False,2470
TCOD F2B,155,6,0,155/6/0,10,10,False,2471
TCOD F2B,155,7,0,155/7/0,8,8,False,2472
TCOD F2B,155,8,0,155/8/0,13,30,True,2473
TCOD F2B,155,9,0,155/9/0,9,9,False,2474
TCOD F2B,155,10,0,155/10/0,17,30,True,2475
TCOD F2B,155,11,0,155/11/0,7,7,False,2476
TCOD F2B,155,12,0,155/12/0,4,4,False,2477
TCOD F2B,155,13,0,155/13/0,8,8,False,2478
TCOD F2B,155,14,0,155/14/0,6,6,False,2479
TCOD F2B,155,15,0,155/15/0,6,6,False,2480
TCOD F2B,156,0,0,156/0/0,4,4,False,2481
TCOD F2B,156,1,0,156/1/0,15,30,True,2482
TCOD F2B,156,2,0,156/2/0,14,14,False,2483
TCOD F2B,156,3,0,156/3/0,4,4,False,2484
TCOD F2B,156,4,0,156/4/0,9,9,False,2485
TCOD F2B,156,5,0,156/5/0,7,7,False,2486
TCOD F2B,156,6,0,156/6/0,7,7,False,2487
TCOD F2B,156,7,0,156/7/0,7,7,False,2488
TCOD F2B,156,8,0,156/8/0,6,6,False,2489
TCOD F2B,156,9,0,156/9/0,7,7,False,2490
TCOD F2B,156,10,0,156/10/0,8,8,False,2491
TCOD F2B,156,11,0,156/11/0,16,30,True,2492
TCOD F2B,156,12,0,156/12/0,15,15,False,2493
TCOD F2B,156,13,0,156/13/0,6,6,False,2494
TCOD F2B,156,14,0,156/14/0,8,8,False,2495
TCOD F2B,156,15,0,156/15/0,14,30,True,2496
TCOD F2B,157,0,0,157/0/0,8,8,False,2497
TCOD F2B,157,1,0,157/1/0,20,30,True,2498
TCOD F2B,157,2,0,157/2/0,16,30,True,2499
TCOD F2B,157,3,0,157/3/0,12,12,False,2500
TCOD F2B,157,4,0,157/4/0,9,9,False,2501
TCOD F2B,157,5,0,157/5/0,12,30,True,2502
TCOD F2B,157,6,0,157/6/0,8,8,False,2503
TCOD F2B,157,7,0,157/7/0,6,6,False,2504
TCOD F2B,157,8,0,157/8/0,9,9,False,2505
TCOD F2B,157,9,0,157/9/0,6,6,False,2506
TCOD F2B,157,10,0,157/10/0,4,4,False,2507
TCOD F2B,157,11,0,157/11/0,6,6,False,2508
TCOD F2B,157,12,0,157/12/0,15,15,False,2509
TCOD F2B,157,13,0,157/13/0,15,30,True,2510
TCOD F2B,157,14,0,157/14/0,3,3,False,2511
TCOD F2B,157,15,0,157/15/0,6,6,False,2512
TCOD F2B,158,0,0,158/0/0,20,30,True,2513
TCOD F2B,158,1,0,158/1/0,8,8,False,2514
TCOD F2B,158,2,0,158/2/0,9,9,False,2515
TCOD F2B,158,3,0,158/3/0,6,6,False,2516
TCOD F2B,158,4,0,158/4/0,21,30,True,2517
TCOD F2B,158,5,0,158/5/0,10,10,False,2518
TCOD F2B,158,6,0,158/6/0,19,30,True,2519
TCOD F2B,158,7,0,158/7/0,4,4,False,2520
TCOD F2B,158,8,0,158/8/0,6,6,False,2521
TCOD F2B,158,9,0,158/9/0,5,5,False,2522
TCOD F2B,158,10,0,158/10/0,23,30,True,2523
TCOD F2B,158,11,0,158/11/0,4,4,False,2524
TCOD F2B,158,12,0,158/12/0,7,7,False,2525
TCOD F2B,158,13,0,158/13/0,4,4,False,2526
TCOD F2B,158,14,0,158/14/0,11,11,False,2527
TCOD F2B,158,15,0,158/15/0,6,6,False,2528
TCOD F2B,159,0,0,159/0/0,6,6,False,2529
TCOD F2B,159,1,0,159/1/0,4,4,False,2530
TCOD F2B,159,2,0,159/2/0,6,6,False,2531
TCOD F2B,159,3,0,159/3/0,8,8,False,2532
TCOD F2B,159,4,0,159/4/0,8,8,False,2533
TCOD F2B,159,5,0,159/5/0,7,7,False,2534
TCOD F2B,159,6,0,159/6/0,4,4,False,2535
TCOD F2B,159,7,0,159/7/0,9,9,False,2536
TCOD F2B,159,8,0,159/8/0,8,8,False,2537
TCOD F2B,159,9,0,159/9/0,18,30,True,2538
TCOD F2B,159,10,0,159/10/0,21,30,True,2539
TCOD F2B,159,11,0,159/11/0,8,8,False,2540
TCOD F2B,159,12,0,159/12/0,11,11,False,2541
TCOD F2B,159,13,0,159/13/0,4,4,False,2542
TCOD F2B,159,14,0,159/14/0,8,8,False,2543
TCOD F2B,159,15,0,159/15/0,4,4,False,2544
TCOD F2B,160,0,0,160/0/0,9,9,False,2545
TCOD F2B,160,1,0,160/1/0,9,9,False,2546
TCOD F2B,160,2,0,160/2/0,22,30,True,2547
TCOD F2B,160,3,0,160/3/0,5,5,False,2548
TCOD F2B,160,4,0,160/4/0,12,12,False,2549
TCOD F2B,160,5,0,160/5/0,7,7,False,2550
TCOD F2B,160,6,0,160/6/0,9,9,False,2551
TCOD F2B,160,7,0,160/7/0,3,3,False,2552
TCOD F2B,160,8,0,160/8/0,15,30,True,2553
TCOD F2B,160,9,0,160/9/0,6,6,False,2554
TCOD F2B,160,10,0,160/10/0,9,9,False,2555
TCOD F2B,160,11,0,160/11/0,7,7,False,2556
TCOD F2B,160,12,0,160/12/0,9,9,False,2557
TCOD F2B,160,13,0,160/13/0,21,30,True,2558
TCOD F2B,160,14,0,160/14/0,7,7,False,2559
TCOD F2B,160,15,0,160/15/0,7,7,False,2560
TCOD F2B,161,0,0,161/0/0,5,5,False,2561
TCOD F2B,161,1,0,161/1/0,6,6,False,2562
TCOD F2B,161,2,0,161/2/0,15,30,True,2563
TCOD F2B,161,3,0,161/3/0,4,4,False,2564
TCOD F2B,161,4,0,161/4/0,14,14,False,2565
TCOD F2B,161,5,0,161/5/0,21,30,True,2566
TCOD F2B,161,6,0,161/6/0,8,8,False,2567
TCOD F2B,161,7,0,161/7/0,16,16,False,2568
TCOD F2B,161,8,0,161/8/0,13,13,False,2569
TCOD F2B,161,9,0,161/9/0,12,30,True,2570
TCOD F2B,161,10,0,161/10/0,9,9,False,2571
TCOD F2B,161,11,0,161/11/0,8,8,False,2572
TCOD F2B,161,12,0,161/12/0,5,5,False,2573
TCOD F2B,161,13,0,161/13/0,15,30,True,2574
TCOD F2B,161,14,0,161/14/0,19,30,True,2575
TCOD F2B,161,15,0,161/15/0,6,6,False,2576
TCOD F2B,162,0,0,162/0/0,17,30,True,2577
TCOD F2B,162,1,0,162/1/0,7,7,False,2578
TCOD F2B,162,2,0,162/2/0,16,30,True,2579
TCOD F2B,162,3,0,162/3/0,6,6,False,2580
TCOD F2B,162,4,0,162/4/0,11,30,True,2581
TCOD F2B,162,5,0,162/5/0,4,4,False,2582
TCOD F2B,162,6,0,162/6/0,4,4,False,2583
TCOD F2B,162,7,0,162/7/0,5,5,False,2584
TCOD F2B,162,8,0,162/8/0,6,6,False,2585
TCOD F2B,162,9,0,162/9/0,4,4,False,2586
TCOD F2B,162,10,0,162/10/0,7,7,False,2587
TCOD F2B,162,11,0,162/11/0,7,7,False,2588
TCOD F2B,162,12,0,162/12/0,20,30,True,2589
TCOD F2B,162,13,0,162/13/0,5,5,False,2590
TCOD F2B,162,14,0,162/14/0,21,30,True,2591
TCOD F2B,162,15,0,162/15/0,6,6,False,2592
TCOD F2B,163,0,0,163/0/0,19,19,False,2593
TCOD F2B,163,1,0,163/1/0,22,30,True,2594
TCOD F2B,163,2,0,163/2/0,7,7,False,2595
TCOD F2B,163,3,0,163/3/0,4,4,False,2596
TCOD F2B,163,4,0,163/4/0,4,4,False,2597
TCOD F2B,163,5,0,163/5/0,23,30,True,2598
TCOD F2B,163,6,0,163/6/0,8,8,False,2599
TCOD F2B,163,7,0,163/7/0,18,30,True,2600
TCOD F2B,163,8,0,163/8/0,9,9,False,2601
TCOD F2B,163,9,0,163/9/0,24,30,True,2602
TCOD F2B,163,10,0,163/10/0,17,30,True,2603
TCOD F2B,163,11,0,163/11/0,16,30,True,2604
TCOD F2B,163,12,0,163/12/0,7,7,False,2605
TCOD F2B,163,13,0,163/13/0,21,21,False,2606
TCOD F2B,163,14,0,163/14/0,8,8,False,2607
TCOD F2B,163,15,0,163/15/0,7,7,False,2608
TCOD F2B,164,0,0,164/0/0,7,7,False,2609
TCOD F2B,164,1,0,164/1/0,17,17,False,2610
TCOD F2B,164,2,0,164/2/0,15,30,True,2611
TCOD F2B,164,3,0,164/3/0,22,30,True,2612
TCOD F2B,164,4,0,164/4/0,13,13,False,2613
TCOD F2B,164,5,0,164/5/0,4,4,False,2614
TCOD F2B,164,6,0,164/6/0,9,9,False,2615
TCOD F2B,164,7,0,164/7/0,15,30,True,2616
TCOD F2B,164,8,0,164/8/0,4,4,False,2617
TCOD F2B,164,9,0,164/9/0,15,30,True,2618
TCOD F2B,164,10,0,164/10/0,4,4,False,2619
TCOD F2B,164,11,0,164/11/0,7,7,False,2620
TCOD F2B,164,12,0,164/12/0,6,6,False,2621
TCOD F2B,164,13,0,164/13/0,9,9,False,2622
TCOD F2B,164,14,0,164/14/0,16,16,False,2623
TCOD F2B,164,15,0,164/15/0,9,9,False,2624
TCOD F2B,165,0,0,165/0/0,8,8,False,2625
TCOD F2B,165,1,0,165/1/0,6,6,False,2626
TCOD F2B,165,2,0,165/2/0,4,4,False,2627
TCOD F2B,165,3,0,165/3/0,5,5,False,2628
TCOD F2B,165,4,0,165/4/0,17,30,True,2629
TCOD F2B,165,5,0,165/5/0,14,30,True,2630
TCOD F2B,165,6,0,165/6/0,22,30,True,2631
TCOD F2B,165,7,0,165/7/0,7,7,False,2632
TCOD F2B,165,8,0,165/8/0,21,30,True,2633
TCOD F2B,165,9,0,165/9/0,6,6,False,2634
TCOD F2B,165,10,0,165/10/0,6,6,False,2635
TCOD F2B,165,11,0,165/11/0,12,12,False,2636
TCOD F2B,165,12,0,165/12/0,7,7,False,2637
TCOD F2B,165,13,0,165/13/0,8,8,False,2638
TCOD F2B,165,14,0,165/14/0,8,8,False,2639
TCOD F2B,165,15,0,165/15/0,23,30,True,2640
TCOD F2B,166,0,0,166/0/0,16,30,True,2641
TCOD F2B,166,1,0,166/1/0,14,30,True,2642
TCOD F2B,166,2,0,166/2/0,5,5,False,2643
TCOD F2B,166,3,0,166/3/0,4,4,False,2644
TCOD F2B,166,4,0,166/4/0,11,30,True,2645
TCOD F2B,166,5,0,166/5/0,6,6,False,2646
TCOD F2B,166,6,0,166/6/0,24,30,True,2647
TCOD F2B,166,7,0,166/7/0,16,16,False,2648
TCOD F2B,166,8,0,166/8/0,6,6,False,2649
TCOD F2B,166,9,0,166/9/0,12,12,False,2650
TCOD F2B,166,10,0,166/10/0,5,5,False,2651
TCOD F2B,166,11,0,166/11/0,11,11,False,2652
TCOD F2B,166,12,0,166/12/0,18,30,True,2653
TCOD F2B,166,13,0,166/13/0,21,30,True,2654
TCOD F2B,166,14,0,166/14/0,10,10,False,2655
TCOD F2B,166,15,0,166/15/0,6,6,False,2656
TCOD F2B,167,0,0,167/0/0,6,6,False,2657
TCOD F2B,167,1,0,167/1/0,21,30,True,2658
TCOD F2B,167,2,0,167/2/0,3,3,False,2659
TCOD F2B,167,3,0,167/3/0,8,8,False,2660
TCOD F2B,167,4,0,167/4/0,6,6,False,2661
TCOD F2B,167,5,0,167/5/0,6,6,False,2662
TCOD F2B,167,6,0,167/6/0,7,7,False,2663
TCOD F2B,167,7,0,167/7/0,3,3,False,2664
TCOD F2B,167,8,0,167/8/0,8,8,False,2665
TCOD F2B,167,9,0,167/9/0,10,10,False,2666
TCOD F2B,167,10,0,167/10/0,6,6,False,2667
TCOD F2B,167,11,0,167/11/0,8,8,False,2668
TCOD F2B,167,12,0,167/12/0,8,8,False,2669
TCOD F2B,167,13,0,167/13/0,4,4,False,2670
TCOD F2B,167,14,0,167/14/0,8,8,False,2671
TCOD F2B,167,15,0,167/15/0,6,6,False,2672
TCOD F2B,168,0,0,168/0/0,17,30,True,2673
TCOD F2B,168,1,0,168/1/0,21,30,True,2674
TCOD F2B,168,2,0,168/2/0,5,5,False,2675
TCOD F2B,168,3,0,168/3/0,9,9,False,2676
TCOD F2B,168,4,0,168/4/0,20,30,True,2677
TCOD F2B,168,5,0,168/5/0,9,9,False,2678
TCOD F2B,168,6,0,168/6/0,4,4,False,2679
TCOD F2B,168,7,0,168/7/0,8,8,False,2680
TCOD F2B,168,8,0,168/8/0,5,5,False,2681
TCOD F2B,168,9,0,168/9/0,12,12,False,2682
TCOD F2B,168,10,0,168/10/0,7,7,False,2683
TCOD F2B,168,11,0,168/11/0,19,30,True,2684
TCOD F2B,168,12,0,168/12/0,4,4,False,2685
TCOD F2B,168,13,0,168/13/0,12,12,False,2686
TCOD F2B,168,14,0,168/14/0,7,7,False,2687
TCOD F2B,168,15,0,168/15/0,8,8,False,2688
TCOD F2B,169,0,0,169/0/0,22,30,True,2689
TCOD F2B,169,1,0,169/1/0,11,11,False,2690
TCOD F2B,169,2,0,169/2/0,6,6,False,2691
TCOD F2B,169,3,0,169/3/0,24,30,True,2692
TCOD F2B,169,4,0,169/4/0,19,19,False,2693
TCOD F2B,169,5,0,169/5/0,18,30,True,2694
TCOD F2B,169,6,0,169/6/0,10,10,False,2695
TCOD F2B,169,7,0,169/7/0,4,4,False,2696
TCOD F2B,169,8,0,169/8/0,7,7,False,2697
TCOD F2B,169,9,0,169/9/0,7,7,False,2698
TCOD F2B,169,10,0,169/10/0,4,4,False,2699
TCOD F2B,169,11,0,169/11/0,13,13,False,2700
TCOD F2B,169,12,0,169/12/0,9,9,False,2701
TCOD F2B,169,13,0,169/13/0,16,30,True,2702
TCOD F2B,169,14,0,169/14/0,14,14,False,2703
TCOD F2B,169,15,0,169/15/0,12,12,False,2704
TCOD F2B,170,0,0,170/0/0,7,7,False,2705
TCOD F2B,170,1,0,170/1/0,10,10,False,2706
TCOD F2B,170,2,0,170/2/0,7,7,False,2707
TCOD F2B,170,3,0,170/3/0,6,6,False,2708
TCOD F2B,170,4,0,170/4/0,21,30,True,2709
TCOD F2B,170,5,0,170/5/0,7,7,False,2710
TCOD F2B,170,6,0,170/6/0,18,18,False,2711
TCOD F2B,170,7,0,170/7/0,4,4,False,2712
TCOD F2B,170,8,0,170/8/0,4,4,False,2713
TCOD F2B,170,9,0,170/9/0,4,4,False,2714
TCOD F2B,170,10,0,170/10/0,11,11,False,2715
TCOD F2B,170,11,0,170/11/0,19,30,True,2716
TCOD F2B,170,12,0,170/12/0,15,15,False,2717
TCOD F2B,170,13,0,170/13/0,14,30,True,2718
TCOD F2B,170,14,0,170/14/0,20,20,False,2719
TCOD F2B,170,15,0,170/15/0,14,14,False,2720
TCOD F2B,171,0,0,171/0/0,4,4,False,2721
TCOD F2B,171,1,0,171/1/0,4,4,False,2722
TCOD F2B,171,2,0,171/2/0,6,6,False,2723
TCOD F2B,171,3,0,171/3/0,11,11,False,2724
TCOD F2B,171,4,0,171/4/0,12,12,False,2725
TCOD F2B,171,5,0,171/5/0,4,4,False,2726
TCOD F2B,171,6,0,171/6/0,4,4,False,2727
TCOD F2B,171,7,0,171/7/0,4,4,False,2728
TCOD F2B,171,8,0,171/8/0,11,11,False,2729
TCOD F2B,171,9,0,171/9/0,15,30,True,2730
TCOD F2B,171,10,0,171/10/0,6,6,False,2731
TCOD F2B,171,11,0,171/11/0,4,4,False,2732
TCOD F2B,171,12,0,171/12/0,5,5,False,2733
TCOD F2B,171,13,0,171/13/0,7,7,False,2734
TCOD F2B,171,14,0,171/14/0,13,30,True,2735
TCOD F2B,171,15,0,171/15/0,23,30,True,2736
TCOD F2B,172,0,0,172/0/0,8,8,False,2737
TCOD F2B,172,1,0,172/1/0,16,16,False,2738
TCOD F2B,172,2,0,172/2/0,4,4,False,2739
TCOD F2B,172,3,0,172/3/0,8,8,False,2740
TCOD F2B,172,4,0,172/4/0,4,4,False,2741
TCOD F2B,172,5,0,172/5/0,8,8,False,2742
TCOD F2B,172,6,0,172/6/0,4,4,False,2743
TCOD F2B,172,7,0,172/7/0,6,6,False,2744
TCOD F2B,172,8,0,172/8/0,9,9,False,2745
TCOD F2B,172,9,0,172/9/0,18,30,True,2746
TCOD F2B,172,10,0,172/10/0,6,6,False,2747
TCOD F2B,172,11,0,172/11/0,6,6,False,2748
TCOD F2B,172,12,0,172/12/0,3,3,False,2749
TCOD F2B,172,13,0,172/13/0,10,10,False,2750
TCOD F2B,172,14,0,172/14/0,9,9,False,2751
TCOD F2B,172,15,0,172/15/0,7,7,False,2752
TCOD F2B,173,0,0,173/0/0,7,7,False,2753
TCOD F2B,173,1,0,173/1/0,7,7,False,2754
TCOD F2B,173,2,0,173/2/0,7,7,False,2755
TCOD F2B,173,3,0,173/3/0,20,30,True,2756
TCOD F2B,173,4,0,173/4/0,23,30,True,2757
TCOD F2B,173,5,0,173/5/0,15,30,True,2758
TCOD F2B,173,6,0,173/6/0,6,6,False,2759
TCOD F2B,173,7,0,173/7/0,18,30,True,2760
TCOD F2B,173,8,0,173/8/0,7,7,False,2761
TCOD F2B,173,9,0,173/9/0,12,12,False,2762
TCOD F2B,173,10,0,173/10/0,9,9,False,2763
TCOD F2B,173,11,0,173/11/0,14,14,False,2764
TCOD F2B,173,12,0,173/12/0,15,30,True,2765
TCOD F2B,173,13,0,173/13/0,8,8,False,2766
TCOD F2B,173,14,0,173/14/0,9,9,False,2767
TCOD F2B,173,15,0,173/15/0,6,6,False,2768
TCOD F2B,174,0,0,174/0/0,9,9,False,2769
TCOD F2B,174,1,0,174/1/0,5,5,False,2770
TCOD F2B,174,2,0,174/2/0,7,7,False,2771
TCOD F2B,174,3,0,174/3/0,7,7,False,2772
TCOD F2B,174,4,0,174/4/0,17,30,True,2773
TCOD F2B,174,5,0,174/5/0,11,11,False,2774
TCOD F2B,174,6,0,174/6/0,8,8,False,2775
TCOD F2B,174,7,0,174/7/0,9,9,False,2776
TCOD F2B,174,8,0,174/8/0,4,4,False,2777
TCOD F2B,174,9,0,174/9/0,18,30,True,2778
TCOD F2B,174,10,0,174/10/0,4,4,False,2779
TCOD F2B,174,11,0,174/11/0,4,4,False,2780
TCOD F2B,174,12,0,174/12/0,22,30,True,2781
TCOD F2B,174,13,0,174/13/0,12,12,False,2782
TCOD F2B,174,14,0,174/14/0,16,30,True,2783
TCOD F2B,174,15,0,174/15/0,6,6,False,2784
TCOD F2B,175,0,0,175/0/0,5,5,False,2785
TCOD F2B,175,1,0,175/1/0,8,8,False,2786
TCOD F2B,175,2,0,175/2/0,24,30,True,2787
TCOD F2B,175,3,0,175/3/0,17,30,True,2788
TCOD F2B,175,4,0,175/4/0,6,6,False,2789
TCOD F2B,175,5,0,175/5/0,7,7,False,2790
TCOD F2B,175,6,0,175/6/0,22,30,True,2791
TCOD F2B,175,7,0,175/7/0,7,7,False,2792
TCOD F2B,175,8,0,175/8/0,6,6,False,2793
TCOD F2B,175,9,0,175/9/0,7,7,False,2794
TCOD F2B,175,10,0,175/10/0,4,4,False,2795
TCOD F2B,175,11,0,175/11/0,8,8,False,2796
TCOD F2B,175,12,0,175/12/0,8,8,False,2797
TCOD F2B,175,13,0,175/13/0,14,14,False,2798
TCOD F2B,175,14,0,175/14/0,15,15,False,2799
TCOD F2B,175,15,0,175/15/0,14,30,True,2800
TCOD F2B,176,0,0,176/0/0,8,8,False,2801
TCOD F2B,176,1,0,176/1/0,9,9,False,2802
TCOD F2B,176,2,0,176/2/0,16,16,False,2803
TCOD F2B,176,3,0,176/3/0,9,9,False,2804
TCOD F2B,176,4,0,176/4/0,13,13,False,2805
TCOD F2B,176,5,0,176/5/0,4,4,False,2806
TCOD F2B,176,6,0,176/6/0,11,11,False,2807
TCOD F2B,176,7,0,176/7/0,7,7,False,2808
TCOD F2B,176,8,0,176/8/0,7,7,False,2809
TCOD F2B,176,9,0,176/9/0,7,7,False,2810
TCOD F2B,176,10,0,176/10/0,6,6,False,2811
TCOD F2B,176,11,0,176/11/0,6,6,False,2812
TCOD F2B,176,12,0,176/12/0,7,7,False,2813
TCOD F2B,176,13,0,176/13/0,6,6,False,2814
TCOD F2B,176,14,0,176/14/0,4,4,False,2815
TCOD F2B,176,15,0,176/15/0,8,8,False,2816
TCOD F2B,177,0,0,177/0/0,4,4,False,2817
TCOD F2B,177,1,0,177/1/0,16,30,True,2818
TCOD F2B,177,2,0,177/2/0,9,9,False,2819
TCOD F2B,177,3,0,177/3/0,6,6,False,2820
TCOD F2B,177,4,0,177/4/0,5,5,False,2821
TCOD F2B,177,5,0,177/5/0,5,5,False,2822
TCOD F2B,177,6,0,177/6/0,11,11,False,2823
TCOD F2B,177,7,0,177/7/0,9,9,False,2824
TCOD F2B,177,8,0,177/8/0,8,8,False,2825
TCOD F2B,177,9,0,177/9/0,8,8,False,2826
TCOD F2B,177,10,0,177/10/0,15,30,True,2827
TCOD F2B,177,11,0,177/11/0,6,6,False,2828
TCOD F2B,177,12,0,177/12/0,6,6,False,2829
TCOD F2B,177,13,0,177/13/0,15,30,True,2830
TCOD F2B,177,14,0,177/14/0,7,7,False,2831
TCOD F2B,177,15,0,177/15/0,5,5,False,2832
TCOD F2B,178,0,0,178/0/0,7,7,False,2833
TCOD F2B,178,1,0,178/1/0,19,30,True,2834
TCOD F2B,178,2,0,178/2/0,22,30,True,2835
TCOD F2B,178,3,0,178/3/0,18,18,False,2836
TCOD F2B,178,4,0,178/4/0,24,30,True,2837
TCOD F2B,178,5,0,178/5/0,6,6,False,2838
TCOD F2B,178,6,0,178/6/0,3,3,False,2839
TCOD F2B,178,7,0,178/7/0,12,12,False,2840
TCOD F2B,178,8,0,178/8/0,4,4,False,2841
TCOD F2B,178,9,0,178/9/0,8,8,False,2842
TCOD F2B,178,10,0,178/10/0,5,5,False,2843
TCOD F2B,178,11,0,178/11/0,6,6,False,2844
TCOD F2B,178,12,0,178/12/0,6,6,False,2845
TCOD F2B,178,13,0,178/13/0,4,4,False,2846
TCOD F2B,178,14,0,178/14/0,10,10,False,2847
TCOD F2B,178,15,0,178/15/0,6,6,False,2848
TCOD F2B,179,0,0,179/0/0,4,4,False,2849
TCOD F2B,179,1,0,179/1/0,4,4,False,2850
TCOD F2B,179,2,0,179/2/0,5,5,False,2851
TCOD F2B,179,3,0,179/3/0,12,12,False,2852
TCOD F2B,179,4,0,179/4/0,24,30,True,2853
TCOD F2B,179,5,0,179/5/0,4,4,False,2854
TCOD F2B,179,6,0,179/6/0,7,7,False,2855
TCOD F2B,179,7,0,179/7/0,11,11,False,2856
TCOD F2B,179,8,0,179/8/0,7,7,False,2857
TCOD F2B,179,9,0,179/9/0,6,6,False,2858
TCOD F2B,179,10,0,179/10/0,9,9,False,2859
TCOD F2B,179,11,0,179/11/0,10,10,False,2860
TCOD F2B,179,12,0,179/12/0,15,30,True,2861
TCOD F2B,179,13,0,179/13/0,11,30,True,2862
TCOD F2B,179,14,0,179/14/0,4,4,False,2863
TCOD F2B,179,15,0,179/15/0,14,30,True,2864
TCOD F2B,180,0,0,180/0/0,14,30,True,2865
TCOD F2B,180,1,0,180/1/0,15,15,False,2866
TCOD F2B,180,2,0,180/2/0,15,30,True,2867
TCOD F2B,180,3,0,180/3/0,16,30,True,2868
TCOD F2B,180,4,0,180/4/0,14,30,True,2869
TCOD F2B,180,5,0,180/5/0,23,30,True,2870
TCOD F2B,180,6,0,180/6/0,6,6,False,2871
TCOD F2B,180,7,0,180/7/0,6,6,False,2872
TCOD F2B,180,8,0,180/8/0,5,5,False,2873
TCOD F2B,180,9,0,180/9/0,16,30,True,2874
TCOD F2B,180,10,0,180/10/0,8,8,False,2875
TCOD F2B,180,11,0,180/11/0,8,8,False,2876
TCOD F2B,180,12,0,180/12/0,13,30,True,2877
TCOD F2B,180,13,0,180/13/0,12,30,True,2878
TCOD F2B,180,14,0,180/14/0,10,10,False,2879
TCOD F2B,180,15,0,180/15/0,26,30,True,2880
TCOD F2B,181,0,0,181/0/0,4,4,False,2881
TCOD F2B,181,1,0,181/1/0,10,10,False,2882
TCOD F2B,181,2,0,181/2/0,4,4,False,2883
TCOD F2B,181,3,0,181/3/0,9,9,False,2884
TCOD F2B,181,4,0,181/4/0,5,5,False,2885
TCOD F2B,181,5,0,181/5/0,9,9,False,2886
TCOD F2B,181,6,0,181/6/0,26,30,True,2887
TCOD F2B,181,7,0,181/7/0,22,30,True,2888
TCOD F2B,181,8,0,181/8/0,4,4,False,2889
TCOD F2B,181,9,0,181/9/0,8,8,False,2890
TCOD F2B,181,10,0,181/10/0,15,15,False,2891
TCOD F2B,181,11,0,181/11/0,15,30,True,2892
TCOD F2B,181,12,0,181/12/0,15,15,False,2893
TCOD F2B,181,13,0,181/13/0,4,4,False,2894
TCOD F2B,181,14,0,181/14/0,6,6,False,2895
TCOD F2B,181,15,0,181/15/0,4,4,False,2896
TCOD F2B,182,0,0,182/0/0,11,11,False,2897
TCOD F2B,182,1,0,182/1/0,11,11,False,2898
TCOD F2B,182,2,0,182/2/0,8,8,False,2899
TCOD F2B,182,3,0,182/3/0,7,7,False,2900
TCOD F2B,182,4,0,182/4/0,9,9,False,2901
TCOD F2B,182,5,0,182/5/0,20,30,True,2902
TCOD F2B,182,6,0,182/6/0,14,30,True,2903
TCOD F2B,182,7,0,182/7/0,9,9,False,2904
TCOD F2B,182,8,0,182/8/0,7,7,False,2905
TCOD F2B,182,9,0,182/9/0,4,4,False,2906
TCOD F2B,182,10,0,182/10/0,7,7,False,2907
TCOD F2B,182,11,0,182/11/0,8,8,False,2908
TCOD F2B,182,12,0,182/12/0,4,4,False,2909
TCOD F2B,182,13,0,182/13/0,4,4,False,2910
TCOD F2B,182,14,0,182/14/0,15,30,True,2911
TCOD F2B,182,15,0,182/15/0,13,13,False,2912
TCOD F2B,183,0,0,183/0/0,6,6,False,2913
TCOD F2B,183,1,0,183/1/0,8,8,False,2914
TCOD F2B,183,2,0,183/2/0,17,17,False,2915
TCOD F2B,183,3,0,183/3/0,6,6,False,2916
TCOD F2B,183,4,0,183/4/0,9,9,False,2917
TCOD F2B,183,5,0,183/5/0,8,8,False,2918
TCOD F2B,183,6,0,183/6/0,14,30,True,2919
TCOD F2B,183,7,0,183/7/0,8,8,False,2920
TCOD F2B,183,8,0,183/8/0,8,8,False,2921
TCOD F2B,183,9,0,183/9/0,18,30,True,2922
TCOD F2B,183,10,0,183/10/0,7,7,False,2923
TCOD F2B,183,11,0,183/11/0,19,19,False,2924
TCOD F2B,183,12,0,183/12/0,6,6,False,2925
TCOD F2B,183,13,0,183/13/0,14,30,True,2926
TCOD F2B,183,14,0,183/14/0,3,3,False,2927
TCOD F2B,183,15,0,183/15/0,11,11,False,2928
TCOD F2B,184,0,0,184/0/0,6,6,False,2929
TCOD F2B,184,1,0,184/1/0,7,7,False,2930
TCOD F2B,184,2,0,184/2/0,5,5,False,2931
TCOD F2B,184,3,0,184/3/0,4,4,False,2932
TCOD F2B,184,4,0,184/4/0,16,30,True,2933
TCOD F2B,184,5,0,184/5/0,6,6,False,2934
TCOD F2B,184,6,0,184/6/0,6,6,False,2935
TCOD F2B,184,7,0,184/7/0,9,9,False,2936
TCOD F2B,184,8,0,184/8/0,7,7,False,2937
TCOD F2B,184,9,0,184/9/0,4,4,False,2938
TCOD F2B,184,10,0,184/10/0,7,7,False,2939
TCOD F2B,184,11,0,184/11/0,4,4,False,2940
TCOD F2B,184,12,0,184/12/0,5,5,False,2941
TCOD F2B,184,13,0,184/13/0,4,4,False,2942
TCOD F2B,184,14,0,184/14/0,9,9,False,2943
TCOD F2B,184,15,0,184/15/0,23,23,False,2944
TCOD F2B,185,0,0,185/0/0,4,4,False,2945
TCOD F2B,185,1,0,185/1/0,4,4,False,2946
TCOD F2B,185,2,0,185/2/0,8,8,False,2947
TCOD F2B,185,3,0,185/3/0,7,7,False,2948
TCOD F2B,185,4,0,185/4/0,6,6,False,2949
TCOD F2B,185,5,0,185/5/0,6,6,False,2950
TCOD F2B,185,6,0,185/6/0,7,7,False,2951
TCOD F2B,185,7,0,185/7/0,8,8,False,2952
TCOD F2B,185,8,0,185/8/0,16,30,True,2953
TCOD F2B,185,9,0,185/9/0,21,30,True,2954
TCOD F2B,185,10,0,185/10/0,4,4,False,2955
TCOD F2B,185,11,0,185/11/0,9,9,False,2956
TCOD F2B,185,12,0,185/12/0,6,6,False,2957
TCOD F2B,185,13,0,185/13/0,8,8,False,2958
TCOD F2B,185,14,0,185/14/0,5,5,False,2959
TCOD F2B,185,15,0,185/15/0,9,9,False,2960
TCOD F2B,186,0,0,186/0/0,6,6,False,2961
TCOD F2B,186,1,0,186/1/0,8,8,False,2962
TCOD F2B,186,2,0,186/2/0,4,4,False,2963
TCOD F2B,186,3,0,186/3/0,16,30,True,2964
TCOD F2B,186,4,0,186/4/0,4,4,False,2965
TCOD F2B,186,5,0,186/5/0,9,9,False,2966
TCOD F2B,186,6,0,186/6/0,6,6,False,2967
TCOD F2B,186,7,0,186/7/0,6,6,False,2968
TCOD F2B,186,8,0,186/8/0,5,5,False,2969
TCOD F2B,186,9,0,186/9/0,14,30,True,2970
TCOD F2B,186,10,0,186/10/0,23,30,True,2971
TCOD F2B,186,11,0,186/11/0,7,7,False,2972
TCOD F2B,186,12,0,186/12/0,8,8,False,2973
TCOD F2B,186,13,0,186/13/0,6,6,False,2974
TCOD F2B,186,14,0,186/14/0,23,30,True,2975
TCOD F2B,186,15,0,186/15/0,8,8,False,2976
TCOD F2B,187,0,0,187/0/0,12,12,False,2977
TCOD F2B,187,1,0,187/1/0,24,30,True,2978
TCOD F2B,187,2,0,187/2/0,25,30,True,2979
TCOD F2B,187,3,0,187/3/0,4,4,False,2980
TCOD F2B,187,4,0,187/4/0,9,9,False,2981
TCOD F2B,187,5,0,187/5/0,16,30,True,2982
TCOD F2B,187,6,0,187/6/0,10,10,False,2983
TCOD F2B,187,7,0,187/7/0,6,6,False,2984
TCOD F2B,187,8,0,187/8/0,5,5,False,2985
TCOD F2B,187,9,0,187/9/0,15,30,True,2986
TCOD F2B,187,10,0,187/10/0,7,7,False,2987
TCOD F2B,187,11,0,187/11/0,7,7,False,2988
TCOD F2B,187,12,0,187/12/0,6,6,False,2989
TCOD F2B,187,13,0,187/13/0,20,30,True,2990
TCOD F2B,187,14,0,187/14/0,7,7,False,2991
TCOD F2B,187,15,0,187/15/0,7,7,False,2992
TCOD F2B,188,0,0,188/0/0,16,16,False,2993
TCOD F2B,188,1,0,188/1/0,8,8,False,2994
TCOD F2B,188,2,0,188/2/0,14,30,True,2995
TCOD F2B,188,3,0,188/3/0,6,6,False,2996
TCOD F2B,188,4,0,188/4/0,3,3,False,2997
TCOD F2B,188,5,0,188/5/0,16,30,True,2998
TCOD F2B,188,6,0,188/6/0,16,30,True,2999
TCOD F2B,188,7,0,188/7/0,12,12,False,3000
TCOD F2B,188,8,0,188/8/0,10,10,False,3001
TCOD F2B,188,9,0,188/9/0,8,8,False,3002
TCOD F2B,188,10,0,188/10/0,9,9,False,3003
TCOD F2B,188,11,0,188/11/0,6,6,False,3004
TCOD F2B,188,12,0,188/12/0,6,6,False,3005
TCOD F2B,188,13,0,188/13/0,9,9,False,3006
TCOD F2B,188,14,0,188/14/0,6,6,False,3007
TCOD F2B,188,15,0,188/15/0,20,30,True,3008
TCOD F2B,189,0,0,189/0/0,11,11,False,3009
TCOD F2B,189,1,0,189/1/0,6,6,False,3010
TCOD F2B,189,2,0,189/2/0,20,30,True,3011
TCOD F2B,189,3,0,189/3/0,16,30,True,3012
TCOD F2B,189,4,0,189/4/0,8,8,False,3013
TCOD F2B,189,5,0,189/5/0,7,7,False,3014
TCOD F2B,189,6,0,189/6/0,5,5,False,3015
TCOD F2B,189,7,0,189/7/0,7,7,False,3016
TCOD F2B,189,8,0,189/8/0,15,30,True,3017
TCOD F2B,189,9,0,189/9/0,21,30,True,3018
TCOD F2B,189,10,0,189/10/0,8,8,False,3019
TCOD F2B,189,11,0,189/11/0,21,30,True,3020
TCOD F2B,189,12,0,189/12/0,6,6,False,3021
TCOD F2B,189,13,0,189/13/0,6,6,False,3022
TCOD F2B,189,14,0,189/14/0,4,4,False,3023
TCOD F2B,189,15,0,189/15/0,27,30,True,3024
TCOD F2B,190,0,0,190/0/0,8,8,False,3025
TCOD F2B,190,1,0,190/1/0,6,6,False,3026
TCOD F2B,190,2,0,190/2/0,8,8,False,3027
TCOD F2B,190,3,0,190/3/0,10,10,False,3028
TCOD F2B,190,4,0,190/4/0,14,14,False,3029
TCOD F2B,190,5,0,190/5/0,9,9,False,3030
TCOD F2B,190,6,0,190/6/0,15,30,True,3031
TCOD F2B,190,7,0,190/7/0,4,4,False,3032
TCOD F2B,190,8,0,190/8/0,5,5,False,3033
TCOD F2B,190,9,0,190/9/0,9,9,False,3034
TCOD F2B,190,10,0,190/10/0,14,30,True,3035
TCOD F2B,190,11,0,190/11/0,5,5,False,3036
TCOD F2B,190,12,0,190/12/0,18,30,True,3037
TCOD F2B,190,13,0,190/13/0,10,10,False,3038
TCOD F2B,190,14,0,190/14/0,11,11,False,3039
TCOD F2B,190,15,0,190/15/0,7,7,False,3040
TCOD F2B,191,0,0,191/0/0,5,5,False,3041
TCOD F2B,191,1,0,191/1/0,6,6,False,3042
TCOD F2B,191,2,0,191/2/0,14,30,True,3043
TCOD F2B,191,3,0,191/3/0,8,8,False,3044
TCOD F2B,191,4,0,191/4/0,6,6,False,3045
TCOD F2B,191,5,0,191/5/0,11,11,False,3046
TCOD F2B,191,6,0,191/6/0,6,6,False,3047
TCOD F2B,191,7,0,191/7/0,9,9,False,3048
TCOD F2B,191,8,0,191/8/0,10,10,False,3049
TCOD F2B,191,9,0,191/9/0,9,9,False,3050
TCOD F2B,191,10,0,191/10/0,6,6,False,3051
TCOD F2B,191,11,0,191/11/0,7,7,False,3052
TCOD F2B,191,12,0,191/12/0,4,4,False,3053
TCOD F2B,191,13,0,191/13/0,7,7,False,3054
TCOD F2B,191,14,0,191/14/0,7,7,False,3055
TCOD F2B,191,15,0,191/15/0,14,30,True,3056
TCOD F2B,192,0,0,192/0/0,21,30,True,3057
TCOD F2B,192,1,0,192/1/0,3,3,False,3058
TCOD F2B,192,2,0,192/2/0,9,9,False,3059
TCOD F2B,192,3,0,192/3/0,8,8,False,3060
TCOD F2B,192,4,0,192/4/0,6,6,False,3061
TCOD F2B,192,5,0,192/5/0,18,30,True,3062
TCOD F2B,192,6,0,192/6/0,7,7,False,3063
TCOD F2B,192,7,0,192/7/0,24,30,True,3064
TCOD F2B,192,8,0,192/8/0,6,6,False,3065
TCOD F2B,192,9,0,192/9/0,20,30,True,3066
TCOD F2B,192,10,0,192/10/0,21,30,True,3067
TCOD F2B,192,11,0,192/11/0,8,8,False,3068
TCOD F2B,192,12,0,192/12/0,16,16,False,3069
TCOD F2B,192,13,0,192/13/0,10,10,False,3070
TCOD F2B,192,14,0,192/14/0,6,6,False,3071
TCOD F2B,192,15,0,192/15/0,8,8,False,3072
TCOD F2B,193,0,0,193/0/0,7,7,False,3073
TCOD F2B,193,1,0,193/1/0,22,30,True,3074
TCOD F2B,193,2,0,193/2/0,8,8,False,3075
TCOD F2B,193,3,0,193/3/0,12,30,True,3076
TCOD F2B,193,4,0,193/4/0,9,9,False,3077
TCOD F2B,193,5,0,193/5/0,8,8,False,3078
TCOD F2B,193,6,0,193/6/0,17,17,False,3079
TCOD F2B,193,7,0,193/7/0,10,10,False,3080
TCOD F2B,193,8,0,193/8/0,9,9,False,3081
TCOD F2B,193,9,0,193/9/0,16,30,True,3082
TCOD F2B,193,10,0,193/10/0,6,6,False,3083
TCOD F2B,193,11,0,193/11/0,5,5,False,3084
TCOD F2B,193,12,0,193/12/0,8,8,False,3085
TCOD F2B,193,13,0,193/13/0,8,8,False,3086
TCOD F2B,193,14,0,193/14/0,11,11,False,3087
TCOD F2B,193,15,0,193/15/0,3,3,False,3088
Adaptive v1,1,train:1:train/look_at_obj_in_light-CD-None-DeskLamp-305/trial_T20190909_132423_909909/game.tw-pddl:0,0,train:1:train/look_at_obj_in_light-CD-None-DeskLamp-305/trial_T20190909_132423_909909/game.tw-pddl:0,15,15,False,1
Adaptive v1,1,train:1:train/pick_and_place_simple-Book-None-Desk-310/trial_T20190909_121828_424706/game.tw-pddl:0,0,train:1:train/pick_and_place_simple-Book-None-Desk-310/trial_T20190909_121828_424706/game.tw-pddl:0,16,30,True,2
Adaptive v1,1,train:1:train/pick_and_place_simple-CD-None-Safe-317/trial_T20190906_180511_344768/game.tw-pddl:0,0,train:1:train/pick_and_place_simple-CD-None-Safe-317/trial_T20190906_180511_344768/game.tw-pddl:0,19,30,True,3
Adaptive v1,1,train:1:train/pick_and_place_simple-Candle-None-CounterTop-417/trial_T20190909_142343_223524/game.tw-pddl:0,0,train:1:train/pick_and_place_simple-Candle-None-CounterTop-417/trial_T20190909_142343_223524/game.tw-pddl:0,21,30,True,4
Adaptive v1,1,train:1:train/pick_and_place_simple-CreditCard-None-Shelf-307/trial_T20190908_141017_721379/game.tw-pddl:0,0,train:1:train/pick_and_place_simple-CreditCard-None-Shelf-307/trial_T20190908_141017_721379/game.tw-pddl:0,4,4,False,5
Adaptive v1,1,train:1:train/pick_and_place_simple-SoapBottle-None-Toilet-426/trial_T20190906_180946_873820/game.tw-pddl:0,0,train:1:train/pick_and_place_simple-SoapBottle-None-Toilet-426/trial_T20190906_180946_873820/game.tw-pddl:0,17,30,True,6
Adaptive v1,1,train:1:train/pick_and_place_simple-TissueBox-None-Toilet-402/trial_T20190908_060020_023543/game.tw-pddl:0,0,train:1:train/pick_and_place_simple-TissueBox-None-Toilet-402/trial_T20190908_060020_023543/game.tw-pddl:0,13,30,True,7
Adaptive v1,1,train:1:train/pick_clean_then_place_in_recep-Bowl-None-DiningTable-21/trial_T20190907_000031_668520/game.tw-pddl:0,0,train:1:train/pick_clean_then_place_in_recep-Bowl-None-DiningTable-21/trial_T20190907_000031_668520/game.tw-pddl:0,5,30,True,8
Adaptive v1,1,train:1:train/pick_clean_then_place_in_recep-Tomato-None-DiningTable-23/trial_T20190909_000922_271997/game.tw-pddl:0,0,train:1:train/pick_clean_then_place_in_recep-Tomato-None-DiningTable-23/trial_T20190909_000922_271997/game.tw-pddl:0,14,30,True,9
Adaptive v1,1,train:1:train/pick_cool_then_place_in_recep-Tomato-None-DiningTable-11/trial_T20190908_215900_237409/game.tw-pddl:0,0,train:1:train/pick_cool_then_place_in_recep-Tomato-None-DiningTable-11/trial_T20190908_215900_237409/game.tw-pddl:0,11,30,True,10
Adaptive v1,1,train:1:train/pick_heat_then_place_in_recep-Egg-None-CounterTop-12/trial_T20190908_215643_953236/game.tw-pddl:0,0,train:1:train/pick_heat_then_place_in_recep-Egg-None-CounterTop-12/trial_T20190908_215643_953236/game.tw-pddl:0,10,30,True,11
Adaptive v1,1,train:1:train/pick_heat_then_place_in_recep-Plate-None-Fridge-7/trial_T20190909_065023_650475/game.tw-pddl:0,0,train:1:train/pick_heat_then_place_in_recep-Plate-None-Fridge-7/trial_T20190909_065023_650475/game.tw-pddl:0,12,30,True,12
Adaptive v1,1,train:1:train/pick_two_obj_and_place-Book-None-Bed-328/trial_T20190907_060344_224282/game.tw-pddl:0,0,train:1:train/pick_two_obj_and_place-Book-None-Bed-328/trial_T20190907_060344_224282/game.tw-pddl:0,8,30,True,13
Adaptive v1,1,train:1:train/pick_two_obj_and_place-HandTowel-None-CounterTop-409/trial_T20190909_065422_153174/game.tw-pddl:0,0,train:1:train/pick_two_obj_and_place-HandTowel-None-CounterTop-409/trial_T20190909_065422_153174/game.tw-pddl:0,4,30,True,14
Adaptive v1,1,train:1:train/pick_two_obj_and_place-Kettle-None-DiningTable-18/trial_T20190906_233756_544999/game.tw-pddl:0,0,train:1:train/pick_two_obj_and_place-Kettle-None-DiningTable-18/trial_T20190906_233756_544999/game.tw-pddl:0,14,30,True,15
Adaptive v1,1,train:1:train/pick_two_obj_and_place-KeyChain-None-ArmChair-217/trial_T20190906_213211_993051/game.tw-pddl:0,0,train:1:train/pick_two_obj_and_place-KeyChain-None-ArmChair-217/trial_T20190906_213211_993051/game.tw-pddl:0,18,30,True,16
Adaptive v1,2,train:2:train/look_at_obj_in_light-CD-None-DeskLamp-307/trial_T20190906_200425_670027/game.tw-pddl:0,0,train:2:train/look_at_obj_in_light-CD-None-DeskLamp-307/trial_T20190906_200425_670027/game.tw-pddl:0,17,30,True,17
Adaptive v1,2,train:2:train/look_at_obj_in_light-CD-None-DeskLamp-323/trial_T20190908_051139_258301/game.tw-pddl:0,0,train:2:train/look_at_obj_in_light-CD-None-DeskLamp-323/trial_T20190908_051139_258301/game.tw-pddl:0,17,30,True,18
Adaptive v1,2,train:2:train/look_at_obj_in_light-CellPhone-None-DeskLamp-316/trial_T20190907_075452_465579/game.tw-pddl:0,0,train:2:train/look_at_obj_in_light-CellPhone-None-DeskLamp-316/trial_T20190907_075452_465579/game.tw-pddl:0,3,3,False,19
Adaptive v1,2,train:2:train/pick_and_place_simple-Box-None-ArmChair-212/trial_T20190908_032830_891800/game.tw-pddl:0,0,train:2:train/pick_and_place_simple-Box-None-ArmChair-212/trial_T20190908_032830_891800/game.tw-pddl:0,6,30,True,20
Adaptive v1,2,train:2:train/pick_and_place_simple-Pillow-None-Ottoman-208/trial_T20190906_172125_756234/game.tw-pddl:0,0,train:2:train/pick_and_place_simple-Pillow-None-Ottoman-208/trial_T20190906_172125_756234/game.tw-pddl:0,4,9,False,21
Adaptive v1,2,train:2:train/pick_and_place_simple-SoapBottle-None-GarbageCan-421/trial_T20190908_045256_126150/game.tw-pddl:0,0,train:2:train/pick_and_place_simple-SoapBottle-None-GarbageCan-421/trial_T20190908_045256_126150/game.tw-pddl:0,9,12,False,22
Adaptive v1,2,train:2:train/pick_and_place_simple-SoapBottle-None-Toilet-406/trial_T20190909_104206_052441/game.tw-pddl:0,0,train:2:train/pick_and_place_simple-SoapBottle-None-Toilet-406/trial_T20190909_104206_052441/game.tw-pddl:0,6,6,False,23
Adaptive v1,2,train:2:train/pick_and_place_simple-SprayBottle-None-Toilet-411/trial_T20190909_110934_367159/game.tw-pddl:0,0,train:2:train/pick_and_place_simple-SprayBottle-None-Toilet-411/trial_T20190909_110934_367159/game.tw-pddl:0,6,30,True,24
Adaptive v1,2,train:2:train/pick_clean_then_place_in_recep-Spoon-None-SideTable-21/trial_T20190908_232124_221443/game.tw-pddl:0,0,train:2:train/pick_clean_then_place_in_recep-Spoon-None-SideTable-21/trial_T20190908_232124_221443/game.tw-pddl:0,8,30,True,25
Adaptive v1,2,train:2:train/pick_cool_then_place_in_recep-Pan-None-CounterTop-7/trial_T20190909_072619_689367/game.tw-pddl:0,0,train:2:train/pick_cool_then_place_in_recep-Pan-None-CounterTop-7/trial_T20190909_072619_689367/game.tw-pddl:0,7,30,True,26
Adaptive v1,2,train:2:train/pick_cool_then_place_in_recep-Tomato-None-CounterTop-7/trial_T20190906_185127_887683/game.tw-pddl:0,0,train:2:train/pick_cool_then_place_in_recep-Tomato-None-CounterTop-7/trial_T20190906_185127_887683/game.tw-pddl:0,7,30,True,27
Adaptive v1,2,train:2:train/pick_heat_then_place_in_recep-Apple-None-Fridge-12/trial_T20190909_151749_236238/game.tw-pddl:0,0,train:2:train/pick_heat_then_place_in_recep-Apple-None-Fridge-12/trial_T20190909_151749_236238/game.tw-pddl:0,7,30,True,28
Adaptive v1,2,train:2:train/pick_heat_then_place_in_recep-Egg-None-GarbageCan-2/trial_T20190909_101128_479012/game.tw-pddl:0,0,train:2:train/pick_heat_then_place_in_recep-Egg-None-GarbageCan-2/trial_T20190909_101128_479012/game.tw-pddl:0,4,30,True,29
Adaptive v1,2,train:2:train/pick_heat_then_place_in_recep-Potato-None-Fridge-6/trial_T20190907_125528_464872/game.tw-pddl:0,0,train:2:train/pick_heat_then_place_in_recep-Potato-None-Fridge-6/trial_T20190907_125528_464872/game.tw-pddl:0,15,30,True,30
Adaptive v1,2,train:2:train/pick_two_obj_and_place-Candle-None-Toilet-417/trial_T20190907_182625_222433/game.tw-pddl:0,0,train:2:train/pick_two_obj_and_place-Candle-None-Toilet-417/trial_T20190907_182625_222433/game.tw-pddl:0,19,30,True,31
Adaptive v1,2,train:2:train/pick_two_obj_and_place-Cloth-None-Toilet-417/trial_T20190908_152140_753366/game.tw-pddl:0,0,train:2:train/pick_two_obj_and_place-Cloth-None-Toilet-417/trial_T20190908_152140_753366/game.tw-pddl:0,20,30,True,32
Adaptive v1,3,train:3:train/look_at_obj_in_light-AlarmClock-None-DeskLamp-318/trial_T20190906_180821_654558/game.tw-pddl:0,0,train:3:train/look_at_obj_in_light-AlarmClock-None-DeskLamp-318/trial_T20190906_180821_654558/game.tw-pddl:0,16,30,True,33
Adaptive v1,3,train:3:train/pick_and_place_simple-Kettle-None-Cabinet-18/trial_T20190909_013018_393040/game.tw-pddl:0,0,train:3:train/pick_and_place_simple-Kettle-None-Cabinet-18/trial_T20190909_013018_393040/game.tw-pddl:0,11,30,True,34
Adaptive v1,3,train:3:train/pick_and_place_simple-KeyChain-None-ArmChair-322/trial_T20190908_223409_609518/game.tw-pddl:0,0,train:3:train/pick_and_place_simple-KeyChain-None-ArmChair-322/trial_T20190908_223409_609518/game.tw-pddl:0,5,30,True,35
Adaptive v1,3,train:3:train/pick_and_place_simple-SoapBottle-None-Drawer-423/trial_T20190909_064832_959288/game.tw-pddl:0,0,train:3:train/pick_and_place_simple-SoapBottle-None-Drawer-423/trial_T20190909_064832_959288/game.tw-pddl:0,8,30,True,36
Adaptive v1,3,train:3:train/pick_clean_then_place_in_recep-Bowl-None-Fridge-6/trial_T20190911_205333_848673/game.tw-pddl:0,0,train:3:train/pick_clean_then_place_in_recep-Bowl-None-Fridge-6/trial_T20190911_205333_848673/game.tw-pddl:0,9,30,True,37
Adaptive v1,3,train:3:train/pick_clean_then_place_in_recep-Bowl-None-Microwave-23/trial_T20190908_101019_780853/game.tw-pddl:0,0,train:3:train/pick_clean_then_place_in_recep-Bowl-None-Microwave-23/trial_T20190908_101019_780853/game.tw-pddl:0,17,30,True,38
Adaptive v1,3,train:3:train/pick_clean_then_place_in_recep-Knife-None-Drawer-21/trial_T20190908_141841_920948/game.tw-pddl:0,0,train:3:train/pick_clean_then_place_in_recep-Knife-None-Drawer-21/trial_T20190908_141841_920948/game.tw-pddl:0,16,30,True,39
Adaptive v1,3,train:3:train/pick_clean_then_place_in_recep-Ladle-None-Cabinet-16/trial_T20190910_022155_266935/game.tw-pddl:0,0,train:3:train/pick_clean_then_place_in_recep-Ladle-None-Cabinet-16/trial_T20190910_022155_266935/game.tw-pddl:0,10,30,True,40
Adaptive v1,3,train:3:train/pick_clean_then_place_in_recep-Tomato-None-Fridge-18/trial_T20190909_045742_414595/game.tw-pddl:0,0,train:3:train/pick_clean_then_place_in_recep-Tomato-None-Fridge-18/trial_T20190909_045742_414595/game.tw-pddl:0,8,30,True,41
Adaptive v1,3,train:3:train/pick_cool_then_place_in_recep-Bowl-None-Shelf-7/trial_T20190906_185932_528745/game.tw-pddl:0,0,train:3:train/pick_cool_then_place_in_recep-Bowl-None-Shelf-7/trial_T20190906_185932_528745/game.tw-pddl:0,15,30,True,42
Adaptive v1,3,train:3:train/pick_heat_then_place_in_recep-Cup-None-SideTable-28/trial_T20190907_165415_245751/game.tw-pddl:0,0,train:3:train/pick_heat_then_place_in_recep-Cup-None-SideTable-28/trial_T20190907_165415_245751/game.tw-pddl:0,15,30,True,43
Adaptive v1,3,train:3:train/pick_two_obj_and_place-Candle-None-Drawer-411/trial_T20190909_055913_544549/game.tw-pddl:0,0,train:3:train/pick_two_obj_and_place-Candle-None-Drawer-411/trial_T20190909_055913_544549/game.tw-pddl:0,20,30,True,44
Adaptive v1,3,train:3:train/pick_two_obj_and_place-Newspaper-None-ArmChair-222/trial_T20190907_044124_447733/game.tw-pddl:0,0,train:3:train/pick_two_obj_and_place-Newspaper-None-ArmChair-222/trial_T20190907_044124_447733/game.tw-pddl:0,20,30,True,45
Adaptive v1,3,train:3:train/pick_two_obj_and_place-Newspaper-None-Sofa-212/trial_T20190908_112632_208041/game.tw-pddl:0,0,train:3:train/pick_two_obj_and_place-Newspaper-None-Sofa-212/trial_T20190908_112632_208041/game.tw-pddl:0,19,30,True,46
Adaptive v1,3,train:3:train/pick_two_obj_and_place-SaltShaker-None-Drawer-5/trial_T20190907_151211_150451/game.tw-pddl:0,0,train:3:train/pick_two_obj_and_place-SaltShaker-None-Drawer-5/trial_T20190907_151211_150451/game.tw-pddl:0,10,30,True,47
Adaptive v1,3,train:3:train/pick_two_obj_and_place-SoapBar-None-GarbageCan-418/trial_T20190909_055504_993999/game.tw-pddl:0,0,train:3:train/pick_two_obj_and_place-SoapBar-None-GarbageCan-418/trial_T20190909_055504_993999/game.tw-pddl:0,6,30,True,48
Adaptive v1,4,train:4:train/look_at_obj_in_light-Newspaper-None-DeskLamp-216/trial_T20190908_143004_004127/game.tw-pddl:0,0,train:4:train/look_at_obj_in_light-Newspaper-None-DeskLamp-216/trial_T20190908_143004_004127/game.tw-pddl:0,19,30,True,49
Adaptive v1,4,train:4:train/pick_and_place_simple-Bowl-None-Fridge-6/trial_T20190906_230933_751794/game.tw-pddl:0,0,train:4:train/pick_and_place_simple-Bowl-None-Fridge-6/trial_T20190906_230933_751794/game.tw-pddl:0,14,30,True,50
Adaptive v1,4,train:4:train/pick_and_place_simple-Box-None-Sofa-205/trial_T20190907_214830_497445/game.tw-pddl:0,0,train:4:train/pick_and_place_simple-Box-None-Sofa-205/trial_T20190907_214830_497445/game.tw-pddl:0,7,30,True,51
Adaptive v1,4,train:4:train/pick_and_place_simple-CD-None-Safe-317/trial_T20190906_180452_867280/game.tw-pddl:0,0,train:4:train/pick_and_place_simple-CD-None-Safe-317/trial_T20190906_180452_867280/game.tw-pddl:0,12,30,True,52
Adaptive v1,4,train:4:train/pick_and_place_simple-CellPhone-None-Desk-327/trial_T20190907_162342_304038/game.tw-pddl:0,0,train:4:train/pick_and_place_simple-CellPhone-None-Desk-327/trial_T20190907_162342_304038/game.tw-pddl:0,20,30,True,53
Adaptive v1,4,train:4:train/pick_and_place_simple-Watch-None-CoffeeTable-207/trial_T20190907_152215_435376/game.tw-pddl:0,0,train:4:train/pick_and_place_simple-Watch-None-CoffeeTable-207/trial_T20190907_152215_435376/game.tw-pddl:0,21,30,True,54
Adaptive v1,4,train:4:train/pick_clean_then_place_in_recep-Ladle-None-CounterTop-20/trial_T20190907_130836_804995/game.tw-pddl:0,0,train:4:train/pick_clean_then_place_in_recep-Ladle-None-CounterTop-20/trial_T20190907_130836_804995/game.tw-pddl:0,17,30,True,55
Adaptive v1,4,train:4:train/pick_clean_then_place_in_recep-Mug-None-CoffeeMachine-14/trial_T20190906_213559_289639/game.tw-pddl:0,0,train:4:train/pick_clean_then_place_in_recep-Mug-None-CoffeeMachine-14/trial_T20190906_213559_289639/game.tw-pddl:0,14,30,True,56
Adaptive v1,4,train:4:train/pick_clean_then_place_in_recep-Pot-None-StoveBurner-1/trial_T20190908_134336_754601/game.tw-pddl:0,0,train:4:train/pick_clean_then_place_in_recep-Pot-None-StoveBurner-1/trial_T20190908_134336_754601/game.tw-pddl:0,16,30,True,57
Adaptive v1,4,train:4:train/pick_clean_then_place_in_recep-Pot-None-StoveBurner-4/trial_T20190907_151406_550745/game.tw-pddl:0,0,train:4:train/pick_clean_then_place_in_recep-Pot-None-StoveBurner-4/trial_T20190907_151406_550745/game.tw-pddl:0,9,30,True,58
Adaptive v1,4,train:4:train/pick_cool_then_place_in_recep-Cup-None-Cabinet-12/trial_T20190909_102554_108303/game.tw-pddl:0,0,train:4:train/pick_cool_then_place_in_recep-Cup-None-Cabinet-12/trial_T20190909_102554_108303/game.tw-pddl:0,8,30,True,59
Adaptive v1,4,train:4:train/pick_cool_then_place_in_recep-Potato-None-DiningTable-27/trial_T20190908_204107_992431/game.tw-pddl:0,0,train:4:train/pick_cool_then_place_in_recep-Potato-None-DiningTable-27/trial_T20190908_204107_992431/game.tw-pddl:0,7,30,True,60
Adaptive v1,4,train:4:train/pick_heat_then_place_in_recep-Egg-None-GarbageCan-5/trial_T20190906_190603_375591/game.tw-pddl:0,0,train:4:train/pick_heat_then_place_in_recep-Egg-None-GarbageCan-5/trial_T20190906_190603_375591/game.tw-pddl:0,5,30,True,61
Adaptive v1,4,train:4:train/pick_two_obj_and_place-Cup-None-Cabinet-2/trial_T20190908_031003_719573/game.tw-pddl:0,0,train:4:train/pick_two_obj_and_place-Cup-None-Cabinet-2/trial_T20190908_031003_719573/game.tw-pddl:0,15,30,True,62
Adaptive v1,4,train:4:train/pick_two_obj_and_place-SaltShaker-None-SideTable-21/trial_T20190909_041626_844806/game.tw-pddl:0,0,train:4:train/pick_two_obj_and_place-SaltShaker-None-SideTable-21/trial_T20190909_041626_844806/game.tw-pddl:0,17,30,True,63
Adaptive v1,4,train:4:train/pick_two_obj_and_place-ToiletPaper-None-Cabinet-402/trial_T20190908_144830_163459/game.tw-pddl:0,0,train:4:train/pick_two_obj_and_place-ToiletPaper-None-Cabinet-402/trial_T20190908_144830_163459/game.tw-pddl:0,6,30,True,64
Adaptive v1,5,train:5:train/look_at_obj_in_light-Pen-None-DeskLamp-305/trial_T20190907_115849_734053/game.tw-pddl:0,0,train:5:train/look_at_obj_in_light-Pen-None-DeskLamp-305/trial_T20190907_115849_734053/game.tw-pddl:0,20,30,True,65
Adaptive v1,5,train:5:train/look_at_obj_in_light-Statue-None-DeskLamp-304/trial_T20190909_035310_552898/game.tw-pddl:0,0,train:5:train/look_at_obj_in_light-Statue-None-DeskLamp-304/trial_T20190909_035310_552898/game.tw-pddl:0,4,30,True,66
Adaptive v1,5,train:5:train/pick_and_place_simple-AlarmClock-None-Dresser-319/trial_T20190908_002747_623437/game.tw-pddl:0,0,train:5:train/pick_and_place_simple-AlarmClock-None-Dresser-319/trial_T20190908_002747_623437/game.tw-pddl:0,5,30,True,67
Adaptive v1,5,train:5:train/pick_and_place_simple-Pencil-None-SideTable-322/trial_T20190908_112624_358795/game.tw-pddl:0,0,train:5:train/pick_and_place_simple-Pencil-None-SideTable-322/trial_T20190908_112624_358795/game.tw-pddl:0,4,30,True,68
Adaptive v1,5,train:5:train/pick_and_place_simple-SprayBottle-None-GarbageCan-409/trial_T20190908_054803_198732/game.tw-pddl:0,0,train:5:train/pick_and_place_simple-SprayBottle-None-GarbageCan-409/trial_T20190908_054803_198732/game.tw-pddl:0,18,30,True,69
Adaptive v1,5,train:5:train/pick_clean_then_place_in_recep-Cloth-None-CounterTop-409/trial_T20190908_150707_250921/game.tw-pddl:0,0,train:5:train/pick_clean_then_place_in_recep-Cloth-None-CounterTop-409/trial_T20190908_150707_250921/game.tw-pddl:0,21,30,True,70
Adaptive v1,5,train:5:train/pick_clean_then_place_in_recep-Cloth-None-Drawer-427/trial_T20190909_070356_398456/game.tw-pddl:0,0,train:5:train/pick_clean_then_place_in_recep-Cloth-None-Drawer-427/trial_T20190909_070356_398456/game.tw-pddl:0,10,30,True,71
Adaptive v1,5,train:5:train/pick_clean_then_place_in_recep-Mug-None-CoffeeMachine-24/trial_T20190906_185323_832715/game.tw-pddl:0,0,train:5:train/pick_clean_then_place_in_recep-Mug-None-CoffeeMachine-24/trial_T20190906_185323_832715/game.tw-pddl:0,4,30,True,72
Adaptive v1,5,train:5:train/pick_cool_then_place_in_recep-Tomato-None-Microwave-6/trial_T20190908_082241_050373/game.tw-pddl:0,0,train:5:train/pick_cool_then_place_in_recep-Tomato-None-Microwave-6/trial_T20190908_082241_050373/game.tw-pddl:0,4,30,True,73
Adaptive v1,5,train:5:train/pick_heat_then_place_in_recep-Cup-None-Cabinet-28/trial_T20190909_052944_317093/game.tw-pddl:0,0,train:5:train/pick_heat_then_place_in_recep-Cup-None-Cabinet-28/trial_T20190909_052944_317093/game.tw-pddl:0,16,30,True,74
Adaptive v1,5,train:5:train/pick_heat_then_place_in_recep-Mug-None-CoffeeMachine-18/trial_T20190907_142057_604429/game.tw-pddl:0,0,train:5:train/pick_heat_then_place_in_recep-Mug-None-CoffeeMachine-18/trial_T20190907_142057_604429/game.tw-pddl:0,8,30,True,75
Adaptive v1,5,train:5:train/pick_heat_then_place_in_recep-Mug-None-Shelf-20/trial_T20190907_054109_225243/game.tw-pddl:0,0,train:5:train/pick_heat_then_place_in_recep-Mug-None-Shelf-20/trial_T20190907_054109_225243/game.tw-pddl:0,17,30,True,76
Adaptive v1,5,train:5:train/pick_heat_then_place_in_recep-Tomato-None-Fridge-14/trial_T20190908_091707_240737/game.tw-pddl:0,0,train:5:train/pick_heat_then_place_in_recep-Tomato-None-Fridge-14/trial_T20190908_091707_240737/game.tw-pddl:0,12,30,True,77
Adaptive v1,5,train:5:train/pick_two_obj_and_place-CellPhone-None-Bed-312/trial_T20190907_035112_615160/game.tw-pddl:0,0,train:5:train/pick_two_obj_and_place-CellPhone-None-Bed-312/trial_T20190907_035112_615160/game.tw-pddl:0,5,30,True,78
Adaptive v1,5,train:5:train/pick_two_obj_and_place-Pen-None-SideTable-329/trial_T20190906_203209_061579/game.tw-pddl:0,0,train:5:train/pick_two_obj_and_place-Pen-None-SideTable-329/trial_T20190906_203209_061579/game.tw-pddl:0,18,30,True,79
Adaptive v1,5,train:5:train/pick_two_obj_and_place-SprayBottle-None-Dresser-413/trial_T20190906_193324_684519/game.tw-pddl:0,0,train:5:train/pick_two_obj_and_place-SprayBottle-None-Dresser-413/trial_T20190906_193324_684519/game.tw-pddl:0,13,30,True,80
Adaptive v1,6,train:6:train/pick_and_place_simple-AlarmClock-None-Shelf-320/trial_T20190907_121126_621870/game.tw-pddl:0,0,train:6:train/pick_and_place_simple-AlarmClock-None-Shelf-320/trial_T20190907_121126_621870/game.tw-pddl:0,5,12,False,81
Adaptive v1,6,train:6:train/pick_and_place_simple-CD-None-Dresser-318/trial_T20190907_190229_164232/game.tw-pddl:0,0,train:6:train/pick_and_place_simple-CD-None-Dresser-318/trial_T20190907_190229_164232/game.tw-pddl:0,7,30,True,82
Adaptive v1,6,train:6:train/pick_and_place_simple-KeyChain-None-Dresser-217/trial_T20190910_203316_646156/game.tw-pddl:0,0,train:6:train/pick_and_place_simple-KeyChain-None-Dresser-217/trial_T20190910_203316_646156/game.tw-pddl:0,15,20,False,83
Adaptive v1,6,train:6:train/pick_and_place_simple-SaltShaker-None-DiningTable-26/trial_T20190907_113736_672101/game.tw-pddl:0,0,train:6:train/pick_and_place_simple-SaltShaker-None-DiningTable-26/trial_T20190907_113736_672101/game.tw-pddl:0,6,30,True,84
Adaptive v1,6,train:6:train/pick_and_place_simple-SprayBottle-None-Toilet-411/trial_T20190909_110956_758459/game.tw-pddl:0,0,train:6:train/pick_and_place_simple-SprayBottle-None-Toilet-411/trial_T20190909_110956_758459/game.tw-pddl:0,12,30,True,85
Adaptive v1,6,train:6:train/pick_and_place_simple-WineBottle-None-DiningTable-15/trial_T20190906_184006_967003/game.tw-pddl:0,0,train:6:train/pick_and_place_simple-WineBottle-None-DiningTable-15/trial_T20190906_184006_967003/game.tw-pddl:0,6,30,True,86
Adaptive v1,6,train:6:train/pick_clean_then_place_in_recep-Lettuce-None-GarbageCan-20/trial_T20190909_033324_286989/game.tw-pddl:0,0,train:6:train/pick_clean_then_place_in_recep-Lettuce-None-GarbageCan-20/trial_T20190909_033324_286989/game.tw-pddl:0,17,30,True,87
Adaptive v1,6,train:6:train/pick_clean_then_place_in_recep-Pan-None-CounterTop-13/trial_T20190908_113205_515477/game.tw-pddl:0,0,train:6:train/pick_clean_then_place_in_recep-Pan-None-CounterTop-13/trial_T20190908_113205_515477/game.tw-pddl:0,12,30,True,88
Adaptive v1,6,train:6:train/pick_clean_then_place_in_recep-Pan-None-StoveBurner-26/trial_T20190909_042547_767945/game.tw-pddl:0,0,train:6:train/pick_clean_then_place_in_recep-Pan-None-StoveBurner-26/trial_T20190909_042547_767945/game.tw-pddl:0,17,30,True,89
Adaptive v1,6,train:6:train/pick_cool_then_place_in_recep-Bread-None-CounterTop-25/trial_T20190906_203227_781169/game.tw-pddl:0,0,train:6:train/pick_cool_then_place_in_recep-Bread-None-CounterTop-25/trial_T20190906_203227_781169/game.tw-pddl:0,13,30,True,90
Adaptive v1,6,train:6:train/pick_heat_then_place_in_recep-Plate-None-CounterTop-28/trial_T20190907_180330_211175/game.tw-pddl:0,0,train:6:train/pick_heat_then_place_in_recep-Plate-None-CounterTop-28/trial_T20190907_180330_211175/game.tw-pddl:0,9,30,True,91
Adaptive v1,6,train:6:train/pick_two_obj_and_place-AlarmClock-None-Desk-307/trial_T20190907_013752_725369/game.tw-pddl:0,0,train:6:train/pick_two_obj_and_place-AlarmClock-None-Desk-307/trial_T20190907_013752_725369/game.tw-pddl:0,5,30,True,92
Adaptive v1,6,train:6:train/pick_two_obj_and_place-Candle-None-Toilet-417/trial_T20190907_182724_868283/game.tw-pddl:0,0,train:6:train/pick_two_obj_and_place-Candle-None-Toilet-417/trial_T20190907_182724_868283/game.tw-pddl:0,8,30,True,93
Adaptive v1,6,train:6:train/pick_two_obj_and_place-SprayBottle-None-GarbageCan-423/trial_T20190909_013120_095952/game.tw-pddl:0,0,train:6:train/pick_two_obj_and_place-SprayBottle-None-GarbageCan-423/trial_T20190909_013120_095952/game.tw-pddl:0,6,30,True,94
Adaptive v1,6,train:6:train/pick_two_obj_and_place-ToiletPaper-None-SideTable-420/trial_T20190909_114817_260394/game.tw-pddl:0,0,train:6:train/pick_two_obj_and_place-ToiletPaper-None-SideTable-420/trial_T20190909_114817_260394/game.tw-pddl:0,6,30,True,95
Adaptive v1,6,train:6:train/pick_two_obj_and_place-ToiletPaper-None-Toilet-415/trial_T20190908_080148_528030/game.tw-pddl:0,0,train:6:train/pick_two_obj_and_place-ToiletPaper-None-Toilet-415/trial_T20190908_080148_528030/game.tw-pddl:0,12,30,True,96
Adaptive v1,7,train:7:train/look_at_obj_in_light-TissueBox-None-DeskLamp-301/trial_T20190908_011302_767722/game.tw-pddl:0,0,train:7:train/look_at_obj_in_light-TissueBox-None-DeskLamp-301/trial_T20190908_011302_767722/game.tw-pddl:0,17,30,True,97
Adaptive v1,7,train:7:train/pick_and_place_simple-KeyChain-None-Dresser-317/trial_T20190910_184933_511149/game.tw-pddl:0,0,train:7:train/pick_and_place_simple-KeyChain-None-Dresser-317/trial_T20190910_184933_511149/game.tw-pddl:0,14,17,False,98
Adaptive v1,7,train:7:train/pick_and_place_simple-Laptop-None-ArmChair-206/trial_T20190907_173903_898221/game.tw-pddl:0,0,train:7:train/pick_and_place_simple-Laptop-None-ArmChair-206/trial_T20190907_173903_898221/game.tw-pddl:0,21,30,True,99
Adaptive v1,7,train:7:train/pick_and_place_simple-TissueBox-None-Toilet-402/trial_T20190908_055936_625704/game.tw-pddl:0,0,train:7:train/pick_and_place_simple-TissueBox-None-Toilet-402/trial_T20190908_055936_625704/game.tw-pddl:0,11,11,False,100
Adaptive v1,7,train:7:train/pick_clean_then_place_in_recep-Apple-None-DiningTable-4/trial_T20190908_104438_181745/game.tw-pddl:0,0,train:7:train/pick_clean_then_place_in_recep-Apple-None-DiningTable-4/trial_T20190908_104438_181745/game.tw-pddl:0,18,30,True,101
Adaptive v1,7,train:7:train/pick_clean_then_place_in_recep-Pot-None-StoveBurner-26/trial_T20190907_210713_391992/game.tw-pddl:0,0,train:7:train/pick_clean_then_place_in_recep-Pot-None-StoveBurner-26/trial_T20190907_210713_391992/game.tw-pddl:0,18,30,True,102
Adaptive v1,7,train:7:train/pick_cool_then_place_in_recep-Cup-None-DiningTable-24/trial_T20190909_020224_927852/game.tw-pddl:0,0,train:7:train/pick_cool_then_place_in_recep-Cup-None-DiningTable-24/trial_T20190909_020224_927852/game.tw-pddl:0,13,30,True,103
Adaptive v1,7,train:7:train/pick_cool_then_place_in_recep-Potato-None-CounterTop-12/trial_T20190908_070345_680146/game.tw-pddl:0,0,train:7:train/pick_cool_then_place_in_recep-Potato-None-CounterTop-12/trial_T20190908_070345_680146/game.tw-pddl:0,14,30,True,104
Adaptive v1,7,train:7:train/pick_heat_then_place_in_recep-Apple-None-CounterTop-2/trial_T20190908_112534_364453/game.tw-pddl:0,0,train:7:train/pick_heat_then_place_in_recep-Apple-None-CounterTop-2/trial_T20190908_112534_364453/game.tw-pddl:0,16,30,True,105
Adaptive v1,7,train:7:train/pick_heat_then_place_in_recep-Mug-None-Cabinet-20/trial_T20190908_230106_156334/game.tw-pddl:0,0,train:7:train/pick_heat_then_place_in_recep-Mug-None-Cabinet-20/trial_T20190908_230106_156334/game.tw-pddl:0,11,30,True,106
Adaptive v1,7,train:7:train/pick_heat_then_place_in_recep-Plate-None-CounterTop-13/trial_T20190909_101225_957550/game.tw-pddl:0,0,train:7:train/pick_heat_then_place_in_recep-Plate-None-CounterTop-13/trial_T20190909_101225_957550/game.tw-pddl:0,12,30,True,107
Adaptive v1,7,train:7:train/pick_heat_then_place_in_recep-Plate-None-Fridge-7/trial_T20190909_082335_735663/game.tw-pddl:0,0,train:7:train/pick_heat_then_place_in_recep-Plate-None-Fridge-7/trial_T20190909_082335_735663/game.tw-pddl:0,15,30,True,108
Adaptive v1,7,train:7:train/pick_heat_then_place_in_recep-Potato-None-Fridge-2/trial_T20190909_030845_198194/game.tw-pddl:0,0,train:7:train/pick_heat_then_place_in_recep-Potato-None-Fridge-2/trial_T20190909_030845_198194/game.tw-pddl:0,15,30,True,109
Adaptive v1,7,train:7:train/pick_two_obj_and_place-Bowl-None-CoffeeTable-203/trial_T20190907_153332_888821/game.tw-pddl:0,0,train:7:train/pick_two_obj_and_place-Bowl-None-CoffeeTable-203/trial_T20190907_153332_888821/game.tw-pddl:0,5,30,True,110
Adaptive v1,7,train:7:train/pick_two_obj_and_place-CD-None-Drawer-319/trial_T20190907_145411_508522/game.tw-pddl:0,0,train:7:train/pick_two_obj_and_place-CD-None-Drawer-319/trial_T20190907_145411_508522/game.tw-pddl:0,20,30,True,111
Adaptive v1,7,train:7:train/pick_two_obj_and_place-Cup-None-Cabinet-2/trial_T20190908_030749_717286/game.tw-pddl:0,0,train:7:train/pick_two_obj_and_place-Cup-None-Cabinet-2/trial_T20190908_030749_717286/game.tw-pddl:0,15,30,True,112
Adaptive v1,8,train:8:train/look_at_obj_in_light-CellPhone-None-DeskLamp-316/trial_T20190907_075501_181242/game.tw-pddl:0,0,train:8:train/look_at_obj_in_light-CellPhone-None-DeskLamp-316/trial_T20190907_075501_181242/game.tw-pddl:0,5,30,True,113
Adaptive v1,8,train:8:train/look_at_obj_in_light-Pillow-None-DeskLamp-205/trial_T20190909_014955_096321/game.tw-pddl:0,0,train:8:train/look_at_obj_in_light-Pillow-None-DeskLamp-205/trial_T20190909_014955_096321/game.tw-pddl:0,22,30,True,114
Adaptive v1,8,train:8:train/look_at_obj_in_light-Pillow-None-DeskLamp-328/trial_T20190908_114558_603431/game.tw-pddl:0,0,train:8:train/look_at_obj_in_light-Pillow-None-DeskLamp-328/trial_T20190908_114558_603431/game.tw-pddl:0,9,17,False,115
Adaptive v1,8,train:8:train/pick_and_place_simple-SoapBar-None-GarbageCan-416/trial_T20190908_020805_738262/game.tw-pddl:0,0,train:8:train/pick_and_place_simple-SoapBar-None-GarbageCan-416/trial_T20190908_020805_738262/game.tw-pddl:0,21,30,True,116
Adaptive v1,8,train:8:train/pick_and_place_simple-SoapBottle-None-Toilet-405/trial_T20190908_015553_305032/game.tw-pddl:0,0,train:8:train/pick_and_place_simple-SoapBottle-None-Toilet-405/trial_T20190908_015553_305032/game.tw-pddl:0,19,30,True,117
Adaptive v1,8,train:8:train/pick_and_place_simple-SprayBottle-None-GarbageCan-415/trial_T20190907_070502_104667/game.tw-pddl:0,0,train:8:train/pick_and_place_simple-SprayBottle-None-GarbageCan-415/trial_T20190907_070502_104667/game.tw-pddl:0,15,30,True,118
Adaptive v1,8,train:8:train/pick_and_place_simple-WineBottle-None-Shelf-7/trial_T20190907_200104_945677/game.tw-pddl:0,0,train:8:train/pick_and_place_simple-WineBottle-None-Shelf-7/trial_T20190907_200104_945677/game.tw-pddl:0,14,30,True,119
Adaptive v1,8,train:8:train/pick_clean_then_place_in_recep-Fork-None-DiningTable-15/trial_T20190907_203144_140359/game.tw-pddl:0,0,train:8:train/pick_clean_then_place_in_recep-Fork-None-DiningTable-15/trial_T20190907_203144_140359/game.tw-pddl:0,4,30,True,120
Adaptive v1,8,train:8:train/pick_clean_then_place_in_recep-Kettle-None-CounterTop-18/trial_T20190908_025431_507279/game.tw-pddl:0,0,train:8:train/pick_clean_then_place_in_recep-Kettle-None-CounterTop-18/trial_T20190908_025431_507279/game.tw-pddl:0,16,30,True,121
Adaptive v1,8,train:8:train/pick_clean_then_place_in_recep-SoapBar-None-GarbageCan-420/trial_T20190906_201041_787997/game.tw-pddl:0,0,train:8:train/pick_clean_then_place_in_recep-SoapBar-None-GarbageCan-420/trial_T20190906_201041_787997/game.tw-pddl:0,10,30,True,122
Adaptive v1,8,train:8:train/pick_heat_then_place_in_recep-Apple-None-GarbageCan-8/trial_T20190907_042907_500864/game.tw-pddl:0,0,train:8:train/pick_heat_then_place_in_recep-Apple-None-GarbageCan-8/trial_T20190907_042907_500864/game.tw-pddl:0,15,30,True,123
Adaptive v1,8,train:8:train/pick_two_obj_and_place-Bowl-None-Desk-327/trial_T20190908_040715_288858/game.tw-pddl:0,0,train:8:train/pick_two_obj_and_place-Bowl-None-Desk-327/trial_T20190908_040715_288858/game.tw-pddl:0,19,30,True,124
Adaptive v1,8,train:8:train/pick_two_obj_and_place-Pen-None-Drawer-311/trial_T20190908_072309_675103/game.tw-pddl:0,0,train:8:train/pick_two_obj_and_place-Pen-None-Drawer-311/trial_T20190908_072309_675103/game.tw-pddl:0,23,30,True,125
Adaptive v1,8,train:8:train/pick_two_obj_and_place-Pencil-None-Desk-314/trial_T20190907_044915_976409/game.tw-pddl:0,0,train:8:train/pick_two_obj_and_place-Pencil-None-Desk-314/trial_T20190907_044915_976409/game.tw-pddl:0,24,30,True,126
Adaptive v1,8,train:8:train/pick_two_obj_and_place-SaltShaker-None-Drawer-15/trial_T20190909_021339_652839/game.tw-pddl:0,0,train:8:train/pick_two_obj_and_place-SaltShaker-None-Drawer-15/trial_T20190909_021339_652839/game.tw-pddl:0,18,30,True,127
Adaptive v1,8,train:8:train/pick_two_obj_and_place-Spatula-None-Drawer-13/trial_T20190908_183455_831927/game.tw-pddl:0,0,train:8:train/pick_two_obj_and_place-Spatula-None-Drawer-13/trial_T20190908_183455_831927/game.tw-pddl:0,12,30,True,128
Adaptive v1,9,train:9:train/pick_and_place_simple-DishSponge-None-Cabinet-5/trial_T20190906_192916_142208/game.tw-pddl:0,0,train:9:train/pick_and_place_simple-DishSponge-None-Cabinet-5/trial_T20190906_192916_142208/game.tw-pddl:0,13,13,False,129
Adaptive v1,9,train:9:train/pick_and_place_simple-SoapBottle-None-Cabinet-417/trial_T20190907_065719_812272/game.tw-pddl:0,0,train:9:train/pick_and_place_simple-SoapBottle-None-Cabinet-417/trial_T20190907_065719_812272/game.tw-pddl:0,12,30,True,130
Adaptive v1,9,train:9:train/pick_and_place_simple-ToiletPaper-None-GarbageCan-403/trial_T20190907_034554_937587/game.tw-pddl:0,0,train:9:train/pick_and_place_simple-ToiletPaper-None-GarbageCan-403/trial_T20190907_034554_937587/game.tw-pddl:0,19,30,True,131
Adaptive v1,9,train:9:train/pick_and_place_simple-Vase-None-Safe-204/trial_T20190919_000130_908789/game.tw-pddl:0,0,train:9:train/pick_and_place_simple-Vase-None-Safe-204/trial_T20190919_000130_908789/game.tw-pddl:0,4,30,True,132
Adaptive v1,9,train:9:train/pick_and_place_simple-Watch-None-CoffeeTable-213/trial_T20190909_010748_137974/game.tw-pddl:0,0,train:9:train/pick_and_place_simple-Watch-None-CoffeeTable-213/trial_T20190909_010748_137974/game.tw-pddl:0,12,30,True,133
Adaptive v1,9,train:9:train/pick_clean_then_place_in_recep-Fork-None-CounterTop-23/trial_T20190909_011702_864408/game.tw-pddl:0,0,train:9:train/pick_clean_then_place_in_recep-Fork-None-CounterTop-23/trial_T20190909_011702_864408/game.tw-pddl:0,7,30,True,134
Adaptive v1,9,train:9:train/pick_clean_then_place_in_recep-SoapBar-None-CounterTop-428/trial_T20190908_185056_640223/game.tw-pddl:0,0,train:9:train/pick_clean_then_place_in_recep-SoapBar-None-CounterTop-428/trial_T20190908_185056_640223/game.tw-pddl:0,22,30,True,135
Adaptive v1,9,train:9:train/pick_cool_then_place_in_recep-Bread-None-Microwave-15/trial_T20190907_132900_527945/game.tw-pddl:0,0,train:9:train/pick_cool_then_place_in_recep-Bread-None-Microwave-15/trial_T20190907_132900_527945/game.tw-pddl:0,16,30,True,136
Adaptive v1,9,train:9:train/pick_cool_then_place_in_recep-Mug-None-Shelf-1/trial_T20190908_074011_716201/game.tw-pddl:0,0,train:9:train/pick_cool_then_place_in_recep-Mug-None-Shelf-1/trial_T20190908_074011_716201/game.tw-pddl:0,16,30,True,137
Adaptive v1,9,train:9:train/pick_cool_then_place_in_recep-Potato-None-GarbageCan-2/trial_T20190908_101532_809731/game.tw-pddl:0,0,train:9:train/pick_cool_then_place_in_recep-Potato-None-GarbageCan-2/trial_T20190908_101532_809731/game.tw-pddl:0,13,30,True,138
Adaptive v1,9,train:9:train/pick_heat_then_place_in_recep-Apple-None-Fridge-14/trial_T20190907_085309_386416/game.tw-pddl:0,0,train:9:train/pick_heat_then_place_in_recep-Apple-None-Fridge-14/trial_T20190907_085309_386416/game.tw-pddl:0,18,30,True,139
Adaptive v1,9,train:9:train/pick_heat_then_place_in_recep-Potato-None-CounterTop-25/trial_T20190908_003849_571412/game.tw-pddl:0,0,train:9:train/pick_heat_then_place_in_recep-Potato-None-CounterTop-25/trial_T20190908_003849_571412/game.tw-pddl:0,10,30,True,140
Adaptive v1,9,train:9:train/pick_heat_then_place_in_recep-Potato-None-SideTable-3/trial_T20190909_025547_305753/game.tw-pddl:0,0,train:9:train/pick_heat_then_place_in_recep-Potato-None-SideTable-3/trial_T20190909_025547_305753/game.tw-pddl:0,8,30,True,141
Adaptive v1,9,train:9:train/pick_two_obj_and_place-CreditCard-None-ArmChair-214/trial_T20190909_033000_959343/game.tw-pddl:0,0,train:9:train/pick_two_obj_and_place-CreditCard-None-ArmChair-214/trial_T20190909_033000_959343/game.tw-pddl:0,8,30,True,142
Adaptive v1,9,train:9:train/pick_two_obj_and_place-KeyChain-None-Dresser-322/trial_T20190908_051114_312895/game.tw-pddl:0,0,train:9:train/pick_two_obj_and_place-KeyChain-None-Dresser-322/trial_T20190908_051114_312895/game.tw-pddl:0,22,30,True,143
Adaptive v1,9,train:9:train/pick_two_obj_and_place-WateringCan-None-Shelf-214/trial_T20190907_031116_150490/game.tw-pddl:0,0,train:9:train/pick_two_obj_and_place-WateringCan-None-Shelf-214/trial_T20190907_031116_150490/game.tw-pddl:0,22,30,True,144
Adaptive v1,10,train:10:train/look_at_obj_in_light-Pen-None-DeskLamp-319/trial_T20190908_090919_902323/game.tw-pddl:0,0,train:10:train/look_at_obj_in_light-Pen-None-DeskLamp-319/trial_T20190908_090919_902323/game.tw-pddl:0,12,12,False,145
Adaptive v1,10,train:10:train/pick_and_place_simple-Book-None-Sofa-202/trial_T20190907_043708_054006/game.tw-pddl:0,0,train:10:train/pick_and_place_simple-Book-None-Sofa-202/trial_T20190907_043708_054006/game.tw-pddl:0,28,30,True,146
Adaptive v1,10,train:10:train/pick_and_place_simple-Candle-None-Cart-430/trial_T20190909_055319_119903/game.tw-pddl:0,0,train:10:train/pick_and_place_simple-Candle-None-Cart-430/trial_T20190909_055319_119903/game.tw-pddl:0,8,8,False,147
Adaptive v1,10,train:10:train/pick_and_place_simple-CreditCard-None-DiningTable-329/trial_T20190909_003233_231673/game.tw-pddl:0,0,train:10:train/pick_and_place_simple-CreditCard-None-DiningTable-329/trial_T20190909_003233_231673/game.tw-pddl:0,16,30,True,148
Adaptive v1,10,train:10:train/pick_and_place_simple-HandTowel-None-GarbageCan-423/trial_T20190907_030014_861239/game.tw-pddl:0,0,train:10:train/pick_and_place_simple-HandTowel-None-GarbageCan-423/trial_T20190907_030014_861239/game.tw-pddl:0,11,30,True,149
Adaptive v1,10,train:10:train/pick_and_place_simple-SoapBottle-None-SideTable-420/trial_T20190908_063633_205693/game.tw-pddl:0,0,train:10:train/pick_and_place_simple-SoapBottle-None-SideTable-420/trial_T20190908_063633_205693/game.tw-pddl:0,23,30,True,150
Adaptive v1,10,train:10:train/pick_clean_then_place_in_recep-Mug-None-CoffeeMachine-24/trial_T20190906_185346_459023/game.tw-pddl:0,0,train:10:train/pick_clean_then_place_in_recep-Mug-None-CoffeeMachine-24/trial_T20190906_185346_459023/game.tw-pddl:0,8,30,True,151
Adaptive v1,10,train:10:train/pick_clean_then_place_in_recep-SoapBar-None-GarbageCan-406/trial_T20190907_015923_805044/game.tw-pddl:0,0,train:10:train/pick_clean_then_place_in_recep-SoapBar-None-GarbageCan-406/trial_T20190907_015923_805044/game.tw-pddl:0,9,9,False,152
Adaptive v1,10,train:10:train/pick_cool_then_place_in_recep-Apple-None-DiningTable-15/trial_T20190906_192145_257915/game.tw-pddl:0,0,train:10:train/pick_cool_then_place_in_recep-Apple-None-DiningTable-15/trial_T20190906_192145_257915/game.tw-pddl:0,18,30,True,153
Adaptive v1,10,train:10:train/pick_cool_then_place_in_recep-Mug-None-CoffeeMachine-24/trial_T20190907_190005_461857/game.tw-pddl:0,0,train:10:train/pick_cool_then_place_in_recep-Mug-None-CoffeeMachine-24/trial_T20190907_190005_461857/game.tw-pddl:0,15,30,True,154
Adaptive v1,10,train:10:train/pick_cool_then_place_in_recep-Pan-None-StoveBurner-15/trial_T20190907_071217_746222/game.tw-pddl:0,0,train:10:train/pick_cool_then_place_in_recep-Pan-None-StoveBurner-15/trial_T20190907_071217_746222/game.tw-pddl:0,7,30,True,155
Adaptive v1,10,train:10:train/pick_heat_then_place_in_recep-Cup-None-DiningTable-23/trial_T20190908_082046_159993/game.tw-pddl:0,0,train:10:train/pick_heat_then_place_in_recep-Cup-None-DiningTable-23/trial_T20190908_082046_159993/game.tw-pddl:0,18,30,True,156
Adaptive v1,10,train:10:train/pick_heat_then_place_in_recep-Cup-None-Fridge-12/trial_T20190908_095945_179137/game.tw-pddl:0,0,train:10:train/pick_heat_then_place_in_recep-Cup-None-Fridge-12/trial_T20190908_095945_179137/game.tw-pddl:0,15,30,True,157
Adaptive v1,10,train:10:train/pick_heat_then_place_in_recep-Mug-None-Shelf-1/trial_T20190907_075332_719026/game.tw-pddl:0,0,train:10:train/pick_heat_then_place_in_recep-Mug-None-Shelf-1/trial_T20190907_075332_719026/game.tw-pddl:0,16,30,True,158
Adaptive v1,10,train:10:train/pick_two_obj_and_place-KeyChain-None-SideTable-322/trial_T20190909_095533_482785/game.tw-pddl:0,0,train:10:train/pick_two_obj_and_place-KeyChain-None-SideTable-322/trial_T20190909_095533_482785/game.tw-pddl:0,23,30,True,159
Adaptive v1,10,train:10:train/pick_two_obj_and_place-Lettuce-None-Fridge-27/trial_T20190907_212302_910644/game.tw-pddl:0,0,train:10:train/pick_two_obj_and_place-Lettuce-None-Fridge-27/trial_T20190907_212302_910644/game.tw-pddl:0,18,30,True,160
Adaptive v1,11,train:11:train/look_at_obj_in_light-Book-None-DeskLamp-304/trial_T20190908_083428_569431/game.tw-pddl:0,0,train:11:train/look_at_obj_in_light-Book-None-DeskLamp-304/trial_T20190908_083428_569431/game.tw-pddl:0,21,30,True,161
Adaptive v1,11,train:11:train/look_at_obj_in_light-Pillow-None-DeskLamp-317/trial_T20190908_234505_182882/game.tw-pddl:0,0,train:11:train/look_at_obj_in_light-Pillow-None-DeskLamp-317/trial_T20190908_234505_182882/game.tw-pddl:0,7,7,False,162
Adaptive v1,11,train:11:train/pick_and_place_simple-KeyChain-None-Desk-304/trial_T20190907_192638_964457/game.tw-pddl:0,0,train:11:train/pick_and_place_simple-KeyChain-None-Desk-304/trial_T20190907_192638_964457/game.tw-pddl:0,7,7,False,163
Adaptive v1,11,train:11:train/pick_and_place_simple-ToiletPaper-None-ToiletPaperHanger-407/trial_T20190909_081808_753243/game.tw-pddl:0,0,train:11:train/pick_and_place_simple-ToiletPaper-None-ToiletPaperHanger-407/trial_T20190909_081808_753243/game.tw-pddl:0,14,14,False,164
Adaptive v1,11,train:11:train/pick_clean_then_place_in_recep-Potato-None-Fridge-17/trial_T20190909_135724_571540/game.tw-pddl:0,0,train:11:train/pick_clean_then_place_in_recep-Potato-None-Fridge-17/trial_T20190909_135724_571540/game.tw-pddl:0,15,30,True,165
Adaptive v1,11,train:11:train/pick_clean_then_place_in_recep-Potato-None-Microwave-23/trial_T20190908_131909_265190/game.tw-pddl:0,0,train:11:train/pick_clean_then_place_in_recep-Potato-None-Microwave-23/trial_T20190908_131909_265190/game.tw-pddl:0,16,30,True,166
Adaptive v1,11,train:11:train/pick_clean_then_place_in_recep-Tomato-None-DiningTable-4/trial_T20190907_142426_940554/game.tw-pddl:0,0,train:11:train/pick_clean_then_place_in_recep-Tomato-None-DiningTable-4/trial_T20190907_142426_940554/game.tw-pddl:0,18,30,True,167
Adaptive v1,11,train:11:train/pick_cool_then_place_in_recep-Cup-None-Shelf-7/trial_T20190906_222304_743502/game.tw-pddl:0,0,train:11:train/pick_cool_then_place_in_recep-Cup-None-Shelf-7/trial_T20190906_222304_743502/game.tw-pddl:0,17,30,True,168
Adaptive v1,11,train:11:train/pick_cool_then_place_in_recep-Pot-None-StoveBurner-1/trial_T20190907_165908_445437/game.tw-pddl:0,0,train:11:train/pick_cool_then_place_in_recep-Pot-None-StoveBurner-1/trial_T20190907_165908_445437/game.tw-pddl:0,16,30,True,169
Adaptive v1,11,train:11:train/pick_cool_then_place_in_recep-WineBottle-None-Cabinet-17/trial_T20190907_064240_113879/game.tw-pddl:0,0,train:11:train/pick_cool_then_place_in_recep-WineBottle-None-Cabinet-17/trial_T20190907_064240_113879/game.tw-pddl:0,13,30,True,170
Adaptive v1,11,train:11:train/pick_heat_then_place_in_recep-Egg-None-Fridge-14/trial_T20190909_091415_283977/game.tw-pddl:0,0,train:11:train/pick_heat_then_place_in_recep-Egg-None-Fridge-14/trial_T20190909_091415_283977/game.tw-pddl:0,23,30,True,171
Adaptive v1,11,train:11:train/pick_heat_then_place_in_recep-Egg-None-Fridge-17/trial_T20190909_130902_238935/game.tw-pddl:0,0,train:11:train/pick_heat_then_place_in_recep-Egg-None-Fridge-17/trial_T20190909_130902_238935/game.tw-pddl:0,5,30,True,172
Adaptive v1,11,train:11:train/pick_two_obj_and_place-Book-None-Drawer-304/trial_T20190911_144428_125160/game.tw-pddl:0,0,train:11:train/pick_two_obj_and_place-Book-None-Drawer-304/trial_T20190911_144428_125160/game.tw-pddl:0,11,30,True,173
Adaptive v1,11,train:11:train/pick_two_obj_and_place-Book-None-Drawer-307/trial_T20190909_111435_540631/game.tw-pddl:0,0,train:11:train/pick_two_obj_and_place-Book-None-Drawer-307/trial_T20190909_111435_540631/game.tw-pddl:0,21,30,True,174
Adaptive v1,11,train:11:train/pick_two_obj_and_place-CreditCard-None-ArmChair-227/trial_T20190907_075543_765808/game.tw-pddl:0,0,train:11:train/pick_two_obj_and_place-CreditCard-None-ArmChair-227/trial_T20190907_075543_765808/game.tw-pddl:0,16,30,True,175
Adaptive v1,11,train:11:train/pick_two_obj_and_place-RemoteControl-None-ArmChair-214/trial_T20190909_011022_706846/game.tw-pddl:0,0,train:11:train/pick_two_obj_and_place-RemoteControl-None-ArmChair-214/trial_T20190909_011022_706846/game.tw-pddl:0,13,30,True,176
Adaptive v1,12,train:12:train/look_at_obj_in_light-AlarmClock-None-DeskLamp-305/trial_T20190908_082736_108723/game.tw-pddl:0,0,train:12:train/look_at_obj_in_light-AlarmClock-None-DeskLamp-305/trial_T20190908_082736_108723/game.tw-pddl:0,20,30,True,177
Adaptive v1,12,train:12:train/pick_and_place_simple-Candle-None-Toilet-407/trial_T20190909_055216_511429/game.tw-pddl:0,0,train:12:train/pick_and_place_simple-Candle-None-Toilet-407/trial_T20190909_055216_511429/game.tw-pddl:0,5,30,True,178
Adaptive v1,12,train:12:train/pick_and_place_simple-KeyChain-None-ArmChair-214/trial_T20190909_061144_774666/game.tw-pddl:0,0,train:12:train/pick_and_place_simple-KeyChain-None-ArmChair-214/trial_T20190909_061144_774666/game.tw-pddl:0,6,30,True,179
Adaptive v1,12,train:12:train/pick_and_place_simple-Watch-None-Shelf-207/trial_T20190908_122255_167374/game.tw-pddl:0,0,train:12:train/pick_and_place_simple-Watch-None-Shelf-207/trial_T20190908_122255_167374/game.tw-pddl:0,23,23,False,180
Adaptive v1,12,train:12:train/pick_clean_then_place_in_recep-Cloth-None-Dresser-415/trial_T20190907_000021_504649/game.tw-pddl:0,0,train:12:train/pick_clean_then_place_in_recep-Cloth-None-Dresser-415/trial_T20190907_000021_504649/game.tw-pddl:0,20,30,True,181
Adaptive v1,12,train:12:train/pick_cool_then_place_in_recep-Apple-None-Microwave-22/trial_T20190908_000314_718780/game.tw-pddl:0,0,train:12:train/pick_cool_then_place_in_recep-Apple-None-Microwave-22/trial_T20190908_000314_718780/game.tw-pddl:0,7,30,True,182
Adaptive v1,12,train:12:train/pick_cool_then_place_in_recep-Bread-None-CounterTop-25/trial_T20190906_203336_143722/game.tw-pddl:0,0,train:12:train/pick_cool_then_place_in_recep-Bread-None-CounterTop-25/trial_T20190906_203336_143722/game.tw-pddl:0,20,30,True,183
Adaptive v1,12,train:12:train/pick_cool_then_place_in_recep-Potato-None-GarbageCan-1/trial_T20190909_102706_443288/game.tw-pddl:0,0,train:12:train/pick_cool_then_place_in_recep-Potato-None-GarbageCan-1/trial_T20190909_102706_443288/game.tw-pddl:0,16,30,True,184
Adaptive v1,12,train:12:train/pick_heat_then_place_in_recep-Plate-None-SideTable-28/trial_T20190906_221926_677097/game.tw-pddl:0,0,train:12:train/pick_heat_then_place_in_recep-Plate-None-SideTable-28/trial_T20190906_221926_677097/game.tw-pddl:0,17,30,True,185
Adaptive v1,12,train:12:train/pick_two_obj_and_place-Book-None-Dresser-317/trial_T20190910_180738_291661/game.tw-pddl:0,0,train:12:train/pick_two_obj_and_place-Book-None-Dresser-317/trial_T20190910_180738_291661/game.tw-pddl:0,22,30,True,186
Adaptive v1,12,train:12:train/pick_two_obj_and_place-CreditCard-None-ArmChair-221/trial_T20190907_161645_456905/game.tw-pddl:0,0,train:12:train/pick_two_obj_and_place-CreditCard-None-ArmChair-221/trial_T20190907_161645_456905/game.tw-pddl:0,25,30,True,187
Adaptive v1,12,train:12:train/pick_two_obj_and_place-CreditCard-None-ArmChair-311/trial_T20190908_071711_986662/game.tw-pddl:0,0,train:12:train/pick_two_obj_and_place-CreditCard-None-ArmChair-311/trial_T20190908_071711_986662/game.tw-pddl:0,22,30,True,188
Adaptive v1,12,train:12:train/pick_two_obj_and_place-Ladle-None-Drawer-4/trial_T20190908_154908_741855/game.tw-pddl:0,0,train:12:train/pick_two_obj_and_place-Ladle-None-Drawer-4/trial_T20190908_154908_741855/game.tw-pddl:0,18,30,True,189
Adaptive v1,12,train:12:train/pick_two_obj_and_place-Pen-None-Dresser-229/trial_T20190908_043544_600540/game.tw-pddl:0,0,train:12:train/pick_two_obj_and_place-Pen-None-Dresser-229/trial_T20190908_043544_600540/game.tw-pddl:0,8,30,True,190
Adaptive v1,12,train:12:train/pick_two_obj_and_place-ToiletPaper-None-Toilet-415/trial_T20190908_080223_407018/game.tw-pddl:0,0,train:12:train/pick_two_obj_and_place-ToiletPaper-None-Toilet-415/trial_T20190908_080223_407018/game.tw-pddl:0,21,30,True,191
Adaptive v1,12,train:12:train/pick_two_obj_and_place-WineBottle-None-GarbageCan-1/trial_T20190906_200307_446636/game.tw-pddl:0,0,train:12:train/pick_two_obj_and_place-WineBottle-None-GarbageCan-1/trial_T20190906_200307_446636/game.tw-pddl:0,16,30,True,192
Adaptive v1,13,train:13:train/pick_and_place_simple-CD-None-SideTable-328/trial_T20190907_033442_349858/game.tw-pddl:0,0,train:13:train/pick_and_place_simple-CD-None-SideTable-328/trial_T20190907_033442_349858/game.tw-pddl:0,5,30,True,193
Adaptive v1,13,train:13:train/pick_and_place_simple-KeyChain-None-Drawer-208/trial_T20190909_013444_420195/game.tw-pddl:0,0,train:13:train/pick_and_place_simple-KeyChain-None-Drawer-208/trial_T20190909_013444_420195/game.tw-pddl:0,10,18,False,194
Adaptive v1,13,train:13:train/pick_and_place_simple-Newspaper-None-Ottoman-203/trial_T20190908_173745_461691/game.tw-pddl:0,0,train:13:train/pick_and_place_simple-Newspaper-None-Ottoman-203/trial_T20190908_173745_461691/game.tw-pddl:0,5,13,False,195
Adaptive v1,13,train:13:train/pick_and_place_simple-Vase-None-SideTable-209/trial_T20190909_053321_571622/game.tw-pddl:0,0,train:13:train/pick_and_place_simple-Vase-None-SideTable-209/trial_T20190909_053321_571622/game.tw-pddl:0,4,4,False,196
Adaptive v1,13,train:13:train/pick_clean_then_place_in_recep-Cup-None-Cabinet-6/trial_T20190908_165732_348060/game.tw-pddl:0,0,train:13:train/pick_clean_then_place_in_recep-Cup-None-Cabinet-6/trial_T20190908_165732_348060/game.tw-pddl:0,16,30,True,197
Adaptive v1,13,train:13:train/pick_clean_then_place_in_recep-Plate-None-Microwave-7/trial_T20190907_170059_704503/game.tw-pddl:0,0,train:13:train/pick_clean_then_place_in_recep-Plate-None-Microwave-7/trial_T20190907_170059_704503/game.tw-pddl:0,16,30,True,198
Adaptive v1,13,train:13:train/pick_cool_then_place_in_recep-Mug-None-Shelf-5/trial_T20190908_151950_771768/game.tw-pddl:0,0,train:13:train/pick_cool_then_place_in_recep-Mug-None-Shelf-5/trial_T20190908_151950_771768/game.tw-pddl:0,15,30,True,199
Adaptive v1,13,train:13:train/pick_cool_then_place_in_recep-Pan-None-DiningTable-23/trial_T20190909_005731_236253/game.tw-pddl:0,0,train:13:train/pick_cool_then_place_in_recep-Pan-None-DiningTable-23/trial_T20190909_005731_236253/game.tw-pddl:0,18,30,True,200
Adaptive v1,13,train:13:train/pick_heat_then_place_in_recep-Mug-None-Cabinet-19/trial_T20190907_152738_415962/game.tw-pddl:0,0,train:13:train/pick_heat_then_place_in_recep-Mug-None-Cabinet-19/trial_T20190907_152738_415962/game.tw-pddl:0,10,30,True,201
Adaptive v1,13,train:13:train/pick_heat_then_place_in_recep-Mug-None-CoffeeMachine-30/trial_T20190908_175003_052826/game.tw-pddl:0,0,train:13:train/pick_heat_then_place_in_recep-Mug-None-CoffeeMachine-30/trial_T20190908_175003_052826/game.tw-pddl:0,12,30,True,202
Adaptive v1,13,train:13:train/pick_heat_then_place_in_recep-Plate-None-Fridge-13/trial_T20190907_035929_099668/game.tw-pddl:0,0,train:13:train/pick_heat_then_place_in_recep-Plate-None-Fridge-13/trial_T20190907_035929_099668/game.tw-pddl:0,12,30,True,203
Adaptive v1,13,train:13:train/pick_two_obj_and_place-Newspaper-None-Drawer-224/trial_T20190908_000027_856808/game.tw-pddl:0,0,train:13:train/pick_two_obj_and_place-Newspaper-None-Drawer-224/trial_T20190908_000027_856808/game.tw-pddl:0,18,30,True,204
Adaptive v1,13,train:13:train/pick_two_obj_and_place-Newspaper-None-GarbageCan-218/trial_T20190907_225437_969645/game.tw-pddl:0,0,train:13:train/pick_two_obj_and_place-Newspaper-None-GarbageCan-218/trial_T20190907_225437_969645/game.tw-pddl:0,24,30,True,205
Adaptive v1,13,train:13:train/pick_two_obj_and_place-SoapBottle-None-Toilet-405/trial_T20190909_014901_056414/game.tw-pddl:0,0,train:13:train/pick_two_obj_and_place-SoapBottle-None-Toilet-405/trial_T20190909_014901_056414/game.tw-pddl:0,20,30,True,206
Adaptive v1,13,train:13:train/pick_two_obj_and_place-SprayBottle-None-Drawer-423/trial_T20190909_025705_159852/game.tw-pddl:0,0,train:13:train/pick_two_obj_and_place-SprayBottle-None-Drawer-423/trial_T20190909_025705_159852/game.tw-pddl:0,19,30,True,207
Adaptive v1,13,train:13:train/pick_two_obj_and_place-Vase-None-DiningTable-227/trial_T20190909_050706_578681/game.tw-pddl:0,0,train:13:train/pick_two_obj_and_place-Vase-None-DiningTable-227/trial_T20190909_050706_578681/game.tw-pddl:0,16,30,True,208
Adaptive v1,14,train:14:train/look_at_obj_in_light-AlarmClock-None-DeskLamp-301/trial_T20190907_174157_650656/game.tw-pddl:0,0,train:14:train/look_at_obj_in_light-AlarmClock-None-DeskLamp-301/trial_T20190907_174157_650656/game.tw-pddl:0,16,30,True,209
Adaptive v1,14,train:14:train/look_at_obj_in_light-Bowl-None-DeskLamp-307/trial_T20190908_204857_408911/game.tw-pddl:0,0,train:14:train/look_at_obj_in_light-Bowl-None-DeskLamp-307/trial_T20190908_204857_408911/game.tw-pddl:0,8,8,False,210
Adaptive v1,14,train:14:train/look_at_obj_in_light-Pillow-None-DeskLamp-301/trial_T20190909_185605_551830/game.tw-pddl:0,0,train:14:train/look_at_obj_in_light-Pillow-None-DeskLamp-301/trial_T20190909_185605_551830/game.tw-pddl:0,17,30,True,211
Adaptive v1,14,train:14:train/pick_and_place_simple-Candle-None-Drawer-411/trial_T20190909_093518_959671/game.tw-pddl:0,0,train:14:train/pick_and_place_simple-Candle-None-Drawer-411/trial_T20190909_093518_959671/game.tw-pddl:0,6,10,False,212
Adaptive v1,14,train:14:train/pick_and_place_simple-Statue-None-CoffeeTable-229/trial_T20190908_132839_972711/game.tw-pddl:0,0,train:14:train/pick_and_place_simple-Statue-None-CoffeeTable-229/trial_T20190908_132839_972711/game.tw-pddl:0,23,30,True,213
Adaptive v1,14,train:14:train/pick_and_place_simple-Statue-None-Dresser-319/trial_T20190909_122754_357020/game.tw-pddl:0,0,train:14:train/pick_and_place_simple-Statue-None-Dresser-319/trial_T20190909_122754_357020/game.tw-pddl:0,10,10,False,214
Adaptive v1,14,train:14:train/pick_clean_then_place_in_recep-DishSponge-None-Shelf-401/trial_T20190908_072146_807271/game.tw-pddl:0,0,train:14:train/pick_clean_then_place_in_recep-DishSponge-None-Shelf-401/trial_T20190908_072146_807271/game.tw-pddl:0,21,30,True,215
Adaptive v1,14,train:14:train/pick_clean_then_place_in_recep-Kettle-None-CounterTop-15/trial_T20190908_085843_938560/game.tw-pddl:0,0,train:14:train/pick_clean_then_place_in_recep-Kettle-None-CounterTop-15/trial_T20190908_085843_938560/game.tw-pddl:0,17,30,True,216
Adaptive v1,14,train:14:train/pick_clean_then_place_in_recep-Mug-None-CoffeeMachine-26/trial_T20190907_233121_306180/game.tw-pddl:0,0,train:14:train/pick_clean_then_place_in_recep-Mug-None-CoffeeMachine-26/trial_T20190907_233121_306180/game.tw-pddl:0,18,30,True,217
Adaptive v1,14,train:14:train/pick_cool_then_place_in_recep-Mug-None-CoffeeMachine-14/trial_T20190906_182911_281946/game.tw-pddl:0,0,train:14:train/pick_cool_then_place_in_recep-Mug-None-CoffeeMachine-14/trial_T20190906_182911_281946/game.tw-pddl:0,20,30,True,218
Adaptive v1,14,train:14:train/pick_cool_then_place_in_recep-Pot-None-StoveBurner-23/trial_T20190907_150242_758969/game.tw-pddl:0,0,train:14:train/pick_cool_then_place_in_recep-Pot-None-StoveBurner-23/trial_T20190907_150242_758969/game.tw-pddl:0,17,30,True,219
Adaptive v1,14,train:14:train/pick_cool_then_place_in_recep-Potato-None-GarbageCan-6/trial_T20190907_164308_014097/game.tw-pddl:0,0,train:14:train/pick_cool_then_place_in_recep-Potato-None-GarbageCan-6/trial_T20190907_164308_014097/game.tw-pddl:0,16,30,True,220
Adaptive v1,14,train:14:train/pick_heat_then_place_in_recep-Egg-None-Fridge-4/trial_T20190908_220718_809536/game.tw-pddl:0,0,train:14:train/pick_heat_then_place_in_recep-Egg-None-Fridge-4/trial_T20190908_220718_809536/game.tw-pddl:0,18,30,True,221
Adaptive v1,14,train:14:train/pick_two_obj_and_place-Pencil-None-Drawer-316/trial_T20190907_003944_188608/game.tw-pddl:0,0,train:14:train/pick_two_obj_and_place-Pencil-None-Drawer-316/trial_T20190907_003944_188608/game.tw-pddl:0,25,30,True,222
Adaptive v1,14,train:14:train/pick_two_obj_and_place-SaltShaker-None-SideTable-21/trial_T20190909_041602_679329/game.tw-pddl:0,0,train:14:train/pick_two_obj_and_place-SaltShaker-None-SideTable-21/trial_T20190909_041602_679329/game.tw-pddl:0,20,30,True,223
Adaptive v1,14,train:14:train/pick_two_obj_and_place-SprayBottle-None-Toilet-405/trial_T20190907_151246_155544/game.tw-pddl:0,0,train:14:train/pick_two_obj_and_place-SprayBottle-None-Toilet-405/trial_T20190907_151246_155544/game.tw-pddl:0,21,30,True,224
Adaptive v1,15,train:15:train/look_at_obj_in_light-Statue-None-DeskLamp-304/trial_T20190909_011906_700145/game.tw-pddl:0,0,train:15:train/look_at_obj_in_light-Statue-None-DeskLamp-304/trial_T20190909_011906_700145/game.tw-pddl:0,25,30,True,225
Adaptive v1,15,train:15:train/pick_and_place_simple-Book-None-CoffeeTable-229/trial_T20190908_125750_002680/game.tw-pddl:0,0,train:15:train/pick_and_place_simple-Book-None-CoffeeTable-229/trial_T20190908_125750_002680/game.tw-pddl:0,24,30,True,226
Adaptive v1,15,train:15:train/pick_and_place_simple-CellPhone-None-DiningTable-329/trial_T20190909_074122_684942/game.tw-pddl:0,0,train:15:train/pick_and_place_simple-CellPhone-None-DiningTable-329/trial_T20190909_074122_684942/game.tw-pddl:0,27,30,True,227
Adaptive v1,15,train:15:train/pick_and_place_simple-CellPhone-None-Dresser-330/trial_T20190909_064340_559511/game.tw-pddl:0,0,train:15:train/pick_and_place_simple-CellPhone-None-Dresser-330/trial_T20190909_064340_559511/game.tw-pddl:0,16,30,True,228
Adaptive v1,15,train:15:train/pick_and_place_simple-KeyChain-None-Shelf-313/trial_T20190908_071031_691259/game.tw-pddl:0,0,train:15:train/pick_and_place_simple-KeyChain-None-Shelf-313/trial_T20190908_071031_691259/game.tw-pddl:0,21,30,True,229
Adaptive v1,15,train:15:train/pick_and_place_simple-Watch-None-CoffeeTable-213/trial_T20190909_010823_096862/game.tw-pddl:0,0,train:15:train/pick_and_place_simple-Watch-None-CoffeeTable-213/trial_T20190909_010823_096862/game.tw-pddl:0,21,30,True,230
Adaptive v1,15,train:15:train/pick_cool_then_place_in_recep-Lettuce-None-CounterTop-1/trial_T20190908_042746_681012/game.tw-pddl:0,0,train:15:train/pick_cool_then_place_in_recep-Lettuce-None-CounterTop-1/trial_T20190908_042746_681012/game.tw-pddl:0,16,30,True,231
Adaptive v1,15,train:15:train/pick_cool_then_place_in_recep-Mug-None-Cabinet-6/trial_T20190908_224403_664612/game.tw-pddl:0,0,train:15:train/pick_cool_then_place_in_recep-Mug-None-Cabinet-6/trial_T20190908_224403_664612/game.tw-pddl:0,16,30,True,232
Adaptive v1,15,train:15:train/pick_cool_then_place_in_recep-Pot-None-Shelf-1/trial_T20190906_235021_524522/game.tw-pddl:0,0,train:15:train/pick_cool_then_place_in_recep-Pot-None-Shelf-1/trial_T20190906_235021_524522/game.tw-pddl:0,17,30,True,233
Adaptive v1,15,train:15:train/pick_cool_then_place_in_recep-Pot-None-StoveBurner-5/trial_T20190906_182110_576616/game.tw-pddl:0,0,train:15:train/pick_cool_then_place_in_recep-Pot-None-StoveBurner-5/trial_T20190906_182110_576616/game.tw-pddl:0,15,30,True,234
Adaptive v1,15,train:15:train/pick_cool_then_place_in_recep-Tomato-None-Microwave-18/trial_T20190909_012450_473555/game.tw-pddl:0,0,train:15:train/pick_cool_then_place_in_recep-Tomato-None-Microwave-18/trial_T20190909_012450_473555/game.tw-pddl:0,16,30,True,235
Adaptive v1,15,train:15:train/pick_heat_then_place_in_recep-Tomato-None-DiningTable-17/trial_T20190909_042816_697362/game.tw-pddl:0,0,train:15:train/pick_heat_then_place_in_recep-Tomato-None-DiningTable-17/trial_T20190909_042816_697362/game.tw-pddl:0,13,30,True,236
Adaptive v1,15,train:15:train/pick_two_obj_and_place-Cup-None-Microwave-26/trial_T20190907_231337_619124/game.tw-pddl:0,0,train:15:train/pick_two_obj_and_place-Cup-None-Microwave-26/trial_T20190907_231337_619124/game.tw-pddl:0,19,30,True,237
Adaptive v1,15,train:15:train/pick_two_obj_and_place-Newspaper-None-CoffeeTable-212/trial_T20190907_211537_017302/game.tw-pddl:0,0,train:15:train/pick_two_obj_and_place-Newspaper-None-CoffeeTable-212/trial_T20190907_211537_017302/game.tw-pddl:0,11,30,True,238
Adaptive v1,15,train:15:train/pick_two_obj_and_place-Newspaper-None-Sofa-222/trial_T20190908_144553_997814/game.tw-pddl:0,0,train:15:train/pick_two_obj_and_place-Newspaper-None-Sofa-222/trial_T20190908_144553_997814/game.tw-pddl:0,22,30,True,239
Adaptive v1,15,train:15:train/pick_two_obj_and_place-ToiletPaper-None-Drawer-410/trial_T20190908_111502_284228/game.tw-pddl:0,0,train:15:train/pick_two_obj_and_place-ToiletPaper-None-Drawer-410/trial_T20190908_111502_284228/game.tw-pddl:0,21,30,True,240
Adaptive v1,16,train:16:train/pick_and_place_simple-Potato-None-Microwave-30/trial_T20190907_015922_868391/game.tw-pddl:0,0,train:16:train/pick_and_place_simple-Potato-None-Microwave-30/trial_T20190907_015922_868391/game.tw-pddl:0,12,30,True,241
Adaptive v1,16,train:16:train/pick_and_place_simple-SoapBottle-None-Cabinet-413/trial_T20190909_035103_556212/game.tw-pddl:0,0,train:16:train/pick_and_place_simple-SoapBottle-None-Cabinet-413/trial_T20190909_035103_556212/game.tw-pddl:0,8,30,True,242
Adaptive v1,16,train:16:train/pick_clean_then_place_in_recep-Egg-None-Fridge-25/trial_T20190907_223548_960598/game.tw-pddl:0,0,train:16:train/pick_clean_then_place_in_recep-Egg-None-Fridge-25/trial_T20190907_223548_960598/game.tw-pddl:0,18,30,True,243
Adaptive v1,16,train:16:train/pick_clean_then_place_in_recep-Plate-None-Fridge-19/trial_T20190907_014117_377949/game.tw-pddl:0,0,train:16:train/pick_clean_then_place_in_recep-Plate-None-Fridge-19/trial_T20190907_014117_377949/game.tw-pddl:0,11,30,True,244
Adaptive v1,16,train:16:train/pick_clean_then_place_in_recep-SoapBar-None-GarbageCan-406/trial_T20190907_015904_010057/game.tw-pddl:0,0,train:16:train/pick_clean_then_place_in_recep-SoapBar-None-GarbageCan-406/trial_T20190907_015904_010057/game.tw-pddl:0,12,30,True,245
Adaptive v1,16,train:16:train/pick_clean_then_place_in_recep-Tomato-None-Fridge-18/trial_T20190909_045941_566760/game.tw-pddl:0,0,train:16:train/pick_clean_then_place_in_recep-Tomato-None-Fridge-18/trial_T20190909_045941_566760/game.tw-pddl:0,15,30,True,246
Adaptive v1,16,train:16:train/pick_cool_then_place_in_recep-Bowl-None-Cabinet-19/trial_T20190908_022130_590876/game.tw-pddl:0,0,train:16:train/pick_cool_then_place_in_recep-Bowl-None-Cabinet-19/trial_T20190908_022130_590876/game.tw-pddl:0,9,30,True,247
Adaptive v1,16,train:16:train/pick_cool_then_place_in_recep-Plate-None-Microwave-7/trial_T20190909_130643_778745/game.tw-pddl:0,0,train:16:train/pick_cool_then_place_in_recep-Plate-None-Microwave-7/trial_T20190909_130643_778745/game.tw-pddl:0,9,30,True,248
Adaptive v1,16,train:16:train/pick_cool_then_place_in_recep-Potato-None-GarbageCan-2/trial_T20190908_101621_422961/game.tw-pddl:0,0,train:16:train/pick_cool_then_place_in_recep-Potato-None-GarbageCan-2/trial_T20190908_101621_422961/game.tw-pddl:0,16,30,True,249
Adaptive v1,16,train:16:train/pick_heat_then_place_in_recep-Egg-None-SideTable-3/trial_T20190906_204447_269451/game.tw-pddl:0,0,train:16:train/pick_heat_then_place_in_recep-Egg-None-SideTable-3/trial_T20190906_204447_269451/game.tw-pddl:0,22,30,True,250
Adaptive v1,16,train:16:train/pick_two_obj_and_place-AlarmClock-None-Desk-316/trial_T20190911_000805_459094/game.tw-pddl:0,0,train:16:train/pick_two_obj_and_place-AlarmClock-None-Desk-316/trial_T20190911_000805_459094/game.tw-pddl:0,26,30,True,251
Adaptive v1,16,train:16:train/pick_two_obj_and_place-CD-None-Dresser-303/trial_T20190908_085759_424304/game.tw-pddl:0,0,train:16:train/pick_two_obj_and_place-CD-None-Dresser-303/trial_T20190908_085759_424304/game.tw-pddl:0,21,30,True,252
Adaptive v1,16,train:16:train/pick_two_obj_and_place-CellPhone-None-Shelf-320/trial_T20190908_113058_584290/game.tw-pddl:0,0,train:16:train/pick_two_obj_and_place-CellPhone-None-Shelf-320/trial_T20190908_113058_584290/game.tw-pddl:0,11,20,False,253
Adaptive v1,16,train:16:train/pick_two_obj_and_place-Cup-None-CounterTop-4/trial_T20190908_095149_466906/game.tw-pddl:0,0,train:16:train/pick_two_obj_and_place-Cup-None-CounterTop-4/trial_T20190908_095149_466906/game.tw-pddl:0,18,30,True,254
Adaptive v1,16,train:16:train/pick_two_obj_and_place-Lettuce-None-Fridge-27/trial_T20190907_212146_772205/game.tw-pddl:0,0,train:16:train/pick_two_obj_and_place-Lettuce-None-Fridge-27/trial_T20190907_212146_772205/game.tw-pddl:0,18,30,True,255
Adaptive v1,16,train:16:train/pick_two_obj_and_place-Vase-None-Desk-204/trial_T20190906_181446_979303/game.tw-pddl:0,0,train:16:train/pick_two_obj_and_place-Vase-None-Desk-204/trial_T20190906_181446_979303/game.tw-pddl:0,6,30,True,256
Adaptive v1,17,train:17:train/look_at_obj_in_light-AlarmClock-None-DeskLamp-320/trial_T20190908_082347_537952/game.tw-pddl:0,0,train:17:train/look_at_obj_in_light-AlarmClock-None-DeskLamp-320/trial_T20190908_082347_537952/game.tw-pddl:0,24,30,True,257
Adaptive v1,17,train:17:train/look_at_obj_in_light-Bowl-None-DeskLamp-327/trial_T20190907_094410_444756/game.tw-pddl:0,0,train:17:train/look_at_obj_in_light-Bowl-None-DeskLamp-327/trial_T20190907_094410_444756/game.tw-pddl:0,10,10,False,258
Adaptive v1,17,train:17:train/look_at_obj_in_light-Pillow-None-DeskLamp-319/trial_T20190907_224200_196003/game.tw-pddl:0,0,train:17:train/look_at_obj_in_light-Pillow-None-DeskLamp-319/trial_T20190907_224200_196003/game.tw-pddl:0,19,30,True,259
Adaptive v1,17,train:17:train/look_at_obj_in_light-TissueBox-None-DeskLamp-225/trial_T20190906_192815_299058/game.tw-pddl:0,0,train:17:train/look_at_obj_in_light-TissueBox-None-DeskLamp-225/trial_T20190906_192815_299058/game.tw-pddl:0,24,30,True,260
Adaptive v1,17,train:17:train/pick_and_place_simple-CellPhone-None-Bed-306/trial_T20190909_012707_174038/game.tw-pddl:0,0,train:17:train/pick_and_place_simple-CellPhone-None-Bed-306/trial_T20190909_012707_174038/game.tw-pddl:0,16,16,False,261
Adaptive v1,17,train:17:train/pick_and_place_simple-SprayBottle-None-Cabinet-403/trial_T20190908_221042_476220/game.tw-pddl:0,0,train:17:train/pick_and_place_simple-SprayBottle-None-Cabinet-403/trial_T20190908_221042_476220/game.tw-pddl:0,5,30,True,262
Adaptive v1,17,train:17:train/pick_and_place_simple-SprayBottle-None-GarbageCan-426/trial_T20190908_052054_959981/game.tw-pddl:0,0,train:17:train/pick_and_place_simple-SprayBottle-None-GarbageCan-426/trial_T20190908_052054_959981/game.tw-pddl:0,4,4,False,263
Adaptive v1,17,train:17:train/pick_and_place_simple-ToiletPaper-None-Toilet-419/trial_T20190908_002335_756186/game.tw-pddl:0,0,train:17:train/pick_and_place_simple-ToiletPaper-None-Toilet-419/trial_T20190908_002335_756186/game.tw-pddl:0,26,30,True,264
Adaptive v1,17,train:17:train/pick_clean_then_place_in_recep-Knife-None-Drawer-8/trial_T20190907_044612_684811/game.tw-pddl:0,0,train:17:train/pick_clean_then_place_in_recep-Knife-None-Drawer-8/trial_T20190907_044612_684811/game.tw-pddl:0,16,30,True,265
Adaptive v1,17,train:17:train/pick_cool_then_place_in_recep-Bread-None-CounterTop-15/trial_T20190909_090922_447723/game.tw-pddl:0,0,train:17:train/pick_cool_then_place_in_recep-Bread-None-CounterTop-15/trial_T20190909_090922_447723/game.tw-pddl:0,19,30,True,266
Adaptive v1,17,train:17:train/pick_cool_then_place_in_recep-WineBottle-None-CounterTop-16/trial_T20190907_165337_245316/game.tw-pddl:0,0,train:17:train/pick_cool_then_place_in_recep-WineBottle-None-CounterTop-16/trial_T20190907_165337_245316/game.tw-pddl:0,13,30,True,267
Adaptive v1,17,train:17:train/pick_heat_then_place_in_recep-Cup-None-Shelf-7/trial_T20190906_211058_615610/game.tw-pddl:0,0,train:17:train/pick_heat_then_place_in_recep-Cup-None-Shelf-7/trial_T20190906_211058_615610/game.tw-pddl:0,16,30,True,268
Adaptive v1,17,train:17:train/pick_heat_then_place_in_recep-Cup-None-Shelf-7/trial_T20190906_211134_297102/game.tw-pddl:0,0,train:17:train/pick_heat_then_place_in_recep-Cup-None-Shelf-7/trial_T20190906_211134_297102/game.tw-pddl:0,17,30,True,269
Adaptive v1,17,train:17:train/pick_heat_then_place_in_recep-Mug-None-SideTable-28/trial_T20190908_212842_349387/game.tw-pddl:0,0,train:17:train/pick_heat_then_place_in_recep-Mug-None-SideTable-28/trial_T20190908_212842_349387/game.tw-pddl:0,17,30,True,270
Adaptive v1,17,train:17:train/pick_two_obj_and_place-CellPhone-None-DiningTable-326/trial_T20190907_130034_226200/game.tw-pddl:0,0,train:17:train/pick_two_obj_and_place-CellPhone-None-DiningTable-326/trial_T20190907_130034_226200/game.tw-pddl:0,21,30,True,271
Adaptive v1,17,train:17:train/pick_two_obj_and_place-Vase-None-CoffeeTable-214/trial_T20190910_173131_869766/game.tw-pddl:0,0,train:17:train/pick_two_obj_and_place-Vase-None-CoffeeTable-214/trial_T20190910_173131_869766/game.tw-pddl:0,23,30,True,272
Adaptive v1,18,train:18:train/look_at_obj_in_light-CD-None-DeskLamp-328/trial_T20190908_004526_651155/game.tw-pddl:0,0,train:18:train/look_at_obj_in_light-CD-None-DeskLamp-328/trial_T20190908_004526_651155/game.tw-pddl:0,7,30,True,273
Adaptive v1,18,train:18:train/look_at_obj_in_light-Pillow-None-DeskLamp-303/trial_T20190907_034908_319218/game.tw-pddl:0,0,train:18:train/look_at_obj_in_light-Pillow-None-DeskLamp-303/trial_T20190907_034908_319218/game.tw-pddl:0,10,30,True,274
Adaptive v1,18,train:18:train/look_at_obj_in_light-Plate-None-DeskLamp-218/trial_T20190908_075846_888051/game.tw-pddl:0,0,train:18:train/look_at_obj_in_light-Plate-None-DeskLamp-218/trial_T20190908_075846_888051/game.tw-pddl:0,6,6,False,275
Adaptive v1,18,train:18:train/pick_and_place_simple-Cloth-None-Cart-401/trial_T20190909_054522_876529/game.tw-pddl:0,0,train:18:train/pick_and_place_simple-Cloth-None-Cart-401/trial_T20190909_054522_876529/game.tw-pddl:0,6,6,False,276
Adaptive v1,18,train:18:train/pick_and_place_simple-SoapBottle-None-CounterTop-428/trial_T20190909_114253_745915/game.tw-pddl:0,0,train:18:train/pick_and_place_simple-SoapBottle-None-CounterTop-428/trial_T20190909_114253_745915/game.tw-pddl:0,22,30,True,277
Adaptive v1,18,train:18:train/pick_and_place_simple-SprayBottle-None-GarbageCan-415/trial_T20190907_070419_171501/game.tw-pddl:0,0,train:18:train/pick_and_place_simple-SprayBottle-None-GarbageCan-415/trial_T20190907_070419_171501/game.tw-pddl:0,11,11,False,278
Adaptive v1,18,train:18:train/pick_and_place_simple-Statue-None-CoffeeTable-227/trial_T20190909_101650_071380/game.tw-pddl:0,0,train:18:train/pick_and_place_simple-Statue-None-CoffeeTable-227/trial_T20190909_101650_071380/game.tw-pddl:0,4,4,False,279
Adaptive v1,18,train:18:train/pick_clean_then_place_in_recep-Bowl-None-Microwave-23/trial_T20190908_101118_633566/game.tw-pddl:0,0,train:18:train/pick_clean_then_place_in_recep-Bowl-None-Microwave-23/trial_T20190908_101118_633566/game.tw-pddl:0,18,30,True,280
Adaptive v1,18,train:18:train/pick_clean_then_place_in_recep-Kettle-None-StoveBurner-3/trial_T20190907_054206_228086/game.tw-pddl:0,0,train:18:train/pick_clean_then_place_in_recep-Kettle-None-StoveBurner-3/trial_T20190907_054206_228086/game.tw-pddl:0,18,30,True,281
Adaptive v1,18,train:18:train/pick_cool_then_place_in_recep-Mug-None-Cabinet-22/trial_T20190910_111425_326630/game.tw-pddl:0,0,train:18:train/pick_cool_then_place_in_recep-Mug-None-Cabinet-22/trial_T20190910_111425_326630/game.tw-pddl:0,14,30,True,282
Adaptive v1,18,train:18:train/pick_cool_then_place_in_recep-Plate-None-Cabinet-22/trial_T20190908_084019_408981/game.tw-pddl:0,0,train:18:train/pick_cool_then_place_in_recep-Plate-None-Cabinet-22/trial_T20190908_084019_408981/game.tw-pddl:0,13,30,True,283
Adaptive v1,18,train:18:train/pick_heat_then_place_in_recep-Bread-None-DiningTable-15/trial_T20190907_030851_016828/game.tw-pddl:0,0,train:18:train/pick_heat_then_place_in_recep-Bread-None-DiningTable-15/trial_T20190907_030851_016828/game.tw-pddl:0,19,30,True,284
Adaptive v1,18,train:18:train/pick_two_obj_and_place-AlarmClock-None-Desk-304/trial_T20190907_215326_695860/game.tw-pddl:0,0,train:18:train/pick_two_obj_and_place-AlarmClock-None-Desk-304/trial_T20190907_215326_695860/game.tw-pddl:0,19,30,True,285
Adaptive v1,18,train:18:train/pick_two_obj_and_place-CreditCard-None-CoffeeTable-217/trial_T20190911_185442_429428/game.tw-pddl:0,0,train:18:train/pick_two_obj_and_place-CreditCard-None-CoffeeTable-217/trial_T20190911_185442_429428/game.tw-pddl:0,23,30,True,286
Adaptive v1,18,train:18:train/pick_two_obj_and_place-SaltShaker-None-Cabinet-21/trial_T20190919_010823_789405/game.tw-pddl:0,0,train:18:train/pick_two_obj_and_place-SaltShaker-None-Cabinet-21/trial_T20190919_010823_789405/game.tw-pddl:0,20,30,True,287
Adaptive v1,18,train:18:train/pick_two_obj_and_place-SoapBar-None-Cart-430/trial_T20190909_145927_629447/game.tw-pddl:0,0,train:18:train/pick_two_obj_and_place-SoapBar-None-Cart-430/trial_T20190909_145927_629447/game.tw-pddl:0,9,9,False,288
Adaptive v1,19,train:19:train/pick_and_place_simple-Box-None-ArmChair-217/trial_T20190907_170746_281017/game.tw-pddl:0,0,train:19:train/pick_and_place_simple-Box-None-ArmChair-217/trial_T20190907_170746_281017/game.tw-pddl:0,9,16,False,289
Adaptive v1,19,train:19:train/pick_and_place_simple-Box-None-Sofa-206/trial_T20190909_102133_696249/game.tw-pddl:0,0,train:19:train/pick_and_place_simple-Box-None-Sofa-206/trial_T20190909_102133_696249/game.tw-pddl:0,21,30,True,290
Adaptive v1,19,train:19:train/pick_and_place_simple-Pencil-None-Shelf-310/trial_T20190908_023553_529151/game.tw-pddl:0,0,train:19:train/pick_and_place_simple-Pencil-None-Shelf-310/trial_T20190908_023553_529151/game.tw-pddl:0,5,30,True,291
Adaptive v1,19,train:19:train/pick_and_place_simple-TissueBox-None-Dresser-301/trial_T20190906_221513_072505/game.tw-pddl:0,0,train:19:train/pick_and_place_simple-TissueBox-None-Dresser-301/trial_T20190906_221513_072505/game.tw-pddl:0,14,30,True,292
Adaptive v1,19,train:19:train/pick_clean_then_place_in_recep-Lettuce-None-Fridge-4/trial_T20190907_163708_735211/game.tw-pddl:0,0,train:19:train/pick_clean_then_place_in_recep-Lettuce-None-Fridge-4/trial_T20190907_163708_735211/game.tw-pddl:0,12,30,True,293
Adaptive v1,19,train:19:train/pick_clean_then_place_in_recep-Spatula-None-CounterTop-13/trial_T20190909_023111_578127/game.tw-pddl:0,0,train:19:train/pick_clean_then_place_in_recep-Spatula-None-CounterTop-13/trial_T20190909_023111_578127/game.tw-pddl:0,13,30,True,294
Adaptive v1,19,train:19:train/pick_clean_then_place_in_recep-Spatula-None-DiningTable-24/trial_T20190909_020944_661299/game.tw-pddl:0,0,train:19:train/pick_clean_then_place_in_recep-Spatula-None-DiningTable-24/trial_T20190909_020944_661299/game.tw-pddl:0,15,30,True,295
Adaptive v1,19,train:19:train/pick_clean_then_place_in_recep-Tomato-None-Fridge-20/trial_T20190909_091626_928669/game.tw-pddl:0,0,train:19:train/pick_clean_then_place_in_recep-Tomato-None-Fridge-20/trial_T20190909_091626_928669/game.tw-pddl:0,12,30,True,296
Adaptive v1,19,train:19:train/pick_cool_then_place_in_recep-Apple-None-GarbageCan-2/trial_T20190906_195837_992466/game.tw-pddl:0,0,train:19:train/pick_cool_then_place_in_recep-Apple-None-GarbageCan-2/trial_T20190906_195837_992466/game.tw-pddl:0,16,30,True,297
Adaptive v1,19,train:19:train/pick_cool_then_place_in_recep-Cup-None-Shelf-1/trial_T20190907_181654_244229/game.tw-pddl:0,0,train:19:train/pick_cool_then_place_in_recep-Cup-None-Shelf-1/trial_T20190907_181654_244229/game.tw-pddl:0,16,30,True,298
Adaptive v1,19,train:19:train/pick_cool_then_place_in_recep-Egg-None-Microwave-24/trial_T20190908_234042_793019/game.tw-pddl:0,0,train:19:train/pick_cool_then_place_in_recep-Egg-None-Microwave-24/trial_T20190908_234042_793019/game.tw-pddl:0,14,30,True,299
Adaptive v1,19,train:19:train/pick_cool_then_place_in_recep-Egg-None-Microwave-30/trial_T20190908_232626_369557/game.tw-pddl:0,0,train:19:train/pick_cool_then_place_in_recep-Egg-None-Microwave-30/trial_T20190908_232626_369557/game.tw-pddl:0,12,30,True,300
Adaptive v1,19,train:19:train/pick_heat_then_place_in_recep-Cup-None-Cabinet-25/trial_T20190908_012733_848662/game.tw-pddl:0,0,train:19:train/pick_heat_then_place_in_recep-Cup-None-Cabinet-25/trial_T20190908_012733_848662/game.tw-pddl:0,17,30,True,301
Adaptive v1,19,train:19:train/pick_heat_then_place_in_recep-Tomato-None-DiningTable-16/trial_T20190907_201141_969111/game.tw-pddl:0,0,train:19:train/pick_heat_then_place_in_recep-Tomato-None-DiningTable-16/trial_T20190907_201141_969111/game.tw-pddl:0,12,30,True,302
Adaptive v1,19,train:19:train/pick_two_obj_and_place-PepperShaker-None-Shelf-20/trial_T20190907_021457_366943/game.tw-pddl:0,0,train:19:train/pick_two_obj_and_place-PepperShaker-None-Shelf-20/trial_T20190907_021457_366943/game.tw-pddl:0,18,30,True,303
Adaptive v1,19,train:19:train/pick_two_obj_and_place-TissueBox-None-CoffeeTable-220/trial_T20190909_145706_997120/game.tw-pddl:0,0,train:19:train/pick_two_obj_and_place-TissueBox-None-CoffeeTable-220/trial_T20190909_145706_997120/game.tw-pddl:0,22,30,True,304
Adaptive v1,20,train:20:train/look_at_obj_in_light-Pencil-None-DeskLamp-320/trial_T20190908_143748_669974/game.tw-pddl:0,0,train:20:train/look_at_obj_in_light-Pencil-None-DeskLamp-320/trial_T20190908_143748_669974/game.tw-pddl:0,7,30,True,305
Adaptive v1,20,train:20:train/look_at_obj_in_light-Pillow-None-DeskLamp-307/trial_T20190908_190558_647867/game.tw-pddl:0,0,train:20:train/look_at_obj_in_light-Pillow-None-DeskLamp-307/trial_T20190908_190558_647867/game.tw-pddl:0,7,30,True,306
Adaptive v1,20,train:20:train/pick_and_place_simple-Bread-None-Microwave-15/trial_T20190907_041007_141387/game.tw-pddl:0,0,train:20:train/pick_and_place_simple-Bread-None-Microwave-15/trial_T20190907_041007_141387/game.tw-pddl:0,17,17,False,307
Adaptive v1,20,train:20:train/pick_and_place_simple-Candle-None-Cart-401/trial_T20190909_081855_856149/game.tw-pddl:0,0,train:20:train/pick_and_place_simple-Candle-None-Cart-401/trial_T20190909_081855_856149/game.tw-pddl:0,23,30,True,308
Adaptive v1,20,train:20:train/pick_and_place_simple-CreditCard-None-Shelf-316/trial_T20190909_092853_746076/game.tw-pddl:0,0,train:20:train/pick_and_place_simple-CreditCard-None-Shelf-316/trial_T20190909_092853_746076/game.tw-pddl:0,5,30,True,309
Adaptive v1,20,train:20:train/pick_and_place_simple-Pencil-None-SideTable-309/trial_T20190909_040329_875526/game.tw-pddl:0,0,train:20:train/pick_and_place_simple-Pencil-None-SideTable-309/trial_T20190909_040329_875526/game.tw-pddl:0,24,30,True,310
Adaptive v1,20,train:20:train/pick_and_place_simple-ToiletPaper-None-Toilet-429/trial_T20190907_215111_218053/game.tw-pddl:0,0,train:20:train/pick_and_place_simple-ToiletPaper-None-Toilet-429/trial_T20190907_215111_218053/game.tw-pddl:0,26,30,True,311
Adaptive v1,20,train:20:train/pick_clean_then_place_in_recep-Knife-None-SideTable-3/trial_T20190906_210539_903984/game.tw-pddl:0,0,train:20:train/pick_clean_then_place_in_recep-Knife-None-SideTable-3/trial_T20190906_210539_903984/game.tw-pddl:0,19,30,True,312
Adaptive v1,20,train:20:train/pick_clean_then_place_in_recep-SoapBar-None-GarbageCan-429/trial_T20190909_015333_203352/game.tw-pddl:0,0,train:20:train/pick_clean_then_place_in_recep-SoapBar-None-GarbageCan-429/trial_T20190909_015333_203352/game.tw-pddl:0,25,30,True,313
Adaptive v1,20,train:20:train/pick_cool_then_place_in_recep-Bowl-None-Shelf-5/trial_T20190908_091641_481598/game.tw-pddl:0,0,train:20:train/pick_cool_then_place_in_recep-Bowl-None-Shelf-5/trial_T20190908_091641_481598/game.tw-pddl:0,15,30,True,314
Adaptive v1,20,train:20:train/pick_heat_then_place_in_recep-Potato-None-Fridge-12/trial_T20190910_094552_154582/game.tw-pddl:0,0,train:20:train/pick_heat_then_place_in_recep-Potato-None-Fridge-12/trial_T20190910_094552_154582/game.tw-pddl:0,9,30,True,315
Adaptive v1,20,train:20:train/pick_heat_then_place_in_recep-Potato-None-GarbageCan-5/trial_T20190908_144144_976529/game.tw-pddl:0,0,train:20:train/pick_heat_then_place_in_recep-Potato-None-GarbageCan-5/trial_T20190908_144144_976529/game.tw-pddl:0,15,30,True,316
Adaptive v1,20,train:20:train/pick_two_obj_and_place-AlarmClock-None-Shelf-316/trial_T20190909_010454_432892/game.tw-pddl:0,0,train:20:train/pick_two_obj_and_place-AlarmClock-None-Shelf-316/trial_T20190909_010454_432892/game.tw-pddl:0,26,30,True,317
Adaptive v1,20,train:20:train/pick_two_obj_and_place-CreditCard-None-Sofa-207/trial_T20190909_090035_107554/game.tw-pddl:0,0,train:20:train/pick_two_obj_and_place-CreditCard-None-Sofa-207/trial_T20190909_090035_107554/game.tw-pddl:0,22,30,True,318
Adaptive v1,20,train:20:train/pick_two_obj_and_place-RemoteControl-None-CoffeeTable-207/trial_T20190908_122319_820046/game.tw-pddl:0,0,train:20:train/pick_two_obj_and_place-RemoteControl-None-CoffeeTable-207/trial_T20190908_122319_820046/game.tw-pddl:0,23,30,True,319
Adaptive v1,20,train:20:train/pick_two_obj_and_place-ToiletPaper-None-Drawer-416/trial_T20190908_013040_862247/game.tw-pddl:0,0,train:20:train/pick_two_obj_and_place-ToiletPaper-None-Drawer-416/trial_T20190908_013040_862247/game.tw-pddl:0,14,14,False,320
Adaptive v1,21,train:21:train/look_at_obj_in_light-Book-None-DeskLamp-317/trial_T20190907_162837_975033/game.tw-pddl:0,0,train:21:train/look_at_obj_in_light-Book-None-DeskLamp-317/trial_T20190907_162837_975033/game.tw-pddl:0,9,9,False,321
Adaptive v1,21,train:21:train/look_at_obj_in_light-Pencil-None-DeskLamp-303/trial_T20190909_064559_200594/game.tw-pddl:0,0,train:21:train/look_at_obj_in_light-Pencil-None-DeskLamp-303/trial_T20190909_064559_200594/game.tw-pddl:0,21,30,True,322
Adaptive v1,21,train:21:train/pick_and_place_simple-AlarmClock-None-Desk-307/trial_T20190907_072303_146844/game.tw-pddl:0,0,train:21:train/pick_and_place_simple-AlarmClock-None-Desk-307/trial_T20190907_072303_146844/game.tw-pddl:0,11,13,False,323
Adaptive v1,21,train:21:train/pick_and_place_simple-Box-None-ArmChair-212/trial_T20190908_032818_426471/game.tw-pddl:0,0,train:21:train/pick_and_place_simple-Box-None-ArmChair-212/trial_T20190908_032818_426471/game.tw-pddl:0,21,30,True,324
Adaptive v1,21,train:21:train/pick_and_place_simple-Bread-None-Microwave-15/trial_T20190907_040932_836330/game.tw-pddl:0,0,train:21:train/pick_and_place_simple-Bread-None-Microwave-15/trial_T20190907_040932_836330/game.tw-pddl:0,5,5,False,325
Adaptive v1,21,train:21:train/pick_and_place_simple-Pen-None-Drawer-305/trial_T20190907_224053_726820/game.tw-pddl:0,0,train:21:train/pick_and_place_simple-Pen-None-Drawer-305/trial_T20190907_224053_726820/game.tw-pddl:0,5,5,False,326
Adaptive v1,21,train:21:train/pick_and_place_simple-Statue-None-CoffeeTable-201/trial_T20190908_124645_879712/game.tw-pddl:0,0,train:21:train/pick_and_place_simple-Statue-None-CoffeeTable-201/trial_T20190908_124645_879712/game.tw-pddl:0,4,4,False,327
Adaptive v1,21,train:21:train/pick_and_place_simple-ToiletPaper-None-ToiletPaperHanger-401/trial_T20190908_215242_151083/game.tw-pddl:0,0,train:21:train/pick_and_place_simple-ToiletPaper-None-ToiletPaperHanger-401/trial_T20190908_215242_151083/game.tw-pddl:0,21,30,True,328
Adaptive v1,21,train:21:train/pick_cool_then_place_in_recep-Bowl-None-CounterTop-17/trial_T20190909_093317_260394/game.tw-pddl:0,0,train:21:train/pick_cool_then_place_in_recep-Bowl-None-CounterTop-17/trial_T20190909_093317_260394/game.tw-pddl:0,14,30,True,329
Adaptive v1,21,train:21:train/pick_cool_then_place_in_recep-Cup-None-DiningTable-24/trial_T20190909_020256_557442/game.tw-pddl:0,0,train:21:train/pick_cool_then_place_in_recep-Cup-None-DiningTable-24/trial_T20190909_020256_557442/game.tw-pddl:0,13,30,True,330
Adaptive v1,21,train:21:train/pick_cool_then_place_in_recep-Potato-None-Microwave-15/trial_T20190908_154506_193275/game.tw-pddl:0,0,train:21:train/pick_cool_then_place_in_recep-Potato-None-Microwave-15/trial_T20190908_154506_193275/game.tw-pddl:0,18,30,True,331
Adaptive v1,21,train:21:train/pick_cool_then_place_in_recep-Tomato-None-Microwave-2/trial_T20190908_005830_510030/game.tw-pddl:0,0,train:21:train/pick_cool_then_place_in_recep-Tomato-None-Microwave-2/trial_T20190908_005830_510030/game.tw-pddl:0,16,30,True,332
Adaptive v1,21,train:21:train/pick_heat_then_place_in_recep-Potato-None-GarbageCan-25/trial_T20190909_202448_195490/game.tw-pddl:0,0,train:21:train/pick_heat_then_place_in_recep-Potato-None-GarbageCan-25/trial_T20190909_202448_195490/game.tw-pddl:0,18,30,True,333
Adaptive v1,21,train:21:train/pick_two_obj_and_place-Laptop-None-Ottoman-203/trial_T20190907_034519_385647/game.tw-pddl:0,0,train:21:train/pick_two_obj_and_place-Laptop-None-Ottoman-203/trial_T20190907_034519_385647/game.tw-pddl:0,23,30,True,334
Adaptive v1,21,train:21:train/pick_two_obj_and_place-RemoteControl-None-Sofa-206/trial_T20190909_094938_751823/game.tw-pddl:0,0,train:21:train/pick_two_obj_and_place-RemoteControl-None-Sofa-206/trial_T20190909_094938_751823/game.tw-pddl:0,10,10,False,335
Adaptive v1,21,train:21:train/pick_two_obj_and_place-Watch-None-Dresser-301/trial_T20190906_180223_908386/game.tw-pddl:0,0,train:21:train/pick_two_obj_and_place-Watch-None-Dresser-301/trial_T20190906_180223_908386/game.tw-pddl:0,19,30,True,336
Adaptive v1,22,train:22:train/look_at_obj_in_light-AlarmClock-None-DeskLamp-303/trial_T20190908_145005_617119/game.tw-pddl:0,0,train:22:train/look_at_obj_in_light-AlarmClock-None-DeskLamp-303/trial_T20190908_145005_617119/game.tw-pddl:0,21,30,True,337
Adaptive v1,22,train:22:train/look_at_obj_in_light-Pillow-None-DeskLamp-303/trial_T20190907_034855_345410/game.tw-pddl:0,0,train:22:train/look_at_obj_in_light-Pillow-None-DeskLamp-303/trial_T20190907_034855_345410/game.tw-pddl:0,8,8,False,338
Adaptive v1,22,train:22:train/pick_and_place_simple-KeyChain-None-Safe-323/trial_T20190918_181136_220658/game.tw-pddl:0,0,train:22:train/pick_and_place_simple-KeyChain-None-Safe-323/trial_T20190918_181136_220658/game.tw-pddl:0,22,30,True,339
Adaptive v1,22,train:22:train/pick_and_place_simple-KeyChain-None-SideTable-322/trial_T20190909_091715_713301/game.tw-pddl:0,0,train:22:train/pick_and_place_simple-KeyChain-None-SideTable-322/trial_T20190909_091715_713301/game.tw-pddl:0,22,30,True,340
Adaptive v1,22,train:22:train/pick_and_place_simple-SoapBottle-None-CounterTop-417/trial_T20190908_135156_352630/game.tw-pddl:0,0,train:22:train/pick_and_place_simple-SoapBottle-None-CounterTop-417/trial_T20190908_135156_352630/game.tw-pddl:0,24,30,True,341
Adaptive v1,22,train:22:train/pick_and_place_simple-Watch-None-CoffeeTable-222/trial_T20190908_032356_906995/game.tw-pddl:0,0,train:22:train/pick_and_place_simple-Watch-None-CoffeeTable-222/trial_T20190908_032356_906995/game.tw-pddl:0,5,5,False,342
Adaptive v1,22,train:22:train/pick_clean_then_place_in_recep-ButterKnife-None-Drawer-30/trial_T20190908_051931_072703/game.tw-pddl:0,0,train:22:train/pick_clean_then_place_in_recep-ButterKnife-None-Drawer-30/trial_T20190908_051931_072703/game.tw-pddl:0,8,8,False,343
Adaptive v1,22,train:22:train/pick_clean_then_place_in_recep-Pot-None-StoveBurner-26/trial_T20190907_210547_711059/game.tw-pddl:0,0,train:22:train/pick_clean_then_place_in_recep-Pot-None-StoveBurner-26/trial_T20190907_210547_711059/game.tw-pddl:0,9,9,False,344
Adaptive v1,22,train:22:train/pick_clean_then_place_in_recep-SoapBar-None-Cabinet-428/trial_T20190908_154959_290951/game.tw-pddl:0,0,train:22:train/pick_clean_then_place_in_recep-SoapBar-None-Cabinet-428/trial_T20190908_154959_290951/game.tw-pddl:0,15,30,True,345
Adaptive v1,22,train:22:train/pick_clean_then_place_in_recep-SoapBar-None-GarbageCan-420/trial_T20190906_201023_015139/game.tw-pddl:0,0,train:22:train/pick_clean_then_place_in_recep-SoapBar-None-GarbageCan-420/trial_T20190906_201023_015139/game.tw-pddl:0,21,30,True,346
Adaptive v1,22,train:22:train/pick_clean_then_place_in_recep-SoapBar-None-Toilet-428/trial_T20190907_041404_517664/game.tw-pddl:0,0,train:22:train/pick_clean_then_place_in_recep-SoapBar-None-Toilet-428/trial_T20190907_041404_517664/game.tw-pddl:0,19,30,True,347
Adaptive v1,22,train:22:train/pick_clean_then_place_in_recep-Tomato-None-Fridge-18/trial_T20190909_045817_847048/game.tw-pddl:0,0,train:22:train/pick_clean_then_place_in_recep-Tomato-None-Fridge-18/trial_T20190909_045817_847048/game.tw-pddl:0,6,30,True,348
Adaptive v1,22,train:22:train/pick_cool_then_place_in_recep-Bread-None-DiningTable-11/trial_T20190908_005202_990135/game.tw-pddl:0,0,train:22:train/pick_cool_then_place_in_recep-Bread-None-DiningTable-11/trial_T20190908_005202_990135/game.tw-pddl:0,17,30,True,349
Adaptive v1,22,train:22:train/pick_cool_then_place_in_recep-Lettuce-None-GarbageCan-16/trial_T20190909_014736_101510/game.tw-pddl:0,0,train:22:train/pick_cool_then_place_in_recep-Lettuce-None-GarbageCan-16/trial_T20190909_014736_101510/game.tw-pddl:0,12,30,True,350
Adaptive v1,22,train:22:train/pick_cool_then_place_in_recep-Mug-None-Cabinet-6/trial_T20190908_224333_300425/game.tw-pddl:0,0,train:22:train/pick_cool_then_place_in_recep-Mug-None-Cabinet-6/trial_T20190908_224333_300425/game.tw-pddl:0,16,30,True,351
Adaptive v1,22,train:22:train/pick_two_obj_and_place-Candle-None-Cabinet-428/trial_T20190909_053819_460818/game.tw-pddl:0,0,train:22:train/pick_two_obj_and_place-Candle-None-Cabinet-428/trial_T20190909_053819_460818/game.tw-pddl:0,24,30,True,352
Adaptive v1,23,train:23:train/look_at_obj_in_light-Pillow-None-DeskLamp-302/trial_T20190909_150941_601258/game.tw-pddl:0,0,train:23:train/look_at_obj_in_light-Pillow-None-DeskLamp-302/trial_T20190909_150941_601258/game.tw-pddl:0,24,30,True,353
Adaptive v1,23,train:23:train/look_at_obj_in_light-Pillow-None-DeskLamp-307/trial_T20190908_190608_801964/game.tw-pddl:0,0,train:23:train/look_at_obj_in_light-Pillow-None-DeskLamp-307/trial_T20190908_190608_801964/game.tw-pddl:0,6,30,True,354
Adaptive v1,23,train:23:train/pick_and_place_simple-HandTowel-None-Toilet-428/trial_T20190908_064252_498410/game.tw-pddl:0,0,train:23:train/pick_and_place_simple-HandTowel-None-Toilet-428/trial_T20190908_064252_498410/game.tw-pddl:0,5,12,False,355
Adaptive v1,23,train:23:train/pick_and_place_simple-Pencil-None-GarbageCan-316/trial_T20190907_165803_704024/game.tw-pddl:0,0,train:23:train/pick_and_place_simple-Pencil-None-GarbageCan-316/trial_T20190907_165803_704024/game.tw-pddl:0,4,4,False,356
Adaptive v1,23,train:23:train/pick_and_place_simple-SoapBottle-None-GarbageCan-417/trial_T20190909_120121_758074/game.tw-pddl:0,0,train:23:train/pick_and_place_simple-SoapBottle-None-GarbageCan-417/trial_T20190909_120121_758074/game.tw-pddl:0,9,30,True,357
Adaptive v1,23,train:23:train/pick_clean_then_place_in_recep-Cloth-None-Toilet-411/trial_T20190908_011709_090359/game.tw-pddl:0,0,train:23:train/pick_clean_then_place_in_recep-Cloth-None-Toilet-411/trial_T20190908_011709_090359/game.tw-pddl:0,22,30,True,358
Adaptive v1,23,train:23:train/pick_clean_then_place_in_recep-Egg-None-Microwave-30/trial_T20190909_124957_148528/game.tw-pddl:0,0,train:23:train/pick_clean_then_place_in_recep-Egg-None-Microwave-30/trial_T20190909_124957_148528/game.tw-pddl:0,8,8,False,359
Adaptive v1,23,train:23:train/pick_cool_then_place_in_recep-Mug-None-CoffeeMachine-1/trial_T20190907_100841_356010/game.tw-pddl:0,0,train:23:train/pick_cool_then_place_in_recep-Mug-None-CoffeeMachine-1/trial_T20190907_100841_356010/game.tw-pddl:0,16,30,True,360
Adaptive v1,23,train:23:train/pick_cool_then_place_in_recep-Potato-None-Microwave-20/trial_T20190909_035658_081195/game.tw-pddl:0,0,train:23:train/pick_cool_then_place_in_recep-Potato-None-Microwave-20/trial_T20190909_035658_081195/game.tw-pddl:0,17,30,True,361
Adaptive v1,23,train:23:train/pick_cool_then_place_in_recep-WineBottle-None-DiningTable-17/trial_T20190908_003247_118049/game.tw-pddl:0,0,train:23:train/pick_cool_then_place_in_recep-WineBottle-None-DiningTable-17/trial_T20190908_003247_118049/game.tw-pddl:0,9,9,False,362
Adaptive v1,23,train:23:train/pick_heat_then_place_in_recep-Cup-None-Cabinet-30/trial_T20190906_200421_362725/game.tw-pddl:0,0,train:23:train/pick_heat_then_place_in_recep-Cup-None-Cabinet-30/trial_T20190906_200421_362725/game.tw-pddl:0,12,30,True,363
Adaptive v1,23,train:23:train/pick_heat_then_place_in_recep-Tomato-None-Fridge-18/trial_T20190907_192826_972343/game.tw-pddl:0,0,train:23:train/pick_heat_then_place_in_recep-Tomato-None-Fridge-18/trial_T20190907_192826_972343/game.tw-pddl:0,15,30,True,364
Adaptive v1,23,train:23:train/pick_two_obj_and_place-CreditCard-None-ArmChair-217/trial_T20190909_114045_918354/game.tw-pddl:0,0,train:23:train/pick_two_obj_and_place-CreditCard-None-ArmChair-217/trial_T20190909_114045_918354/game.tw-pddl:0,22,30,True,365
Adaptive v1,23,train:23:train/pick_two_obj_and_place-Cup-None-Microwave-22/trial_T20190907_205322_779427/game.tw-pddl:0,0,train:23:train/pick_two_obj_and_place-Cup-None-Microwave-22/trial_T20190907_205322_779427/game.tw-pddl:0,15,30,True,366
Adaptive v1,23,train:23:train/pick_two_obj_and_place-Glassbottle-None-Shelf-1/trial_T20190907_122241_270554/game.tw-pddl:0,0,train:23:train/pick_two_obj_and_place-Glassbottle-None-Shelf-1/trial_T20190907_122241_270554/game.tw-pddl:0,17,30,True,367
Adaptive v1,23,train:23:train/pick_two_obj_and_place-KeyChain-None-SideTable-326/trial_T20190908_161125_750427/game.tw-pddl:0,0,train:23:train/pick_two_obj_and_place-KeyChain-None-SideTable-326/trial_T20190908_161125_750427/game.tw-pddl:0,20,30,True,368
Adaptive v1,24,train:24:train/look_at_obj_in_light-Pencil-None-DeskLamp-302/trial_T20190909_231416_306847/game.tw-pddl:0,0,train:24:train/look_at_obj_in_light-Pencil-None-DeskLamp-302/trial_T20190909_231416_306847/game.tw-pddl:0,24,30,True,369
Adaptive v1,24,train:24:train/look_at_obj_in_light-Pillow-None-DeskLamp-218/trial_T20190909_043156_302104/game.tw-pddl:0,0,train:24:train/look_at_obj_in_light-Pillow-None-DeskLamp-218/trial_T20190909_043156_302104/game.tw-pddl:0,24,30,True,370
Adaptive v1,24,train:24:train/look_at_obj_in_light-Pillow-None-DeskLamp-218/trial_T20190909_043253_098401/game.tw-pddl:0,0,train:24:train/look_at_obj_in_light-Pillow-None-DeskLamp-218/trial_T20190909_043253_098401/game.tw-pddl:0,6,30,True,371
Adaptive v1,24,train:24:train/look_at_obj_in_light-Statue-None-DeskLamp-216/trial_T20190909_193015_464612/game.tw-pddl:0,0,train:24:train/look_at_obj_in_light-Statue-None-DeskLamp-216/trial_T20190909_193015_464612/game.tw-pddl:0,16,16,False,372
Adaptive v1,24,train:24:train/look_at_obj_in_light-Statue-None-DeskLamp-218/trial_T20190909_085308_837993/game.tw-pddl:0,0,train:24:train/look_at_obj_in_light-Statue-None-DeskLamp-218/trial_T20190909_085308_837993/game.tw-pddl:0,25,30,True,373
Adaptive v1,24,train:24:train/pick_and_place_simple-AlarmClock-None-Shelf-320/trial_T20190907_121158_600571/game.tw-pddl:0,0,train:24:train/pick_and_place_simple-AlarmClock-None-Shelf-320/trial_T20190907_121158_600571/game.tw-pddl:0,15,30,True,374
Adaptive v1,24,train:24:train/pick_and_place_simple-Kettle-None-StoveBurner-2/trial_T20190918_152051_373060/game.tw-pddl:0,0,train:24:train/pick_and_place_simple-Kettle-None-StoveBurner-2/trial_T20190918_152051_373060/game.tw-pddl:0,15,30,True,375
Adaptive v1,24,train:24:train/pick_and_place_simple-Pen-None-SideTable-309/trial_T20190907_051937_063581/game.tw-pddl:0,0,train:24:train/pick_and_place_simple-Pen-None-SideTable-309/trial_T20190907_051937_063581/game.tw-pddl:0,20,20,False,376
Adaptive v1,24,train:24:train/pick_and_place_simple-SprayBottle-None-Toilet-422/trial_T20190909_124852_071149/game.tw-pddl:0,0,train:24:train/pick_and_place_simple-SprayBottle-None-Toilet-422/trial_T20190909_124852_071149/game.tw-pddl:0,13,30,True,377
Adaptive v1,24,train:24:train/pick_cool_then_place_in_recep-Lettuce-None-CounterTop-22/trial_T20190919_002053_011262/game.tw-pddl:0,0,train:24:train/pick_cool_then_place_in_recep-Lettuce-None-CounterTop-22/trial_T20190919_002053_011262/game.tw-pddl:0,15,30,True,378
Adaptive v1,24,train:24:train/pick_cool_then_place_in_recep-Pan-None-Cabinet-18/trial_T20190907_222321_075263/game.tw-pddl:0,0,train:24:train/pick_cool_then_place_in_recep-Pan-None-Cabinet-18/trial_T20190907_222321_075263/game.tw-pddl:0,16,30,True,379
Adaptive v1,24,train:24:train/pick_cool_then_place_in_recep-Pan-None-DiningTable-23/trial_T20190909_005801_641557/game.tw-pddl:0,0,train:24:train/pick_cool_then_place_in_recep-Pan-None-DiningTable-23/trial_T20190909_005801_641557/game.tw-pddl:0,18,30,True,380
Adaptive v1,24,train:24:train/pick_cool_then_place_in_recep-Pot-None-StoveBurner-25/trial_T20190906_234716_068806/game.tw-pddl:0,0,train:24:train/pick_cool_then_place_in_recep-Pot-None-StoveBurner-25/trial_T20190906_234716_068806/game.tw-pddl:0,17,30,True,381
Adaptive v1,24,train:24:train/pick_heat_then_place_in_recep-Cup-None-DiningTable-23/trial_T20190908_134629_027970/game.tw-pddl:0,0,train:24:train/pick_heat_then_place_in_recep-Cup-None-DiningTable-23/trial_T20190908_134629_027970/game.tw-pddl:0,9,30,True,382
Adaptive v1,24,train:24:train/pick_heat_then_place_in_recep-Egg-None-Fridge-13/trial_T20190907_151735_763792/game.tw-pddl:0,0,train:24:train/pick_heat_then_place_in_recep-Egg-None-Fridge-13/trial_T20190907_151735_763792/game.tw-pddl:0,11,30,True,383
Adaptive v1,24,train:24:train/pick_two_obj_and_place-Book-None-Bed-314/trial_T20190909_103936_240465/game.tw-pddl:0,0,train:24:train/pick_two_obj_and_place-Book-None-Bed-314/trial_T20190909_103936_240465/game.tw-pddl:0,9,9,False,384
Adaptive v1,25,train:25:train/look_at_obj_in_light-Laptop-None-DeskLamp-319/trial_T20190908_182531_510491/game.tw-pddl:0,0,train:25:train/look_at_obj_in_light-Laptop-None-DeskLamp-319/trial_T20190908_182531_510491/game.tw-pddl:0,20,30,True,385
Adaptive v1,25,train:25:train/pick_and_place_simple-Book-None-ArmChair-229/trial_T20190906_203105_670913/game.tw-pddl:0,0,train:25:train/pick_and_place_simple-Book-None-ArmChair-229/trial_T20190906_203105_670913/game.tw-pddl:0,13,13,False,386
Adaptive v1,25,train:25:train/pick_and_place_simple-CellPhone-None-ArmChair-321/trial_T20190906_200510_921496/game.tw-pddl:0,0,train:25:train/pick_and_place_simple-CellPhone-None-ArmChair-321/trial_T20190906_200510_921496/game.tw-pddl:0,14,14,False,387
Adaptive v1,25,train:25:train/pick_and_place_simple-ToiletPaper-None-Drawer-410/trial_T20190908_162056_552400/game.tw-pddl:0,0,train:25:train/pick_and_place_simple-ToiletPaper-None-Drawer-410/trial_T20190908_162056_552400/game.tw-pddl:0,10,30,True,388
Adaptive v1,25,train:25:train/pick_and_place_simple-Tomato-None-Microwave-6/trial_T20190907_235748_819807/game.tw-pddl:0,0,train:25:train/pick_and_place_simple-Tomato-None-Microwave-6/trial_T20190907_235748_819807/game.tw-pddl:0,8,8,False,389
Adaptive v1,25,train:25:train/pick_clean_then_place_in_recep-Fork-None-DiningTable-24/trial_T20190911_095727_416274/game.tw-pddl:0,0,train:25:train/pick_clean_then_place_in_recep-Fork-None-DiningTable-24/trial_T20190911_095727_416274/game.tw-pddl:0,13,30,True,390
Adaptive v1,25,train:25:train/pick_clean_then_place_in_recep-SoapBar-None-Shelf-429/trial_T20190909_100836_067219/game.tw-pddl:0,0,train:25:train/pick_clean_then_place_in_recep-SoapBar-None-Shelf-429/trial_T20190909_100836_067219/game.tw-pddl:0,25,30,True,391
Adaptive v1,25,train:25:train/pick_clean_then_place_in_recep-Spoon-None-SideTable-21/trial_T20190908_232031_145597/game.tw-pddl:0,0,train:25:train/pick_clean_then_place_in_recep-Spoon-None-SideTable-21/trial_T20190908_232031_145597/game.tw-pddl:0,19,19,False,392
Adaptive v1,25,train:25:train/pick_cool_then_place_in_recep-Pot-None-CounterTop-17/trial_T20190909_013407_550007/game.tw-pddl:0,0,train:25:train/pick_cool_then_place_in_recep-Pot-None-CounterTop-17/trial_T20190909_013407_550007/game.tw-pddl:0,15,30,True,393
Adaptive v1,25,train:25:train/pick_heat_then_place_in_recep-Apple-None-GarbageCan-12/trial_T20190907_220233_281670/game.tw-pddl:0,0,train:25:train/pick_heat_then_place_in_recep-Apple-None-GarbageCan-12/trial_T20190907_220233_281670/game.tw-pddl:0,15,30,True,394
Adaptive v1,25,train:25:train/pick_heat_then_place_in_recep-Bread-None-CounterTop-15/trial_T20190907_000245_890595/game.tw-pddl:0,0,train:25:train/pick_heat_then_place_in_recep-Bread-None-CounterTop-15/trial_T20190907_000245_890595/game.tw-pddl:0,11,11,False,395
Adaptive v1,25,train:25:train/pick_heat_then_place_in_recep-Cup-None-Cabinet-30/trial_T20190906_200308_075401/game.tw-pddl:0,0,train:25:train/pick_heat_then_place_in_recep-Cup-None-Cabinet-30/trial_T20190906_200308_075401/game.tw-pddl:0,12,30,True,396
Adaptive v1,25,train:25:train/pick_heat_then_place_in_recep-Egg-None-DiningTable-4/trial_T20190908_080031_421421/game.tw-pddl:0,0,train:25:train/pick_heat_then_place_in_recep-Egg-None-DiningTable-4/trial_T20190908_080031_421421/game.tw-pddl:0,19,30,True,397
Adaptive v1,25,train:25:train/pick_heat_then_place_in_recep-Mug-None-CoffeeMachine-2/trial_T20190907_070755_073684/game.tw-pddl:0,0,train:25:train/pick_heat_then_place_in_recep-Mug-None-CoffeeMachine-2/trial_T20190907_070755_073684/game.tw-pddl:0,8,8,False,398
Adaptive v1,25,train:25:train/pick_heat_then_place_in_recep-Tomato-None-CounterTop-26/trial_T20190907_005422_388983/game.tw-pddl:0,0,train:25:train/pick_heat_then_place_in_recep-Tomato-None-CounterTop-26/trial_T20190907_005422_388983/game.tw-pddl:0,9,12,False,399
Adaptive v1,25,train:25:train/pick_two_obj_and_place-SprayBottle-None-GarbageCan-416/trial_T20190909_001550_668945/game.tw-pddl:0,0,train:25:train/pick_two_obj_and_place-SprayBottle-None-GarbageCan-416/trial_T20190909_001550_668945/game.tw-pddl:0,18,30,True,400
Adaptive v1,26,train:26:train/look_at_obj_in_light-AlarmClock-None-DeskLamp-327/trial_T20190909_102016_233685/game.tw-pddl:0,0,train:26:train/look_at_obj_in_light-AlarmClock-None-DeskLamp-327/trial_T20190909_102016_233685/game.tw-pddl:0,22,30,True,401
Adaptive v1,26,train:26:train/look_at_obj_in_light-TissueBox-None-DeskLamp-328/trial_T20190908_045203_114143/game.tw-pddl:0,0,train:26:train/look_at_obj_in_light-TissueBox-None-DeskLamp-328/trial_T20190908_045203_114143/game.tw-pddl:0,10,10,False,402
Adaptive v1,26,train:26:train/pick_and_place_simple-CellPhone-None-SideTable-317/trial_T20190909_234733_582011/game.tw-pddl:0,0,train:26:train/pick_and_place_simple-CellPhone-None-SideTable-317/trial_T20190909_234733_582011/game.tw-pddl:0,4,4,False,403
Adaptive v1,26,train:26:train/pick_and_place_simple-RemoteControl-None-ArmChair-227/trial_T20190909_101507_801236/game.tw-pddl:0,0,train:26:train/pick_and_place_simple-RemoteControl-None-ArmChair-227/trial_T20190909_101507_801236/game.tw-pddl:0,16,30,True,404
Adaptive v1,26,train:26:train/pick_and_place_simple-Statue-None-CoffeeTable-228/trial_T20190906_185451_580211/game.tw-pddl:0,0,train:26:train/pick_and_place_simple-Statue-None-CoffeeTable-228/trial_T20190906_185451_580211/game.tw-pddl:0,5,5,False,405
Adaptive v1,26,train:26:train/pick_and_place_simple-Watch-None-CoffeeTable-222/trial_T20190908_032408_369750/game.tw-pddl:0,0,train:26:train/pick_and_place_simple-Watch-None-CoffeeTable-222/trial_T20190908_032408_369750/game.tw-pddl:0,12,12,False,406
Adaptive v1,26,train:26:train/pick_clean_then_place_in_recep-Cup-None-Microwave-14/trial_T20190907_120757_250658/game.tw-pddl:0,0,train:26:train/pick_clean_then_place_in_recep-Cup-None-Microwave-14/trial_T20190907_120757_250658/game.tw-pddl:0,12,12,False,407
Adaptive v1,26,train:26:train/pick_clean_then_place_in_recep-Egg-None-SideTable-21/trial_T20190908_033931_237625/game.tw-pddl:0,0,train:26:train/pick_clean_then_place_in_recep-Egg-None-SideTable-21/trial_T20190908_033931_237625/game.tw-pddl:0,19,30,True,408
Adaptive v1,26,train:26:train/pick_clean_then_place_in_recep-SoapBar-None-CounterTop-428/trial_T20190908_185113_334261/game.tw-pddl:0,0,train:26:train/pick_clean_then_place_in_recep-SoapBar-None-CounterTop-428/trial_T20190908_185113_334261/game.tw-pddl:0,16,16,False,409
Adaptive v1,26,train:26:train/pick_cool_then_place_in_recep-Bread-None-DiningTable-26/trial_T20190906_183934_151879/game.tw-pddl:0,0,train:26:train/pick_cool_then_place_in_recep-Bread-None-DiningTable-26/trial_T20190906_183934_151879/game.tw-pddl:0,11,30,True,410
Adaptive v1,26,train:26:train/pick_heat_then_place_in_recep-Potato-None-DiningTable-7/trial_T20190907_030735_362750/game.tw-pddl:0,0,train:26:train/pick_heat_then_place_in_recep-Potato-None-DiningTable-7/trial_T20190907_030735_362750/game.tw-pddl:0,16,30,True,411
Adaptive v1,26,train:26:train/pick_two_obj_and_place-AlarmClock-None-Desk-307/trial_T20190907_013652_494441/game.tw-pddl:0,0,train:26:train/pick_two_obj_and_place-AlarmClock-None-Desk-307/trial_T20190907_013652_494441/game.tw-pddl:0,15,30,True,412
Adaptive v1,26,train:26:train/pick_two_obj_and_place-Cloth-None-Toilet-417/trial_T20190908_152417_880895/game.tw-pddl:0,0,train:26:train/pick_two_obj_and_place-Cloth-None-Toilet-417/trial_T20190908_152417_880895/game.tw-pddl:0,23,30,True,413
Adaptive v1,26,train:26:train/pick_two_obj_and_place-Laptop-None-Desk-307/trial_T20190909_005113_233838/game.tw-pddl:0,0,train:26:train/pick_two_obj_and_place-Laptop-None-Desk-307/trial_T20190909_005113_233838/game.tw-pddl:0,24,30,True,414
Adaptive v1,26,train:26:train/pick_two_obj_and_place-Pen-None-Dresser-327/trial_T20190907_212826_574375/game.tw-pddl:0,0,train:26:train/pick_two_obj_and_place-Pen-None-Dresser-327/trial_T20190907_212826_574375/game.tw-pddl:0,22,30,True,415
Adaptive v1,26,train:26:train/pick_two_obj_and_place-SaltShaker-None-Shelf-20/trial_T20190906_200701_399969/game.tw-pddl:0,0,train:26:train/pick_two_obj_and_place-SaltShaker-None-Shelf-20/trial_T20190906_200701_399969/game.tw-pddl:0,17,30,True,416
Adaptive v1,27,train:27:train/look_at_obj_in_light-Statue-None-DeskLamp-218/trial_T20190909_085327_810149/game.tw-pddl:0,0,train:27:train/look_at_obj_in_light-Statue-None-DeskLamp-218/trial_T20190909_085327_810149/game.tw-pddl:0,20,30,True,417
Adaptive v1,27,train:27:train/look_at_obj_in_light-Vase-None-DeskLamp-303/trial_T20190907_150403_049073/game.tw-pddl:0,0,train:27:train/look_at_obj_in_light-Vase-None-DeskLamp-303/trial_T20190907_150403_049073/game.tw-pddl:0,20,30,True,418
Adaptive v1,27,train:27:train/pick_and_place_simple-ButterKnife-None-SideTable-28/trial_T20190908_133100_085069/game.tw-pddl:0,0,train:27:train/pick_and_place_simple-ButterKnife-None-SideTable-28/trial_T20190908_133100_085069/game.tw-pddl:0,10,10,False,419
Adaptive v1,27,train:27:train/pick_and_place_simple-Cloth-None-Cart-401/trial_T20190909_054535_981513/game.tw-pddl:0,0,train:27:train/pick_and_place_simple-Cloth-None-Cart-401/trial_T20190909_054535_981513/game.tw-pddl:0,15,21,False,420
Adaptive v1,27,train:27:train/pick_and_place_simple-KeyChain-None-ArmChair-213/trial_T20190907_001843_465170/game.tw-pddl:0,0,train:27:train/pick_and_place_simple-KeyChain-None-ArmChair-213/trial_T20190907_001843_465170/game.tw-pddl:0,11,11,False,421
Adaptive v1,27,train:27:train/pick_and_place_simple-SoapBottle-None-Cart-430/trial_T20190909_100630_359013/game.tw-pddl:0,0,train:27:train/pick_and_place_simple-SoapBottle-None-Cart-430/trial_T20190909_100630_359013/game.tw-pddl:0,4,4,False,422
Adaptive v1,27,train:27:train/pick_and_place_simple-TissueBox-None-SideTable-229/trial_T20190908_114112_465371/game.tw-pddl:0,0,train:27:train/pick_and_place_simple-TissueBox-None-SideTable-229/trial_T20190908_114112_465371/game.tw-pddl:0,4,4,False,423
Adaptive v1,27,train:27:train/pick_clean_then_place_in_recep-ButterKnife-None-Drawer-2/trial_T20190908_044338_247760/game.tw-pddl:0,0,train:27:train/pick_clean_then_place_in_recep-ButterKnife-None-Drawer-2/trial_T20190908_044338_247760/game.tw-pddl:0,8,8,False,424
Adaptive v1,27,train:27:train/pick_clean_then_place_in_recep-Lettuce-None-CounterTop-13/trial_T20190909_035028_322877/game.tw-pddl:0,0,train:27:train/pick_clean_then_place_in_recep-Lettuce-None-CounterTop-13/trial_T20190909_035028_322877/game.tw-pddl:0,13,30,True,425
Adaptive v1,27,train:27:train/pick_clean_then_place_in_recep-Pan-None-StoveBurner-2/trial_T20190909_052052_434558/game.tw-pddl:0,0,train:27:train/pick_clean_then_place_in_recep-Pan-None-StoveBurner-2/trial_T20190909_052052_434558/game.tw-pddl:0,15,30,True,426
Adaptive v1,27,train:27:train/pick_cool_then_place_in_recep-Bread-None-DiningTable-7/trial_T20190908_003406_355799/game.tw-pddl:0,0,train:27:train/pick_cool_then_place_in_recep-Bread-None-DiningTable-7/trial_T20190908_003406_355799/game.tw-pddl:0,16,30,True,427
Adaptive v1,27,train:27:train/pick_cool_then_place_in_recep-Pan-None-DiningTable-11/trial_T20190908_204315_625279/game.tw-pddl:0,0,train:27:train/pick_cool_then_place_in_recep-Pan-None-DiningTable-11/trial_T20190908_204315_625279/game.tw-pddl:0,17,30,True,428
Adaptive v1,27,train:27:train/pick_cool_then_place_in_recep-Potato-None-GarbageCan-17/trial_T20190908_204236_762891/game.tw-pddl:0,0,train:27:train/pick_cool_then_place_in_recep-Potato-None-GarbageCan-17/trial_T20190908_204236_762891/game.tw-pddl:0,12,30,True,429
Adaptive v1,27,train:27:train/pick_heat_then_place_in_recep-Apple-None-Fridge-22/trial_T20190908_210321_417277/game.tw-pddl:0,0,train:27:train/pick_heat_then_place_in_recep-Apple-None-Fridge-22/trial_T20190908_210321_417277/game.tw-pddl:0,8,8,False,430
Adaptive v1,27,train:27:train/pick_heat_then_place_in_recep-Mug-None-CoffeeMachine-23/trial_T20190906_194152_150964/game.tw-pddl:0,0,train:27:train/pick_heat_then_place_in_recep-Mug-None-CoffeeMachine-23/trial_T20190906_194152_150964/game.tw-pddl:0,18,30,True,431
Adaptive v1,27,train:27:train/pick_two_obj_and_place-PepperShaker-None-DiningTable-19/trial_T20190906_191855_392122/game.tw-pddl:0,0,train:27:train/pick_two_obj_and_place-PepperShaker-None-DiningTable-19/trial_T20190906_191855_392122/game.tw-pddl:0,15,30,True,432
Adaptive v1,28,train:28:train/look_at_obj_in_light-AlarmClock-None-DeskLamp-323/trial_T20190909_044801_050688/game.tw-pddl:0,0,train:28:train/look_at_obj_in_light-AlarmClock-None-DeskLamp-323/trial_T20190909_044801_050688/game.tw-pddl:0,19,30,True,433
Adaptive v1,28,train:28:train/pick_and_place_simple-CD-None-Shelf-310/trial_T20190908_125951_058277/game.tw-pddl:0,0,train:28:train/pick_and_place_simple-CD-None-Shelf-310/trial_T20190908_125951_058277/game.tw-pddl:0,24,30,True,434
Adaptive v1,28,train:28:train/pick_and_place_simple-Candle-None-Toilet-409/trial_T20190908_142223_955072/game.tw-pddl:0,0,train:28:train/pick_and_place_simple-Candle-None-Toilet-409/trial_T20190908_142223_955072/game.tw-pddl:0,4,4,False,435
Adaptive v1,28,train:28:train/pick_and_place_simple-CreditCard-None-ArmChair-201/trial_T20190908_124413_314288/game.tw-pddl:0,0,train:28:train/pick_and_place_simple-CreditCard-None-ArmChair-201/trial_T20190908_124413_314288/game.tw-pddl:0,16,16,False,436
Adaptive v1,28,train:28:train/pick_clean_then_place_in_recep-Cup-None-Microwave-1/trial_T20190909_150920_919213/game.tw-pddl:0,0,train:28:train/pick_clean_then_place_in_recep-Cup-None-Microwave-1/trial_T20190909_150920_919213/game.tw-pddl:0,15,30,True,437
Adaptive v1,28,train:28:train/pick_clean_then_place_in_recep-Cup-None-SideTable-3/trial_T20190907_120802_836392/game.tw-pddl:0,0,train:28:train/pick_clean_then_place_in_recep-Cup-None-SideTable-3/trial_T20190907_120802_836392/game.tw-pddl:0,17,30,True,438
Adaptive v1,28,train:28:train/pick_cool_then_place_in_recep-Pot-None-StoveBurner-1/trial_T20190907_073813_662026/game.tw-pddl:0,0,train:28:train/pick_cool_then_place_in_recep-Pot-None-StoveBurner-1/trial_T20190907_073813_662026/game.tw-pddl:0,14,30,True,439
Adaptive v1,28,train:28:train/pick_cool_then_place_in_recep-Potato-None-Microwave-5/trial_T20190909_102625_235688/game.tw-pddl:0,0,train:28:train/pick_cool_then_place_in_recep-Potato-None-Microwave-5/trial_T20190909_102625_235688/game.tw-pddl:0,14,30,True,440
Adaptive v1,28,train:28:train/pick_cool_then_place_in_recep-WineBottle-None-CounterTop-17/trial_T20190907_002730_199024/game.tw-pddl:0,0,train:28:train/pick_cool_then_place_in_recep-WineBottle-None-CounterTop-17/trial_T20190907_002730_199024/game.tw-pddl:0,14,30,True,441
Adaptive v1,28,train:28:train/pick_heat_then_place_in_recep-Mug-None-Cabinet-25/trial_T20190909_095542_548585/game.tw-pddl:0,0,train:28:train/pick_heat_then_place_in_recep-Mug-None-Cabinet-25/trial_T20190909_095542_548585/game.tw-pddl:0,11,30,True,442
Adaptive v1,28,train:28:train/pick_heat_then_place_in_recep-Potato-None-GarbageCan-6/trial_T20190909_132625_893504/game.tw-pddl:0,0,train:28:train/pick_heat_then_place_in_recep-Potato-None-GarbageCan-6/trial_T20190909_132625_893504/game.tw-pddl:0,15,30,True,443
Adaptive v1,28,train:28:train/pick_heat_then_place_in_recep-Tomato-None-Fridge-23/trial_T20190909_082445_647065/game.tw-pddl:0,0,train:28:train/pick_heat_then_place_in_recep-Tomato-None-Fridge-23/trial_T20190909_082445_647065/game.tw-pddl:0,18,30,True,444
Adaptive v1,28,train:28:train/pick_heat_then_place_in_recep-Tomato-None-SideTable-28/trial_T20190908_031531_364896/game.tw-pddl:0,0,train:28:train/pick_heat_then_place_in_recep-Tomato-None-SideTable-28/trial_T20190908_031531_364896/game.tw-pddl:0,17,30,True,445
Adaptive v1,28,train:28:train/pick_two_obj_and_place-CellPhone-None-Bed-309/trial_T20190908_112341_368964/game.tw-pddl:0,0,train:28:train/pick_two_obj_and_place-CellPhone-None-Bed-309/trial_T20190908_112341_368964/game.tw-pddl:0,22,30,True,446
Adaptive v1,28,train:28:train/pick_two_obj_and_place-SaltShaker-None-Drawer-5/trial_T20190907_151045_928468/game.tw-pddl:0,0,train:28:train/pick_two_obj_and_place-SaltShaker-None-Drawer-5/trial_T20190907_151045_928468/game.tw-pddl:0,14,30,True,447
Adaptive v1,28,train:28:train/pick_two_obj_and_place-ToiletPaper-None-Drawer-423/trial_T20190907_111226_698552/game.tw-pddl:0,0,train:28:train/pick_two_obj_and_place-ToiletPaper-None-Drawer-423/trial_T20190907_111226_698552/game.tw-pddl:0,19,30,True,448
Adaptive v1,29,train:29:train/pick_and_place_simple-CD-None-SideTable-329/trial_T20190908_002246_523800/game.tw-pddl:0,0,train:29:train/pick_and_place_simple-CD-None-SideTable-329/trial_T20190908_002246_523800/game.tw-pddl:0,6,6,False,449
Adaptive v1,29,train:29:train/pick_and_place_simple-RemoteControl-None-ArmChair-223/trial_T20190908_163710_603458/game.tw-pddl:0,0,train:29:train/pick_and_place_simple-RemoteControl-None-ArmChair-223/trial_T20190908_163710_603458/game.tw-pddl:0,5,5,False,450
Adaptive v1,29,train:29:train/pick_and_place_simple-SoapBar-None-Drawer-409/trial_T20190909_100430_737876/game.tw-pddl:0,0,train:29:train/pick_and_place_simple-SoapBar-None-Drawer-409/trial_T20190909_100430_737876/game.tw-pddl:0,5,5,False,451
Adaptive v1,29,train:29:train/pick_and_place_simple-Watch-None-CoffeeTable-201/trial_T20190908_124509_296941/game.tw-pddl:0,0,train:29:train/pick_and_place_simple-Watch-None-CoffeeTable-201/trial_T20190908_124509_296941/game.tw-pddl:0,9,9,False,452
Adaptive v1,29,train:29:train/pick_clean_then_place_in_recep-Apple-None-Microwave-24/trial_T20190907_133245_678353/game.tw-pddl:0,0,train:29:train/pick_clean_then_place_in_recep-Apple-None-Microwave-24/trial_T20190907_133245_678353/game.tw-pddl:0,14,30,True,453
Adaptive v1,29,train:29:train/pick_clean_then_place_in_recep-ButterKnife-None-CounterTop-25/trial_T20190907_212022_934468/game.tw-pddl:0,0,train:29:train/pick_clean_then_place_in_recep-ButterKnife-None-CounterTop-25/trial_T20190907_212022_934468/game.tw-pddl:0,14,30,True,454
Adaptive v1,29,train:29:train/pick_clean_then_place_in_recep-Ladle-None-Cabinet-8/trial_T20190908_005839_849302/game.tw-pddl:0,0,train:29:train/pick_clean_then_place_in_recep-Ladle-None-Cabinet-8/trial_T20190908_005839_849302/game.tw-pddl:0,8,8,False,455
Adaptive v1,29,train:29:train/pick_cool_then_place_in_recep-Pan-None-CounterTop-7/trial_T20190909_072932_500452/game.tw-pddl:0,0,train:29:train/pick_cool_then_place_in_recep-Pan-None-CounterTop-7/trial_T20190909_072932_500452/game.tw-pddl:0,17,30,True,456
Adaptive v1,29,train:29:train/pick_heat_then_place_in_recep-Egg-None-SideTable-21/trial_T20190907_045010_383014/game.tw-pddl:0,0,train:29:train/pick_heat_then_place_in_recep-Egg-None-SideTable-21/trial_T20190907_045010_383014/game.tw-pddl:0,11,11,False,457
Adaptive v1,29,train:29:train/pick_heat_then_place_in_recep-Plate-None-CounterTop-1/trial_T20190909_115728_885311/game.tw-pddl:0,0,train:29:train/pick_heat_then_place_in_recep-Plate-None-CounterTop-1/trial_T20190909_115728_885311/game.tw-pddl:0,14,30,True,458
Adaptive v1,29,train:29:train/pick_two_obj_and_place-CD-None-Desk-328/trial_T20190919_024512_841562/game.tw-pddl:0,0,train:29:train/pick_two_obj_and_place-CD-None-Desk-328/trial_T20190919_024512_841562/game.tw-pddl:0,21,21,False,459
Adaptive v1,29,train:29:train/pick_two_obj_and_place-CreditCard-None-ArmChair-209/trial_T20190909_024857_897773/game.tw-pddl:0,0,train:29:train/pick_two_obj_and_place-CreditCard-None-ArmChair-209/trial_T20190909_024857_897773/game.tw-pddl:0,23,30,True,460
Adaptive v1,29,train:29:train/pick_two_obj_and_place-KeyChain-None-ArmChair-222/trial_T20190909_100312_677332/game.tw-pddl:0,0,train:29:train/pick_two_obj_and_place-KeyChain-None-ArmChair-222/trial_T20190909_100312_677332/game.tw-pddl:0,22,30,True,461
Adaptive v1,29,train:29:train/pick_two_obj_and_place-SoapBottle-None-CounterTop-412/trial_T20190908_050022_922159/game.tw-pddl:0,0,train:29:train/pick_two_obj_and_place-SoapBottle-None-CounterTop-412/trial_T20190908_050022_922159/game.tw-pddl:0,21,30,True,462
Adaptive v1,29,train:29:train/pick_two_obj_and_place-SprayBottle-None-Cabinet-407/trial_T20190907_144653_660815/game.tw-pddl:0,0,train:29:train/pick_two_obj_and_place-SprayBottle-None-Cabinet-407/trial_T20190907_144653_660815/game.tw-pddl:0,21,30,True,463
Adaptive v1,29,train:29:train/pick_two_obj_and_place-ToiletPaper-None-Toilet-413/trial_T20190908_032050_015672/game.tw-pddl:0,0,train:29:train/pick_two_obj_and_place-ToiletPaper-None-Toilet-413/trial_T20190908_032050_015672/game.tw-pddl:0,21,30,True,464
Adaptive v1,30,train:30:train/look_at_obj_in_light-AlarmClock-None-DeskLamp-305/trial_T20190908_120957_213796/game.tw-pddl:0,0,train:30:train/look_at_obj_in_light-AlarmClock-None-DeskLamp-305/trial_T20190908_120957_213796/game.tw-pddl:0,23,30,True,465
Adaptive v1,30,train:30:train/look_at_obj_in_light-Newspaper-None-DeskLamp-218/trial_T20190909_045143_247281/game.tw-pddl:0,0,train:30:train/look_at_obj_in_light-Newspaper-None-DeskLamp-218/trial_T20190909_045143_247281/game.tw-pddl:0,6,6,False,466
Adaptive v1,30,train:30:train/look_at_obj_in_light-Pencil-None-DeskLamp-303/trial_T20190909_064607_933278/game.tw-pddl:0,0,train:30:train/look_at_obj_in_light-Pencil-None-DeskLamp-303/trial_T20190909_064607_933278/game.tw-pddl:0,19,30,True,467
Adaptive v1,30,train:30:train/pick_and_place_simple-Bowl-None-CoffeeTable-201/trial_T20190907_171756_784651/game.tw-pddl:0,0,train:30:train/pick_and_place_simple-Bowl-None-CoffeeTable-201/trial_T20190907_171756_784651/game.tw-pddl:0,25,30,True,468
Adaptive v1,30,train:30:train/pick_and_place_simple-CellPhone-None-SideTable-317/trial_T20190909_234652_764208/game.tw-pddl:0,0,train:30:train/pick_and_place_simple-CellPhone-None-SideTable-317/trial_T20190909_234652_764208/game.tw-pddl:0,7,7,False,469
Adaptive v1,30,train:30:train/pick_and_place_simple-ToiletPaper-None-ToiletPaperHanger-407/trial_T20190909_081752_122600/game.tw-pddl:0,0,train:30:train/pick_and_place_simple-ToiletPaper-None-ToiletPaperHanger-407/trial_T20190909_081752_122600/game.tw-pddl:0,6,6,False,470
Adaptive v1,30,train:30:train/pick_and_place_simple-Vase-None-CoffeeTable-206/trial_T20190909_055405_757562/game.tw-pddl:0,0,train:30:train/pick_and_place_simple-Vase-None-CoffeeTable-206/trial_T20190909_055405_757562/game.tw-pddl:0,21,30,True,471
Adaptive v1,30,train:30:train/pick_clean_then_place_in_recep-Bowl-None-Fridge-4/trial_T20190909_023801_140154/game.tw-pddl:0,0,train:30:train/pick_clean_then_place_in_recep-Bowl-None-Fridge-4/trial_T20190909_023801_140154/game.tw-pddl:0,20,30,True,472
Adaptive v1,30,train:30:train/pick_clean_then_place_in_recep-Knife-None-DiningTable-15/trial_T20190908_162517_931841/game.tw-pddl:0,0,train:30:train/pick_clean_then_place_in_recep-Knife-None-DiningTable-15/trial_T20190908_162517_931841/game.tw-pddl:0,9,30,True,473
Adaptive v1,30,train:30:train/pick_cool_then_place_in_recep-Bowl-None-CounterTop-13/trial_T20190909_060947_567458/game.tw-pddl:0,0,train:30:train/pick_cool_then_place_in_recep-Bowl-None-CounterTop-13/trial_T20190909_060947_567458/game.tw-pddl:0,11,30,True,474
Adaptive v1,30,train:30:train/pick_cool_then_place_in_recep-Tomato-None-Microwave-5/trial_T20190908_132410_284943/game.tw-pddl:0,0,train:30:train/pick_cool_then_place_in_recep-Tomato-None-Microwave-5/trial_T20190908_132410_284943/game.tw-pddl:0,14,30,True,475
Adaptive v1,30,train:30:train/pick_heat_then_place_in_recep-Plate-None-CounterTop-13/trial_T20190909_100939_867117/game.tw-pddl:0,0,train:30:train/pick_heat_then_place_in_recep-Plate-None-CounterTop-13/trial_T20190909_100939_867117/game.tw-pddl:0,12,30,True,476
Adaptive v1,30,train:30:train/pick_heat_then_place_in_recep-Plate-None-DiningTable-28/trial_T20190908_001313_828023/game.tw-pddl:0,0,train:30:train/pick_heat_then_place_in_recep-Plate-None-DiningTable-28/trial_T20190908_001313_828023/game.tw-pddl:0,16,30,True,477
Adaptive v1,30,train:30:train/pick_two_obj_and_place-KeyChain-None-ArmChair-217/trial_T20190906_213125_603187/game.tw-pddl:0,0,train:30:train/pick_two_obj_and_place-KeyChain-None-ArmChair-217/trial_T20190906_213125_603187/game.tw-pddl:0,22,30,True,478
Adaptive v1,30,train:30:train/pick_two_obj_and_place-RemoteControl-None-ArmChair-224/trial_T20190908_141045_787069/game.tw-pddl:0,0,train:30:train/pick_two_obj_and_place-RemoteControl-None-ArmChair-224/trial_T20190908_141045_787069/game.tw-pddl:0,17,30,True,479
Adaptive v1,30,train:30:train/pick_two_obj_and_place-SoapBottle-None-GarbageCan-416/trial_T20190909_003119_083823/game.tw-pddl:0,0,train:30:train/pick_two_obj_and_place-SoapBottle-None-GarbageCan-416/trial_T20190909_003119_083823/game.tw-pddl:0,10,10,False,480
Adaptive v1,31,train:31:train/look_at_obj_in_light-AlarmClock-None-DeskLamp-328/trial_T20190908_175801_507648/game.tw-pddl:0,0,train:31:train/look_at_obj_in_light-AlarmClock-None-DeskLamp-328/trial_T20190908_175801_507648/game.tw-pddl:0,3,3,False,481
Adaptive v1,31,train:31:train/look_at_obj_in_light-KeyChain-None-DeskLamp-327/trial_T20190906_202513_646704/game.tw-pddl:0,0,train:31:train/look_at_obj_in_light-KeyChain-None-DeskLamp-327/trial_T20190906_202513_646704/game.tw-pddl:0,17,17,False,482
Adaptive v1,31,train:31:train/pick_and_place_simple-CellPhone-None-Dresser-317/trial_T20190908_033503_132415/game.tw-pddl:0,0,train:31:train/pick_and_place_simple-CellPhone-None-Dresser-317/trial_T20190908_033503_132415/game.tw-pddl:0,22,30,True,483
Adaptive v1,31,train:31:train/pick_and_place_simple-Glassbottle-None-Fridge-16/trial_T20190908_045957_988347/game.tw-pddl:0,0,train:31:train/pick_and_place_simple-Glassbottle-None-Fridge-16/trial_T20190908_045957_988347/game.tw-pddl:0,11,30,True,484
Adaptive v1,31,train:31:train/pick_and_place_simple-HandTowel-None-Cabinet-414/trial_T20190908_121352_440024/game.tw-pddl:0,0,train:31:train/pick_and_place_simple-HandTowel-None-Cabinet-414/trial_T20190908_121352_440024/game.tw-pddl:0,7,30,True,485
Adaptive v1,31,train:31:train/pick_clean_then_place_in_recep-Pan-None-StoveBurner-2/trial_T20190909_041225_296350/game.tw-pddl:0,0,train:31:train/pick_clean_then_place_in_recep-Pan-None-StoveBurner-2/trial_T20190909_041225_296350/game.tw-pddl:0,16,30,True,486
Adaptive v1,31,train:31:train/pick_cool_then_place_in_recep-Apple-None-CounterTop-27/trial_T20190909_083822_290392/game.tw-pddl:0,0,train:31:train/pick_cool_then_place_in_recep-Apple-None-CounterTop-27/trial_T20190909_083822_290392/game.tw-pddl:0,16,30,True,487
Adaptive v1,31,train:31:train/pick_cool_then_place_in_recep-Apple-None-GarbageCan-17/trial_T20190908_234317_973748/game.tw-pddl:0,0,train:31:train/pick_cool_then_place_in_recep-Apple-None-GarbageCan-17/trial_T20190908_234317_973748/game.tw-pddl:0,13,30,True,488
Adaptive v1,31,train:31:train/pick_cool_then_place_in_recep-Tomato-None-DiningTable-11/trial_T20190908_215939_610532/game.tw-pddl:0,0,train:31:train/pick_cool_then_place_in_recep-Tomato-None-DiningTable-11/trial_T20190908_215939_610532/game.tw-pddl:0,10,30,True,489
Adaptive v1,31,train:31:train/pick_cool_then_place_in_recep-WineBottle-None-Cabinet-16/trial_T20190907_084028_991219/game.tw-pddl:0,0,train:31:train/pick_cool_then_place_in_recep-WineBottle-None-Cabinet-16/trial_T20190907_084028_991219/game.tw-pddl:0,11,30,True,490
Adaptive v1,31,train:31:train/pick_heat_then_place_in_recep-Apple-None-Fridge-12/trial_T20190909_151720_898440/game.tw-pddl:0,0,train:31:train/pick_heat_then_place_in_recep-Apple-None-Fridge-12/trial_T20190909_151720_898440/game.tw-pddl:0,10,10,False,491
Adaptive v1,31,train:31:train/pick_heat_then_place_in_recep-Cup-None-CounterTop-17/trial_T20190908_131013_005229/game.tw-pddl:0,0,train:31:train/pick_heat_then_place_in_recep-Cup-None-CounterTop-17/trial_T20190908_131013_005229/game.tw-pddl:0,15,30,True,492
Adaptive v1,31,train:31:train/pick_two_obj_and_place-CD-None-GarbageCan-321/trial_T20190908_132548_772538/game.tw-pddl:0,0,train:31:train/pick_two_obj_and_place-CD-None-GarbageCan-321/trial_T20190908_132548_772538/game.tw-pddl:0,27,30,True,493
Adaptive v1,31,train:31:train/pick_two_obj_and_place-CellPhone-None-Bed-322/trial_T20190906_181156_010327/game.tw-pddl:0,0,train:31:train/pick_two_obj_and_place-CellPhone-None-Bed-322/trial_T20190906_181156_010327/game.tw-pddl:0,23,30,True,494
Adaptive v1,31,train:31:train/pick_two_obj_and_place-Plate-None-CoffeeTable-201/trial_T20190907_170504_777989/game.tw-pddl:0,0,train:31:train/pick_two_obj_and_place-Plate-None-CoffeeTable-201/trial_T20190907_170504_777989/game.tw-pddl:0,20,30,True,495
Adaptive v1,31,train:31:train/pick_two_obj_and_place-SoapBottle-None-CounterTop-411/trial_T20190907_111008_609321/game.tw-pddl:0,0,train:31:train/pick_two_obj_and_place-SoapBottle-None-CounterTop-411/trial_T20190907_111008_609321/game.tw-pddl:0,21,30,True,496
Adaptive v1,32,train:32:train/look_at_obj_in_light-Laptop-None-DeskLamp-323/trial_T20190908_014226_839563/game.tw-pddl:0,0,train:32:train/look_at_obj_in_light-Laptop-None-DeskLamp-323/trial_T20190908_014226_839563/game.tw-pddl:0,20,30,True,497
Adaptive v1,32,train:32:train/look_at_obj_in_light-Mug-None-DeskLamp-323/trial_T20190907_041056_308386/game.tw-pddl:0,0,train:32:train/look_at_obj_in_light-Mug-None-DeskLamp-323/trial_T20190907_041056_308386/game.tw-pddl:0,3,3,False,498
Adaptive v1,32,train:32:train/pick_and_place_simple-CD-None-Safe-323/trial_T20190907_211140_841572/game.tw-pddl:0,0,train:32:train/pick_and_place_simple-CD-None-Safe-323/trial_T20190907_211140_841572/game.tw-pddl:0,22,30,True,499
Adaptive v1,32,train:32:train/pick_and_place_simple-HandTowel-None-Toilet-428/trial_T20190908_064234_237470/game.tw-pddl:0,0,train:32:train/pick_and_place_simple-HandTowel-None-Toilet-428/trial_T20190908_064234_237470/game.tw-pddl:0,5,30,True,500
Adaptive v1,32,train:32:train/pick_and_place_simple-SaltShaker-None-DiningTable-26/trial_T20190907_113833_592985/game.tw-pddl:0,0,train:32:train/pick_and_place_simple-SaltShaker-None-DiningTable-26/trial_T20190907_113833_592985/game.tw-pddl:0,4,4,False,501
Adaptive v1,32,train:32:train/pick_and_place_simple-Statue-None-CoffeeTable-201/trial_T20190908_124709_477856/game.tw-pddl:0,0,train:32:train/pick_and_place_simple-Statue-None-CoffeeTable-201/trial_T20190908_124709_477856/game.tw-pddl:0,5,5,False,502
Adaptive v1,32,train:32:train/pick_and_place_simple-ToiletPaper-None-ToiletPaperHanger-401/trial_T20190908_215223_949164/game.tw-pddl:0,0,train:32:train/pick_and_place_simple-ToiletPaper-None-ToiletPaperHanger-401/trial_T20190908_215223_949164/game.tw-pddl:0,7,9,False,503
Adaptive v1,32,train:32:train/pick_clean_then_place_in_recep-DishSponge-None-Toilet-427/trial_T20190908_234137_732626/game.tw-pddl:0,0,train:32:train/pick_clean_then_place_in_recep-DishSponge-None-Toilet-427/trial_T20190908_234137_732626/game.tw-pddl:0,20,30,True,504
Adaptive v1,32,train:32:train/pick_clean_then_place_in_recep-Lettuce-None-Fridge-19/trial_T20190908_100102_253901/game.tw-pddl:0,0,train:32:train/pick_clean_then_place_in_recep-Lettuce-None-Fridge-19/trial_T20190908_100102_253901/game.tw-pddl:0,8,8,False,505
Adaptive v1,32,train:32:train/pick_clean_then_place_in_recep-Mug-None-CoffeeMachine-11/trial_T20190909_100546_787983/game.tw-pddl:0,0,train:32:train/pick_clean_then_place_in_recep-Mug-None-CoffeeMachine-11/trial_T20190909_100546_787983/game.tw-pddl:0,16,30,True,506
Adaptive v1,32,train:32:train/pick_clean_then_place_in_recep-Pan-None-Cabinet-1/trial_T20190908_164919_829933/game.tw-pddl:0,0,train:32:train/pick_clean_then_place_in_recep-Pan-None-Cabinet-1/trial_T20190908_164919_829933/game.tw-pddl:0,17,30,True,507
Adaptive v1,32,train:32:train/pick_heat_then_place_in_recep-Apple-None-DiningTable-24/trial_T20190908_233503_110426/game.tw-pddl:0,0,train:32:train/pick_heat_then_place_in_recep-Apple-None-DiningTable-24/trial_T20190908_233503_110426/game.tw-pddl:0,15,30,True,508
Adaptive v1,32,train:32:train/pick_heat_then_place_in_recep-Mug-None-CoffeeMachine-23/trial_T20190906_194049_566589/game.tw-pddl:0,0,train:32:train/pick_heat_then_place_in_recep-Mug-None-CoffeeMachine-23/trial_T20190906_194049_566589/game.tw-pddl:0,10,30,True,509
Adaptive v1,32,train:32:train/pick_heat_then_place_in_recep-Tomato-None-SideTable-21/trial_T20190909_012146_287700/game.tw-pddl:0,0,train:32:train/pick_heat_then_place_in_recep-Tomato-None-SideTable-21/trial_T20190909_012146_287700/game.tw-pddl:0,9,9,False,510
Adaptive v1,32,train:32:train/pick_two_obj_and_place-Book-None-Dresser-324/trial_T20190908_085245_031882/game.tw-pddl:0,0,train:32:train/pick_two_obj_and_place-Book-None-Dresser-324/trial_T20190908_085245_031882/game.tw-pddl:0,21,30,True,511
Adaptive v1,32,train:32:train/pick_two_obj_and_place-PepperShaker-None-Shelf-20/trial_T20190918_185821_186807/game.tw-pddl:0,0,train:32:train/pick_two_obj_and_place-PepperShaker-None-Shelf-20/trial_T20190918_185821_186807/game.tw-pddl:0,17,30,True,512
Adaptive v1,33,train:33:train/look_at_obj_in_light-CD-None-DeskLamp-304/trial_T20190907_185649_782438/game.tw-pddl:0,0,train:33:train/look_at_obj_in_light-CD-None-DeskLamp-304/trial_T20190907_185649_782438/game.tw-pddl:0,19,30,True,513
Adaptive v1,33,train:33:train/pick_and_place_simple-Candle-None-Cabinet-418/trial_T20190907_190352_967068/game.tw-pddl:0,0,train:33:train/pick_and_place_simple-Candle-None-Cabinet-418/trial_T20190907_190352_967068/game.tw-pddl:0,16,30,True,514
Adaptive v1,33,train:33:train/pick_and_place_simple-KeyChain-None-ArmChair-322/trial_T20190908_223353_762783/game.tw-pddl:0,0,train:33:train/pick_and_place_simple-KeyChain-None-ArmChair-322/trial_T20190908_223353_762783/game.tw-pddl:0,23,30,True,515
Adaptive v1,33,train:33:train/pick_and_place_simple-KeyChain-None-Dresser-217/trial_T20190910_203234_912024/game.tw-pddl:0,0,train:33:train/pick_and_place_simple-KeyChain-None-Dresser-217/trial_T20190910_203234_912024/game.tw-pddl:0,9,30,True,516
Adaptive v1,33,train:33:train/pick_and_place_simple-Newspaper-None-ArmChair-212/trial_T20190907_222259_937961/game.tw-pddl:0,0,train:33:train/pick_and_place_simple-Newspaper-None-ArmChair-212/trial_T20190907_222259_937961/game.tw-pddl:0,7,7,False,517
Adaptive v1,33,train:33:train/pick_and_place_simple-Newspaper-None-Ottoman-210/trial_T20190907_144826_184935/game.tw-pddl:0,0,train:33:train/pick_and_place_simple-Newspaper-None-Ottoman-210/trial_T20190907_144826_184935/game.tw-pddl:0,16,16,False,518
Adaptive v1,33,train:33:train/pick_and_place_simple-ToiletPaper-None-Toilet-419/trial_T20190908_002414_710612/game.tw-pddl:0,0,train:33:train/pick_and_place_simple-ToiletPaper-None-Toilet-419/trial_T20190908_002414_710612/game.tw-pddl:0,4,4,False,519
Adaptive v1,33,train:33:train/pick_clean_then_place_in_recep-Knife-None-CounterTop-14/trial_T20190909_153852_386039/game.tw-pddl:0,0,train:33:train/pick_clean_then_place_in_recep-Knife-None-CounterTop-14/trial_T20190909_153852_386039/game.tw-pddl:0,18,30,True,520
Adaptive v1,33,train:33:train/pick_clean_then_place_in_recep-Potato-None-GarbageCan-19/trial_T20190908_073836_889531/game.tw-pddl:0,0,train:33:train/pick_clean_then_place_in_recep-Potato-None-GarbageCan-19/trial_T20190908_073836_889531/game.tw-pddl:0,7,7,False,521
Adaptive v1,33,train:33:train/pick_clean_then_place_in_recep-Spatula-None-DiningTable-4/trial_T20190909_002645_047114/game.tw-pddl:0,0,train:33:train/pick_clean_then_place_in_recep-Spatula-None-DiningTable-4/trial_T20190909_002645_047114/game.tw-pddl:0,17,30,True,522
Adaptive v1,33,train:33:train/pick_clean_then_place_in_recep-Spatula-None-Drawer-22/trial_T20190907_145044_664638/game.tw-pddl:0,0,train:33:train/pick_clean_then_place_in_recep-Spatula-None-Drawer-22/trial_T20190907_145044_664638/game.tw-pddl:0,15,30,True,523
Adaptive v1,33,train:33:train/pick_two_obj_and_place-Egg-None-Microwave-30/trial_T20190907_163511_185881/game.tw-pddl:0,0,train:33:train/pick_two_obj_and_place-Egg-None-Microwave-30/trial_T20190907_163511_185881/game.tw-pddl:0,11,30,True,524
Adaptive v1,33,train:33:train/pick_two_obj_and_place-Pen-None-Dresser-318/trial_T20190908_063003_015125/game.tw-pddl:0,0,train:33:train/pick_two_obj_and_place-Pen-None-Dresser-318/trial_T20190908_063003_015125/game.tw-pddl:0,9,9,False,525
Adaptive v1,33,train:33:train/pick_two_obj_and_place-Spoon-None-CounterTop-23/trial_T20190908_065130_439401/game.tw-pddl:0,0,train:33:train/pick_two_obj_and_place-Spoon-None-CounterTop-23/trial_T20190908_065130_439401/game.tw-pddl:0,16,30,True,526
Adaptive v1,33,train:33:train/pick_two_obj_and_place-Vase-None-CoffeeTable-227/trial_T20190909_034134_166906/game.tw-pddl:0,0,train:33:train/pick_two_obj_and_place-Vase-None-CoffeeTable-227/trial_T20190909_034134_166906/game.tw-pddl:0,16,30,True,527
Adaptive v1,33,train:33:train/pick_two_obj_and_place-WateringCan-None-Shelf-214/trial_T20190907_031049_207882/game.tw-pddl:0,0,train:33:train/pick_two_obj_and_place-WateringCan-None-Shelf-214/trial_T20190907_031049_207882/game.tw-pddl:0,23,30,True,528
Adaptive v1,34,train:34:train/look_at_obj_in_light-Box-None-DeskLamp-225/trial_T20190908_140234_782899/game.tw-pddl:0,0,train:34:train/look_at_obj_in_light-Box-None-DeskLamp-225/trial_T20190908_140234_782899/game.tw-pddl:0,4,30,True,529
Adaptive v1,34,train:34:train/look_at_obj_in_light-Laptop-None-DeskLamp-309/trial_T20190907_185744_816357/game.tw-pddl:0,0,train:34:train/look_at_obj_in_light-Laptop-None-DeskLamp-309/trial_T20190907_185744_816357/game.tw-pddl:0,6,30,True,530
Adaptive v1,34,train:34:train/pick_and_place_simple-PepperShaker-None-CounterTop-27/trial_T20190909_010836_535047/game.tw-pddl:0,0,train:34:train/pick_and_place_simple-PepperShaker-None-CounterTop-27/trial_T20190909_010836_535047/game.tw-pddl:0,17,30,True,531
Adaptive v1,34,train:34:train/pick_and_place_simple-Pillow-None-Sofa-209/trial_T20190907_101338_670866/game.tw-pddl:0,0,train:34:train/pick_and_place_simple-Pillow-None-Sofa-209/trial_T20190907_101338_670866/game.tw-pddl:0,10,10,False,532
Adaptive v1,34,train:34:train/pick_and_place_simple-SoapBottle-None-Toilet-413/trial_T20190909_042928_067491/game.tw-pddl:0,0,train:34:train/pick_and_place_simple-SoapBottle-None-Toilet-413/trial_T20190909_042928_067491/game.tw-pddl:0,5,5,False,533
Adaptive v1,34,train:34:train/pick_and_place_simple-SoapBottle-None-Toilet-426/trial_T20190906_180937_392476/game.tw-pddl:0,0,train:34:train/pick_and_place_simple-SoapBottle-None-Toilet-426/trial_T20190906_180937_392476/game.tw-pddl:0,10,10,False,534
Adaptive v1,34,train:34:train/pick_and_place_simple-SprayBottle-None-GarbageCan-409/trial_T20190908_054753_554778/game.tw-pddl:0,0,train:34:train/pick_and_place_simple-SprayBottle-None-GarbageCan-409/trial_T20190908_054753_554778/game.tw-pddl:0,19,19,False,535
Adaptive v1,34,train:34:train/pick_clean_then_place_in_recep-Bowl-None-Microwave-30/trial_T20190907_063358_779511/game.tw-pddl:0,0,train:34:train/pick_clean_then_place_in_recep-Bowl-None-Microwave-30/trial_T20190907_063358_779511/game.tw-pddl:0,11,30,True,536
Adaptive v1,34,train:34:train/pick_clean_then_place_in_recep-DishSponge-None-Drawer-427/trial_T20190909_001329_772865/game.tw-pddl:0,0,train:34:train/pick_clean_then_place_in_recep-DishSponge-None-Drawer-427/trial_T20190909_001329_772865/game.tw-pddl:0,8,30,True,537
Adaptive v1,34,train:34:train/pick_clean_then_place_in_recep-Kettle-None-StoveBurner-1/trial_T20190908_172317_474122/game.tw-pddl:0,0,train:34:train/pick_clean_then_place_in_recep-Kettle-None-StoveBurner-1/trial_T20190908_172317_474122/game.tw-pddl:0,14,30,True,538
Adaptive v1,34,train:34:train/pick_clean_then_place_in_recep-Lettuce-None-CounterTop-15/trial_T20190907_070133_566817/game.tw-pddl:0,0,train:34:train/pick_clean_then_place_in_recep-Lettuce-None-CounterTop-15/trial_T20190907_070133_566817/game.tw-pddl:0,6,6,False,539
Adaptive v1,34,train:34:train/pick_clean_then_place_in_recep-SoapBar-None-GarbageCan-403/trial_T20190909_080111_999655/game.tw-pddl:0,0,train:34:train/pick_clean_then_place_in_recep-SoapBar-None-GarbageCan-403/trial_T20190909_080111_999655/game.tw-pddl:0,22,30,True,540
Adaptive v1,34,train:34:train/pick_cool_then_place_in_recep-Cup-None-Cabinet-23/trial_T20190908_213412_568864/game.tw-pddl:0,0,train:34:train/pick_cool_then_place_in_recep-Cup-None-Cabinet-23/trial_T20190908_213412_568864/game.tw-pddl:0,17,30,True,541
Adaptive v1,34,train:34:train/pick_cool_then_place_in_recep-Egg-None-GarbageCan-13/trial_T20190906_191037_289101/game.tw-pddl:0,0,train:34:train/pick_cool_then_place_in_recep-Egg-None-GarbageCan-13/trial_T20190906_191037_289101/game.tw-pddl:0,12,30,True,542
Adaptive v1,34,train:34:train/pick_heat_then_place_in_recep-Tomato-None-DiningTable-24/trial_T20190907_072944_373627/game.tw-pddl:0,0,train:34:train/pick_heat_then_place_in_recep-Tomato-None-DiningTable-24/trial_T20190907_072944_373627/game.tw-pddl:0,7,7,False,543
Adaptive v1,34,train:34:train/pick_two_obj_and_place-ToiletPaper-None-Cabinet-414/trial_T20190909_090552_106177/game.tw-pddl:0,0,train:34:train/pick_two_obj_and_place-ToiletPaper-None-Cabinet-414/trial_T20190909_090552_106177/game.tw-pddl:0,21,30,True,544
Adaptive v1,35,train:35:train/look_at_obj_in_light-CD-None-DeskLamp-317/trial_T20190908_032827_984500/game.tw-pddl:0,0,train:35:train/look_at_obj_in_light-CD-None-DeskLamp-317/trial_T20190908_032827_984500/game.tw-pddl:0,6,6,False,545
Adaptive v1,35,train:35:train/look_at_obj_in_light-Laptop-None-DeskLamp-306/trial_T20190908_105734_354331/game.tw-pddl:0,0,train:35:train/look_at_obj_in_light-Laptop-None-DeskLamp-306/trial_T20190908_105734_354331/game.tw-pddl:0,6,30,True,546
Adaptive v1,35,train:35:train/pick_and_place_simple-Candle-None-Cabinet-418/trial_T20190908_060717_673544/game.tw-pddl:0,0,train:35:train/pick_and_place_simple-Candle-None-Cabinet-418/trial_T20190908_060717_673544/game.tw-pddl:0,10,10,False,547
Adaptive v1,35,train:35:train/pick_and_place_simple-Tomato-None-Microwave-8/trial_T20190907_205050_993517/game.tw-pddl:0,0,train:35:train/pick_and_place_simple-Tomato-None-Microwave-8/trial_T20190907_205050_993517/game.tw-pddl:0,6,6,False,548
Adaptive v1,35,train:35:train/pick_clean_then_place_in_recep-Bowl-None-Microwave-30/trial_T20190907_063923_549457/game.tw-pddl:0,0,train:35:train/pick_clean_then_place_in_recep-Bowl-None-Microwave-30/trial_T20190907_063923_549457/game.tw-pddl:0,12,30,True,549
Adaptive v1,35,train:35:train/pick_clean_then_place_in_recep-Kettle-None-StoveBurner-30/trial_T20190906_200422_424090/game.tw-pddl:0,0,train:35:train/pick_clean_then_place_in_recep-Kettle-None-StoveBurner-30/trial_T20190906_200422_424090/game.tw-pddl:0,12,30,True,550
Adaptive v1,35,train:35:train/pick_clean_then_place_in_recep-Lettuce-None-CounterTop-30/trial_T20190909_033139_582791/game.tw-pddl:0,0,train:35:train/pick_clean_then_place_in_recep-Lettuce-None-CounterTop-30/trial_T20190909_033139_582791/game.tw-pddl:0,11,30,True,551
Adaptive v1,35,train:35:train/pick_clean_then_place_in_recep-SoapBar-None-GarbageCan-408/trial_T20190908_045045_294517/game.tw-pddl:0,0,train:35:train/pick_clean_then_place_in_recep-SoapBar-None-GarbageCan-408/trial_T20190908_045045_294517/game.tw-pddl:0,22,30,True,552
Adaptive v1,35,train:35:train/pick_cool_then_place_in_recep-Pan-None-StoveBurner-1/trial_T20190907_183945_275312/game.tw-pddl:0,0,train:35:train/pick_cool_then_place_in_recep-Pan-None-StoveBurner-1/trial_T20190907_183945_275312/game.tw-pddl:0,6,6,False,553
Adaptive v1,35,train:35:train/pick_heat_then_place_in_recep-Cup-None-Cabinet-8/trial_T20190909_154239_647826/game.tw-pddl:0,0,train:35:train/pick_heat_then_place_in_recep-Cup-None-Cabinet-8/trial_T20190909_154239_647826/game.tw-pddl:0,13,30,True,554
Adaptive v1,35,train:35:train/pick_heat_then_place_in_recep-Potato-None-CounterTop-15/trial_T20190908_231554_091340/game.tw-pddl:0,0,train:35:train/pick_heat_then_place_in_recep-Potato-None-CounterTop-15/trial_T20190908_231554_091340/game.tw-pddl:0,17,30,True,555
Adaptive v1,35,train:35:train/pick_two_obj_and_place-Book-None-DiningTable-329/trial_T20190909_062819_013401/game.tw-pddl:0,0,train:35:train/pick_two_obj_and_place-Book-None-DiningTable-329/trial_T20190909_062819_013401/game.tw-pddl:0,23,30,True,556
Adaptive v1,35,train:35:train/pick_two_obj_and_place-Newspaper-None-ArmChair-216/trial_T20190907_074113_192109/game.tw-pddl:0,0,train:35:train/pick_two_obj_and_place-Newspaper-None-ArmChair-216/trial_T20190907_074113_192109/game.tw-pddl:0,22,30,True,557
Adaptive v1,35,train:35:train/pick_two_obj_and_place-Potato-None-Fridge-25/trial_T20190908_225233_432920/game.tw-pddl:0,0,train:35:train/pick_two_obj_and_place-Potato-None-Fridge-25/trial_T20190908_225233_432920/game.tw-pddl:0,16,30,True,558
Adaptive v1,35,train:35:train/pick_two_obj_and_place-SoapBottle-None-Toilet-406/trial_T20190909_145737_829825/game.tw-pddl:0,0,train:35:train/pick_two_obj_and_place-SoapBottle-None-Toilet-406/trial_T20190909_145737_829825/game.tw-pddl:0,23,30,True,559
Adaptive v1,35,train:35:train/pick_two_obj_and_place-Statue-None-CoffeeTable-223/trial_T20190911_022826_125517/game.tw-pddl:0,0,train:35:train/pick_two_obj_and_place-Statue-None-CoffeeTable-223/trial_T20190911_022826_125517/game.tw-pddl:0,11,11,False,560
Adaptive v1,36,train:36:train/look_at_obj_in_light-Newspaper-None-DeskLamp-224/trial_T20190909_091628_986448/game.tw-pddl:0,0,train:36:train/look_at_obj_in_light-Newspaper-None-DeskLamp-224/trial_T20190909_091628_986448/game.tw-pddl:0,17,30,True,561
Adaptive v1,36,train:36:train/pick_and_place_simple-Candle-None-Toilet-409/trial_T20190908_142251_407168/game.tw-pddl:0,0,train:36:train/pick_and_place_simple-Candle-None-Toilet-409/trial_T20190908_142251_407168/game.tw-pddl:0,4,4,False,562
Adaptive v1,36,train:36:train/pick_and_place_simple-Pencil-None-GarbageCan-316/trial_T20190907_165839_449092/game.tw-pddl:0,0,train:36:train/pick_and_place_simple-Pencil-None-GarbageCan-316/trial_T20190907_165839_449092/game.tw-pddl:0,4,4,False,563
Adaptive v1,36,train:36:train/pick_and_place_simple-ToiletPaper-None-ToiletPaperHanger-417/trial_T20190908_043859_833063/game.tw-pddl:0,0,train:36:train/pick_and_place_simple-ToiletPaper-None-ToiletPaperHanger-417/trial_T20190908_043859_833063/game.tw-pddl:0,18,18,False,564
Adaptive v1,36,train:36:train/pick_clean_then_place_in_recep-Ladle-None-DiningTable-27/trial_T20190909_100824_609831/game.tw-pddl:0,0,train:36:train/pick_clean_then_place_in_recep-Ladle-None-DiningTable-27/trial_T20190909_100824_609831/game.tw-pddl:0,15,30,True,565
Adaptive v1,36,train:36:train/pick_clean_then_place_in_recep-Potato-None-Microwave-6/trial_T20190907_182137_254302/game.tw-pddl:0,0,train:36:train/pick_clean_then_place_in_recep-Potato-None-Microwave-6/trial_T20190907_182137_254302/game.tw-pddl:0,15,30,True,566
Adaptive v1,36,train:36:train/pick_cool_then_place_in_recep-Apple-None-Microwave-22/trial_T20190908_000241_664330/game.tw-pddl:0,0,train:36:train/pick_cool_then_place_in_recep-Apple-None-Microwave-22/trial_T20190908_000241_664330/game.tw-pddl:0,15,30,True,567
Adaptive v1,36,train:36:train/pick_cool_then_place_in_recep-Apple-None-Microwave-6/trial_T20190908_113959_306338/game.tw-pddl:0,0,train:36:train/pick_cool_then_place_in_recep-Apple-None-Microwave-6/trial_T20190908_113959_306338/game.tw-pddl:0,17,30,True,568
Adaptive v1,36,train:36:train/pick_cool_then_place_in_recep-Apple-None-Microwave-6/trial_T20190908_114037_636483/game.tw-pddl:0,0,train:36:train/pick_cool_then_place_in_recep-Apple-None-Microwave-6/trial_T20190908_114037_636483/game.tw-pddl:0,15,30,True,569
Adaptive v1,36,train:36:train/pick_cool_then_place_in_recep-Pan-None-StoveBurner-20/trial_T20190907_014638_097425/game.tw-pddl:0,0,train:36:train/pick_cool_then_place_in_recep-Pan-None-StoveBurner-20/trial_T20190907_014638_097425/game.tw-pddl:0,14,30,True,570
Adaptive v1,36,train:36:train/pick_heat_then_place_in_recep-Cup-None-Cabinet-25/trial_T20190908_012834_411458/game.tw-pddl:0,0,train:36:train/pick_heat_then_place_in_recep-Cup-None-Cabinet-25/trial_T20190908_012834_411458/game.tw-pddl:0,16,30,True,571
Adaptive v1,36,train:36:train/pick_heat_then_place_in_recep-Egg-None-Fridge-19/trial_T20190908_130450_106025/game.tw-pddl:0,0,train:36:train/pick_heat_then_place_in_recep-Egg-None-Fridge-19/trial_T20190908_130450_106025/game.tw-pddl:0,15,30,True,572
Adaptive v1,36,train:36:train/pick_heat_then_place_in_recep-Egg-None-SideTable-3/trial_T20190906_204416_817121/game.tw-pddl:0,0,train:36:train/pick_heat_then_place_in_recep-Egg-None-SideTable-3/trial_T20190906_204416_817121/game.tw-pddl:0,9,9,False,573
Adaptive v1,36,train:36:train/pick_two_obj_and_place-CellPhone-None-Drawer-324/trial_T20190907_212128_687407/game.tw-pddl:0,0,train:36:train/pick_two_obj_and_place-CellPhone-None-Drawer-324/trial_T20190907_212128_687407/game.tw-pddl:0,20,30,True,574
Adaptive v1,36,train:36:train/pick_two_obj_and_place-CreditCard-None-Sofa-216/trial_T20190909_150017_974673/game.tw-pddl:0,0,train:36:train/pick_two_obj_and_place-CreditCard-None-Sofa-216/trial_T20190909_150017_974673/game.tw-pddl:0,20,20,False,575
Adaptive v1,36,train:36:train/pick_two_obj_and_place-Pencil-None-Drawer-312/trial_T20190908_014532_759040/game.tw-pddl:0,0,train:36:train/pick_two_obj_and_place-Pencil-None-Drawer-312/trial_T20190908_014532_759040/game.tw-pddl:0,8,30,True,576
Adaptive v1,37,train:37:train/look_at_obj_in_light-AlarmClock-None-DeskLamp-303/trial_T20190908_144933_600228/game.tw-pddl:0,0,train:37:train/look_at_obj_in_light-AlarmClock-None-DeskLamp-303/trial_T20190908_144933_600228/game.tw-pddl:0,10,30,True,577
Adaptive v1,37,train:37:train/look_at_obj_in_light-Statue-None-DeskLamp-319/trial_T20190907_035529_591053/game.tw-pddl:0,0,train:37:train/look_at_obj_in_light-Statue-None-DeskLamp-319/trial_T20190907_035529_591053/game.tw-pddl:0,19,30,True,578
Adaptive v1,37,train:37:train/pick_and_place_simple-CellPhone-None-Desk-316/trial_T20190911_210304_361742/game.tw-pddl:0,0,train:37:train/pick_and_place_simple-CellPhone-None-Desk-316/trial_T20190911_210304_361742/game.tw-pddl:0,4,4,False,579
Adaptive v1,37,train:37:train/pick_and_place_simple-Pillow-None-ArmChair-225/trial_T20190908_104554_100496/game.tw-pddl:0,0,train:37:train/pick_and_place_simple-Pillow-None-ArmChair-225/trial_T20190908_104554_100496/game.tw-pddl:0,12,12,False,580
Adaptive v1,37,train:37:train/pick_clean_then_place_in_recep-Egg-None-SideTable-21/trial_T20190908_033911_286565/game.tw-pddl:0,0,train:37:train/pick_clean_then_place_in_recep-Egg-None-SideTable-21/trial_T20190908_033911_286565/game.tw-pddl:0,19,30,True,581
Adaptive v1,37,train:37:train/pick_clean_then_place_in_recep-Kettle-None-StoveBurner-2/trial_T20190908_125614_245164/game.tw-pddl:0,0,train:37:train/pick_clean_then_place_in_recep-Kettle-None-StoveBurner-2/trial_T20190908_125614_245164/game.tw-pddl:0,14,30,True,582
Adaptive v1,37,train:37:train/pick_clean_then_place_in_recep-Mug-None-CoffeeMachine-6/trial_T20190909_113418_384092/game.tw-pddl:0,0,train:37:train/pick_clean_then_place_in_recep-Mug-None-CoffeeMachine-6/trial_T20190909_113418_384092/game.tw-pddl:0,15,30,True,583
Adaptive v1,37,train:37:train/pick_cool_then_place_in_recep-Apple-None-GarbageCan-2/trial_T20190906_195910_686523/game.tw-pddl:0,0,train:37:train/pick_cool_then_place_in_recep-Apple-None-GarbageCan-2/trial_T20190906_195910_686523/game.tw-pddl:0,15,30,True,584
Adaptive v1,37,train:37:train/pick_cool_then_place_in_recep-Pot-None-Cabinet-1/trial_T20190908_184232_754519/game.tw-pddl:0,0,train:37:train/pick_cool_then_place_in_recep-Pot-None-Cabinet-1/trial_T20190908_184232_754519/game.tw-pddl:0,16,30,True,585
Adaptive v1,37,train:37:train/pick_cool_then_place_in_recep-Potato-None-GarbageCan-18/trial_T20190909_044319_709757/game.tw-pddl:0,0,train:37:train/pick_cool_then_place_in_recep-Potato-None-GarbageCan-18/trial_T20190909_044319_709757/game.tw-pddl:0,8,8,False,586
Adaptive v1,37,train:37:train/pick_heat_then_place_in_recep-Mug-None-CoffeeMachine-26/trial_T20190907_113552_080857/game.tw-pddl:0,0,train:37:train/pick_heat_then_place_in_recep-Mug-None-CoffeeMachine-26/trial_T20190907_113552_080857/game.tw-pddl:0,17,30,True,587
Adaptive v1,37,train:37:train/pick_heat_then_place_in_recep-Tomato-None-Fridge-25/trial_T20190909_103009_910205/game.tw-pddl:0,0,train:37:train/pick_heat_then_place_in_recep-Tomato-None-Fridge-25/trial_T20190909_103009_910205/game.tw-pddl:0,17,30,True,588
Adaptive v1,37,train:37:train/pick_two_obj_and_place-AlarmClock-None-Desk-313/trial_T20190909_054541_175663/game.tw-pddl:0,0,train:37:train/pick_two_obj_and_place-AlarmClock-None-Desk-313/trial_T20190909_054541_175663/game.tw-pddl:0,8,8,False,589
Adaptive v1,37,train:37:train/pick_two_obj_and_place-Bread-None-Fridge-7/trial_T20190907_101146_455210/game.tw-pddl:0,0,train:37:train/pick_two_obj_and_place-Bread-None-Fridge-7/trial_T20190907_101146_455210/game.tw-pddl:0,17,30,True,590
Adaptive v1,37,train:37:train/pick_two_obj_and_place-CreditCard-None-ArmChair-221/trial_T20190907_161605_328211/game.tw-pddl:0,0,train:37:train/pick_two_obj_and_place-CreditCard-None-ArmChair-221/trial_T20190907_161605_328211/game.tw-pddl:0,24,30,True,591
Adaptive v1,37,train:37:train/pick_two_obj_and_place-Newspaper-None-ArmChair-222/trial_T20190907_044150_484638/game.tw-pddl:0,0,train:37:train/pick_two_obj_and_place-Newspaper-None-ArmChair-222/trial_T20190907_044150_484638/game.tw-pddl:0,21,30,True,592
Adaptive v1,38,train:38:train/pick_and_place_simple-CellPhone-None-Dresser-317/trial_T20190908_033450_287042/game.tw-pddl:0,0,train:38:train/pick_and_place_simple-CellPhone-None-Dresser-317/trial_T20190908_033450_287042/game.tw-pddl:0,22,30,True,593
Adaptive v1,38,train:38:train/pick_and_place_simple-Pencil-None-SideTable-309/trial_T20190909_064559_662348/game.tw-pddl:0,0,train:38:train/pick_and_place_simple-Pencil-None-SideTable-309/trial_T20190909_064559_662348/game.tw-pddl:0,4,4,False,594
Adaptive v1,38,train:38:train/pick_clean_then_place_in_recep-Cloth-None-Toilet-408/trial_T20190906_221206_329930/game.tw-pddl:0,0,train:38:train/pick_clean_then_place_in_recep-Cloth-None-Toilet-408/trial_T20190906_221206_329930/game.tw-pddl:0,21,30,True,595
Adaptive v1,38,train:38:train/pick_clean_then_place_in_recep-Cup-None-Microwave-14/trial_T20190907_120854_419532/game.tw-pddl:0,0,train:38:train/pick_clean_then_place_in_recep-Cup-None-Microwave-14/trial_T20190907_120854_419532/game.tw-pddl:0,21,30,True,596
Adaptive v1,38,train:38:train/pick_clean_then_place_in_recep-Egg-None-CounterTop-30/trial_T20190907_113341_603440/game.tw-pddl:0,0,train:38:train/pick_clean_then_place_in_recep-Egg-None-CounterTop-30/trial_T20190907_113341_603440/game.tw-pddl:0,12,30,True,597
Adaptive v1,38,train:38:train/pick_clean_then_place_in_recep-Kettle-None-DiningTable-7/trial_T20190907_144338_014196/game.tw-pddl:0,0,train:38:train/pick_clean_then_place_in_recep-Kettle-None-DiningTable-7/trial_T20190907_144338_014196/game.tw-pddl:0,15,30,True,598
Adaptive v1,38,train:38:train/pick_clean_then_place_in_recep-SoapBar-None-GarbageCan-426/trial_T20190908_060552_772210/game.tw-pddl:0,0,train:38:train/pick_clean_then_place_in_recep-SoapBar-None-GarbageCan-426/trial_T20190908_060552_772210/game.tw-pddl:0,22,30,True,599
Adaptive v1,38,train:38:train/pick_clean_then_place_in_recep-Spatula-None-CounterTop-30/trial_T20190909_050651_623153/game.tw-pddl:0,0,train:38:train/pick_clean_then_place_in_recep-Spatula-None-CounterTop-30/trial_T20190909_050651_623153/game.tw-pddl:0,12,30,True,600
Adaptive v1,38,train:38:train/pick_clean_then_place_in_recep-Tomato-None-CounterTop-14/trial_T20190909_012652_365290/game.tw-pddl:0,0,train:38:train/pick_clean_then_place_in_recep-Tomato-None-CounterTop-14/trial_T20190909_012652_365290/game.tw-pddl:0,7,7,False,601
Adaptive v1,38,train:38:train/pick_cool_then_place_in_recep-Pan-None-DiningTable-21/trial_T20190909_015141_172099/game.tw-pddl:0,0,train:38:train/pick_cool_then_place_in_recep-Pan-None-DiningTable-21/trial_T20190909_015141_172099/game.tw-pddl:0,10,30,True,602
Adaptive v1,38,train:38:train/pick_cool_then_place_in_recep-WineBottle-None-CounterTop-16/trial_T20190907_165538_792657/game.tw-pddl:0,0,train:38:train/pick_cool_then_place_in_recep-WineBottle-None-CounterTop-16/trial_T20190907_165538_792657/game.tw-pddl:0,12,30,True,603
Adaptive v1,38,train:38:train/pick_heat_then_place_in_recep-Tomato-None-Fridge-7/trial_T20190909_022716_437691/game.tw-pddl:0,0,train:38:train/pick_heat_then_place_in_recep-Tomato-None-Fridge-7/trial_T20190909_022716_437691/game.tw-pddl:0,7,30,True,604
Adaptive v1,38,train:38:train/pick_two_obj_and_place-Candle-None-CounterTop-406/trial_T20190908_045902_729862/game.tw-pddl:0,0,train:38:train/pick_two_obj_and_place-Candle-None-CounterTop-406/trial_T20190908_045902_729862/game.tw-pddl:0,14,14,False,605
Adaptive v1,38,train:38:train/pick_two_obj_and_place-CreditCard-None-ArmChair-222/trial_T20190908_042418_833206/game.tw-pddl:0,0,train:38:train/pick_two_obj_and_place-CreditCard-None-ArmChair-222/trial_T20190908_042418_833206/game.tw-pddl:0,21,30,True,606
Adaptive v1,38,train:38:train/pick_two_obj_and_place-KeyChain-None-Drawer-317/trial_T20190912_073129_052747/game.tw-pddl:0,0,train:38:train/pick_two_obj_and_place-KeyChain-None-Drawer-317/trial_T20190912_073129_052747/game.tw-pddl:0,22,30,True,607
Adaptive v1,38,train:38:train/pick_two_obj_and_place-PepperShaker-None-DiningTable-21/trial_T20190918_193649_729348/game.tw-pddl:0,0,train:38:train/pick_two_obj_and_place-PepperShaker-None-DiningTable-21/trial_T20190918_193649_729348/game.tw-pddl:0,10,30,True,608
Adaptive v1,39,train:39:train/look_at_obj_in_light-AlarmClock-None-DeskLamp-301/trial_T20190907_174142_375532/game.tw-pddl:0,0,train:39:train/look_at_obj_in_light-AlarmClock-None-DeskLamp-301/trial_T20190907_174142_375532/game.tw-pddl:0,18,30,True,609
Adaptive v1,39,train:39:train/pick_and_place_simple-Laptop-None-Ottoman-210/trial_T20190909_021528_920592/game.tw-pddl:0,0,train:39:train/pick_and_place_simple-Laptop-None-Ottoman-210/trial_T20190909_021528_920592/game.tw-pddl:0,22,30,True,610
Adaptive v1,39,train:39:train/pick_clean_then_place_in_recep-Cloth-None-Cabinet-405/trial_T20190907_080924_812825/game.tw-pddl:0,0,train:39:train/pick_clean_then_place_in_recep-Cloth-None-Cabinet-405/trial_T20190907_080924_812825/game.tw-pddl:0,7,7,False,611
Adaptive v1,39,train:39:train/pick_clean_then_place_in_recep-Cup-None-Microwave-6/trial_T20190909_033603_280835/game.tw-pddl:0,0,train:39:train/pick_clean_then_place_in_recep-Cup-None-Microwave-6/trial_T20190909_033603_280835/game.tw-pddl:0,15,30,True,612
Adaptive v1,39,train:39:train/pick_clean_then_place_in_recep-DishSponge-None-Cart-430/trial_T20190906_233436_645915/game.tw-pddl:0,0,train:39:train/pick_clean_then_place_in_recep-DishSponge-None-Cart-430/trial_T20190906_233436_645915/game.tw-pddl:0,24,30,True,613
Adaptive v1,39,train:39:train/pick_clean_then_place_in_recep-Kettle-None-Cabinet-3/trial_T20190909_151519_764841/game.tw-pddl:0,0,train:39:train/pick_clean_then_place_in_recep-Kettle-None-Cabinet-3/trial_T20190909_151519_764841/game.tw-pddl:0,8,8,False,614
Adaptive v1,39,train:39:train/pick_clean_then_place_in_recep-SoapBar-None-Toilet-427/trial_T20190906_184421_434111/game.tw-pddl:0,0,train:39:train/pick_clean_then_place_in_recep-SoapBar-None-Toilet-427/trial_T20190906_184421_434111/game.tw-pddl:0,20,30,True,615
Adaptive v1,39,train:39:train/pick_cool_then_place_in_recep-Tomato-None-Microwave-13/trial_T20190908_075444_186083/game.tw-pddl:0,0,train:39:train/pick_cool_then_place_in_recep-Tomato-None-Microwave-13/trial_T20190908_075444_186083/game.tw-pddl:0,11,30,True,616
Adaptive v1,39,train:39:train/pick_heat_then_place_in_recep-Apple-None-SideTable-3/trial_T20190907_164050_859748/game.tw-pddl:0,0,train:39:train/pick_heat_then_place_in_recep-Apple-None-SideTable-3/trial_T20190907_164050_859748/game.tw-pddl:0,7,7,False,617
Adaptive v1,39,train:39:train/pick_heat_then_place_in_recep-Cup-None-Cabinet-6/trial_T20190908_165525_475387/game.tw-pddl:0,0,train:39:train/pick_heat_then_place_in_recep-Cup-None-Cabinet-6/trial_T20190908_165525_475387/game.tw-pddl:0,15,30,True,618
Adaptive v1,39,train:39:train/pick_heat_then_place_in_recep-Mug-None-CoffeeMachine-12/trial_T20190907_034147_929599/game.tw-pddl:0,0,train:39:train/pick_heat_then_place_in_recep-Mug-None-CoffeeMachine-12/trial_T20190907_034147_929599/game.tw-pddl:0,9,30,True,619
Adaptive v1,39,train:39:train/pick_heat_then_place_in_recep-Potato-None-SideTable-28/trial_T20190907_075841_463460/game.tw-pddl:0,0,train:39:train/pick_heat_then_place_in_recep-Potato-None-SideTable-28/trial_T20190907_075841_463460/game.tw-pddl:0,8,8,False,620
Adaptive v1,39,train:39:train/pick_two_obj_and_place-Book-None-Desk-302/trial_T20190906_181127_765377/game.tw-pddl:0,0,train:39:train/pick_two_obj_and_place-Book-None-Desk-302/trial_T20190906_181127_765377/game.tw-pddl:0,22,30,True,621
Adaptive v1,39,train:39:train/pick_two_obj_and_place-KeyChain-None-SideTable-322/trial_T20190909_034001_524438/game.tw-pddl:0,0,train:39:train/pick_two_obj_and_place-KeyChain-None-SideTable-322/trial_T20190909_034001_524438/game.tw-pddl:0,23,30,True,622
Adaptive v1,39,train:39:train/pick_two_obj_and_place-SoapBar-None-Drawer-421/trial_T20190908_130615_278829/game.tw-pddl:0,0,train:39:train/pick_two_obj_and_place-SoapBar-None-Drawer-421/trial_T20190908_130615_278829/game.tw-pddl:0,22,30,True,623
Adaptive v1,39,train:39:train/pick_two_obj_and_place-SprayBottle-None-GarbageCan-420/trial_T20190909_141726_511777/game.tw-pddl:0,0,train:39:train/pick_two_obj_and_place-SprayBottle-None-GarbageCan-420/trial_T20190909_141726_511777/game.tw-pddl:0,15,15,False,624
Adaptive v1,40,train:40:train/pick_and_place_simple-Book-None-Cabinet-310/trial_T20190908_154238_160623/game.tw-pddl:0,0,train:40:train/pick_and_place_simple-Book-None-Cabinet-310/trial_T20190908_154238_160623/game.tw-pddl:0,24,30,True,625
Adaptive v1,40,train:40:train/pick_and_place_simple-KeyChain-None-Sofa-229/trial_T20190908_123332_888981/game.tw-pddl:0,0,train:40:train/pick_and_place_simple-KeyChain-None-Sofa-229/trial_T20190908_123332_888981/game.tw-pddl:0,14,14,False,626
Adaptive v1,40,train:40:train/pick_clean_then_place_in_recep-ButterKnife-None-DiningTable-4/trial_T20190908_080658_327235/game.tw-pddl:0,0,train:40:train/pick_clean_then_place_in_recep-ButterKnife-None-DiningTable-4/trial_T20190908_080658_327235/game.tw-pddl:0,7,7,False,627
Adaptive v1,40,train:40:train/pick_clean_then_place_in_recep-Knife-None-Drawer-11/trial_T20190908_182807_228958/game.tw-pddl:0,0,train:40:train/pick_clean_then_place_in_recep-Knife-None-Drawer-11/trial_T20190908_182807_228958/game.tw-pddl:0,16,30,True,628
Adaptive v1,40,train:40:train/pick_cool_then_place_in_recep-Bowl-None-CounterTop-15/trial_T20190909_034820_123796/game.tw-pddl:0,0,train:40:train/pick_cool_then_place_in_recep-Bowl-None-CounterTop-15/trial_T20190909_034820_123796/game.tw-pddl:0,16,30,True,629
Adaptive v1,40,train:40:train/pick_cool_then_place_in_recep-Cup-None-Microwave-30/trial_T20190909_073451_112369/game.tw-pddl:0,0,train:40:train/pick_cool_then_place_in_recep-Cup-None-Microwave-30/trial_T20190909_073451_112369/game.tw-pddl:0,12,30,True,630
Adaptive v1,40,train:40:train/pick_cool_then_place_in_recep-Egg-None-Microwave-5/trial_T20190908_005703_215661/game.tw-pddl:0,0,train:40:train/pick_cool_then_place_in_recep-Egg-None-Microwave-5/trial_T20190908_005703_215661/game.tw-pddl:0,14,30,True,631
Adaptive v1,40,train:40:train/pick_cool_then_place_in_recep-Pan-None-StoveBurner-18/trial_T20190906_181154_262087/game.tw-pddl:0,0,train:40:train/pick_cool_then_place_in_recep-Pan-None-StoveBurner-18/trial_T20190906_181154_262087/game.tw-pddl:0,14,30,True,632
Adaptive v1,40,train:40:train/pick_cool_then_place_in_recep-Plate-None-Cabinet-7/trial_T20190907_231242_525267/game.tw-pddl:0,0,train:40:train/pick_cool_then_place_in_recep-Plate-None-Cabinet-7/trial_T20190907_231242_525267/game.tw-pddl:0,12,12,False,633
Adaptive v1,40,train:40:train/pick_heat_then_place_in_recep-Plate-None-Cabinet-28/trial_T20190907_035752_332060/game.tw-pddl:0,0,train:40:train/pick_heat_then_place_in_recep-Plate-None-Cabinet-28/trial_T20190907_035752_332060/game.tw-pddl:0,18,30,True,634
Adaptive v1,40,train:40:train/pick_heat_then_place_in_recep-Tomato-None-DiningTable-16/trial_T20190907_201040_216331/game.tw-pddl:0,0,train:40:train/pick_heat_then_place_in_recep-Tomato-None-DiningTable-16/trial_T20190907_201040_216331/game.tw-pddl:0,11,30,True,635
Adaptive v1,40,train:40:train/pick_heat_then_place_in_recep-Tomato-None-Fridge-25/trial_T20190909_003326_516119/game.tw-pddl:0,0,train:40:train/pick_heat_then_place_in_recep-Tomato-None-Fridge-25/trial_T20190909_003326_516119/game.tw-pddl:0,17,30,True,636
Adaptive v1,40,train:40:train/pick_two_obj_and_place-Book-None-Bed-314/trial_T20190910_072531_402229/game.tw-pddl:0,0,train:40:train/pick_two_obj_and_place-Book-None-Bed-314/trial_T20190910_072531_402229/game.tw-pddl:0,25,30,True,637
Adaptive v1,40,train:40:train/pick_two_obj_and_place-Ladle-None-Drawer-4/trial_T20190908_154838_594672/game.tw-pddl:0,0,train:40:train/pick_two_obj_and_place-Ladle-None-Drawer-4/trial_T20190908_154838_594672/game.tw-pddl:0,14,30,True,638
Adaptive v1,40,train:40:train/pick_two_obj_and_place-Pen-None-Shelf-320/trial_T20190910_131856_812100/game.tw-pddl:0,0,train:40:train/pick_two_obj_and_place-Pen-None-Shelf-320/trial_T20190910_131856_812100/game.tw-pddl:0,9,30,True,639
Adaptive v1,40,train:40:train/pick_two_obj_and_place-PepperShaker-None-Drawer-15/trial_T20190909_051727_474470/game.tw-pddl:0,0,train:40:train/pick_two_obj_and_place-PepperShaker-None-Drawer-15/trial_T20190909_051727_474470/game.tw-pddl:0,16,30,True,640
Adaptive v1,41,train:41:train/look_at_obj_in_light-CD-None-DeskLamp-304/trial_T20190907_185624_189387/game.tw-pddl:0,0,train:41:train/look_at_obj_in_light-CD-None-DeskLamp-304/trial_T20190907_185624_189387/game.tw-pddl:0,21,30,True,641
Adaptive v1,41,train:41:train/look_at_obj_in_light-Pen-None-DeskLamp-309/trial_T20190909_051958_854080/game.tw-pddl:0,0,train:41:train/look_at_obj_in_light-Pen-None-DeskLamp-309/trial_T20190909_051958_854080/game.tw-pddl:0,7,7,False,642
Adaptive v1,41,train:41:train/look_at_obj_in_light-Vase-None-DeskLamp-216/trial_T20190906_200432_637572/game.tw-pddl:0,0,train:41:train/look_at_obj_in_light-Vase-None-DeskLamp-216/trial_T20190906_200432_637572/game.tw-pddl:0,20,30,True,643
Adaptive v1,41,train:41:train/pick_and_place_simple-Glassbottle-None-DiningTable-23/trial_T20190908_071053_270408/game.tw-pddl:0,0,train:41:train/pick_and_place_simple-Glassbottle-None-DiningTable-23/trial_T20190908_071053_270408/game.tw-pddl:0,17,30,True,644
Adaptive v1,41,train:41:train/pick_and_place_simple-Pillow-None-Sofa-209/trial_T20190907_101259_128239/game.tw-pddl:0,0,train:41:train/pick_and_place_simple-Pillow-None-Sofa-209/trial_T20190907_101259_128239/game.tw-pddl:0,6,6,False,645
Adaptive v1,41,train:41:train/pick_and_place_simple-SprayBottle-None-Toilet-420/trial_T20190909_113842_397571/game.tw-pddl:0,0,train:41:train/pick_and_place_simple-SprayBottle-None-Toilet-420/trial_T20190909_113842_397571/game.tw-pddl:0,6,6,False,646
Adaptive v1,41,train:41:train/pick_clean_then_place_in_recep-Egg-None-DiningTable-23/trial_T20190908_083830_429005/game.tw-pddl:0,0,train:41:train/pick_clean_then_place_in_recep-Egg-None-DiningTable-23/trial_T20190908_083830_429005/game.tw-pddl:0,6,6,False,647
Adaptive v1,41,train:41:train/pick_clean_then_place_in_recep-Spoon-None-CounterTop-8/trial_T20190908_224554_970210/game.tw-pddl:0,0,train:41:train/pick_clean_then_place_in_recep-Spoon-None-CounterTop-8/trial_T20190908_224554_970210/game.tw-pddl:0,14,30,True,648
Adaptive v1,41,train:41:train/pick_cool_then_place_in_recep-Bread-None-DiningTable-11/trial_T20190908_005249_038958/game.tw-pddl:0,0,train:41:train/pick_cool_then_place_in_recep-Bread-None-DiningTable-11/trial_T20190908_005249_038958/game.tw-pddl:0,16,30,True,649
Adaptive v1,41,train:41:train/pick_heat_then_place_in_recep-Mug-None-Cabinet-25/trial_T20190909_095428_061064/game.tw-pddl:0,0,train:41:train/pick_heat_then_place_in_recep-Mug-None-Cabinet-25/trial_T20190909_095428_061064/game.tw-pddl:0,8,8,False,650
Adaptive v1,41,train:41:train/pick_heat_then_place_in_recep-Mug-None-Shelf-7/trial_T20190907_022308_669309/game.tw-pddl:0,0,train:41:train/pick_heat_then_place_in_recep-Mug-None-Shelf-7/trial_T20190907_022308_669309/game.tw-pddl:0,16,30,True,651
Adaptive v1,41,train:41:train/pick_two_obj_and_place-AlarmClock-None-Dresser-318/trial_T20190919_024636_931517/game.tw-pddl:0,0,train:41:train/pick_two_obj_and_place-AlarmClock-None-Dresser-318/trial_T20190919_024636_931517/game.tw-pddl:0,19,30,True,652
Adaptive v1,41,train:41:train/pick_two_obj_and_place-Pillow-None-ArmChair-217/trial_T20190908_034605_540049/game.tw-pddl:0,0,train:41:train/pick_two_obj_and_place-Pillow-None-ArmChair-217/trial_T20190908_034605_540049/game.tw-pddl:0,21,30,True,653
Adaptive v1,41,train:41:train/pick_two_obj_and_place-SaltShaker-None-Drawer-12/trial_T20190907_175317_697442/game.tw-pddl:0,0,train:41:train/pick_two_obj_and_place-SaltShaker-None-Drawer-12/trial_T20190907_175317_697442/game.tw-pddl:0,15,30,True,654
Adaptive v1,41,train:41:train/pick_two_obj_and_place-SoapBar-None-Shelf-415/trial_T20190908_070525_956427/game.tw-pddl:0,0,train:41:train/pick_two_obj_and_place-SoapBar-None-Shelf-415/trial_T20190908_070525_956427/game.tw-pddl:0,21,30,True,655
Adaptive v1,41,train:41:train/pick_two_obj_and_place-TissueBox-None-CoffeeTable-220/trial_T20190909_145607_044709/game.tw-pddl:0,0,train:41:train/pick_two_obj_and_place-TissueBox-None-CoffeeTable-220/trial_T20190909_145607_044709/game.tw-pddl:0,23,30,True,656
Adaptive v1,42,train:42:train/look_at_obj_in_light-AlarmClock-None-DeskLamp-316/trial_T20190906_202305_162111/game.tw-pddl:0,0,train:42:train/look_at_obj_in_light-AlarmClock-None-DeskLamp-316/trial_T20190906_202305_162111/game.tw-pddl:0,7,7,False,657
Adaptive v1,42,train:42:train/pick_and_place_simple-CD-None-SideTable-328/trial_T20190907_033509_300729/game.tw-pddl:0,0,train:42:train/pick_and_place_simple-CD-None-SideTable-328/trial_T20190907_033509_300729/game.tw-pddl:0,5,5,False,658
Adaptive v1,42,train:42:train/pick_and_place_simple-Glassbottle-None-DiningTable-23/trial_T20190908_071117_449095/game.tw-pddl:0,0,train:42:train/pick_and_place_simple-Glassbottle-None-DiningTable-23/trial_T20190908_071117_449095/game.tw-pddl:0,7,30,True,659
Adaptive v1,42,train:42:train/pick_and_place_simple-Lettuce-None-CounterTop-25/trial_T20190907_000052_389529/game.tw-pddl:0,0,train:42:train/pick_and_place_simple-Lettuce-None-CounterTop-25/trial_T20190907_000052_389529/game.tw-pddl:0,5,5,False,660
Adaptive v1,42,train:42:train/pick_and_place_simple-PepperShaker-None-Drawer-5/trial_T20190908_195340_064065/game.tw-pddl:0,0,train:42:train/pick_and_place_simple-PepperShaker-None-Drawer-5/trial_T20190908_195340_064065/game.tw-pddl:0,5,5,False,661
Adaptive v1,42,train:42:train/pick_and_place_simple-SoapBottle-None-SideTable-420/trial_T20190908_063550_595984/game.tw-pddl:0,0,train:42:train/pick_and_place_simple-SoapBottle-None-SideTable-420/trial_T20190908_063550_595984/game.tw-pddl:0,23,30,True,662
Adaptive v1,42,train:42:train/pick_and_place_simple-TissueBox-None-SideTable-229/trial_T20190908_114048_231845/game.tw-pddl:0,0,train:42:train/pick_and_place_simple-TissueBox-None-SideTable-229/trial_T20190908_114048_231845/game.tw-pddl:0,8,8,False,663
Adaptive v1,42,train:42:train/pick_clean_then_place_in_recep-Potato-None-Microwave-2/trial_T20190908_102036_283979/game.tw-pddl:0,0,train:42:train/pick_clean_then_place_in_recep-Potato-None-Microwave-2/trial_T20190908_102036_283979/game.tw-pddl:0,7,7,False,664
Adaptive v1,42,train:42:train/pick_clean_then_place_in_recep-SoapBar-None-GarbageCan-407/trial_T20190907_222235_383777/game.tw-pddl:0,0,train:42:train/pick_clean_then_place_in_recep-SoapBar-None-GarbageCan-407/trial_T20190907_222235_383777/game.tw-pddl:0,22,30,True,665
Adaptive v1,42,train:42:train/pick_clean_then_place_in_recep-Tomato-None-Microwave-15/trial_T20190908_180435_978973/game.tw-pddl:0,0,train:42:train/pick_clean_then_place_in_recep-Tomato-None-Microwave-15/trial_T20190908_180435_978973/game.tw-pddl:0,8,30,True,666
Adaptive v1,42,train:42:train/pick_cool_then_place_in_recep-Mug-None-CoffeeMachine-26/trial_T20190908_134655_569714/game.tw-pddl:0,0,train:42:train/pick_cool_then_place_in_recep-Mug-None-CoffeeMachine-26/trial_T20190908_134655_569714/game.tw-pddl:0,13,30,True,667
Adaptive v1,42,train:42:train/pick_heat_then_place_in_recep-Cup-None-Cabinet-18/trial_T20190907_150654_710990/game.tw-pddl:0,0,train:42:train/pick_heat_then_place_in_recep-Cup-None-Cabinet-18/trial_T20190907_150654_710990/game.tw-pddl:0,14,30,True,668
Adaptive v1,42,train:42:train/pick_heat_then_place_in_recep-Tomato-None-CounterTop-17/trial_T20190908_223040_461364/game.tw-pddl:0,0,train:42:train/pick_heat_then_place_in_recep-Tomato-None-CounterTop-17/trial_T20190908_223040_461364/game.tw-pddl:0,12,30,True,669
Adaptive v1,42,train:42:train/pick_two_obj_and_place-CD-None-Drawer-304/trial_T20190907_230204_336041/game.tw-pddl:0,0,train:42:train/pick_two_obj_and_place-CD-None-Drawer-304/trial_T20190907_230204_336041/game.tw-pddl:0,23,30,True,670
Adaptive v1,42,train:42:train/pick_two_obj_and_place-Candle-None-Cabinet-414/trial_T20190908_190717_343206/game.tw-pddl:0,0,train:42:train/pick_two_obj_and_place-Candle-None-Cabinet-414/trial_T20190908_190717_343206/game.tw-pddl:0,20,30,True,671
Adaptive v1,42,train:42:train/pick_two_obj_and_place-Candle-None-Cabinet-428/trial_T20190909_053754_615376/game.tw-pddl:0,0,train:42:train/pick_two_obj_and_place-Candle-None-Cabinet-428/trial_T20190909_053754_615376/game.tw-pddl:0,8,30,True,672
Adaptive v1,43,train:43:train/pick_and_place_simple-CellPhone-None-Bed-313/trial_T20190907_092221_700361/game.tw-pddl:0,0,train:43:train/pick_and_place_simple-CellPhone-None-Bed-313/trial_T20190907_092221_700361/game.tw-pddl:0,4,4,False,673
Adaptive v1,43,train:43:train/pick_and_place_simple-Cloth-None-Drawer-409/trial_T20190908_032838_597592/game.tw-pddl:0,0,train:43:train/pick_and_place_simple-Cloth-None-Drawer-409/trial_T20190908_032838_597592/game.tw-pddl:0,22,30,True,674
Adaptive v1,43,train:43:train/pick_and_place_simple-ToiletPaper-None-Toilet-429/trial_T20190907_215139_316260/game.tw-pddl:0,0,train:43:train/pick_and_place_simple-ToiletPaper-None-Toilet-429/trial_T20190907_215139_316260/game.tw-pddl:0,4,30,True,675
Adaptive v1,43,train:43:train/pick_clean_then_place_in_recep-Fork-None-Drawer-25/trial_T20190909_152707_511186/game.tw-pddl:0,0,train:43:train/pick_clean_then_place_in_recep-Fork-None-Drawer-25/trial_T20190909_152707_511186/game.tw-pddl:0,16,30,True,676
Adaptive v1,43,train:43:train/pick_cool_then_place_in_recep-Bowl-None-CounterTop-15/trial_T20190909_034852_777036/game.tw-pddl:0,0,train:43:train/pick_cool_then_place_in_recep-Bowl-None-CounterTop-15/trial_T20190909_034852_777036/game.tw-pddl:0,16,30,True,677
Adaptive v1,43,train:43:train/pick_cool_then_place_in_recep-Bread-None-DiningTable-16/trial_T20190908_035642_699545/game.tw-pddl:0,0,train:43:train/pick_cool_then_place_in_recep-Bread-None-DiningTable-16/trial_T20190908_035642_699545/game.tw-pddl:0,11,30,True,678
Adaptive v1,43,train:43:train/pick_cool_then_place_in_recep-Cup-None-Microwave-17/trial_T20190906_192709_651069/game.tw-pddl:0,0,train:43:train/pick_cool_then_place_in_recep-Cup-None-Microwave-17/trial_T20190906_192709_651069/game.tw-pddl:0,13,30,True,679
Adaptive v1,43,train:43:train/pick_cool_then_place_in_recep-Cup-None-Microwave-17/trial_T20190906_192746_084663/game.tw-pddl:0,0,train:43:train/pick_cool_then_place_in_recep-Cup-None-Microwave-17/trial_T20190906_192746_084663/game.tw-pddl:0,14,30,True,680
Adaptive v1,43,train:43:train/pick_cool_then_place_in_recep-Plate-None-Shelf-1/trial_T20190908_075027_183662/game.tw-pddl:0,0,train:43:train/pick_cool_then_place_in_recep-Plate-None-Shelf-1/trial_T20190908_075027_183662/game.tw-pddl:0,12,30,True,681
Adaptive v1,43,train:43:train/pick_heat_then_place_in_recep-Apple-None-CounterTop-30/trial_T20190908_103606_028358/game.tw-pddl:0,0,train:43:train/pick_heat_then_place_in_recep-Apple-None-CounterTop-30/trial_T20190908_103606_028358/game.tw-pddl:0,8,8,False,682
Adaptive v1,43,train:43:train/pick_heat_then_place_in_recep-Apple-None-DiningTable-23/trial_T20190909_082324_376707/game.tw-pddl:0,0,train:43:train/pick_heat_then_place_in_recep-Apple-None-DiningTable-23/trial_T20190909_082324_376707/game.tw-pddl:0,16,30,True,683
Adaptive v1,43,train:43:train/pick_heat_then_place_in_recep-Egg-None-Fridge-13/trial_T20190907_151855_542663/game.tw-pddl:0,0,train:43:train/pick_heat_then_place_in_recep-Egg-None-Fridge-13/trial_T20190907_151855_542663/game.tw-pddl:0,8,8,False,684
Adaptive v1,43,train:43:train/pick_heat_then_place_in_recep-Mug-None-Cabinet-30/trial_T20190909_044538_375844/game.tw-pddl:0,0,train:43:train/pick_heat_then_place_in_recep-Mug-None-Cabinet-30/trial_T20190909_044538_375844/game.tw-pddl:0,12,30,True,685
Adaptive v1,43,train:43:train/pick_heat_then_place_in_recep-Tomato-None-SideTable-28/trial_T20190908_031506_186347/game.tw-pddl:0,0,train:43:train/pick_heat_then_place_in_recep-Tomato-None-SideTable-28/trial_T20190908_031506_186347/game.tw-pddl:0,6,6,False,686
Adaptive v1,43,train:43:train/pick_two_obj_and_place-Pencil-None-Desk-314/trial_T20190907_044949_056560/game.tw-pddl:0,0,train:43:train/pick_two_obj_and_place-Pencil-None-Desk-314/trial_T20190907_044949_056560/game.tw-pddl:0,23,30,True,687
Adaptive v1,43,train:43:train/pick_two_obj_and_place-Pencil-None-Desk-327/trial_T20190911_224632_531947/game.tw-pddl:0,0,train:43:train/pick_two_obj_and_place-Pencil-None-Desk-327/trial_T20190911_224632_531947/game.tw-pddl:0,10,10,False,688
Adaptive v1,44,train:44:train/pick_and_place_simple-KeyChain-None-ArmChair-322/trial_T20190908_223340_751080/game.tw-pddl:0,0,train:44:train/pick_and_place_simple-KeyChain-None-ArmChair-322/trial_T20190908_223340_751080/game.tw-pddl:0,21,21,False,689
Adaptive v1,44,train:44:train/pick_and_place_simple-Statue-None-CoffeeTable-228/trial_T20190906_185540_904069/game.tw-pddl:0,0,train:44:train/pick_and_place_simple-Statue-None-CoffeeTable-228/trial_T20190906_185540_904069/game.tw-pddl:0,4,4,False,690
Adaptive v1,44,train:44:train/pick_and_place_simple-ToiletPaper-None-GarbageCan-416/trial_T20190906_202104_886119/game.tw-pddl:0,0,train:44:train/pick_and_place_simple-ToiletPaper-None-GarbageCan-416/trial_T20190906_202104_886119/game.tw-pddl:0,7,7,False,691
Adaptive v1,44,train:44:train/pick_and_place_simple-ToiletPaper-None-ToiletPaperHanger-430/trial_T20190908_102028_194585/game.tw-pddl:0,0,train:44:train/pick_and_place_simple-ToiletPaper-None-ToiletPaperHanger-430/trial_T20190908_102028_194585/game.tw-pddl:0,22,30,True,692
Adaptive v1,44,train:44:train/pick_clean_then_place_in_recep-Bowl-None-Cabinet-13/trial_T20190909_022941_058533/game.tw-pddl:0,0,train:44:train/pick_clean_then_place_in_recep-Bowl-None-Cabinet-13/trial_T20190909_022941_058533/game.tw-pddl:0,12,30,True,693
Adaptive v1,44,train:44:train/pick_clean_then_place_in_recep-Bowl-None-Fridge-4/trial_T20190909_024009_792841/game.tw-pddl:0,0,train:44:train/pick_clean_then_place_in_recep-Bowl-None-Fridge-4/trial_T20190909_024009_792841/game.tw-pddl:0,9,9,False,694
Adaptive v1,44,train:44:train/pick_clean_then_place_in_recep-Tomato-None-SideTable-3/trial_T20190909_002515_745057/game.tw-pddl:0,0,train:44:train/pick_clean_then_place_in_recep-Tomato-None-SideTable-3/trial_T20190909_002515_745057/game.tw-pddl:0,7,7,False,695
Adaptive v1,44,train:44:train/pick_cool_then_place_in_recep-Bowl-None-Microwave-25/trial_T20190906_180413_806436/game.tw-pddl:0,0,train:44:train/pick_cool_then_place_in_recep-Bowl-None-Microwave-25/trial_T20190906_180413_806436/game.tw-pddl:0,17,30,True,696
Adaptive v1,44,train:44:train/pick_cool_then_place_in_recep-Bread-None-CounterTop-1/trial_T20190908_212506_100520/game.tw-pddl:0,0,train:44:train/pick_cool_then_place_in_recep-Bread-None-CounterTop-1/trial_T20190908_212506_100520/game.tw-pddl:0,12,30,True,697
Adaptive v1,44,train:44:train/pick_cool_then_place_in_recep-Egg-None-SideTable-21/trial_T20190907_044013_708280/game.tw-pddl:0,0,train:44:train/pick_cool_then_place_in_recep-Egg-None-SideTable-21/trial_T20190907_044013_708280/game.tw-pddl:0,19,30,True,698
Adaptive v1,44,train:44:train/pick_cool_then_place_in_recep-Mug-None-Cabinet-1/trial_T20190907_162013_417284/game.tw-pddl:0,0,train:44:train/pick_cool_then_place_in_recep-Mug-None-Cabinet-1/trial_T20190907_162013_417284/game.tw-pddl:0,16,30,True,699
Adaptive v1,44,train:44:train/pick_cool_then_place_in_recep-Pan-None-CounterTop-22/trial_T20190907_003356_969170/game.tw-pddl:0,0,train:44:train/pick_cool_then_place_in_recep-Pan-None-CounterTop-22/trial_T20190907_003356_969170/game.tw-pddl:0,7,30,True,700
Adaptive v1,44,train:44:train/pick_cool_then_place_in_recep-Pot-None-Cabinet-5/trial_T20190906_235541_875587/game.tw-pddl:0,0,train:44:train/pick_cool_then_place_in_recep-Pot-None-Cabinet-5/trial_T20190906_235541_875587/game.tw-pddl:0,15,30,True,701
Adaptive v1,44,train:44:train/pick_heat_then_place_in_recep-Mug-None-CoffeeMachine-7/trial_T20190908_105411_917940/game.tw-pddl:0,0,train:44:train/pick_heat_then_place_in_recep-Mug-None-CoffeeMachine-7/trial_T20190908_105411_917940/game.tw-pddl:0,14,30,True,702
Adaptive v1,44,train:44:train/pick_heat_then_place_in_recep-Plate-None-DiningTable-7/trial_T20190907_223646_501072/game.tw-pddl:0,0,train:44:train/pick_heat_then_place_in_recep-Plate-None-DiningTable-7/trial_T20190907_223646_501072/game.tw-pddl:0,9,9,False,703
Adaptive v1,44,train:44:train/pick_two_obj_and_place-CreditCard-None-ArmChair-209/trial_T20190909_024833_526897/game.tw-pddl:0,0,train:44:train/pick_two_obj_and_place-CreditCard-None-ArmChair-209/trial_T20190909_024833_526897/game.tw-pddl:0,22,30,True,704
Adaptive v1,45,train:45:train/look_at_obj_in_light-Pillow-None-DeskLamp-319/trial_T20190907_224211_927258/game.tw-pddl:0,0,train:45:train/look_at_obj_in_light-Pillow-None-DeskLamp-319/trial_T20190907_224211_927258/game.tw-pddl:0,4,4,False,705
Adaptive v1,45,train:45:train/pick_and_place_simple-AlarmClock-None-Desk-318/trial_T20190910_025509_493764/game.tw-pddl:0,0,train:45:train/pick_and_place_simple-AlarmClock-None-Desk-318/trial_T20190910_025509_493764/game.tw-pddl:0,6,6,False,706
Adaptive v1,45,train:45:train/pick_and_place_simple-Book-None-ArmChair-209/trial_T20190909_091451_936328/game.tw-pddl:0,0,train:45:train/pick_and_place_simple-Book-None-ArmChair-209/trial_T20190909_091451_936328/game.tw-pddl:0,4,4,False,707
Adaptive v1,45,train:45:train/pick_and_place_simple-HandTowel-None-CounterTop-421/trial_T20190909_145525_802579/game.tw-pddl:0,0,train:45:train/pick_and_place_simple-HandTowel-None-CounterTop-421/trial_T20190909_145525_802579/game.tw-pddl:0,4,4,False,708
Adaptive v1,45,train:45:train/pick_and_place_simple-HandTowel-None-GarbageCan-423/trial_T20190907_025958_147612/game.tw-pddl:0,0,train:45:train/pick_and_place_simple-HandTowel-None-GarbageCan-423/trial_T20190907_025958_147612/game.tw-pddl:0,5,5,False,709
Adaptive v1,45,train:45:train/pick_and_place_simple-SoapBottle-None-CounterTop-428/trial_T20190909_114242_588264/game.tw-pddl:0,0,train:45:train/pick_and_place_simple-SoapBottle-None-CounterTop-428/trial_T20190909_114242_588264/game.tw-pddl:0,20,20,False,710
Adaptive v1,45,train:45:train/pick_and_place_simple-SprayBottle-None-Toilet-403/trial_T20190908_042148_900573/game.tw-pddl:0,0,train:45:train/pick_and_place_simple-SprayBottle-None-Toilet-403/trial_T20190908_042148_900573/game.tw-pddl:0,4,4,False,711
Adaptive v1,45,train:45:train/pick_and_place_simple-SprayBottle-None-Toilet-420/trial_T20190909_113816_097874/game.tw-pddl:0,0,train:45:train/pick_and_place_simple-SprayBottle-None-Toilet-420/trial_T20190909_113816_097874/game.tw-pddl:0,4,4,False,712
Adaptive v1,45,train:45:train/pick_clean_then_place_in_recep-Apple-None-Microwave-14/trial_T20190909_120122_478892/game.tw-pddl:0,0,train:45:train/pick_clean_then_place_in_recep-Apple-None-Microwave-14/trial_T20190909_120122_478892/game.tw-pddl:0,9,30,True,713
Adaptive v1,45,train:45:train/pick_clean_then_place_in_recep-ButterKnife-None-Drawer-8/trial_T20190909_124447_939888/game.tw-pddl:0,0,train:45:train/pick_clean_then_place_in_recep-ButterKnife-None-Drawer-8/trial_T20190909_124447_939888/game.tw-pddl:0,11,30,True,714
Adaptive v1,45,train:45:train/pick_clean_then_place_in_recep-Fork-None-SideTable-3/trial_T20190908_044023_310065/game.tw-pddl:0,0,train:45:train/pick_clean_then_place_in_recep-Fork-None-SideTable-3/trial_T20190908_044023_310065/game.tw-pddl:0,19,30,True,715
Adaptive v1,45,train:45:train/pick_clean_then_place_in_recep-Knife-None-Drawer-2/trial_T20190909_141556_263392/game.tw-pddl:0,0,train:45:train/pick_clean_then_place_in_recep-Knife-None-Drawer-2/trial_T20190909_141556_263392/game.tw-pddl:0,7,7,False,716
Adaptive v1,45,train:45:train/pick_clean_then_place_in_recep-Potato-None-Microwave-11/trial_T20190908_215925_201428/game.tw-pddl:0,0,train:45:train/pick_clean_then_place_in_recep-Potato-None-Microwave-11/trial_T20190908_215925_201428/game.tw-pddl:0,17,30,True,717
Adaptive v1,45,train:45:train/pick_cool_then_place_in_recep-Bowl-None-Cabinet-20/trial_T20190909_113003_883447/game.tw-pddl:0,0,train:45:train/pick_cool_then_place_in_recep-Bowl-None-Cabinet-20/trial_T20190909_113003_883447/game.tw-pddl:0,15,30,True,718
Adaptive v1,45,train:45:train/pick_cool_then_place_in_recep-Potato-None-Microwave-13/trial_T20190911_231120_340419/game.tw-pddl:0,0,train:45:train/pick_cool_then_place_in_recep-Potato-None-Microwave-13/trial_T20190911_231120_340419/game.tw-pddl:0,12,30,True,719
Adaptive v1,45,train:45:train/pick_two_obj_and_place-SprayBottle-None-GarbageCan-408/trial_T20190918_161527_784403/game.tw-pddl:0,0,train:45:train/pick_two_obj_and_place-SprayBottle-None-GarbageCan-408/trial_T20190918_161527_784403/game.tw-pddl:0,21,30,True,720
Adaptive v1,46,train:46:train/look_at_obj_in_light-AlarmClock-None-DeskLamp-317/trial_T20190909_070750_539624/game.tw-pddl:0,0,train:46:train/look_at_obj_in_light-AlarmClock-None-DeskLamp-317/trial_T20190909_070750_539624/game.tw-pddl:0,21,30,True,721
Adaptive v1,46,train:46:train/look_at_obj_in_light-Bowl-None-DeskLamp-307/trial_T20190908_204915_583447/game.tw-pddl:0,0,train:46:train/look_at_obj_in_light-Bowl-None-DeskLamp-307/trial_T20190908_204915_583447/game.tw-pddl:0,7,7,False,722
Adaptive v1,46,train:46:train/look_at_obj_in_light-Pillow-None-DeskLamp-314/trial_T20190908_115844_093537/game.tw-pddl:0,0,train:46:train/look_at_obj_in_light-Pillow-None-DeskLamp-314/trial_T20190908_115844_093537/game.tw-pddl:0,7,7,False,723
Adaptive v1,46,train:46:train/pick_and_place_simple-RemoteControl-None-Dresser-311/trial_T20190907_154756_629170/game.tw-pddl:0,0,train:46:train/pick_and_place_simple-RemoteControl-None-Dresser-311/trial_T20190907_154756_629170/game.tw-pddl:0,4,4,False,724
Adaptive v1,46,train:46:train/pick_clean_then_place_in_recep-Kettle-None-StoveBurner-3/trial_T20190907_054347_572902/game.tw-pddl:0,0,train:46:train/pick_clean_then_place_in_recep-Kettle-None-StoveBurner-3/trial_T20190907_054347_572902/game.tw-pddl:0,18,30,True,725
Adaptive v1,46,train:46:train/pick_clean_then_place_in_recep-Potato-None-CounterTop-5/trial_T20190909_123141_081448/game.tw-pddl:0,0,train:46:train/pick_clean_then_place_in_recep-Potato-None-CounterTop-5/trial_T20190909_123141_081448/game.tw-pddl:0,13,30,True,726
Adaptive v1,46,train:46:train/pick_clean_then_place_in_recep-SoapBar-None-Cabinet-422/trial_T20190908_123321_281332/game.tw-pddl:0,0,train:46:train/pick_clean_then_place_in_recep-SoapBar-None-Cabinet-422/trial_T20190908_123321_281332/game.tw-pddl:0,7,7,False,727
Adaptive v1,46,train:46:train/pick_clean_then_place_in_recep-Spatula-None-CounterTop-19/trial_T20190906_181259_314797/game.tw-pddl:0,0,train:46:train/pick_clean_then_place_in_recep-Spatula-None-CounterTop-19/trial_T20190906_181259_314797/game.tw-pddl:0,14,30,True,728
Adaptive v1,46,train:46:train/pick_clean_then_place_in_recep-Spoon-None-DiningTable-18/trial_T20190909_102022_120766/game.tw-pddl:0,0,train:46:train/pick_clean_then_place_in_recep-Spoon-None-DiningTable-18/trial_T20190909_102022_120766/game.tw-pddl:0,13,30,True,729
Adaptive v1,46,train:46:train/pick_clean_then_place_in_recep-Spoon-None-DiningTable-20/trial_T20190909_034703_947964/game.tw-pddl:0,0,train:46:train/pick_clean_then_place_in_recep-Spoon-None-DiningTable-20/trial_T20190909_034703_947964/game.tw-pddl:0,10,10,False,730
Adaptive v1,46,train:46:train/pick_clean_then_place_in_recep-Spoon-None-SideTable-3/trial_T20190907_173513_019487/game.tw-pddl:0,0,train:46:train/pick_clean_then_place_in_recep-Spoon-None-SideTable-3/trial_T20190907_173513_019487/game.tw-pddl:0,7,7,False,731
Adaptive v1,46,train:46:train/pick_cool_then_place_in_recep-Cup-None-Microwave-6/trial_T20190909_012531_072144/game.tw-pddl:0,0,train:46:train/pick_cool_then_place_in_recep-Cup-None-Microwave-6/trial_T20190909_012531_072144/game.tw-pddl:0,11,30,True,732
Adaptive v1,46,train:46:train/pick_cool_then_place_in_recep-Lettuce-None-CounterTop-24/trial_T20190908_015250_257517/game.tw-pddl:0,0,train:46:train/pick_cool_then_place_in_recep-Lettuce-None-CounterTop-24/trial_T20190908_015250_257517/game.tw-pddl:0,13,13,False,733
Adaptive v1,46,train:46:train/pick_cool_then_place_in_recep-Potato-None-Microwave-25/trial_T20190910_225355_685877/game.tw-pddl:0,0,train:46:train/pick_cool_then_place_in_recep-Potato-None-Microwave-25/trial_T20190910_225355_685877/game.tw-pddl:0,16,30,True,734
Adaptive v1,46,train:46:train/pick_heat_then_place_in_recep-Cup-None-Cabinet-18/trial_T20190907_150724_149124/game.tw-pddl:0,0,train:46:train/pick_heat_then_place_in_recep-Cup-None-Cabinet-18/trial_T20190907_150724_149124/game.tw-pddl:0,15,30,True,735
Adaptive v1,46,train:46:train/pick_two_obj_and_place-Pencil-None-Desk-327/trial_T20190911_224556_462302/game.tw-pddl:0,0,train:46:train/pick_two_obj_and_place-Pencil-None-Desk-327/trial_T20190911_224556_462302/game.tw-pddl:0,22,30,True,736
Adaptive v1,47,train:47:train/look_at_obj_in_light-CD-None-DeskLamp-319/trial_T20190909_123058_970211/game.tw-pddl:0,0,train:47:train/look_at_obj_in_light-CD-None-DeskLamp-319/trial_T20190909_123058_970211/game.tw-pddl:0,4,4,False,737
Adaptive v1,47,train:47:train/pick_and_place_simple-SoapBottle-None-Toilet-406/trial_T20190909_104226_709618/game.tw-pddl:0,0,train:47:train/pick_and_place_simple-SoapBottle-None-Toilet-406/trial_T20190909_104226_709618/game.tw-pddl:0,8,8,False,738
Adaptive v1,47,train:47:train/pick_clean_then_place_in_recep-Apple-None-Microwave-6/trial_T20190909_114417_306300/game.tw-pddl:0,0,train:47:train/pick_clean_then_place_in_recep-Apple-None-Microwave-6/trial_T20190909_114417_306300/game.tw-pddl:0,10,10,False,739
Adaptive v1,47,train:47:train/pick_clean_then_place_in_recep-Cup-None-Cabinet-6/trial_T20190908_165804_877612/game.tw-pddl:0,0,train:47:train/pick_clean_then_place_in_recep-Cup-None-Cabinet-6/trial_T20190908_165804_877612/game.tw-pddl:0,15,30,True,740
Adaptive v1,47,train:47:train/pick_clean_then_place_in_recep-Knife-None-Drawer-2/trial_T20190909_141638_451891/game.tw-pddl:0,0,train:47:train/pick_clean_then_place_in_recep-Knife-None-Drawer-2/trial_T20190909_141638_451891/game.tw-pddl:0,11,30,True,741
Adaptive v1,47,train:47:train/pick_clean_then_place_in_recep-Lettuce-None-CounterTop-30/trial_T20190909_033307_872081/game.tw-pddl:0,0,train:47:train/pick_clean_then_place_in_recep-Lettuce-None-CounterTop-30/trial_T20190909_033307_872081/game.tw-pddl:0,12,30,True,742
Adaptive v1,47,train:47:train/pick_clean_then_place_in_recep-SoapBar-None-Cabinet-413/trial_T20190908_023523_035014/game.tw-pddl:0,0,train:47:train/pick_clean_then_place_in_recep-SoapBar-None-Cabinet-413/trial_T20190908_023523_035014/game.tw-pddl:0,16,16,False,743
Adaptive v1,47,train:47:train/pick_clean_then_place_in_recep-SoapBar-None-Cabinet-422/trial_T20190909_170408_931882/game.tw-pddl:0,0,train:47:train/pick_clean_then_place_in_recep-SoapBar-None-Cabinet-422/trial_T20190909_170408_931882/game.tw-pddl:0,21,30,True,744
Adaptive v1,47,train:47:train/pick_clean_then_place_in_recep-Spoon-None-SideTable-21/trial_T20190908_231958_358508/game.tw-pddl:0,0,train:47:train/pick_clean_then_place_in_recep-Spoon-None-SideTable-21/trial_T20190908_231958_358508/game.tw-pddl:0,8,8,False,745
Adaptive v1,47,train:47:train/pick_cool_then_place_in_recep-Apple-None-Microwave-5/trial_T20190908_150842_317762/game.tw-pddl:0,0,train:47:train/pick_cool_then_place_in_recep-Apple-None-Microwave-5/trial_T20190908_150842_317762/game.tw-pddl:0,15,30,True,746
Adaptive v1,47,train:47:train/pick_cool_then_place_in_recep-Mug-None-CoffeeMachine-13/trial_T20190906_211215_210922/game.tw-pddl:0,0,train:47:train/pick_cool_then_place_in_recep-Mug-None-CoffeeMachine-13/trial_T20190906_211215_210922/game.tw-pddl:0,8,30,True,747
Adaptive v1,47,train:47:train/pick_cool_then_place_in_recep-Potato-None-GarbageCan-18/trial_T20190909_044254_735750/game.tw-pddl:0,0,train:47:train/pick_cool_then_place_in_recep-Potato-None-GarbageCan-18/trial_T20190909_044254_735750/game.tw-pddl:0,8,30,True,748
Adaptive v1,47,train:47:train/pick_cool_then_place_in_recep-Tomato-None-DiningTable-26/trial_T20190907_160916_014285/game.tw-pddl:0,0,train:47:train/pick_cool_then_place_in_recep-Tomato-None-DiningTable-26/trial_T20190907_160916_014285/game.tw-pddl:0,16,30,True,749
Adaptive v1,47,train:47:train/pick_heat_then_place_in_recep-Egg-None-GarbageCan-23/trial_T20190909_120243_252478/game.tw-pddl:0,0,train:47:train/pick_heat_then_place_in_recep-Egg-None-GarbageCan-23/trial_T20190909_120243_252478/game.tw-pddl:0,7,7,False,750
Adaptive v1,47,train:47:train/pick_two_obj_and_place-PepperShaker-None-Shelf-20/trial_T20190907_021648_434341/game.tw-pddl:0,0,train:47:train/pick_two_obj_and_place-PepperShaker-None-Shelf-20/trial_T20190907_021648_434341/game.tw-pddl:0,16,30,True,751
Adaptive v1,47,train:47:train/pick_two_obj_and_place-SprayBottle-None-GarbageCan-413/trial_T20190907_233227_626299/game.tw-pddl:0,0,train:47:train/pick_two_obj_and_place-SprayBottle-None-GarbageCan-413/trial_T20190907_233227_626299/game.tw-pddl:0,20,30,True,752
Adaptive v1,48,train:48:train/look_at_obj_in_light-CD-None-DeskLamp-316/trial_T20190909_114522_623490/game.tw-pddl:0,0,train:48:train/look_at_obj_in_light-CD-None-DeskLamp-316/trial_T20190909_114522_623490/game.tw-pddl:0,3,3,False,753
Adaptive v1,48,train:48:train/look_at_obj_in_light-CD-None-DeskLamp-316/trial_T20190909_114536_775689/game.tw-pddl:0,0,train:48:train/look_at_obj_in_light-CD-None-DeskLamp-316/trial_T20190909_114536_775689/game.tw-pddl:0,5,6,False,754
Adaptive v1,48,train:48:train/pick_and_place_simple-Book-None-Bed-312/trial_T20190908_103710_898411/game.tw-pddl:0,0,train:48:train/pick_and_place_simple-Book-None-Bed-312/trial_T20190908_103710_898411/game.tw-pddl:0,4,4,False,755
Adaptive v1,48,train:48:train/pick_clean_then_place_in_recep-SoapBar-None-CounterTop-418/trial_T20190908_161520_346247/game.tw-pddl:0,0,train:48:train/pick_clean_then_place_in_recep-SoapBar-None-CounterTop-418/trial_T20190908_161520_346247/game.tw-pddl:0,7,7,False,756
Adaptive v1,48,train:48:train/pick_clean_then_place_in_recep-SoapBar-None-Toilet-408/trial_T20190908_122506_504898/game.tw-pddl:0,0,train:48:train/pick_clean_then_place_in_recep-SoapBar-None-Toilet-408/trial_T20190908_122506_504898/game.tw-pddl:0,24,30,True,757
Adaptive v1,48,train:48:train/pick_cool_then_place_in_recep-Cup-None-Shelf-20/trial_T20190907_155120_145168/game.tw-pddl:0,0,train:48:train/pick_cool_then_place_in_recep-Cup-None-Shelf-20/trial_T20190907_155120_145168/game.tw-pddl:0,12,30,True,758
Adaptive v1,48,train:48:train/pick_heat_then_place_in_recep-Apple-None-Fridge-30/trial_T20190908_114805_189857/game.tw-pddl:0,0,train:48:train/pick_heat_then_place_in_recep-Apple-None-Fridge-30/trial_T20190908_114805_189857/game.tw-pddl:0,12,30,True,759
Adaptive v1,48,train:48:train/pick_heat_then_place_in_recep-Egg-None-CounterTop-8/trial_T20190907_065242_490083/game.tw-pddl:0,0,train:48:train/pick_heat_then_place_in_recep-Egg-None-CounterTop-8/trial_T20190907_065242_490083/game.tw-pddl:0,14,30,True,760
Adaptive v1,48,train:48:train/pick_heat_then_place_in_recep-Mug-None-CoffeeMachine-25/trial_T20190906_235727_560816/game.tw-pddl:0,0,train:48:train/pick_heat_then_place_in_recep-Mug-None-CoffeeMachine-25/trial_T20190906_235727_560816/game.tw-pddl:0,5,30,True,761
Adaptive v1,48,train:48:train/pick_heat_then_place_in_recep-Potato-None-CounterTop-19/trial_T20190909_152158_373637/game.tw-pddl:0,0,train:48:train/pick_heat_then_place_in_recep-Potato-None-CounterTop-19/trial_T20190909_152158_373637/game.tw-pddl:0,14,30,True,762
Adaptive v1,48,train:48:train/pick_heat_then_place_in_recep-Tomato-None-Fridge-19/trial_T20190909_152219_111684/game.tw-pddl:0,0,train:48:train/pick_heat_then_place_in_recep-Tomato-None-Fridge-19/trial_T20190909_152219_111684/game.tw-pddl:0,7,7,False,763
Adaptive v1,48,train:48:train/pick_heat_then_place_in_recep-Tomato-None-SideTable-3/trial_T20190907_140946_092791/game.tw-pddl:0,0,train:48:train/pick_heat_then_place_in_recep-Tomato-None-SideTable-3/trial_T20190907_140946_092791/game.tw-pddl:0,19,30,True,764
Adaptive v1,48,train:48:train/pick_two_obj_and_place-Book-None-Desk-313/trial_T20190908_130004_843126/game.tw-pddl:0,0,train:48:train/pick_two_obj_and_place-Book-None-Desk-313/trial_T20190908_130004_843126/game.tw-pddl:0,21,21,False,765
Adaptive v1,48,train:48:train/pick_two_obj_and_place-KeyChain-None-SideTable-311/trial_T20190908_065824_413543/game.tw-pddl:0,0,train:48:train/pick_two_obj_and_place-KeyChain-None-SideTable-311/trial_T20190908_065824_413543/game.tw-pddl:0,10,10,False,766
Adaptive v1,48,train:48:train/pick_two_obj_and_place-TissueBox-None-CoffeeTable-230/trial_T20190909_145741_748744/game.tw-pddl:0,0,train:48:train/pick_two_obj_and_place-TissueBox-None-CoffeeTable-230/trial_T20190909_145741_748744/game.tw-pddl:0,23,30,True,767
Adaptive v1,48,train:48:train/pick_two_obj_and_place-Vase-None-CoffeeTable-209/trial_T20190906_192158_361652/game.tw-pddl:0,0,train:48:train/pick_two_obj_and_place-Vase-None-CoffeeTable-209/trial_T20190906_192158_361652/game.tw-pddl:0,15,15,False,768
Adaptive v1,49,train:49:train/pick_and_place_simple-CreditCard-None-ArmChair-216/trial_T20190909_054954_990241/game.tw-pddl:0,0,train:49:train/pick_and_place_simple-CreditCard-None-ArmChair-216/trial_T20190909_054954_990241/game.tw-pddl:0,4,4,False,769
Adaptive v1,49,train:49:train/pick_and_place_simple-Pan-None-DiningTable-15/trial_T20190908_182429_612085/game.tw-pddl:0,0,train:49:train/pick_and_place_simple-Pan-None-DiningTable-15/trial_T20190908_182429_612085/game.tw-pddl:0,16,30,True,770
Adaptive v1,49,train:49:train/pick_and_place_simple-SoapBar-None-GarbageCan-416/trial_T20190908_020839_714699/game.tw-pddl:0,0,train:49:train/pick_and_place_simple-SoapBar-None-GarbageCan-416/trial_T20190908_020839_714699/game.tw-pddl:0,4,4,False,771
Adaptive v1,49,train:49:train/pick_and_place_simple-ToiletPaper-None-ToiletPaperHanger-409/trial_T20190907_152834_016179/game.tw-pddl:0,0,train:49:train/pick_and_place_simple-ToiletPaper-None-ToiletPaperHanger-409/trial_T20190907_152834_016179/game.tw-pddl:0,11,11,False,772
Adaptive v1,49,train:49:train/pick_and_place_simple-Tomato-None-Microwave-5/trial_T20190908_174001_568929/game.tw-pddl:0,0,train:49:train/pick_and_place_simple-Tomato-None-Microwave-5/trial_T20190908_174001_568929/game.tw-pddl:0,6,6,False,773
Adaptive v1,49,train:49:train/pick_clean_then_place_in_recep-Kettle-None-Shelf-1/trial_T20190906_182430_397766/game.tw-pddl:0,0,train:49:train/pick_clean_then_place_in_recep-Kettle-None-Shelf-1/trial_T20190906_182430_397766/game.tw-pddl:0,15,30,True,774
Adaptive v1,49,train:49:train/pick_clean_then_place_in_recep-Kettle-None-Shelf-1/trial_T20190906_182550_556437/game.tw-pddl:0,0,train:49:train/pick_clean_then_place_in_recep-Kettle-None-Shelf-1/trial_T20190906_182550_556437/game.tw-pddl:0,6,6,False,775
Adaptive v1,49,train:49:train/pick_clean_then_place_in_recep-Knife-None-Drawer-22/trial_T20190907_224827_746945/game.tw-pddl:0,0,train:49:train/pick_clean_then_place_in_recep-Knife-None-Drawer-22/trial_T20190907_224827_746945/game.tw-pddl:0,7,7,False,776
Adaptive v1,49,train:49:train/pick_clean_then_place_in_recep-Tomato-None-DiningTable-23/trial_T20190909_000808_543184/game.tw-pddl:0,0,train:49:train/pick_clean_then_place_in_recep-Tomato-None-DiningTable-23/trial_T20190909_000808_543184/game.tw-pddl:0,7,30,True,777
Adaptive v1,49,train:49:train/pick_cool_then_place_in_recep-Apple-None-DiningTable-16/trial_T20190909_075718_480016/game.tw-pddl:0,0,train:49:train/pick_cool_then_place_in_recep-Apple-None-DiningTable-16/trial_T20190909_075718_480016/game.tw-pddl:0,6,6,False,778
Adaptive v1,49,train:49:train/pick_cool_then_place_in_recep-Bread-None-CounterTop-7/trial_T20190909_021904_818116/game.tw-pddl:0,0,train:49:train/pick_cool_then_place_in_recep-Bread-None-CounterTop-7/trial_T20190909_021904_818116/game.tw-pddl:0,5,30,True,779
Adaptive v1,49,train:49:train/pick_cool_then_place_in_recep-Cup-None-Cabinet-4/trial_T20190906_214155_714827/game.tw-pddl:0,0,train:49:train/pick_cool_then_place_in_recep-Cup-None-Cabinet-4/trial_T20190906_214155_714827/game.tw-pddl:0,17,30,True,780
Adaptive v1,49,train:49:train/pick_two_obj_and_place-Book-None-Desk-310/trial_T20190906_202411_309576/game.tw-pddl:0,0,train:49:train/pick_two_obj_and_place-Book-None-Desk-310/trial_T20190906_202411_309576/game.tw-pddl:0,23,30,True,781
Adaptive v1,49,train:49:train/pick_two_obj_and_place-CellPhone-None-Bed-306/trial_T20190908_091940_573714/game.tw-pddl:0,0,train:49:train/pick_two_obj_and_place-CellPhone-None-Bed-306/trial_T20190908_091940_573714/game.tw-pddl:0,12,12,False,782
Adaptive v1,49,train:49:train/pick_two_obj_and_place-CreditCard-None-ArmChair-221/trial_T20190907_161543_309705/game.tw-pddl:0,0,train:49:train/pick_two_obj_and_place-CreditCard-None-ArmChair-221/trial_T20190907_161543_309705/game.tw-pddl:0,9,9,False,783
Adaptive v1,49,train:49:train/pick_two_obj_and_place-Vase-None-CoffeeTable-209/trial_T20190906_192228_459297/game.tw-pddl:0,0,train:49:train/pick_two_obj_and_place-Vase-None-CoffeeTable-209/trial_T20190906_192228_459297/game.tw-pddl:0,10,30,True,784
Adaptive v1,50,train:50:train/look_at_obj_in_light-Bowl-None-DeskLamp-323/trial_T20190908_024036_061391/game.tw-pddl:0,0,train:50:train/look_at_obj_in_light-Bowl-None-DeskLamp-323/trial_T20190908_024036_061391/game.tw-pddl:0,19,30,True,785
Adaptive v1,50,train:50:train/look_at_obj_in_light-CD-None-DeskLamp-327/trial_T20190909_065723_365410/game.tw-pddl:0,0,train:50:train/look_at_obj_in_light-CD-None-DeskLamp-327/trial_T20190909_065723_365410/game.tw-pddl:0,20,30,True,786
Adaptive v1,50,train:50:train/look_at_obj_in_light-Laptop-None-DeskLamp-323/trial_T20190908_014241_887170/game.tw-pddl:0,0,train:50:train/look_at_obj_in_light-Laptop-None-DeskLamp-323/trial_T20190908_014241_887170/game.tw-pddl:0,20,30,True,787
Adaptive v1,50,train:50:train/look_at_obj_in_light-Pencil-None-DeskLamp-306/trial_T20190907_235903_897904/game.tw-pddl:0,0,train:50:train/look_at_obj_in_light-Pencil-None-DeskLamp-306/trial_T20190907_235903_897904/game.tw-pddl:0,8,8,False,788
Adaptive v1,50,train:50:train/pick_and_place_simple-Pillow-None-Sofa-209/trial_T20190907_101320_162709/game.tw-pddl:0,0,train:50:train/pick_and_place_simple-Pillow-None-Sofa-209/trial_T20190907_101320_162709/game.tw-pddl:0,13,30,True,789
Adaptive v1,50,train:50:train/pick_and_place_simple-SprayBottle-None-Cabinet-403/trial_T20190908_220946_946277/game.tw-pddl:0,0,train:50:train/pick_and_place_simple-SprayBottle-None-Cabinet-403/trial_T20190908_220946_946277/game.tw-pddl:0,8,8,False,790
Adaptive v1,50,train:50:train/pick_clean_then_place_in_recep-Lettuce-None-CounterTop-16/trial_T20190909_051602_850428/game.tw-pddl:0,0,train:50:train/pick_clean_then_place_in_recep-Lettuce-None-CounterTop-16/trial_T20190909_051602_850428/game.tw-pddl:0,6,6,False,791
Adaptive v1,50,train:50:train/pick_cool_then_place_in_recep-Egg-None-CounterTop-27/trial_T20190909_002151_489665/game.tw-pddl:0,0,train:50:train/pick_cool_then_place_in_recep-Egg-None-CounterTop-27/trial_T20190909_002151_489665/game.tw-pddl:0,16,30,True,792
Adaptive v1,50,train:50:train/pick_heat_then_place_in_recep-Potato-None-Fridge-6/trial_T20190907_125630_644421/game.tw-pddl:0,0,train:50:train/pick_heat_then_place_in_recep-Potato-None-Fridge-6/trial_T20190907_125630_644421/game.tw-pddl:0,9,9,False,793
Adaptive v1,50,train:50:train/pick_heat_then_place_in_recep-Potato-None-GarbageCan-19/trial_T20190907_073005_559245/game.tw-pddl:0,0,train:50:train/pick_heat_then_place_in_recep-Potato-None-GarbageCan-19/trial_T20190907_073005_559245/game.tw-pddl:0,6,6,False,794
Adaptive v1,50,train:50:train/pick_two_obj_and_place-Candle-None-Drawer-409/trial_T20190909_060303_838571/game.tw-pddl:0,0,train:50:train/pick_two_obj_and_place-Candle-None-Drawer-409/trial_T20190909_060303_838571/game.tw-pddl:0,21,30,True,795
Adaptive v1,50,train:50:train/pick_two_obj_and_place-Newspaper-None-Sofa-201/trial_T20190918_190347_937339/game.tw-pddl:0,0,train:50:train/pick_two_obj_and_place-Newspaper-None-Sofa-201/trial_T20190918_190347_937339/game.tw-pddl:0,21,30,True,796
Adaptive v1,50,train:50:train/pick_two_obj_and_place-Newspaper-None-Sofa-222/trial_T20190908_144528_617567/game.tw-pddl:0,0,train:50:train/pick_two_obj_and_place-Newspaper-None-Sofa-222/trial_T20190908_144528_617567/game.tw-pddl:0,21,30,True,797
Adaptive v1,50,train:50:train/pick_two_obj_and_place-Pen-None-Shelf-320/trial_T20190907_174259_205684/game.tw-pddl:0,0,train:50:train/pick_two_obj_and_place-Pen-None-Shelf-320/trial_T20190907_174259_205684/game.tw-pddl:0,26,30,True,798
Adaptive v1,50,train:50:train/pick_two_obj_and_place-SoapBottle-None-CounterTop-411/trial_T20190907_111029_579247/game.tw-pddl:0,0,train:50:train/pick_two_obj_and_place-SoapBottle-None-CounterTop-411/trial_T20190907_111029_579247/game.tw-pddl:0,24,30,True,799
Adaptive v1,50,train:50:train/pick_two_obj_and_place-SoapBottle-None-GarbageCan-416/trial_T20190909_003049_760772/game.tw-pddl:0,0,train:50:train/pick_two_obj_and_place-SoapBottle-None-GarbageCan-416/trial_T20190909_003049_760772/game.tw-pddl:0,6,30,True,800
Adaptive v1,51,train:51:train/pick_and_place_simple-Candle-None-Toilet-405/trial_T20190908_131501_794150/game.tw-pddl:0,0,train:51:train/pick_and_place_simple-Candle-None-Toilet-405/trial_T20190908_131501_794150/game.tw-pddl:0,4,4,False,801
Adaptive v1,51,train:51:train/pick_and_place_simple-CellPhone-None-Drawer-302/trial_T20190907_235412_132976/game.tw-pddl:0,0,train:51:train/pick_and_place_simple-CellPhone-None-Drawer-302/trial_T20190907_235412_132976/game.tw-pddl:0,5,5,False,802
Adaptive v1,51,train:51:train/pick_and_place_simple-HandTowel-None-GarbageCan-423/trial_T20190907_025926_506401/game.tw-pddl:0,0,train:51:train/pick_and_place_simple-HandTowel-None-GarbageCan-423/trial_T20190907_025926_506401/game.tw-pddl:0,5,5,False,803
Adaptive v1,51,train:51:train/pick_and_place_simple-KeyChain-None-Ottoman-203/trial_T20190908_123648_878822/game.tw-pddl:0,0,train:51:train/pick_and_place_simple-KeyChain-None-Ottoman-203/trial_T20190908_123648_878822/game.tw-pddl:0,14,30,True,804
Adaptive v1,51,train:51:train/pick_and_place_simple-KeyChain-None-Sofa-208/trial_T20190909_065914_603852/game.tw-pddl:0,0,train:51:train/pick_and_place_simple-KeyChain-None-Sofa-208/trial_T20190909_065914_603852/game.tw-pddl:0,4,4,False,805
Adaptive v1,51,train:51:train/pick_and_place_simple-SoapBottle-None-GarbageCan-417/trial_T20190909_120149_080996/game.tw-pddl:0,0,train:51:train/pick_and_place_simple-SoapBottle-None-GarbageCan-417/trial_T20190909_120149_080996/game.tw-pddl:0,10,10,False,806
Adaptive v1,51,train:51:train/pick_and_place_simple-ToiletPaper-None-ToiletPaperHanger-421/trial_T20190906_182507_445544/game.tw-pddl:0,0,train:51:train/pick_and_place_simple-ToiletPaper-None-ToiletPaperHanger-421/trial_T20190906_182507_445544/game.tw-pddl:0,4,4,False,807
Adaptive v1,51,train:51:train/pick_clean_then_place_in_recep-Pan-None-StoveBurner-13/trial_T20190907_124141_480086/game.tw-pddl:0,0,train:51:train/pick_clean_then_place_in_recep-Pan-None-StoveBurner-13/trial_T20190907_124141_480086/game.tw-pddl:0,12,30,True,808
Adaptive v1,51,train:51:train/pick_cool_then_place_in_recep-Egg-None-Microwave-5/trial_T20190908_005812_214691/game.tw-pddl:0,0,train:51:train/pick_cool_then_place_in_recep-Egg-None-Microwave-5/trial_T20190908_005812_214691/game.tw-pddl:0,12,30,True,809
Adaptive v1,51,train:51:train/pick_heat_then_place_in_recep-Apple-None-Fridge-30/trial_T20190908_114730_041931/game.tw-pddl:0,0,train:51:train/pick_heat_then_place_in_recep-Apple-None-Fridge-30/trial_T20190908_114730_041931/game.tw-pddl:0,12,30,True,810
Adaptive v1,51,train:51:train/pick_heat_then_place_in_recep-Egg-None-SideTable-28/trial_T20190908_115607_419115/game.tw-pddl:0,0,train:51:train/pick_heat_then_place_in_recep-Egg-None-SideTable-28/trial_T20190908_115607_419115/game.tw-pddl:0,9,9,False,811
Adaptive v1,51,train:51:train/pick_heat_then_place_in_recep-Mug-None-Cabinet-11/trial_T20190908_073930_046570/game.tw-pddl:0,0,train:51:train/pick_heat_then_place_in_recep-Mug-None-Cabinet-11/trial_T20190908_073930_046570/game.tw-pddl:0,15,30,True,812
Adaptive v1,51,train:51:train/pick_two_obj_and_place-AlarmClock-None-Desk-304/trial_T20190910_105949_580836/game.tw-pddl:0,0,train:51:train/pick_two_obj_and_place-AlarmClock-None-Desk-304/trial_T20190910_105949_580836/game.tw-pddl:0,10,10,False,813
Adaptive v1,51,train:51:train/pick_two_obj_and_place-Cloth-None-Drawer-411/trial_T20190908_185944_363176/game.tw-pddl:0,0,train:51:train/pick_two_obj_and_place-Cloth-None-Drawer-411/trial_T20190908_185944_363176/game.tw-pddl:0,12,12,False,814
Adaptive v1,51,train:51:train/pick_two_obj_and_place-Spatula-None-Drawer-22/trial_T20190908_054430_044367/game.tw-pddl:0,0,train:51:train/pick_two_obj_and_place-Spatula-None-Drawer-22/trial_T20190908_054430_044367/game.tw-pddl:0,16,30,True,815
Adaptive v1,51,train:51:train/pick_two_obj_and_place-Spoon-None-SideTable-3/trial_T20190908_123354_660107/game.tw-pddl:0,0,train:51:train/pick_two_obj_and_place-Spoon-None-SideTable-3/trial_T20190908_123354_660107/game.tw-pddl:0,13,30,True,816
Adaptive v1,52,train:52:train/look_at_obj_in_light-CD-None-DeskLamp-306/trial_T20190906_221709_218020/game.tw-pddl:0,0,train:52:train/look_at_obj_in_light-CD-None-DeskLamp-306/trial_T20190906_221709_218020/game.tw-pddl:0,24,30,True,817
Adaptive v1,52,train:52:train/pick_and_place_simple-AlarmClock-None-Desk-310/trial_T20190908_002122_419694/game.tw-pddl:0,0,train:52:train/pick_and_place_simple-AlarmClock-None-Desk-310/trial_T20190908_002122_419694/game.tw-pddl:0,4,4,False,818
Adaptive v1,52,train:52:train/pick_and_place_simple-CD-None-Dresser-323/trial_T20190908_005542_694744/game.tw-pddl:0,0,train:52:train/pick_and_place_simple-CD-None-Dresser-323/trial_T20190908_005542_694744/game.tw-pddl:0,6,30,True,819
Adaptive v1,52,train:52:train/pick_and_place_simple-Pillow-None-Ottoman-208/trial_T20190906_172059_337617/game.tw-pddl:0,0,train:52:train/pick_and_place_simple-Pillow-None-Ottoman-208/trial_T20190906_172059_337617/game.tw-pddl:0,4,4,False,820
Adaptive v1,52,train:52:train/pick_and_place_simple-TissueBox-None-Dresser-301/trial_T20190906_221500_723697/game.tw-pddl:0,0,train:52:train/pick_and_place_simple-TissueBox-None-Dresser-301/trial_T20190906_221500_723697/game.tw-pddl:0,19,30,True,821
Adaptive v1,52,train:52:train/pick_clean_then_place_in_recep-Cup-None-Shelf-1/trial_T20190909_152013_462926/game.tw-pddl:0,0,train:52:train/pick_clean_then_place_in_recep-Cup-None-Shelf-1/trial_T20190909_152013_462926/game.tw-pddl:0,6,6,False,822
Adaptive v1,52,train:52:train/pick_clean_then_place_in_recep-Egg-None-DiningTable-24/trial_T20190918_202435_944015/game.tw-pddl:0,0,train:52:train/pick_clean_then_place_in_recep-Egg-None-DiningTable-24/trial_T20190918_202435_944015/game.tw-pddl:0,13,30,True,823
Adaptive v1,52,train:52:train/pick_clean_then_place_in_recep-Egg-None-GarbageCan-11/trial_T20190906_180918_337235/game.tw-pddl:0,0,train:52:train/pick_clean_then_place_in_recep-Egg-None-GarbageCan-11/trial_T20190906_180918_337235/game.tw-pddl:0,16,30,True,824
Adaptive v1,52,train:52:train/pick_clean_then_place_in_recep-Plate-None-Shelf-20/trial_T20190909_122703_549296/game.tw-pddl:0,0,train:52:train/pick_clean_then_place_in_recep-Plate-None-Shelf-20/trial_T20190909_122703_549296/game.tw-pddl:0,6,6,False,825
Adaptive v1,52,train:52:train/pick_clean_then_place_in_recep-SoapBar-None-Drawer-409/trial_T20190907_040444_600165/game.tw-pddl:0,0,train:52:train/pick_clean_then_place_in_recep-SoapBar-None-Drawer-409/trial_T20190907_040444_600165/game.tw-pddl:0,7,7,False,826
Adaptive v1,52,train:52:train/pick_heat_then_place_in_recep-Cup-None-Cabinet-30/trial_T20190906_200229_166300/game.tw-pddl:0,0,train:52:train/pick_heat_then_place_in_recep-Cup-None-Cabinet-30/trial_T20190906_200229_166300/game.tw-pddl:0,12,30,True,827
Adaptive v1,52,train:52:train/pick_heat_then_place_in_recep-Egg-None-CounterTop-8/trial_T20190907_065323_294877/game.tw-pddl:0,0,train:52:train/pick_heat_then_place_in_recep-Egg-None-CounterTop-8/trial_T20190907_065323_294877/game.tw-pddl:0,14,30,True,828
Adaptive v1,52,train:52:train/pick_heat_then_place_in_recep-Egg-None-GarbageCan-1/trial_T20190908_132914_241547/game.tw-pddl:0,0,train:52:train/pick_heat_then_place_in_recep-Egg-None-GarbageCan-1/trial_T20190908_132914_241547/game.tw-pddl:0,14,30,True,829
Adaptive v1,52,train:52:train/pick_heat_then_place_in_recep-Mug-None-CoffeeMachine-7/trial_T20190908_134328_888805/game.tw-pddl:0,0,train:52:train/pick_heat_then_place_in_recep-Mug-None-CoffeeMachine-7/trial_T20190908_134328_888805/game.tw-pddl:0,15,30,True,830
Adaptive v1,52,train:52:train/pick_two_obj_and_place-CD-None-Drawer-319/trial_T20190907_145515_348252/game.tw-pddl:0,0,train:52:train/pick_two_obj_and_place-CD-None-Drawer-319/trial_T20190907_145515_348252/game.tw-pddl:0,13,13,False,831
Adaptive v1,52,train:52:train/pick_two_obj_and_place-HandTowel-None-Toilet-418/trial_T20190907_072743_090195/game.tw-pddl:0,0,train:52:train/pick_two_obj_and_place-HandTowel-None-Toilet-418/trial_T20190907_072743_090195/game.tw-pddl:0,9,9,False,832
Adaptive v1,53,train:53:train/look_at_obj_in_light-Book-None-DeskLamp-306/trial_T20190908_035303_350876/game.tw-pddl:0,0,train:53:train/look_at_obj_in_light-Book-None-DeskLamp-306/trial_T20190908_035303_350876/game.tw-pddl:0,3,3,False,833
Adaptive v1,53,train:53:train/look_at_obj_in_light-Mug-None-DeskLamp-301/trial_T20190908_045036_103114/game.tw-pddl:0,0,train:53:train/look_at_obj_in_light-Mug-None-DeskLamp-301/trial_T20190908_045036_103114/game.tw-pddl:0,7,7,False,834
Adaptive v1,53,train:53:train/look_at_obj_in_light-Statue-None-DeskLamp-304/trial_T20190909_011855_674463/game.tw-pddl:0,0,train:53:train/look_at_obj_in_light-Statue-None-DeskLamp-304/trial_T20190909_011855_674463/game.tw-pddl:0,22,30,True,835
Adaptive v1,53,train:53:train/pick_and_place_simple-CD-None-Shelf-330/trial_T20190906_201328_424086/game.tw-pddl:0,0,train:53:train/pick_and_place_simple-CD-None-Shelf-330/trial_T20190906_201328_424086/game.tw-pddl:0,4,4,False,836
Adaptive v1,53,train:53:train/pick_clean_then_place_in_recep-Ladle-None-Cabinet-20/trial_T20190907_195107_986651/game.tw-pddl:0,0,train:53:train/pick_clean_then_place_in_recep-Ladle-None-Cabinet-20/trial_T20190907_195107_986651/game.tw-pddl:0,17,30,True,837
Adaptive v1,53,train:53:train/pick_clean_then_place_in_recep-Ladle-None-Drawer-27/trial_T20190906_211430_653311/game.tw-pddl:0,0,train:53:train/pick_clean_then_place_in_recep-Ladle-None-Drawer-27/trial_T20190906_211430_653311/game.tw-pddl:0,7,7,False,838
Adaptive v1,53,train:53:train/pick_clean_then_place_in_recep-Pan-None-StoveBurner-5/trial_T20190907_124309_833040/game.tw-pddl:0,0,train:53:train/pick_clean_then_place_in_recep-Pan-None-StoveBurner-5/trial_T20190907_124309_833040/game.tw-pddl:0,7,30,True,839
Adaptive v1,53,train:53:train/pick_cool_then_place_in_recep-Mug-None-CoffeeMachine-19/trial_T20190907_161939_351495/game.tw-pddl:0,0,train:53:train/pick_cool_then_place_in_recep-Mug-None-CoffeeMachine-19/trial_T20190907_161939_351495/game.tw-pddl:0,4,4,False,840
Adaptive v1,53,train:53:train/pick_cool_then_place_in_recep-Pot-None-StoveBurner-5/trial_T20190907_153222_495628/game.tw-pddl:0,0,train:53:train/pick_cool_then_place_in_recep-Pot-None-StoveBurner-5/trial_T20190907_153222_495628/game.tw-pddl:0,13,30,True,841
Adaptive v1,53,train:53:train/pick_heat_then_place_in_recep-Apple-None-GarbageCan-18/trial_T20190909_080831_292110/game.tw-pddl:0,0,train:53:train/pick_heat_then_place_in_recep-Apple-None-GarbageCan-18/trial_T20190909_080831_292110/game.tw-pddl:0,13,30,True,842
Adaptive v1,53,train:53:train/pick_heat_then_place_in_recep-Potato-None-Fridge-2/trial_T20190909_030720_576619/game.tw-pddl:0,0,train:53:train/pick_heat_then_place_in_recep-Potato-None-Fridge-2/trial_T20190909_030720_576619/game.tw-pddl:0,16,30,True,843
Adaptive v1,53,train:53:train/pick_heat_then_place_in_recep-Tomato-None-Fridge-14/trial_T20190908_091739_178133/game.tw-pddl:0,0,train:53:train/pick_heat_then_place_in_recep-Tomato-None-Fridge-14/trial_T20190908_091739_178133/game.tw-pddl:0,20,30,True,844
Adaptive v1,53,train:53:train/pick_two_obj_and_place-CD-None-Dresser-303/trial_T20190908_085703_053950/game.tw-pddl:0,0,train:53:train/pick_two_obj_and_place-CD-None-Dresser-303/trial_T20190908_085703_053950/game.tw-pddl:0,8,8,False,845
Adaptive v1,53,train:53:train/pick_two_obj_and_place-Newspaper-None-Sofa-214/trial_T20190909_102409_989948/game.tw-pddl:0,0,train:53:train/pick_two_obj_and_place-Newspaper-None-Sofa-214/trial_T20190909_102409_989948/game.tw-pddl:0,9,9,False,846
Adaptive v1,53,train:53:train/pick_two_obj_and_place-SaltShaker-None-Drawer-15/trial_T20190909_021233_263113/game.tw-pddl:0,0,train:53:train/pick_two_obj_and_place-SaltShaker-None-Drawer-15/trial_T20190909_021233_263113/game.tw-pddl:0,9,9,False,847
Adaptive v1,53,train:53:train/pick_two_obj_and_place-SprayBottle-None-GarbageCan-416/trial_T20190909_014108_782415/game.tw-pddl:0,0,train:53:train/pick_two_obj_and_place-SprayBottle-None-GarbageCan-416/trial_T20190909_014108_782415/game.tw-pddl:0,10,16,False,848
Adaptive v1,54,train:54:train/pick_and_place_simple-Mug-None-Dresser-311/trial_T20190909_152854_416951/game.tw-pddl:0,0,train:54:train/pick_and_place_simple-Mug-None-Dresser-311/trial_T20190909_152854_416951/game.tw-pddl:0,4,4,False,849
Adaptive v1,54,train:54:train/pick_clean_then_place_in_recep-Apple-None-DiningTable-4/trial_T20190918_193418_341390/game.tw-pddl:0,0,train:54:train/pick_clean_then_place_in_recep-Apple-None-DiningTable-4/trial_T20190918_193418_341390/game.tw-pddl:0,15,30,True,850
Adaptive v1,54,train:54:train/pick_clean_then_place_in_recep-Mug-None-CoffeeMachine-25/trial_T20190907_223942_379753/game.tw-pddl:0,0,train:54:train/pick_clean_then_place_in_recep-Mug-None-CoffeeMachine-25/trial_T20190907_223942_379753/game.tw-pddl:0,6,30,True,851
Adaptive v1,54,train:54:train/pick_cool_then_place_in_recep-Apple-None-Microwave-12/trial_T20190911_003046_688848/game.tw-pddl:0,0,train:54:train/pick_cool_then_place_in_recep-Apple-None-Microwave-12/trial_T20190911_003046_688848/game.tw-pddl:0,15,30,True,852
Adaptive v1,54,train:54:train/pick_cool_then_place_in_recep-Apple-None-Microwave-23/trial_T20190908_051157_836345/game.tw-pddl:0,0,train:54:train/pick_cool_then_place_in_recep-Apple-None-Microwave-23/trial_T20190908_051157_836345/game.tw-pddl:0,17,30,True,853
Adaptive v1,54,train:54:train/pick_cool_then_place_in_recep-Apple-None-Microwave-5/trial_T20190908_150735_669995/game.tw-pddl:0,0,train:54:train/pick_cool_then_place_in_recep-Apple-None-Microwave-5/trial_T20190908_150735_669995/game.tw-pddl:0,12,30,True,854
Adaptive v1,54,train:54:train/pick_cool_then_place_in_recep-Cup-None-Cabinet-12/trial_T20190909_102717_341286/game.tw-pddl:0,0,train:54:train/pick_cool_then_place_in_recep-Cup-None-Cabinet-12/trial_T20190909_102717_341286/game.tw-pddl:0,14,30,True,855
Adaptive v1,54,train:54:train/pick_cool_then_place_in_recep-Lettuce-None-GarbageCan-27/trial_T20190908_125631_662481/game.tw-pddl:0,0,train:54:train/pick_cool_then_place_in_recep-Lettuce-None-GarbageCan-27/trial_T20190908_125631_662481/game.tw-pddl:0,16,30,True,856
Adaptive v1,54,train:54:train/pick_cool_then_place_in_recep-Pot-None-CounterTop-1/trial_T20190909_124252_504581/game.tw-pddl:0,0,train:54:train/pick_cool_then_place_in_recep-Pot-None-CounterTop-1/trial_T20190909_124252_504581/game.tw-pddl:0,14,30,True,857
Adaptive v1,54,train:54:train/pick_heat_then_place_in_recep-Egg-None-DiningTable-11/trial_T20190907_125404_996063/game.tw-pddl:0,0,train:54:train/pick_heat_then_place_in_recep-Egg-None-DiningTable-11/trial_T20190907_125404_996063/game.tw-pddl:0,6,30,True,858
Adaptive v1,54,train:54:train/pick_heat_then_place_in_recep-Mug-None-CoffeeMachine-12/trial_T20190907_034213_294818/game.tw-pddl:0,0,train:54:train/pick_heat_then_place_in_recep-Mug-None-CoffeeMachine-12/trial_T20190907_034213_294818/game.tw-pddl:0,16,30,True,859
Adaptive v1,54,train:54:train/pick_heat_then_place_in_recep-Potato-None-GarbageCan-12/trial_T20190907_125547_175997/game.tw-pddl:0,0,train:54:train/pick_heat_then_place_in_recep-Potato-None-GarbageCan-12/trial_T20190907_125547_175997/game.tw-pddl:0,7,7,False,860
Adaptive v1,54,train:54:train/pick_two_obj_and_place-AlarmClock-None-Desk-307/trial_T20190907_013719_752378/game.tw-pddl:0,0,train:54:train/pick_two_obj_and_place-AlarmClock-None-Desk-307/trial_T20190907_013719_752378/game.tw-pddl:0,9,9,False,861
Adaptive v1,54,train:54:train/pick_two_obj_and_place-Bread-None-Fridge-7/trial_T20190907_101103_987850/game.tw-pddl:0,0,train:54:train/pick_two_obj_and_place-Bread-None-Fridge-7/trial_T20190907_101103_987850/game.tw-pddl:0,15,30,True,862
Adaptive v1,54,train:54:train/pick_two_obj_and_place-SoapBottle-None-GarbageCan-418/trial_T20190909_071048_747815/game.tw-pddl:0,0,train:54:train/pick_two_obj_and_place-SoapBottle-None-GarbageCan-418/trial_T20190909_071048_747815/game.tw-pddl:0,8,8,False,863
Adaptive v1,54,train:54:train/pick_two_obj_and_place-TissueBox-None-SideTable-321/trial_T20190908_025939_647835/game.tw-pddl:0,0,train:54:train/pick_two_obj_and_place-TissueBox-None-SideTable-321/trial_T20190908_025939_647835/game.tw-pddl:0,23,30,True,864
Adaptive v1,55,train:55:train/look_at_obj_in_light-CD-None-DeskLamp-319/trial_T20190909_114559_982060/game.tw-pddl:0,0,train:55:train/look_at_obj_in_light-CD-None-DeskLamp-319/trial_T20190909_114559_982060/game.tw-pddl:0,18,30,True,865
Adaptive v1,55,train:55:train/pick_and_place_simple-Book-None-Desk-310/trial_T20190909_121806_908997/game.tw-pddl:0,0,train:55:train/pick_and_place_simple-Book-None-Desk-310/trial_T20190909_121806_908997/game.tw-pddl:0,6,6,False,866
Adaptive v1,55,train:55:train/pick_and_place_simple-TissueBox-None-GarbageCan-427/trial_T20190907_173938_199609/game.tw-pddl:0,0,train:55:train/pick_and_place_simple-TissueBox-None-GarbageCan-427/trial_T20190907_173938_199609/game.tw-pddl:0,4,4,False,867
Adaptive v1,55,train:55:train/pick_and_place_simple-TissueBox-None-Toilet-426/trial_T20190910_155223_311292/game.tw-pddl:0,0,train:55:train/pick_and_place_simple-TissueBox-None-Toilet-426/trial_T20190910_155223_311292/game.tw-pddl:0,4,4,False,868
Adaptive v1,55,train:55:train/pick_clean_then_place_in_recep-Apple-None-DiningTable-19/trial_T20190907_230051_730842/game.tw-pddl:0,0,train:55:train/pick_clean_then_place_in_recep-Apple-None-DiningTable-19/trial_T20190907_230051_730842/game.tw-pddl:0,7,7,False,869
Adaptive v1,55,train:55:train/pick_clean_then_place_in_recep-Bowl-None-Microwave-30/trial_T20190907_063817_005458/game.tw-pddl:0,0,train:55:train/pick_clean_then_place_in_recep-Bowl-None-Microwave-30/trial_T20190907_063817_005458/game.tw-pddl:0,8,8,False,870
Adaptive v1,55,train:55:train/pick_clean_then_place_in_recep-Kettle-None-Cabinet-3/trial_T20190909_151546_297502/game.tw-pddl:0,0,train:55:train/pick_clean_then_place_in_recep-Kettle-None-Cabinet-3/trial_T20190909_151546_297502/game.tw-pddl:0,16,30,True,871
Adaptive v1,55,train:55:train/pick_clean_then_place_in_recep-Kettle-None-DiningTable-17/trial_T20190909_023408_359277/game.tw-pddl:0,0,train:55:train/pick_clean_then_place_in_recep-Kettle-None-DiningTable-17/trial_T20190909_023408_359277/game.tw-pddl:0,9,9,False,872
Adaptive v1,55,train:55:train/pick_clean_then_place_in_recep-Knife-None-Drawer-2/trial_T20190909_141716_738835/game.tw-pddl:0,0,train:55:train/pick_clean_then_place_in_recep-Knife-None-Drawer-2/trial_T20190909_141716_738835/game.tw-pddl:0,7,7,False,873
Adaptive v1,55,train:55:train/pick_cool_then_place_in_recep-Bread-None-CounterTop-11/trial_T20190908_030106_508574/game.tw-pddl:0,0,train:55:train/pick_cool_then_place_in_recep-Bread-None-CounterTop-11/trial_T20190908_030106_508574/game.tw-pddl:0,6,6,False,874
Adaptive v1,55,train:55:train/pick_heat_then_place_in_recep-Bread-None-CounterTop-15/trial_T20190907_000330_272060/game.tw-pddl:0,0,train:55:train/pick_heat_then_place_in_recep-Bread-None-CounterTop-15/trial_T20190907_000330_272060/game.tw-pddl:0,6,6,False,875
Adaptive v1,55,train:55:train/pick_heat_then_place_in_recep-Mug-None-Cabinet-21/trial_T20190909_063844_086301/game.tw-pddl:0,0,train:55:train/pick_heat_then_place_in_recep-Mug-None-Cabinet-21/trial_T20190909_063844_086301/game.tw-pddl:0,18,30,True,876
Adaptive v1,55,train:55:train/pick_two_obj_and_place-Book-None-Bed-328/trial_T20190907_060413_124569/game.tw-pddl:0,0,train:55:train/pick_two_obj_and_place-Book-None-Bed-328/trial_T20190907_060413_124569/game.tw-pddl:0,9,30,True,877
Adaptive v1,55,train:55:train/pick_two_obj_and_place-CellPhone-None-Bed-324/trial_T20190907_143501_605409/game.tw-pddl:0,0,train:55:train/pick_two_obj_and_place-CellPhone-None-Bed-324/trial_T20190907_143501_605409/game.tw-pddl:0,20,30,True,878
Adaptive v1,55,train:55:train/pick_two_obj_and_place-HandTowel-None-Toilet-427/trial_T20190909_030304_583247/game.tw-pddl:0,0,train:55:train/pick_two_obj_and_place-HandTowel-None-Toilet-427/trial_T20190909_030304_583247/game.tw-pddl:0,7,30,True,879
Adaptive v1,55,train:55:train/pick_two_obj_and_place-TissueBox-None-Drawer-216/trial_T20190908_150538_803804/game.tw-pddl:0,0,train:55:train/pick_two_obj_and_place-TissueBox-None-Drawer-216/trial_T20190908_150538_803804/game.tw-pddl:0,17,30,True,880
Adaptive v1,56,train:56:train/look_at_obj_in_light-Book-None-DeskLamp-302/trial_T20190909_085155_106731/game.tw-pddl:0,0,train:56:train/look_at_obj_in_light-Book-None-DeskLamp-302/trial_T20190909_085155_106731/game.tw-pddl:0,23,30,True,881
Adaptive v1,56,train:56:train/pick_and_place_simple-Pencil-None-Shelf-313/trial_T20190908_182722_927182/game.tw-pddl:0,0,train:56:train/pick_and_place_simple-Pencil-None-Shelf-313/trial_T20190908_182722_927182/game.tw-pddl:0,8,8,False,882
Adaptive v1,56,train:56:train/pick_and_place_simple-SoapBottle-None-Cabinet-414/trial_T20190908_110154_865314/game.tw-pddl:0,0,train:56:train/pick_and_place_simple-SoapBottle-None-Cabinet-414/trial_T20190908_110154_865314/game.tw-pddl:0,16,16,False,883
Adaptive v1,56,train:56:train/pick_and_place_simple-Statue-None-SideTable-214/trial_T20190909_035314_885391/game.tw-pddl:0,0,train:56:train/pick_and_place_simple-Statue-None-SideTable-214/trial_T20190909_035314_885391/game.tw-pddl:0,4,4,False,884
Adaptive v1,56,train:56:train/pick_and_place_simple-ToiletPaper-None-ToiletPaperHanger-427/trial_T20190908_121628_520773/game.tw-pddl:0,0,train:56:train/pick_and_place_simple-ToiletPaper-None-ToiletPaperHanger-427/trial_T20190908_121628_520773/game.tw-pddl:0,4,4,False,885
Adaptive v1,56,train:56:train/pick_clean_then_place_in_recep-Bowl-None-Fridge-21/trial_T20190909_014336_206275/game.tw-pddl:0,0,train:56:train/pick_clean_then_place_in_recep-Bowl-None-Fridge-21/trial_T20190909_014336_206275/game.tw-pddl:0,12,12,False,886
Adaptive v1,56,train:56:train/pick_clean_then_place_in_recep-Bowl-None-Shelf-1/trial_T20190909_070230_620351/game.tw-pddl:0,0,train:56:train/pick_clean_then_place_in_recep-Bowl-None-Shelf-1/trial_T20190909_070230_620351/game.tw-pddl:0,6,6,False,887
Adaptive v1,56,train:56:train/pick_clean_then_place_in_recep-Ladle-None-Cabinet-2/trial_T20190908_220534_690455/game.tw-pddl:0,0,train:56:train/pick_clean_then_place_in_recep-Ladle-None-Cabinet-2/trial_T20190908_220534_690455/game.tw-pddl:0,15,30,True,888
Adaptive v1,56,train:56:train/pick_clean_then_place_in_recep-Lettuce-None-GarbageCan-17/trial_T20190907_163631_504901/game.tw-pddl:0,0,train:56:train/pick_clean_then_place_in_recep-Lettuce-None-GarbageCan-17/trial_T20190907_163631_504901/game.tw-pddl:0,9,30,True,889
Adaptive v1,56,train:56:train/pick_cool_then_place_in_recep-Mug-None-CoffeeMachine-13/trial_T20190906_211053_519833/game.tw-pddl:0,0,train:56:train/pick_cool_then_place_in_recep-Mug-None-CoffeeMachine-13/trial_T20190906_211053_519833/game.tw-pddl:0,12,30,True,890
Adaptive v1,56,train:56:train/pick_cool_then_place_in_recep-Plate-None-DiningTable-17/trial_T20190909_123033_744929/game.tw-pddl:0,0,train:56:train/pick_cool_then_place_in_recep-Plate-None-DiningTable-17/trial_T20190909_123033_744929/game.tw-pddl:0,9,30,True,891
Adaptive v1,56,train:56:train/pick_heat_then_place_in_recep-Egg-None-Fridge-17/trial_T20190909_130835_721326/game.tw-pddl:0,0,train:56:train/pick_heat_then_place_in_recep-Egg-None-Fridge-17/trial_T20190909_130835_721326/game.tw-pddl:0,12,30,True,892
Adaptive v1,56,train:56:train/pick_two_obj_and_place-KeyChain-None-Drawer-307/trial_T20190919_014613_455486/game.tw-pddl:0,0,train:56:train/pick_two_obj_and_place-KeyChain-None-Drawer-307/trial_T20190919_014613_455486/game.tw-pddl:0,25,30,True,893
Adaptive v1,56,train:56:train/pick_two_obj_and_place-Lettuce-None-Fridge-1/trial_T20190918_213438_348886/game.tw-pddl:0,0,train:56:train/pick_two_obj_and_place-Lettuce-None-Fridge-1/trial_T20190918_213438_348886/game.tw-pddl:0,15,30,True,894
Adaptive v1,56,train:56:train/pick_two_obj_and_place-PepperShaker-None-Cabinet-8/trial_T20190907_193130_885033/game.tw-pddl:0,0,train:56:train/pick_two_obj_and_place-PepperShaker-None-Cabinet-8/trial_T20190907_193130_885033/game.tw-pddl:0,10,30,True,895
Adaptive v1,56,train:56:train/pick_two_obj_and_place-SoapBottle-None-Cabinet-417/trial_T20190909_122015_285026/game.tw-pddl:0,0,train:56:train/pick_two_obj_and_place-SoapBottle-None-Cabinet-417/trial_T20190909_122015_285026/game.tw-pddl:0,25,30,True,896
Adaptive v1,57,train:57:train/look_at_obj_in_light-Book-None-DeskLamp-328/trial_T20190908_062949_158183/game.tw-pddl:0,0,train:57:train/look_at_obj_in_light-Book-None-DeskLamp-328/trial_T20190908_062949_158183/game.tw-pddl:0,15,15,False,897
Adaptive v1,57,train:57:train/pick_and_place_simple-Bowl-None-Fridge-6/trial_T20190906_231042_118272/game.tw-pddl:0,0,train:57:train/pick_and_place_simple-Bowl-None-Fridge-6/trial_T20190906_231042_118272/game.tw-pddl:0,10,10,False,898
Adaptive v1,57,train:57:train/pick_and_place_simple-SoapBottle-None-Toilet-412/trial_T20190907_133810_532978/game.tw-pddl:0,0,train:57:train/pick_and_place_simple-SoapBottle-None-Toilet-412/trial_T20190907_133810_532978/game.tw-pddl:0,4,4,False,899
Adaptive v1,57,train:57:train/pick_and_place_simple-Statue-None-Dresser-319/trial_T20190909_122415_877633/game.tw-pddl:0,0,train:57:train/pick_and_place_simple-Statue-None-Dresser-319/trial_T20190909_122415_877633/game.tw-pddl:0,4,4,False,900
Adaptive v1,57,train:57:train/pick_and_place_simple-TissueBox-None-GarbageCan-427/trial_T20190907_173833_468791/game.tw-pddl:0,0,train:57:train/pick_and_place_simple-TissueBox-None-GarbageCan-427/trial_T20190907_173833_468791/game.tw-pddl:0,4,4,False,901
Adaptive v1,57,train:57:train/pick_clean_then_place_in_recep-Cloth-None-Shelf-415/trial_T20190909_051848_377511/game.tw-pddl:0,0,train:57:train/pick_clean_then_place_in_recep-Cloth-None-Shelf-415/trial_T20190909_051848_377511/game.tw-pddl:0,6,6,False,902
Adaptive v1,57,train:57:train/pick_clean_then_place_in_recep-DishSponge-None-Shelf-1/trial_T20190908_114005_852221/game.tw-pddl:0,0,train:57:train/pick_clean_then_place_in_recep-DishSponge-None-Shelf-1/trial_T20190908_114005_852221/game.tw-pddl:0,15,30,True,903
Adaptive v1,57,train:57:train/pick_clean_then_place_in_recep-Pan-None-StoveBurner-2/trial_T20190906_215744_388781/game.tw-pddl:0,0,train:57:train/pick_clean_then_place_in_recep-Pan-None-StoveBurner-2/trial_T20190906_215744_388781/game.tw-pddl:0,14,30,True,904
Adaptive v1,57,train:57:train/pick_cool_then_place_in_recep-Bowl-None-Shelf-5/trial_T20190907_170219_219243/game.tw-pddl:0,0,train:57:train/pick_cool_then_place_in_recep-Bowl-None-Shelf-5/trial_T20190907_170219_219243/game.tw-pddl:0,13,30,True,905
Adaptive v1,57,train:57:train/pick_cool_then_place_in_recep-Lettuce-None-CounterTop-22/trial_T20190908_084527_001326/game.tw-pddl:0,0,train:57:train/pick_cool_then_place_in_recep-Lettuce-None-CounterTop-22/trial_T20190908_084527_001326/game.tw-pddl:0,10,10,False,906
Adaptive v1,57,train:57:train/pick_cool_then_place_in_recep-Mug-None-CoffeeMachine-2/trial_T20190907_044037_341047/game.tw-pddl:0,0,train:57:train/pick_cool_then_place_in_recep-Mug-None-CoffeeMachine-2/trial_T20190907_044037_341047/game.tw-pddl:0,4,4,False,907
Adaptive v1,57,train:57:train/pick_cool_then_place_in_recep-WineBottle-None-DiningTable-16/trial_T20190906_202041_847876/game.tw-pddl:0,0,train:57:train/pick_cool_then_place_in_recep-WineBottle-None-DiningTable-16/trial_T20190906_202041_847876/game.tw-pddl:0,7,7,False,908
Adaptive v1,57,train:57:train/pick_heat_then_place_in_recep-Cup-None-CounterTop-14/trial_T20190908_215907_972581/game.tw-pddl:0,0,train:57:train/pick_heat_then_place_in_recep-Cup-None-CounterTop-14/trial_T20190908_215907_972581/game.tw-pddl:0,10,10,False,909
Adaptive v1,57,train:57:train/pick_heat_then_place_in_recep-Potato-None-Fridge-11/trial_T20190909_011417_612328/game.tw-pddl:0,0,train:57:train/pick_heat_then_place_in_recep-Potato-None-Fridge-11/trial_T20190909_011417_612328/game.tw-pddl:0,8,30,True,910
Adaptive v1,57,train:57:train/pick_two_obj_and_place-Book-None-Sofa-209/trial_T20190909_022559_688546/game.tw-pddl:0,0,train:57:train/pick_two_obj_and_place-Book-None-Sofa-209/trial_T20190909_022559_688546/game.tw-pddl:0,11,30,True,911
Adaptive v1,57,train:57:train/pick_two_obj_and_place-CellPhone-None-SideTable-310/trial_T20190908_123244_148243/game.tw-pddl:0,0,train:57:train/pick_two_obj_and_place-CellPhone-None-SideTable-310/trial_T20190908_123244_148243/game.tw-pddl:0,22,30,True,912
Adaptive v1,58,train:58:train/pick_and_place_simple-CellPhone-None-ArmChair-318/trial_T20190909_120109_366816/game.tw-pddl:0,0,train:58:train/pick_and_place_simple-CellPhone-None-ArmChair-318/trial_T20190909_120109_366816/game.tw-pddl:0,20,30,True,913
Adaptive v1,58,train:58:train/pick_and_place_simple-CellPhone-None-Bed-306/trial_T20190909_012648_481210/game.tw-pddl:0,0,train:58:train/pick_and_place_simple-CellPhone-None-Bed-306/trial_T20190909_012648_481210/game.tw-pddl:0,4,4,False,914
Adaptive v1,58,train:58:train/pick_and_place_simple-Pencil-None-SideTable-322/trial_T20190908_112657_423751/game.tw-pddl:0,0,train:58:train/pick_and_place_simple-Pencil-None-SideTable-322/trial_T20190908_112657_423751/game.tw-pddl:0,22,30,True,915
Adaptive v1,58,train:58:train/pick_and_place_simple-SprayBottle-None-GarbageCan-426/trial_T20190908_052125_206059/game.tw-pddl:0,0,train:58:train/pick_and_place_simple-SprayBottle-None-GarbageCan-426/trial_T20190908_052125_206059/game.tw-pddl:0,4,4,False,916
Adaptive v1,58,train:58:train/pick_clean_then_place_in_recep-Apple-None-Fridge-27/trial_T20190906_220837_406682/game.tw-pddl:0,0,train:58:train/pick_clean_then_place_in_recep-Apple-None-Fridge-27/trial_T20190906_220837_406682/game.tw-pddl:0,7,7,False,917
Adaptive v1,58,train:58:train/pick_clean_then_place_in_recep-DishSponge-None-Shelf-1/trial_T20190908_114031_740744/game.tw-pddl:0,0,train:58:train/pick_clean_then_place_in_recep-DishSponge-None-Shelf-1/trial_T20190908_114031_740744/game.tw-pddl:0,6,6,False,918
Adaptive v1,58,train:58:train/pick_clean_then_place_in_recep-Kettle-None-StoveBurner-3/trial_T20190907_054250_215208/game.tw-pddl:0,0,train:58:train/pick_clean_then_place_in_recep-Kettle-None-StoveBurner-3/trial_T20190907_054250_215208/game.tw-pddl:0,17,17,False,919
Adaptive v1,58,train:58:train/pick_clean_then_place_in_recep-Lettuce-None-DiningTable-20/trial_T20190906_191031_580163/game.tw-pddl:0,0,train:58:train/pick_clean_then_place_in_recep-Lettuce-None-DiningTable-20/trial_T20190906_191031_580163/game.tw-pddl:0,6,30,True,920
Adaptive v1,58,train:58:train/pick_clean_then_place_in_recep-Tomato-None-Microwave-15/trial_T20190908_180523_579767/game.tw-pddl:0,0,train:58:train/pick_clean_then_place_in_recep-Tomato-None-Microwave-15/trial_T20190908_180523_579767/game.tw-pddl:0,9,30,True,921
Adaptive v1,58,train:58:train/pick_cool_then_place_in_recep-Pot-None-StoveBurner-25/trial_T20190906_234540_010547/game.tw-pddl:0,0,train:58:train/pick_cool_then_place_in_recep-Pot-None-StoveBurner-25/trial_T20190906_234540_010547/game.tw-pddl:0,10,10,False,922
Adaptive v1,58,train:58:train/pick_cool_then_place_in_recep-WineBottle-None-Cabinet-17/trial_T20190907_064307_761115/game.tw-pddl:0,0,train:58:train/pick_cool_then_place_in_recep-WineBottle-None-Cabinet-17/trial_T20190907_064307_761115/game.tw-pddl:0,14,30,True,923
Adaptive v1,58,train:58:train/pick_two_obj_and_place-Pillow-None-Ottoman-208/trial_T20190908_091502_530886/game.tw-pddl:0,0,train:58:train/pick_two_obj_and_place-Pillow-None-Ottoman-208/trial_T20190908_091502_530886/game.tw-pddl:0,23,30,True,924
Adaptive v1,58,train:58:train/pick_two_obj_and_place-SoapBottle-None-Toilet-428/trial_T20190909_070317_650884/game.tw-pddl:0,0,train:58:train/pick_two_obj_and_place-SoapBottle-None-Toilet-428/trial_T20190909_070317_650884/game.tw-pddl:0,22,30,True,925
Adaptive v1,58,train:58:train/pick_two_obj_and_place-SprayBottle-None-Cabinet-417/trial_T20190909_112634_915921/game.tw-pddl:0,0,train:58:train/pick_two_obj_and_place-SprayBottle-None-Cabinet-417/trial_T20190909_112634_915921/game.tw-pddl:0,9,9,False,926
Adaptive v1,58,train:58:train/pick_two_obj_and_place-SprayBottle-None-Toilet-429/trial_T20190907_033916_156076/game.tw-pddl:0,0,train:58:train/pick_two_obj_and_place-SprayBottle-None-Toilet-429/trial_T20190907_033916_156076/game.tw-pddl:0,26,30,True,927
Adaptive v1,58,train:58:train/pick_two_obj_and_place-ToiletPaper-None-Shelf-415/trial_T20190908_172002_224650/game.tw-pddl:0,0,train:58:train/pick_two_obj_and_place-ToiletPaper-None-Shelf-415/trial_T20190908_172002_224650/game.tw-pddl:0,20,30,True,928
Adaptive v1,59,train:59:train/pick_and_place_simple-CD-None-DiningTable-311/trial_T20190908_071422_528388/game.tw-pddl:0,0,train:59:train/pick_and_place_simple-CD-None-DiningTable-311/trial_T20190908_071422_528388/game.tw-pddl:0,6,6,False,929
Adaptive v1,59,train:59:train/pick_and_place_simple-Pen-None-Shelf-330/trial_T20190908_145341_930096/game.tw-pddl:0,0,train:59:train/pick_and_place_simple-Pen-None-Shelf-330/trial_T20190908_145341_930096/game.tw-pddl:0,8,8,False,930
Adaptive v1,59,train:59:train/pick_and_place_simple-PepperShaker-None-Drawer-5/trial_T20190908_195258_714603/game.tw-pddl:0,0,train:59:train/pick_and_place_simple-PepperShaker-None-Drawer-5/trial_T20190908_195258_714603/game.tw-pddl:0,14,30,True,931
Adaptive v1,59,train:59:train/pick_and_place_simple-SoapBottle-None-GarbageCan-411/trial_T20190908_051601_537197/game.tw-pddl:0,0,train:59:train/pick_and_place_simple-SoapBottle-None-GarbageCan-411/trial_T20190908_051601_537197/game.tw-pddl:0,21,21,False,932
Adaptive v1,59,train:59:train/pick_and_place_simple-SprayBottle-None-Drawer-423/trial_T20190909_071948_483717/game.tw-pddl:0,0,train:59:train/pick_and_place_simple-SprayBottle-None-Drawer-423/trial_T20190909_071948_483717/game.tw-pddl:0,7,30,True,933
Adaptive v1,59,train:59:train/pick_clean_then_place_in_recep-Bowl-None-Fridge-21/trial_T20190909_014405_823537/game.tw-pddl:0,0,train:59:train/pick_clean_then_place_in_recep-Bowl-None-Fridge-21/trial_T20190909_014405_823537/game.tw-pddl:0,21,30,True,934
Adaptive v1,59,train:59:train/pick_clean_then_place_in_recep-ButterKnife-None-DiningTable-27/trial_T20190907_062827_740259/game.tw-pddl:0,0,train:59:train/pick_clean_then_place_in_recep-ButterKnife-None-DiningTable-27/trial_T20190907_062827_740259/game.tw-pddl:0,17,30,True,935
Adaptive v1,59,train:59:train/pick_clean_then_place_in_recep-Cloth-None-Toilet-408/trial_T20190906_221323_589436/game.tw-pddl:0,0,train:59:train/pick_clean_then_place_in_recep-Cloth-None-Toilet-408/trial_T20190906_221323_589436/game.tw-pddl:0,23,30,True,936
Adaptive v1,59,train:59:train/pick_clean_then_place_in_recep-Mug-None-CoffeeMachine-22/trial_T20190907_070833_092620/game.tw-pddl:0,0,train:59:train/pick_clean_then_place_in_recep-Mug-None-CoffeeMachine-22/trial_T20190907_070833_092620/game.tw-pddl:0,14,30,True,937
Adaptive v1,59,train:59:train/pick_cool_then_place_in_recep-Mug-None-Cabinet-1/trial_T20190907_161939_640141/game.tw-pddl:0,0,train:59:train/pick_cool_then_place_in_recep-Mug-None-Cabinet-1/trial_T20190907_161939_640141/game.tw-pddl:0,14,14,False,938
Adaptive v1,59,train:59:train/pick_cool_then_place_in_recep-Pot-None-DiningTable-21/trial_T20190909_004420_892970/game.tw-pddl:0,0,train:59:train/pick_cool_then_place_in_recep-Pot-None-DiningTable-21/trial_T20190909_004420_892970/game.tw-pddl:0,18,30,True,939
Adaptive v1,59,train:59:train/pick_cool_then_place_in_recep-Potato-None-DiningTable-19/trial_T20190908_010102_767060/game.tw-pddl:0,0,train:59:train/pick_cool_then_place_in_recep-Potato-None-DiningTable-19/trial_T20190908_010102_767060/game.tw-pddl:0,7,7,False,940
Adaptive v1,59,train:59:train/pick_heat_then_place_in_recep-Cup-None-SideTable-3/trial_T20190908_210949_409950/game.tw-pddl:0,0,train:59:train/pick_heat_then_place_in_recep-Cup-None-SideTable-3/trial_T20190908_210949_409950/game.tw-pddl:0,6,6,False,941
Adaptive v1,59,train:59:train/pick_heat_then_place_in_recep-Egg-None-Fridge-20/trial_T20190907_224507_776787/game.tw-pddl:0,0,train:59:train/pick_heat_then_place_in_recep-Egg-None-Fridge-20/trial_T20190907_224507_776787/game.tw-pddl:0,8,8,False,942
Adaptive v1,59,train:59:train/pick_two_obj_and_place-Potato-None-Microwave-8/trial_T20190906_235324_262455/game.tw-pddl:0,0,train:59:train/pick_two_obj_and_place-Potato-None-Microwave-8/trial_T20190906_235324_262455/game.tw-pddl:0,9,30,True,943
Adaptive v1,59,train:59:train/pick_two_obj_and_place-Spoon-None-Drawer-11/trial_T20190918_143344_541468/game.tw-pddl:0,0,train:59:train/pick_two_obj_and_place-Spoon-None-Drawer-11/trial_T20190918_143344_541468/game.tw-pddl:0,15,30,True,944
Adaptive v1,60,train:60:train/look_at_obj_in_light-Book-None-DeskLamp-305/trial_T20190908_215736_012696/game.tw-pddl:0,0,train:60:train/look_at_obj_in_light-Book-None-DeskLamp-305/trial_T20190908_215736_012696/game.tw-pddl:0,17,17,False,945
Adaptive v1,60,train:60:train/look_at_obj_in_light-Book-None-DeskLamp-309/trial_T20190907_175916_775742/game.tw-pddl:0,0,train:60:train/look_at_obj_in_light-Book-None-DeskLamp-309/trial_T20190907_175916_775742/game.tw-pddl:0,22,30,True,946
Adaptive v1,60,train:60:train/look_at_obj_in_light-Pen-None-DeskLamp-305/trial_T20190907_115838_075745/game.tw-pddl:0,0,train:60:train/look_at_obj_in_light-Pen-None-DeskLamp-305/trial_T20190907_115838_075745/game.tw-pddl:0,23,30,True,947
Adaptive v1,60,train:60:train/look_at_obj_in_light-Pencil-None-DeskLamp-320/trial_T20190908_143829_213070/game.tw-pddl:0,0,train:60:train/look_at_obj_in_light-Pencil-None-DeskLamp-320/trial_T20190908_143829_213070/game.tw-pddl:0,25,30,True,948
Adaptive v1,60,train:60:train/pick_and_place_simple-CD-None-Safe-317/trial_T20190918_155029_622888/game.tw-pddl:0,0,train:60:train/pick_and_place_simple-CD-None-Safe-317/trial_T20190918_155029_622888/game.tw-pddl:0,5,5,False,949
Adaptive v1,60,train:60:train/pick_and_place_simple-CellPhone-None-Drawer-302/trial_T20190907_235426_919624/game.tw-pddl:0,0,train:60:train/pick_and_place_simple-CellPhone-None-Drawer-302/trial_T20190907_235426_919624/game.tw-pddl:0,4,4,False,950
Adaptive v1,60,train:60:train/pick_clean_then_place_in_recep-Bowl-None-Cabinet-13/trial_T20190909_022903_509427/game.tw-pddl:0,0,train:60:train/pick_clean_then_place_in_recep-Bowl-None-Cabinet-13/trial_T20190909_022903_509427/game.tw-pddl:0,12,30,True,951
Adaptive v1,60,train:60:train/pick_clean_then_place_in_recep-ButterKnife-None-Drawer-11/trial_T20190906_215624_934684/game.tw-pddl:0,0,train:60:train/pick_clean_then_place_in_recep-ButterKnife-None-Drawer-11/trial_T20190906_215624_934684/game.tw-pddl:0,15,30,True,952
Adaptive v1,60,train:60:train/pick_clean_then_place_in_recep-Cloth-None-Drawer-416/trial_T20190908_040609_717998/game.tw-pddl:0,0,train:60:train/pick_clean_then_place_in_recep-Cloth-None-Drawer-416/trial_T20190908_040609_717998/game.tw-pddl:0,7,7,False,953
Adaptive v1,60,train:60:train/pick_clean_then_place_in_recep-Cup-None-Shelf-20/trial_T20190909_150550_335621/game.tw-pddl:0,0,train:60:train/pick_clean_then_place_in_recep-Cup-None-Shelf-20/trial_T20190909_150550_335621/game.tw-pddl:0,16,30,True,954
Adaptive v1,60,train:60:train/pick_cool_then_place_in_recep-Egg-None-CounterTop-12/trial_T20190907_151723_561742/game.tw-pddl:0,0,train:60:train/pick_cool_then_place_in_recep-Egg-None-CounterTop-12/trial_T20190907_151723_561742/game.tw-pddl:0,16,30,True,955
Adaptive v1,60,train:60:train/pick_heat_then_place_in_recep-Cup-None-Cabinet-13/trial_T20190908_123952_096976/game.tw-pddl:0,0,train:60:train/pick_heat_then_place_in_recep-Cup-None-Cabinet-13/trial_T20190908_123952_096976/game.tw-pddl:0,13,30,True,956
Adaptive v1,60,train:60:train/pick_heat_then_place_in_recep-Tomato-None-Fridge-15/trial_T20190909_020250_544216/game.tw-pddl:0,0,train:60:train/pick_heat_then_place_in_recep-Tomato-None-Fridge-15/trial_T20190909_020250_544216/game.tw-pddl:0,16,30,True,957
Adaptive v1,60,train:60:train/pick_two_obj_and_place-AlarmClock-None-Desk-316/trial_T20190911_000615_261264/game.tw-pddl:0,0,train:60:train/pick_two_obj_and_place-AlarmClock-None-Desk-316/trial_T20190911_000615_261264/game.tw-pddl:0,27,30,True,958
Adaptive v1,60,train:60:train/pick_two_obj_and_place-KeyChain-None-Dresser-318/trial_T20190910_175451_266121/game.tw-pddl:0,0,train:60:train/pick_two_obj_and_place-KeyChain-None-Dresser-318/trial_T20190910_175451_266121/game.tw-pddl:0,20,30,True,959
Adaptive v1,60,train:60:train/pick_two_obj_and_place-Mug-None-Desk-313/trial_T20190910_221407_110363/game.tw-pddl:0,0,train:60:train/pick_two_obj_and_place-Mug-None-Desk-313/trial_T20190910_221407_110363/game.tw-pddl:0,13,30,True,960
Adaptive v1,61,train:61:train/look_at_obj_in_light-Pencil-None-DeskLamp-304/trial_T20190908_235401_841357/game.tw-pddl:0,0,train:61:train/look_at_obj_in_light-Pencil-None-DeskLamp-304/trial_T20190908_235401_841357/game.tw-pddl:0,7,7,False,961
Adaptive v1,61,train:61:train/look_at_obj_in_light-Pencil-None-DeskLamp-319/trial_T20190908_135046_043056/game.tw-pddl:0,0,train:61:train/look_at_obj_in_light-Pencil-None-DeskLamp-319/trial_T20190908_135046_043056/game.tw-pddl:0,14,14,False,962
Adaptive v1,61,train:61:train/look_at_obj_in_light-Pillow-None-DeskLamp-323/trial_T20190908_053135_013146/game.tw-pddl:0,0,train:61:train/look_at_obj_in_light-Pillow-None-DeskLamp-323/trial_T20190908_053135_013146/game.tw-pddl:0,9,30,True,963
Adaptive v1,61,train:61:train/look_at_obj_in_light-Watch-None-DeskLamp-205/trial_T20190907_001919_953335/game.tw-pddl:0,0,train:61:train/look_at_obj_in_light-Watch-None-DeskLamp-205/trial_T20190907_001919_953335/game.tw-pddl:0,22,30,True,964
Adaptive v1,61,train:61:train/pick_and_place_simple-Candle-None-Toilet-402/trial_T20190909_150202_194037/game.tw-pddl:0,0,train:61:train/pick_and_place_simple-Candle-None-Toilet-402/trial_T20190909_150202_194037/game.tw-pddl:0,4,4,False,965
Adaptive v1,61,train:61:train/pick_and_place_simple-HandTowel-None-GarbageCan-420/trial_T20190908_153250_839048/game.tw-pddl:0,0,train:61:train/pick_and_place_simple-HandTowel-None-GarbageCan-420/trial_T20190908_153250_839048/game.tw-pddl:0,4,4,False,966
Adaptive v1,61,train:61:train/pick_and_place_simple-Pen-None-Shelf-319/trial_T20190907_203129_732698/game.tw-pddl:0,0,train:61:train/pick_and_place_simple-Pen-None-Shelf-319/trial_T20190907_203129_732698/game.tw-pddl:0,19,19,False,967
Adaptive v1,61,train:61:train/pick_and_place_simple-ToiletPaper-None-ToiletPaperHanger-410/trial_T20190907_021609_052545/game.tw-pddl:0,0,train:61:train/pick_and_place_simple-ToiletPaper-None-ToiletPaperHanger-410/trial_T20190907_021609_052545/game.tw-pddl:0,7,7,False,968
Adaptive v1,61,train:61:train/pick_clean_then_place_in_recep-Ladle-None-Cabinet-2/trial_T20190908_220613_638553/game.tw-pddl:0,0,train:61:train/pick_clean_then_place_in_recep-Ladle-None-Cabinet-2/trial_T20190908_220613_638553/game.tw-pddl:0,15,30,True,969
Adaptive v1,61,train:61:train/pick_clean_then_place_in_recep-SoapBar-None-GarbageCan-420/trial_T20190906_201001_681922/game.tw-pddl:0,0,train:61:train/pick_clean_then_place_in_recep-SoapBar-None-GarbageCan-420/trial_T20190906_201001_681922/game.tw-pddl:0,22,30,True,970
Adaptive v1,61,train:61:train/pick_cool_then_place_in_recep-Bowl-None-Cabinet-25/trial_T20190908_073356_031859/game.tw-pddl:0,0,train:61:train/pick_cool_then_place_in_recep-Bowl-None-Cabinet-25/trial_T20190908_073356_031859/game.tw-pddl:0,5,30,True,971
Adaptive v1,61,train:61:train/pick_cool_then_place_in_recep-Lettuce-None-DiningTable-15/trial_T20190909_040902_085686/game.tw-pddl:0,0,train:61:train/pick_cool_then_place_in_recep-Lettuce-None-DiningTable-15/trial_T20190909_040902_085686/game.tw-pddl:0,8,8,False,972
Adaptive v1,61,train:61:train/pick_cool_then_place_in_recep-Lettuce-None-DiningTable-18/trial_T20190909_122703_212954/game.tw-pddl:0,0,train:61:train/pick_cool_then_place_in_recep-Lettuce-None-DiningTable-18/trial_T20190909_122703_212954/game.tw-pddl:0,16,30,True,973
Adaptive v1,61,train:61:train/pick_cool_then_place_in_recep-Mug-None-CoffeeMachine-20/trial_T20190906_161428_039508/game.tw-pddl:0,0,train:61:train/pick_cool_then_place_in_recep-Mug-None-CoffeeMachine-20/trial_T20190906_161428_039508/game.tw-pddl:0,17,30,True,974
Adaptive v1,61,train:61:train/pick_heat_then_place_in_recep-Cup-None-Cabinet-27/trial_T20190908_124007_307383/game.tw-pddl:0,0,train:61:train/pick_heat_then_place_in_recep-Cup-None-Cabinet-27/trial_T20190908_124007_307383/game.tw-pddl:0,17,30,True,975
Adaptive v1,61,train:61:train/pick_heat_then_place_in_recep-Mug-None-Shelf-5/trial_T20190906_203924_704982/game.tw-pddl:0,0,train:61:train/pick_heat_then_place_in_recep-Mug-None-Shelf-5/trial_T20190906_203924_704982/game.tw-pddl:0,10,30,True,976
Adaptive v1,62,train:62:train/pick_and_place_simple-Book-None-CoffeeTable-229/trial_T20190908_125658_195646/game.tw-pddl:0,0,train:62:train/pick_and_place_simple-Book-None-CoffeeTable-229/trial_T20190908_125658_195646/game.tw-pddl:0,22,30,True,977
Adaptive v1,62,train:62:train/pick_and_place_simple-Candle-None-Toilet-419/trial_T20190908_042522_882708/game.tw-pddl:0,0,train:62:train/pick_and_place_simple-Candle-None-Toilet-419/trial_T20190908_042522_882708/game.tw-pddl:0,5,5,False,978
Adaptive v1,62,train:62:train/pick_and_place_simple-HandTowel-None-Cabinet-414/trial_T20190908_121415_819763/game.tw-pddl:0,0,train:62:train/pick_and_place_simple-HandTowel-None-Cabinet-414/trial_T20190908_121415_819763/game.tw-pddl:0,5,5,False,979
Adaptive v1,62,train:62:train/pick_and_place_simple-SprayBottle-None-CounterTop-421/trial_T20190907_152459_993909/game.tw-pddl:0,0,train:62:train/pick_and_place_simple-SprayBottle-None-CounterTop-421/trial_T20190907_152459_993909/game.tw-pddl:0,15,15,False,980
Adaptive v1,62,train:62:train/pick_clean_then_place_in_recep-Spoon-None-DiningTable-20/trial_T20190909_034736_199541/game.tw-pddl:0,0,train:62:train/pick_clean_then_place_in_recep-Spoon-None-DiningTable-20/trial_T20190909_034736_199541/game.tw-pddl:0,7,7,False,981
Adaptive v1,62,train:62:train/pick_cool_then_place_in_recep-Bowl-None-CounterTop-17/trial_T20190909_042203_048291/game.tw-pddl:0,0,train:62:train/pick_cool_then_place_in_recep-Bowl-None-CounterTop-17/trial_T20190909_042203_048291/game.tw-pddl:0,13,30,True,982
Adaptive v1,62,train:62:train/pick_cool_then_place_in_recep-Bread-None-CounterTop-11/trial_T20190907_185301_523291/game.tw-pddl:0,0,train:62:train/pick_cool_then_place_in_recep-Bread-None-CounterTop-11/trial_T20190907_185301_523291/game.tw-pddl:0,6,6,False,983
Adaptive v1,62,train:62:train/pick_cool_then_place_in_recep-Pot-None-CounterTop-17/trial_T20190908_235355_463197/game.tw-pddl:0,0,train:62:train/pick_cool_then_place_in_recep-Pot-None-CounterTop-17/trial_T20190908_235355_463197/game.tw-pddl:0,12,30,True,984
Adaptive v1,62,train:62:train/pick_heat_then_place_in_recep-Apple-None-CounterTop-30/trial_T20190908_103828_466550/game.tw-pddl:0,0,train:62:train/pick_heat_then_place_in_recep-Apple-None-CounterTop-30/trial_T20190908_103828_466550/game.tw-pddl:0,11,30,True,985
Adaptive v1,62,train:62:train/pick_heat_then_place_in_recep-Apple-None-Fridge-22/trial_T20190908_210251_592689/game.tw-pddl:0,0,train:62:train/pick_heat_then_place_in_recep-Apple-None-Fridge-22/trial_T20190908_210251_592689/game.tw-pddl:0,14,30,True,986
Adaptive v1,62,train:62:train/pick_heat_then_place_in_recep-Potato-None-GarbageCan-14/trial_T20190909_114015_210188/game.tw-pddl:0,0,train:62:train/pick_heat_then_place_in_recep-Potato-None-GarbageCan-14/trial_T20190909_114015_210188/game.tw-pddl:0,6,6,False,987
Adaptive v1,62,train:62:train/pick_two_obj_and_place-CD-None-Drawer-319/trial_T20190907_145438_983650/game.tw-pddl:0,0,train:62:train/pick_two_obj_and_place-CD-None-Drawer-319/trial_T20190907_145438_983650/game.tw-pddl:0,20,30,True,988
Adaptive v1,62,train:62:train/pick_two_obj_and_place-CreditCard-None-ArmChair-207/trial_T20190906_201649_171488/game.tw-pddl:0,0,train:62:train/pick_two_obj_and_place-CreditCard-None-ArmChair-207/trial_T20190906_201649_171488/game.tw-pddl:0,21,30,True,989
Adaptive v1,62,train:62:train/pick_two_obj_and_place-Kettle-None-Cabinet-3/trial_T20190908_121954_912027/game.tw-pddl:0,0,train:62:train/pick_two_obj_and_place-Kettle-None-Cabinet-3/trial_T20190908_121954_912027/game.tw-pddl:0,17,30,True,990
Adaptive v1,62,train:62:train/pick_two_obj_and_place-RemoteControl-None-ArmChair-220/trial_T20190906_190239_711417/game.tw-pddl:0,0,train:62:train/pick_two_obj_and_place-RemoteControl-None-ArmChair-220/trial_T20190906_190239_711417/game.tw-pddl:0,22,30,True,991
Adaptive v1,62,train:62:train/pick_two_obj_and_place-ToiletPaper-None-CounterTop-402/trial_T20190909_053732_822099/game.tw-pddl:0,0,train:62:train/pick_two_obj_and_place-ToiletPaper-None-CounterTop-402/trial_T20190909_053732_822099/game.tw-pddl:0,12,30,True,992
Adaptive v1,63,train:63:train/look_at_obj_in_light-Pillow-None-DeskLamp-306/trial_T20190909_075057_227880/game.tw-pddl:0,0,train:63:train/look_at_obj_in_light-Pillow-None-DeskLamp-306/trial_T20190909_075057_227880/game.tw-pddl:0,6,30,True,993
Adaptive v1,63,train:63:train/pick_and_place_simple-Book-None-ArmChair-209/trial_T20190909_091617_854251/game.tw-pddl:0,0,train:63:train/pick_and_place_simple-Book-None-ArmChair-209/trial_T20190909_091617_854251/game.tw-pddl:0,5,5,False,994
Adaptive v1,63,train:63:train/pick_and_place_simple-ButterKnife-None-Drawer-8/trial_T20190918_144431_864795/game.tw-pddl:0,0,train:63:train/pick_and_place_simple-ButterKnife-None-Drawer-8/trial_T20190918_144431_864795/game.tw-pddl:0,6,6,False,995
Adaptive v1,63,train:63:train/pick_and_place_simple-Kettle-None-StoveBurner-2/trial_T20190909_085833_355057/game.tw-pddl:0,0,train:63:train/pick_and_place_simple-Kettle-None-StoveBurner-2/trial_T20190909_085833_355057/game.tw-pddl:0,7,7,False,996
Adaptive v1,63,train:63:train/pick_and_place_simple-Laptop-None-Ottoman-210/trial_T20190909_021456_923505/game.tw-pddl:0,0,train:63:train/pick_and_place_simple-Laptop-None-Ottoman-210/trial_T20190909_021456_923505/game.tw-pddl:0,7,7,False,997
Adaptive v1,63,train:63:train/pick_and_place_simple-RemoteControl-None-Sofa-207/trial_T20190909_153653_822972/game.tw-pddl:0,0,train:63:train/pick_and_place_simple-RemoteControl-None-Sofa-207/trial_T20190909_153653_822972/game.tw-pddl:0,22,30,True,998
Adaptive v1,63,train:63:train/pick_and_place_simple-Statue-None-CoffeeTable-230/trial_T20190909_145138_877153/game.tw-pddl:0,0,train:63:train/pick_and_place_simple-Statue-None-CoffeeTable-230/trial_T20190909_145138_877153/game.tw-pddl:0,4,4,False,999
Adaptive v1,63,train:63:train/pick_clean_then_place_in_recep-Cloth-None-Toilet-413/trial_T20190908_175313_603765/game.tw-pddl:0,0,train:63:train/pick_clean_then_place_in_recep-Cloth-None-Toilet-413/trial_T20190908_175313_603765/game.tw-pddl:0,20,30,True,1000
Adaptive v1,63,train:63:train/pick_cool_then_place_in_recep-Apple-None-DiningTable-16/trial_T20190909_075758_248823/game.tw-pddl:0,0,train:63:train/pick_cool_then_place_in_recep-Apple-None-DiningTable-16/trial_T20190909_075758_248823/game.tw-pddl:0,12,30,True,1001
Adaptive v1,63,train:63:train/pick_heat_then_place_in_recep-Apple-None-SideTable-28/trial_T20190906_180710_251060/game.tw-pddl:0,0,train:63:train/pick_heat_then_place_in_recep-Apple-None-SideTable-28/trial_T20190906_180710_251060/game.tw-pddl:0,7,7,False,1002
Adaptive v1,63,train:63:train/pick_heat_then_place_in_recep-Mug-None-Cabinet-21/trial_T20190909_063742_966855/game.tw-pddl:0,0,train:63:train/pick_heat_then_place_in_recep-Mug-None-Cabinet-21/trial_T20190909_063742_966855/game.tw-pddl:0,17,30,True,1003
Adaptive v1,63,train:63:train/pick_heat_then_place_in_recep-Mug-None-CoffeeMachine-23/trial_T20190906_194121_936472/game.tw-pddl:0,0,train:63:train/pick_heat_then_place_in_recep-Mug-None-CoffeeMachine-23/trial_T20190906_194121_936472/game.tw-pddl:0,17,30,True,1004
Adaptive v1,63,train:63:train/pick_two_obj_and_place-HandTowel-None-CounterTop-418/trial_T20190909_102747_643981/game.tw-pddl:0,0,train:63:train/pick_two_obj_and_place-HandTowel-None-CounterTop-418/trial_T20190909_102747_643981/game.tw-pddl:0,23,30,True,1005
Adaptive v1,63,train:63:train/pick_two_obj_and_place-Newspaper-None-ArmChair-216/trial_T20190907_074138_151478/game.tw-pddl:0,0,train:63:train/pick_two_obj_and_place-Newspaper-None-ArmChair-216/trial_T20190907_074138_151478/game.tw-pddl:0,13,30,True,1006
Adaptive v1,63,train:63:train/pick_two_obj_and_place-SaltShaker-None-Cabinet-26/trial_T20190908_113329_390597/game.tw-pddl:0,0,train:63:train/pick_two_obj_and_place-SaltShaker-None-Cabinet-26/trial_T20190908_113329_390597/game.tw-pddl:0,9,9,False,1007
Adaptive v1,63,train:63:train/pick_two_obj_and_place-SprayBottle-None-Toilet-417/trial_T20190908_071724_127813/game.tw-pddl:0,0,train:63:train/pick_two_obj_and_place-SprayBottle-None-Toilet-417/trial_T20190908_071724_127813/game.tw-pddl:0,22,30,True,1008
Adaptive v1,64,train:64:train/look_at_obj_in_light-AlarmClock-None-DeskLamp-304/trial_T20190907_170615_242578/game.tw-pddl:0,0,train:64:train/look_at_obj_in_light-AlarmClock-None-DeskLamp-304/trial_T20190907_170615_242578/game.tw-pddl:0,23,30,True,1009
Adaptive v1,64,train:64:train/look_at_obj_in_light-CellPhone-None-DeskLamp-318/trial_T20190909_005855_117187/game.tw-pddl:0,0,train:64:train/look_at_obj_in_light-CellPhone-None-DeskLamp-318/trial_T20190909_005855_117187/game.tw-pddl:0,19,30,True,1010
Adaptive v1,64,train:64:train/look_at_obj_in_light-TissueBox-None-DeskLamp-225/trial_T20190906_192828_730493/game.tw-pddl:0,0,train:64:train/look_at_obj_in_light-TissueBox-None-DeskLamp-225/trial_T20190906_192828_730493/game.tw-pddl:0,5,5,False,1011
Adaptive v1,64,train:64:train/look_at_obj_in_light-Watch-None-DeskLamp-301/trial_T20190909_151235_229025/game.tw-pddl:0,0,train:64:train/look_at_obj_in_light-Watch-None-DeskLamp-301/trial_T20190909_151235_229025/game.tw-pddl:0,19,30,True,1012
Adaptive v1,64,train:64:train/pick_and_place_simple-Kettle-None-Shelf-1/trial_T20190907_011745_444370/game.tw-pddl:0,0,train:64:train/pick_and_place_simple-Kettle-None-Shelf-1/trial_T20190907_011745_444370/game.tw-pddl:0,14,30,True,1013
Adaptive v1,64,train:64:train/pick_and_place_simple-SprayBottle-None-Toilet-403/trial_T20190908_042208_991561/game.tw-pddl:0,0,train:64:train/pick_and_place_simple-SprayBottle-None-Toilet-403/trial_T20190908_042208_991561/game.tw-pddl:0,4,4,False,1014
Adaptive v1,64,train:64:train/pick_and_place_simple-SprayBottle-None-Toilet-412/trial_T20190909_154903_600253/game.tw-pddl:0,0,train:64:train/pick_and_place_simple-SprayBottle-None-Toilet-412/trial_T20190909_154903_600253/game.tw-pddl:0,4,4,False,1015
Adaptive v1,64,train:64:train/pick_clean_then_place_in_recep-ButterKnife-None-DiningTable-16/trial_T20190909_114540_128185/game.tw-pddl:0,0,train:64:train/pick_clean_then_place_in_recep-ButterKnife-None-DiningTable-16/trial_T20190909_114540_128185/game.tw-pddl:0,8,8,False,1016
Adaptive v1,64,train:64:train/pick_clean_then_place_in_recep-Cloth-None-Cart-430/trial_T20190906_194305_501996/game.tw-pddl:0,0,train:64:train/pick_clean_then_place_in_recep-Cloth-None-Cart-430/trial_T20190906_194305_501996/game.tw-pddl:0,23,30,True,1017
Adaptive v1,64,train:64:train/pick_clean_then_place_in_recep-Cloth-None-Drawer-411/trial_T20190907_202223_569116/game.tw-pddl:0,0,train:64:train/pick_clean_then_place_in_recep-Cloth-None-Drawer-411/trial_T20190907_202223_569116/game.tw-pddl:0,23,30,True,1018
Adaptive v1,64,train:64:train/pick_clean_then_place_in_recep-Spatula-None-CounterTop-30/trial_T20190909_050738_091810/game.tw-pddl:0,0,train:64:train/pick_clean_then_place_in_recep-Spatula-None-CounterTop-30/trial_T20190909_050738_091810/game.tw-pddl:0,7,7,False,1019
Adaptive v1,64,train:64:train/pick_cool_then_place_in_recep-Bread-None-CounterTop-4/trial_T20190907_232940_130727/game.tw-pddl:0,0,train:64:train/pick_cool_then_place_in_recep-Bread-None-CounterTop-4/trial_T20190907_232940_130727/game.tw-pddl:0,20,30,True,1020
Adaptive v1,64,train:64:train/pick_cool_then_place_in_recep-Egg-None-CounterTop-14/trial_T20190909_042505_382042/game.tw-pddl:0,0,train:64:train/pick_cool_then_place_in_recep-Egg-None-CounterTop-14/trial_T20190909_042505_382042/game.tw-pddl:0,16,30,True,1021
Adaptive v1,64,train:64:train/pick_cool_then_place_in_recep-Tomato-None-Microwave-6/trial_T20190908_082136_704823/game.tw-pddl:0,0,train:64:train/pick_cool_then_place_in_recep-Tomato-None-Microwave-6/trial_T20190908_082136_704823/game.tw-pddl:0,11,30,True,1022
Adaptive v1,64,train:64:train/pick_heat_then_place_in_recep-Egg-None-DiningTable-18/trial_T20190908_051307_917970/game.tw-pddl:0,0,train:64:train/pick_heat_then_place_in_recep-Egg-None-DiningTable-18/trial_T20190908_051307_917970/game.tw-pddl:0,9,9,False,1023
Adaptive v1,64,train:64:train/pick_heat_then_place_in_recep-Mug-None-CoffeeMachine-5/trial_T20190908_003714_311231/game.tw-pddl:0,0,train:64:train/pick_heat_then_place_in_recep-Mug-None-CoffeeMachine-5/trial_T20190908_003714_311231/game.tw-pddl:0,14,30,True,1024
Adaptive v1,65,train:65:train/look_at_obj_in_light-Pillow-None-DeskLamp-305/trial_T20190909_110717_764199/game.tw-pddl:0,0,train:65:train/look_at_obj_in_light-Pillow-None-DeskLamp-305/trial_T20190909_110717_764199/game.tw-pddl:0,7,30,True,1025
Adaptive v1,65,train:65:train/pick_and_place_simple-Candle-None-Toilet-407/trial_T20190909_055329_734896/game.tw-pddl:0,0,train:65:train/pick_and_place_simple-Candle-None-Toilet-407/trial_T20190909_055329_734896/game.tw-pddl:0,4,4,False,1026
Adaptive v1,65,train:65:train/pick_and_place_simple-CreditCard-None-Sofa-220/trial_T20190909_110935_672411/game.tw-pddl:0,0,train:65:train/pick_and_place_simple-CreditCard-None-Sofa-220/trial_T20190909_110935_672411/game.tw-pddl:0,15,15,False,1027
Adaptive v1,65,train:65:train/pick_and_place_simple-KeyChain-None-SideTable-309/trial_T20190908_214938_408925/game.tw-pddl:0,0,train:65:train/pick_and_place_simple-KeyChain-None-SideTable-309/trial_T20190908_214938_408925/game.tw-pddl:0,6,6,False,1028
Adaptive v1,65,train:65:train/pick_and_place_simple-Pillow-None-ArmChair-321/trial_T20190908_104920_763828/game.tw-pddl:0,0,train:65:train/pick_and_place_simple-Pillow-None-ArmChair-321/trial_T20190908_104920_763828/game.tw-pddl:0,5,9,False,1029
Adaptive v1,65,train:65:train/pick_and_place_simple-Watch-None-CoffeeTable-222/trial_T20190908_032421_426650/game.tw-pddl:0,0,train:65:train/pick_and_place_simple-Watch-None-CoffeeTable-222/trial_T20190908_032421_426650/game.tw-pddl:0,6,6,False,1030
Adaptive v1,65,train:65:train/pick_cool_then_place_in_recep-Tomato-None-CounterTop-12/trial_T20190909_063820_564006/game.tw-pddl:0,0,train:65:train/pick_cool_then_place_in_recep-Tomato-None-CounterTop-12/trial_T20190909_063820_564006/game.tw-pddl:0,10,10,False,1031
Adaptive v1,65,train:65:train/pick_heat_then_place_in_recep-Cup-None-SideTable-3/trial_T20190908_211022_646179/game.tw-pddl:0,0,train:65:train/pick_heat_then_place_in_recep-Cup-None-SideTable-3/trial_T20190908_211022_646179/game.tw-pddl:0,17,30,True,1032
Adaptive v1,65,train:65:train/pick_heat_then_place_in_recep-Mug-None-CoffeeMachine-25/trial_T20190906_235756_721785/game.tw-pddl:0,0,train:65:train/pick_heat_then_place_in_recep-Mug-None-CoffeeMachine-25/trial_T20190906_235756_721785/game.tw-pddl:0,17,30,True,1033
Adaptive v1,65,train:65:train/pick_two_obj_and_place-CellPhone-None-Bed-312/trial_T20190907_035047_863286/game.tw-pddl:0,0,train:65:train/pick_two_obj_and_place-CellPhone-None-Bed-312/trial_T20190907_035047_863286/game.tw-pddl:0,25,30,True,1034
Adaptive v1,65,train:65:train/pick_two_obj_and_place-CellPhone-None-Dresser-229/trial_T20190911_131442_170447/game.tw-pddl:0,0,train:65:train/pick_two_obj_and_place-CellPhone-None-Dresser-229/trial_T20190911_131442_170447/game.tw-pddl:0,8,30,True,1035
Adaptive v1,65,train:65:train/pick_two_obj_and_place-CreditCard-None-ArmChair-214/trial_T20190909_033027_298680/game.tw-pddl:0,0,train:65:train/pick_two_obj_and_place-CreditCard-None-ArmChair-214/trial_T20190909_033027_298680/game.tw-pddl:0,13,30,True,1036
Adaptive v1,65,train:65:train/pick_two_obj_and_place-KeyChain-None-Sofa-222/trial_T20190909_061611_717990/game.tw-pddl:0,0,train:65:train/pick_two_obj_and_place-KeyChain-None-Sofa-222/trial_T20190909_061611_717990/game.tw-pddl:0,23,30,True,1037
Adaptive v1,65,train:65:train/pick_two_obj_and_place-Pencil-None-Desk-303/trial_T20190908_220222_248584/game.tw-pddl:0,0,train:65:train/pick_two_obj_and_place-Pencil-None-Desk-303/trial_T20190908_220222_248584/game.tw-pddl:0,21,30,True,1038
Adaptive v1,65,train:65:train/pick_two_obj_and_place-SoapBottle-None-CounterTop-407/trial_T20190908_055510_633308/game.tw-pddl:0,0,train:65:train/pick_two_obj_and_place-SoapBottle-None-CounterTop-407/trial_T20190908_055510_633308/game.tw-pddl:0,22,30,True,1039
Adaptive v1,65,train:65:train/pick_two_obj_and_place-TissueBox-None-Drawer-216/trial_T20190908_150448_341154/game.tw-pddl:0,0,train:65:train/pick_two_obj_and_place-TissueBox-None-Drawer-216/trial_T20190908_150448_341154/game.tw-pddl:0,22,30,True,1040
Adaptive v1,66,train:66:train/pick_and_place_simple-AlarmClock-None-SideTable-329/trial_T20190909_013608_170798/game.tw-pddl:0,0,train:66:train/pick_and_place_simple-AlarmClock-None-SideTable-329/trial_T20190909_013608_170798/game.tw-pddl:0,4,4,False,1041
Adaptive v1,66,train:66:train/pick_and_place_simple-CellPhone-None-Desk-316/trial_T20190909_053356_708088/game.tw-pddl:0,0,train:66:train/pick_and_place_simple-CellPhone-None-Desk-316/trial_T20190909_053356_708088/game.tw-pddl:0,6,6,False,1042
Adaptive v1,66,train:66:train/pick_clean_then_place_in_recep-Cloth-None-CounterTop-408/trial_T20190908_103230_310212/game.tw-pddl:0,0,train:66:train/pick_clean_then_place_in_recep-Cloth-None-CounterTop-408/trial_T20190908_103230_310212/game.tw-pddl:0,7,7,False,1043
Adaptive v1,66,train:66:train/pick_clean_then_place_in_recep-DishSponge-None-Cart-430/trial_T20190906_233458_108018/game.tw-pddl:0,0,train:66:train/pick_clean_then_place_in_recep-DishSponge-None-Cart-430/trial_T20190906_233458_108018/game.tw-pddl:0,11,11,False,1044
Adaptive v1,66,train:66:train/pick_cool_then_place_in_recep-Apple-None-GarbageCan-5/trial_T20190908_111836_482484/game.tw-pddl:0,0,train:66:train/pick_cool_then_place_in_recep-Apple-None-GarbageCan-5/trial_T20190908_111836_482484/game.tw-pddl:0,14,30,True,1045
Adaptive v1,66,train:66:train/pick_cool_then_place_in_recep-Bowl-None-Cabinet-18/trial_T20190908_031916_233838/game.tw-pddl:0,0,train:66:train/pick_cool_then_place_in_recep-Bowl-None-Cabinet-18/trial_T20190908_031916_233838/game.tw-pddl:0,9,30,True,1046
Adaptive v1,66,train:66:train/pick_cool_then_place_in_recep-Bowl-None-Cabinet-2/trial_T20190907_021058_144729/game.tw-pddl:0,0,train:66:train/pick_cool_then_place_in_recep-Bowl-None-Cabinet-2/trial_T20190907_021058_144729/game.tw-pddl:0,7,7,False,1047
Adaptive v1,66,train:66:train/pick_cool_then_place_in_recep-Cup-None-SideTable-21/trial_T20190906_192755_687590/game.tw-pddl:0,0,train:66:train/pick_cool_then_place_in_recep-Cup-None-SideTable-21/trial_T20190906_192755_687590/game.tw-pddl:0,6,6,False,1048
Adaptive v1,66,train:66:train/pick_cool_then_place_in_recep-Mug-None-CoffeeMachine-25/trial_T20190908_114709_114615/game.tw-pddl:0,0,train:66:train/pick_cool_then_place_in_recep-Mug-None-CoffeeMachine-25/trial_T20190908_114709_114615/game.tw-pddl:0,4,4,False,1049
Adaptive v1,66,train:66:train/pick_cool_then_place_in_recep-Mug-None-Shelf-5/trial_T20190907_210715_411153/game.tw-pddl:0,0,train:66:train/pick_cool_then_place_in_recep-Mug-None-Shelf-5/trial_T20190907_210715_411153/game.tw-pddl:0,6,6,False,1050
Adaptive v1,66,train:66:train/pick_cool_then_place_in_recep-Potato-None-Microwave-13/trial_T20190907_201157_460732/game.tw-pddl:0,0,train:66:train/pick_cool_then_place_in_recep-Potato-None-Microwave-13/trial_T20190907_201157_460732/game.tw-pddl:0,8,8,False,1051
Adaptive v1,66,train:66:train/pick_heat_then_place_in_recep-Egg-None-Fridge-24/trial_T20190909_005558_532531/game.tw-pddl:0,0,train:66:train/pick_heat_then_place_in_recep-Egg-None-Fridge-24/trial_T20190909_005558_532531/game.tw-pddl:0,14,30,True,1052
Adaptive v1,66,train:66:train/pick_two_obj_and_place-CellPhone-None-Bed-314/trial_T20190909_013435_646326/game.tw-pddl:0,0,train:66:train/pick_two_obj_and_place-CellPhone-None-Bed-314/trial_T20190909_013435_646326/game.tw-pddl:0,15,15,False,1053
Adaptive v1,66,train:66:train/pick_two_obj_and_place-CreditCard-None-ArmChair-227/trial_T20190907_075635_674582/game.tw-pddl:0,0,train:66:train/pick_two_obj_and_place-CreditCard-None-ArmChair-227/trial_T20190907_075635_674582/game.tw-pddl:0,10,10,False,1054
Adaptive v1,66,train:66:train/pick_two_obj_and_place-KeyChain-None-Ottoman-208/trial_T20190907_232837_149029/game.tw-pddl:0,0,train:66:train/pick_two_obj_and_place-KeyChain-None-Ottoman-208/trial_T20190907_232837_149029/game.tw-pddl:0,21,30,True,1055
Adaptive v1,66,train:66:train/pick_two_obj_and_place-Mug-None-Desk-313/trial_T20190908_220402_027299/game.tw-pddl:0,0,train:66:train/pick_two_obj_and_place-Mug-None-Desk-313/trial_T20190908_220402_027299/game.tw-pddl:0,21,21,False,1056
Adaptive v1,67,train:67:train/look_at_obj_in_light-Bowl-None-DeskLamp-323/trial_T20190908_024052_230550/game.tw-pddl:0,0,train:67:train/look_at_obj_in_light-Bowl-None-DeskLamp-323/trial_T20190908_024052_230550/game.tw-pddl:0,3,3,False,1057
Adaptive v1,67,train:67:train/pick_and_place_simple-Book-None-Sofa-209/trial_T20190909_035152_742504/game.tw-pddl:0,0,train:67:train/pick_and_place_simple-Book-None-Sofa-209/trial_T20190909_035152_742504/game.tw-pddl:0,4,4,False,1058
Adaptive v1,67,train:67:train/pick_and_place_simple-Laptop-None-Sofa-216/trial_T20190907_014811_569477/game.tw-pddl:0,0,train:67:train/pick_and_place_simple-Laptop-None-Sofa-216/trial_T20190907_014811_569477/game.tw-pddl:0,14,20,False,1059
Adaptive v1,67,train:67:train/pick_and_place_simple-ToiletPaper-None-ToiletPaperHanger-402/trial_T20190908_225522_245107/game.tw-pddl:0,0,train:67:train/pick_and_place_simple-ToiletPaper-None-ToiletPaperHanger-402/trial_T20190908_225522_245107/game.tw-pddl:0,4,4,False,1060
Adaptive v1,67,train:67:train/pick_clean_then_place_in_recep-Apple-None-DiningTable-21/trial_T20190907_210640_211972/game.tw-pddl:0,0,train:67:train/pick_clean_then_place_in_recep-Apple-None-DiningTable-21/trial_T20190907_210640_211972/game.tw-pddl:0,10,30,True,1061
Adaptive v1,67,train:67:train/pick_cool_then_place_in_recep-Plate-None-Shelf-20/trial_T20190907_034714_802572/game.tw-pddl:0,0,train:67:train/pick_cool_then_place_in_recep-Plate-None-Shelf-20/trial_T20190907_034714_802572/game.tw-pddl:0,6,6,False,1062
Adaptive v1,67,train:67:train/pick_heat_then_place_in_recep-Cup-None-Cabinet-18/trial_T20190907_150623_388922/game.tw-pddl:0,0,train:67:train/pick_heat_then_place_in_recep-Cup-None-Cabinet-18/trial_T20190907_150623_388922/game.tw-pddl:0,8,30,True,1063
Adaptive v1,67,train:67:train/pick_heat_then_place_in_recep-Cup-None-Fridge-23/trial_T20190908_045529_826062/game.tw-pddl:0,0,train:67:train/pick_heat_then_place_in_recep-Cup-None-Fridge-23/trial_T20190908_045529_826062/game.tw-pddl:0,7,7,False,1064
Adaptive v1,67,train:67:train/pick_heat_then_place_in_recep-Tomato-None-SideTable-21/trial_T20190909_041918_595548/game.tw-pddl:0,0,train:67:train/pick_heat_then_place_in_recep-Tomato-None-SideTable-21/trial_T20190909_041918_595548/game.tw-pddl:0,11,30,True,1065
Adaptive v1,67,train:67:train/pick_two_obj_and_place-CellPhone-None-Sofa-224/trial_T20190907_194445_206988/game.tw-pddl:0,0,train:67:train/pick_two_obj_and_place-CellPhone-None-Sofa-224/trial_T20190907_194445_206988/game.tw-pddl:0,17,30,True,1066
Adaptive v1,67,train:67:train/pick_two_obj_and_place-HandTowel-None-Toilet-412/trial_T20190907_011351_027508/game.tw-pddl:0,0,train:67:train/pick_two_obj_and_place-HandTowel-None-Toilet-412/trial_T20190907_011351_027508/game.tw-pddl:0,9,30,True,1067
Adaptive v1,67,train:67:train/pick_two_obj_and_place-RemoteControl-None-ArmChair-217/trial_T20190909_115832_508705/game.tw-pddl:0,0,train:67:train/pick_two_obj_and_place-RemoteControl-None-ArmChair-217/trial_T20190909_115832_508705/game.tw-pddl:0,8,8,False,1068
Adaptive v1,67,train:67:train/pick_two_obj_and_place-RemoteControl-None-Ottoman-203/trial_T20190906_182839_298430/game.tw-pddl:0,0,train:67:train/pick_two_obj_and_place-RemoteControl-None-Ottoman-203/trial_T20190906_182839_298430/game.tw-pddl:0,22,30,True,1069
Adaptive v1,67,train:67:train/pick_two_obj_and_place-RemoteControl-None-Sofa-228/trial_T20190908_132850_717728/game.tw-pddl:0,0,train:67:train/pick_two_obj_and_place-RemoteControl-None-Sofa-228/trial_T20190908_132850_717728/game.tw-pddl:0,23,30,True,1070
Adaptive v1,67,train:67:train/pick_two_obj_and_place-ToiletPaper-None-Drawer-423/trial_T20190907_111333_143099/game.tw-pddl:0,0,train:67:train/pick_two_obj_and_place-ToiletPaper-None-Drawer-423/trial_T20190907_111333_143099/game.tw-pddl:0,15,30,True,1071
Adaptive v1,67,train:67:train/pick_two_obj_and_place-Watch-None-SideTable-217/trial_T20190909_122153_816722/game.tw-pddl:0,0,train:67:train/pick_two_obj_and_place-Watch-None-SideTable-217/trial_T20190909_122153_816722/game.tw-pddl:0,22,30,True,1072
Adaptive v1,68,train:68:train/pick_and_place_simple-Book-None-Sofa-209/trial_T20190909_035124_250394/game.tw-pddl:0,0,train:68:train/pick_and_place_simple-Book-None-Sofa-209/trial_T20190909_035124_250394/game.tw-pddl:0,4,4,False,1073
Adaptive v1,68,train:68:train/pick_and_place_simple-CD-None-Shelf-326/trial_T20190908_050350_303115/game.tw-pddl:0,0,train:68:train/pick_and_place_simple-CD-None-Shelf-326/trial_T20190908_050350_303115/game.tw-pddl:0,4,4,False,1074
Adaptive v1,68,train:68:train/pick_and_place_simple-KeyChain-None-Desk-310/trial_T20190908_124631_281710/game.tw-pddl:0,0,train:68:train/pick_and_place_simple-KeyChain-None-Desk-310/trial_T20190908_124631_281710/game.tw-pddl:0,4,4,False,1075
Adaptive v1,68,train:68:train/pick_and_place_simple-Pan-None-CounterTop-8/trial_T20190908_105534_786184/game.tw-pddl:0,0,train:68:train/pick_and_place_simple-Pan-None-CounterTop-8/trial_T20190908_105534_786184/game.tw-pddl:0,15,30,True,1076
Adaptive v1,68,train:68:train/pick_clean_then_place_in_recep-Kettle-None-Cabinet-18/trial_T20190907_170054_132882/game.tw-pddl:0,0,train:68:train/pick_clean_then_place_in_recep-Kettle-None-Cabinet-18/trial_T20190907_170054_132882/game.tw-pddl:0,13,30,True,1077
Adaptive v1,68,train:68:train/pick_clean_then_place_in_recep-Kettle-None-StoveBurner-2/trial_T20190908_001113_685684/game.tw-pddl:0,0,train:68:train/pick_clean_then_place_in_recep-Kettle-None-StoveBurner-2/trial_T20190908_001113_685684/game.tw-pddl:0,13,30,True,1078
Adaptive v1,68,train:68:train/pick_clean_then_place_in_recep-Knife-None-DiningTable-15/trial_T20190908_162445_886312/game.tw-pddl:0,0,train:68:train/pick_clean_then_place_in_recep-Knife-None-DiningTable-15/trial_T20190908_162445_886312/game.tw-pddl:0,17,30,True,1079
Adaptive v1,68,train:68:train/pick_clean_then_place_in_recep-Ladle-None-Drawer-30/trial_T20190907_193943_276948/game.tw-pddl:0,0,train:68:train/pick_clean_then_place_in_recep-Ladle-None-Drawer-30/trial_T20190907_193943_276948/game.tw-pddl:0,12,30,True,1080
Adaptive v1,68,train:68:train/pick_cool_then_place_in_recep-Egg-None-CounterTop-19/trial_T20190909_005123_562800/game.tw-pddl:0,0,train:68:train/pick_cool_then_place_in_recep-Egg-None-CounterTop-19/trial_T20190909_005123_562800/game.tw-pddl:0,6,6,False,1081
Adaptive v1,68,train:68:train/pick_cool_then_place_in_recep-Mug-None-CoffeeMachine-4/trial_T20190907_053034_950201/game.tw-pddl:0,0,train:68:train/pick_cool_then_place_in_recep-Mug-None-CoffeeMachine-4/trial_T20190907_053034_950201/game.tw-pddl:0,7,7,False,1082
Adaptive v1,68,train:68:train/pick_heat_then_place_in_recep-Cup-None-Fridge-13/trial_T20190908_070533_944479/game.tw-pddl:0,0,train:68:train/pick_heat_then_place_in_recep-Cup-None-Fridge-13/trial_T20190908_070533_944479/game.tw-pddl:0,10,30,True,1083
Adaptive v1,68,train:68:train/pick_heat_then_place_in_recep-Mug-None-CoffeeMachine-6/trial_T20190906_214148_552057/game.tw-pddl:0,0,train:68:train/pick_heat_then_place_in_recep-Mug-None-CoffeeMachine-6/trial_T20190906_214148_552057/game.tw-pddl:0,15,30,True,1084
Adaptive v1,68,train:68:train/pick_heat_then_place_in_recep-Mug-None-SideTable-21/trial_T20190909_090657_918872/game.tw-pddl:0,0,train:68:train/pick_heat_then_place_in_recep-Mug-None-SideTable-21/trial_T20190909_090657_918872/game.tw-pddl:0,6,6,False,1085
Adaptive v1,68,train:68:train/pick_two_obj_and_place-Bowl-None-Dresser-327/trial_T20190907_195833_033721/game.tw-pddl:0,0,train:68:train/pick_two_obj_and_place-Bowl-None-Dresser-327/trial_T20190907_195833_033721/game.tw-pddl:0,14,14,False,1086
Adaptive v1,68,train:68:train/pick_two_obj_and_place-CreditCard-None-ArmChair-230/trial_T20190909_100226_368975/game.tw-pddl:0,0,train:68:train/pick_two_obj_and_place-CreditCard-None-ArmChair-230/trial_T20190909_100226_368975/game.tw-pddl:0,17,17,False,1087
Adaptive v1,68,train:68:train/pick_two_obj_and_place-Watch-None-SideTable-217/trial_T20190909_122056_142455/game.tw-pddl:0,0,train:68:train/pick_two_obj_and_place-Watch-None-SideTable-217/trial_T20190909_122056_142455/game.tw-pddl:0,9,10,False,1088
Adaptive v1,69,train:69:train/look_at_obj_in_light-AlarmClock-None-DeskLamp-302/trial_T20190908_192808_880740/game.tw-pddl:0,0,train:69:train/look_at_obj_in_light-AlarmClock-None-DeskLamp-302/trial_T20190908_192808_880740/game.tw-pddl:0,19,30,True,1089
Adaptive v1,69,train:69:train/look_at_obj_in_light-Laptop-None-DeskLamp-216/trial_T20190907_185556_000181/game.tw-pddl:0,0,train:69:train/look_at_obj_in_light-Laptop-None-DeskLamp-216/trial_T20190907_185556_000181/game.tw-pddl:0,22,30,True,1090
Adaptive v1,69,train:69:train/look_at_obj_in_light-Pencil-None-DeskLamp-320/trial_T20190908_143815_342227/game.tw-pddl:0,0,train:69:train/look_at_obj_in_light-Pencil-None-DeskLamp-320/trial_T20190908_143815_342227/game.tw-pddl:0,24,30,True,1091
Adaptive v1,69,train:69:train/pick_and_place_simple-Book-None-Desk-314/trial_T20190908_111952_629798/game.tw-pddl:0,0,train:69:train/pick_and_place_simple-Book-None-Desk-314/trial_T20190908_111952_629798/game.tw-pddl:0,4,4,False,1092
Adaptive v1,69,train:69:train/pick_and_place_simple-Candle-None-Toilet-410/trial_T20190908_124646_959694/game.tw-pddl:0,0,train:69:train/pick_and_place_simple-Candle-None-Toilet-410/trial_T20190908_124646_959694/game.tw-pddl:0,4,4,False,1093
Adaptive v1,69,train:69:train/pick_clean_then_place_in_recep-Kettle-None-Cabinet-5/trial_T20190909_043020_330212/game.tw-pddl:0,0,train:69:train/pick_clean_then_place_in_recep-Kettle-None-Cabinet-5/trial_T20190909_043020_330212/game.tw-pddl:0,7,7,False,1094
Adaptive v1,69,train:69:train/pick_clean_then_place_in_recep-SoapBar-None-GarbageCan-416/trial_T20190907_024631_400025/game.tw-pddl:0,0,train:69:train/pick_clean_then_place_in_recep-SoapBar-None-GarbageCan-416/trial_T20190907_024631_400025/game.tw-pddl:0,6,6,False,1095
Adaptive v1,69,train:69:train/pick_clean_then_place_in_recep-SoapBar-None-Toilet-408/trial_T20190908_122434_336174/game.tw-pddl:0,0,train:69:train/pick_clean_then_place_in_recep-SoapBar-None-Toilet-408/trial_T20190908_122434_336174/game.tw-pddl:0,21,30,True,1096
Adaptive v1,69,train:69:train/pick_clean_then_place_in_recep-Spatula-None-Drawer-8/trial_T20190907_154019_248212/game.tw-pddl:0,0,train:69:train/pick_clean_then_place_in_recep-Spatula-None-Drawer-8/trial_T20190907_154019_248212/game.tw-pddl:0,12,30,True,1097
Adaptive v1,69,train:69:train/pick_cool_then_place_in_recep-Cup-None-Cabinet-4/trial_T20190906_214223_937516/game.tw-pddl:0,0,train:69:train/pick_cool_then_place_in_recep-Cup-None-Cabinet-4/trial_T20190906_214223_937516/game.tw-pddl:0,16,30,True,1098
Adaptive v1,69,train:69:train/pick_cool_then_place_in_recep-Plate-None-Cabinet-27/trial_T20190906_173250_466409/game.tw-pddl:0,0,train:69:train/pick_cool_then_place_in_recep-Plate-None-Cabinet-27/trial_T20190906_173250_466409/game.tw-pddl:0,14,30,True,1099
Adaptive v1,69,train:69:train/pick_cool_then_place_in_recep-Tomato-None-Microwave-2/trial_T20190908_005716_992292/game.tw-pddl:0,0,train:69:train/pick_cool_then_place_in_recep-Tomato-None-Microwave-2/trial_T20190908_005716_992292/game.tw-pddl:0,15,30,True,1100
Adaptive v1,69,train:69:train/pick_two_obj_and_place-Book-None-Bed-316/trial_T20190909_035341_047789/game.tw-pddl:0,0,train:69:train/pick_two_obj_and_place-Book-None-Bed-316/trial_T20190909_035341_047789/game.tw-pddl:0,26,30,True,1101
Adaptive v1,69,train:69:train/pick_two_obj_and_place-Book-None-Desk-309/trial_T20190909_061225_804285/game.tw-pddl:0,0,train:69:train/pick_two_obj_and_place-Book-None-Desk-309/trial_T20190909_061225_804285/game.tw-pddl:0,13,13,False,1102
Adaptive v1,69,train:69:train/pick_two_obj_and_place-CD-None-GarbageCan-321/trial_T20190908_132301_116696/game.tw-pddl:0,0,train:69:train/pick_two_obj_and_place-CD-None-GarbageCan-321/trial_T20190908_132301_116696/game.tw-pddl:0,10,19,False,1103
Adaptive v1,69,train:69:train/pick_two_obj_and_place-SprayBottle-None-Toilet-405/trial_T20190907_151132_176889/game.tw-pddl:0,0,train:69:train/pick_two_obj_and_place-SprayBottle-None-Toilet-405/trial_T20190907_151132_176889/game.tw-pddl:0,10,30,True,1104
Adaptive v1,70,train:70:train/look_at_obj_in_light-Pencil-None-DeskLamp-306/trial_T20190907_235840_204311/game.tw-pddl:0,0,train:70:train/look_at_obj_in_light-Pencil-None-DeskLamp-306/trial_T20190907_235840_204311/game.tw-pddl:0,4,4,False,1105
Adaptive v1,70,train:70:train/pick_and_place_simple-Pencil-None-Desk-307/trial_T20190909_075126_209289/game.tw-pddl:0,0,train:70:train/pick_and_place_simple-Pencil-None-Desk-307/trial_T20190909_075126_209289/game.tw-pddl:0,4,4,False,1106
Adaptive v1,70,train:70:train/pick_clean_then_place_in_recep-Cloth-None-Cart-430/trial_T20190906_194234_663749/game.tw-pddl:0,0,train:70:train/pick_clean_then_place_in_recep-Cloth-None-Cart-430/trial_T20190906_194234_663749/game.tw-pddl:0,6,6,False,1107
Adaptive v1,70,train:70:train/pick_cool_then_place_in_recep-Bowl-None-CounterTop-15/trial_T20190909_034732_954625/game.tw-pddl:0,0,train:70:train/pick_cool_then_place_in_recep-Bowl-None-CounterTop-15/trial_T20190909_034732_954625/game.tw-pddl:0,6,6,False,1108
Adaptive v1,70,train:70:train/pick_cool_then_place_in_recep-Mug-None-Cabinet-1/trial_T20190907_162048_678475/game.tw-pddl:0,0,train:70:train/pick_cool_then_place_in_recep-Mug-None-Cabinet-1/trial_T20190907_162048_678475/game.tw-pddl:0,8,8,False,1109
Adaptive v1,70,train:70:train/pick_cool_then_place_in_recep-Mug-None-Microwave-20/trial_T20190908_125456_167162/game.tw-pddl:0,0,train:70:train/pick_cool_then_place_in_recep-Mug-None-Microwave-20/trial_T20190908_125456_167162/game.tw-pddl:0,16,30,True,1110
Adaptive v1,70,train:70:train/pick_cool_then_place_in_recep-Plate-None-Shelf-20/trial_T20190907_034611_178336/game.tw-pddl:0,0,train:70:train/pick_cool_then_place_in_recep-Plate-None-Shelf-20/trial_T20190907_034611_178336/game.tw-pddl:0,6,6,False,1111
Adaptive v1,70,train:70:train/pick_cool_then_place_in_recep-Tomato-None-Microwave-17/trial_T20190912_065518_499928/game.tw-pddl:0,0,train:70:train/pick_cool_then_place_in_recep-Tomato-None-Microwave-17/trial_T20190912_065518_499928/game.tw-pddl:0,13,30,True,1112
Adaptive v1,70,train:70:train/pick_two_obj_and_place-Bowl-None-Desk-327/trial_T20190908_040645_145153/game.tw-pddl:0,0,train:70:train/pick_two_obj_and_place-Bowl-None-Desk-327/trial_T20190908_040645_145153/game.tw-pddl:0,16,16,False,1113
Adaptive v1,70,train:70:train/pick_two_obj_and_place-CellPhone-None-ArmChair-229/trial_T20190907_081902_634047/game.tw-pddl:0,0,train:70:train/pick_two_obj_and_place-CellPhone-None-ArmChair-229/trial_T20190907_081902_634047/game.tw-pddl:0,19,30,True,1114
Adaptive v1,70,train:70:train/pick_two_obj_and_place-Lettuce-None-Fridge-27/trial_T20190907_212230_106647/game.tw-pddl:0,0,train:70:train/pick_two_obj_and_place-Lettuce-None-Fridge-27/trial_T20190907_212230_106647/game.tw-pddl:0,9,30,True,1115
Adaptive v1,70,train:70:train/pick_two_obj_and_place-Pen-None-Drawer-311/trial_T20190908_072156_978372/game.tw-pddl:0,0,train:70:train/pick_two_obj_and_place-Pen-None-Drawer-311/trial_T20190908_072156_978372/game.tw-pddl:0,9,9,False,1116
Adaptive v1,70,train:70:train/pick_two_obj_and_place-SoapBottle-None-CounterTop-407/trial_T20190908_055449_353538/game.tw-pddl:0,0,train:70:train/pick_two_obj_and_place-SoapBottle-None-CounterTop-407/trial_T20190908_055449_353538/game.tw-pddl:0,22,30,True,1117
Adaptive v1,70,train:70:train/pick_two_obj_and_place-SoapBottle-None-Toilet-408/trial_T20190906_201715_052500/game.tw-pddl:0,0,train:70:train/pick_two_obj_and_place-SoapBottle-None-Toilet-408/trial_T20190906_201715_052500/game.tw-pddl:0,13,13,False,1118
Adaptive v1,70,train:70:train/pick_two_obj_and_place-TissueBox-None-Drawer-427/trial_T20190909_061021_313805/game.tw-pddl:0,0,train:70:train/pick_two_obj_and_place-TissueBox-None-Drawer-427/trial_T20190909_061021_313805/game.tw-pddl:0,9,9,False,1119
Adaptive v1,70,train:70:train/pick_two_obj_and_place-ToiletPaper-None-Cabinet-428/trial_T20190907_172619_990586/game.tw-pddl:0,0,train:70:train/pick_two_obj_and_place-ToiletPaper-None-Cabinet-428/trial_T20190907_172619_990586/game.tw-pddl:0,10,10,False,1120
Adaptive v1,71,train:71:train/look_at_obj_in_light-Book-None-DeskLamp-309/trial_T20190907_175846_963560/game.tw-pddl:0,0,train:71:train/look_at_obj_in_light-Book-None-DeskLamp-309/trial_T20190907_175846_963560/game.tw-pddl:0,23,30,True,1121
Adaptive v1,71,train:71:train/pick_and_place_simple-Candle-None-SideTable-420/trial_T20190907_025706_872961/game.tw-pddl:0,0,train:71:train/pick_and_place_simple-Candle-None-SideTable-420/trial_T20190907_025706_872961/game.tw-pddl:0,24,30,True,1122
Adaptive v1,71,train:71:train/pick_and_place_simple-Candle-None-Toilet-418/trial_T20190907_184947_274026/game.tw-pddl:0,0,train:71:train/pick_and_place_simple-Candle-None-Toilet-418/trial_T20190907_184947_274026/game.tw-pddl:0,4,4,False,1123
Adaptive v1,71,train:71:train/pick_and_place_simple-HandTowel-None-Toilet-427/trial_T20190907_173844_355408/game.tw-pddl:0,0,train:71:train/pick_and_place_simple-HandTowel-None-Toilet-427/trial_T20190907_173844_355408/game.tw-pddl:0,4,4,False,1124
Adaptive v1,71,train:71:train/pick_and_place_simple-KeyChain-None-ArmChair-214/trial_T20190909_061209_612904/game.tw-pddl:0,0,train:71:train/pick_and_place_simple-KeyChain-None-ArmChair-214/trial_T20190909_061209_612904/game.tw-pddl:0,4,4,False,1125
Adaptive v1,71,train:71:train/pick_clean_then_place_in_recep-Apple-None-Microwave-8/trial_T20190909_113149_458865/game.tw-pddl:0,0,train:71:train/pick_clean_then_place_in_recep-Apple-None-Microwave-8/trial_T20190909_113149_458865/game.tw-pddl:0,7,30,True,1126
Adaptive v1,71,train:71:train/pick_clean_then_place_in_recep-Cloth-None-Drawer-415/trial_T20190906_190118_700255/game.tw-pddl:0,0,train:71:train/pick_clean_then_place_in_recep-Cloth-None-Drawer-415/trial_T20190906_190118_700255/game.tw-pddl:0,8,8,False,1127
Adaptive v1,71,train:71:train/pick_clean_then_place_in_recep-Egg-None-DiningTable-24/trial_T20190907_185356_395367/game.tw-pddl:0,0,train:71:train/pick_clean_then_place_in_recep-Egg-None-DiningTable-24/trial_T20190907_185356_395367/game.tw-pddl:0,13,30,True,1128
Adaptive v1,71,train:71:train/pick_clean_then_place_in_recep-Spatula-None-CounterTop-19/trial_T20190906_181400_748701/game.tw-pddl:0,0,train:71:train/pick_clean_then_place_in_recep-Spatula-None-CounterTop-19/trial_T20190906_181400_748701/game.tw-pddl:0,15,30,True,1129
Adaptive v1,71,train:71:train/pick_cool_then_place_in_recep-Cup-None-Cabinet-4/trial_T20190906_214129_309625/game.tw-pddl:0,0,train:71:train/pick_cool_then_place_in_recep-Cup-None-Cabinet-4/trial_T20190906_214129_309625/game.tw-pddl:0,7,7,False,1130
Adaptive v1,71,train:71:train/pick_cool_then_place_in_recep-Pan-None-StoveBurner-1/trial_T20190907_175242_476577/game.tw-pddl:0,0,train:71:train/pick_cool_then_place_in_recep-Pan-None-StoveBurner-1/trial_T20190907_175242_476577/game.tw-pddl:0,5,5,False,1131
Adaptive v1,71,train:71:train/pick_cool_then_place_in_recep-Tomato-None-Microwave-27/trial_T20190909_145322_981885/game.tw-pddl:0,0,train:71:train/pick_cool_then_place_in_recep-Tomato-None-Microwave-27/trial_T20190909_145322_981885/game.tw-pddl:0,17,30,True,1132
Adaptive v1,71,train:71:train/pick_cool_then_place_in_recep-Tomato-None-Microwave-6/trial_T20190908_082344_600536/game.tw-pddl:0,0,train:71:train/pick_cool_then_place_in_recep-Tomato-None-Microwave-6/trial_T20190908_082344_600536/game.tw-pddl:0,9,30,True,1133
Adaptive v1,71,train:71:train/pick_heat_then_place_in_recep-Egg-None-Fridge-20/trial_T20190907_224538_972488/game.tw-pddl:0,0,train:71:train/pick_heat_then_place_in_recep-Egg-None-Fridge-20/trial_T20190907_224538_972488/game.tw-pddl:0,7,7,False,1134
Adaptive v1,71,train:71:train/pick_heat_then_place_in_recep-Potato-None-Fridge-16/trial_T20190907_211019_691613/game.tw-pddl:0,0,train:71:train/pick_heat_then_place_in_recep-Potato-None-Fridge-16/trial_T20190907_211019_691613/game.tw-pddl:0,7,7,False,1135
Adaptive v1,71,train:71:train/pick_heat_then_place_in_recep-Tomato-None-CounterTop-26/trial_T20190907_005525_499114/game.tw-pddl:0,0,train:71:train/pick_heat_then_place_in_recep-Tomato-None-CounterTop-26/trial_T20190907_005525_499114/game.tw-pddl:0,7,7,False,1136
Adaptive v1,72,train:72:train/look_at_obj_in_light-Statue-None-DeskLamp-319/trial_T20190907_035512_450549/game.tw-pddl:0,0,train:72:train/look_at_obj_in_light-Statue-None-DeskLamp-319/trial_T20190907_035512_450549/game.tw-pddl:0,21,30,True,1137
Adaptive v1,72,train:72:train/pick_and_place_simple-CreditCard-None-CoffeeTable-217/trial_T20190909_135805_140276/game.tw-pddl:0,0,train:72:train/pick_and_place_simple-CreditCard-None-CoffeeTable-217/trial_T20190909_135805_140276/game.tw-pddl:0,4,4,False,1138
Adaptive v1,72,train:72:train/pick_and_place_simple-Egg-None-Fridge-7/trial_T20190906_164825_242073/game.tw-pddl:0,0,train:72:train/pick_and_place_simple-Egg-None-Fridge-7/trial_T20190906_164825_242073/game.tw-pddl:0,7,7,False,1139
Adaptive v1,72,train:72:train/pick_and_place_simple-Pencil-None-Shelf-310/trial_T20190908_023618_136375/game.tw-pddl:0,0,train:72:train/pick_and_place_simple-Pencil-None-Shelf-310/trial_T20190908_023618_136375/game.tw-pddl:0,4,4,False,1140
Adaptive v1,72,train:72:train/pick_clean_then_place_in_recep-Ladle-None-Cabinet-16/trial_T20190907_052726_618967/game.tw-pddl:0,0,train:72:train/pick_clean_then_place_in_recep-Ladle-None-Cabinet-16/trial_T20190907_052726_618967/game.tw-pddl:0,7,7,False,1141
Adaptive v1,72,train:72:train/pick_clean_then_place_in_recep-Potato-None-Microwave-2/trial_T20190908_102004_349533/game.tw-pddl:0,0,train:72:train/pick_clean_then_place_in_recep-Potato-None-Microwave-2/trial_T20190908_102004_349533/game.tw-pddl:0,11,30,True,1142
Adaptive v1,72,train:72:train/pick_clean_then_place_in_recep-Spoon-None-DiningTable-18/trial_T20190909_102159_277894/game.tw-pddl:0,0,train:72:train/pick_clean_then_place_in_recep-Spoon-None-DiningTable-18/trial_T20190909_102159_277894/game.tw-pddl:0,6,6,False,1143
Adaptive v1,72,train:72:train/pick_cool_then_place_in_recep-Bread-None-DiningTable-16/trial_T20190908_114546_641818/game.tw-pddl:0,0,train:72:train/pick_cool_then_place_in_recep-Bread-None-DiningTable-16/trial_T20190908_114546_641818/game.tw-pddl:0,12,30,True,1144
Adaptive v1,72,train:72:train/pick_cool_then_place_in_recep-Egg-None-Microwave-20/trial_T20190908_051908_943025/game.tw-pddl:0,0,train:72:train/pick_cool_then_place_in_recep-Egg-None-Microwave-20/trial_T20190908_051908_943025/game.tw-pddl:0,15,30,True,1145
Adaptive v1,72,train:72:train/pick_cool_then_place_in_recep-Lettuce-None-GarbageCan-17/trial_T20190907_114546_602779/game.tw-pddl:0,0,train:72:train/pick_cool_then_place_in_recep-Lettuce-None-GarbageCan-17/trial_T20190907_114546_602779/game.tw-pddl:0,13,30,True,1146
Adaptive v1,72,train:72:train/pick_cool_then_place_in_recep-Pan-None-DiningTable-27/trial_T20190909_041649_924141/game.tw-pddl:0,0,train:72:train/pick_cool_then_place_in_recep-Pan-None-DiningTable-27/trial_T20190909_041649_924141/game.tw-pddl:0,7,7,False,1147
Adaptive v1,72,train:72:train/pick_cool_then_place_in_recep-Tomato-None-Microwave-27/trial_T20190909_145459_922990/game.tw-pddl:0,0,train:72:train/pick_cool_then_place_in_recep-Tomato-None-Microwave-27/trial_T20190909_145459_922990/game.tw-pddl:0,8,30,True,1148
Adaptive v1,72,train:72:train/pick_heat_then_place_in_recep-Potato-None-GarbageCan-12/trial_T20190910_225228_723273/game.tw-pddl:0,0,train:72:train/pick_heat_then_place_in_recep-Potato-None-GarbageCan-12/trial_T20190910_225228_723273/game.tw-pddl:0,6,6,False,1149
Adaptive v1,72,train:72:train/pick_heat_then_place_in_recep-Potato-None-SideTable-28/trial_T20190907_075911_734431/game.tw-pddl:0,0,train:72:train/pick_heat_then_place_in_recep-Potato-None-SideTable-28/trial_T20190907_075911_734431/game.tw-pddl:0,14,14,False,1150
Adaptive v1,72,train:72:train/pick_two_obj_and_place-CD-None-Safe-317/trial_T20190906_221813_316812/game.tw-pddl:0,0,train:72:train/pick_two_obj_and_place-CD-None-Safe-317/trial_T20190906_221813_316812/game.tw-pddl:0,21,30,True,1151
Adaptive v1,72,train:72:train/pick_two_obj_and_place-SoapBottle-None-GarbageCan-428/trial_T20190909_232903_234334/game.tw-pddl:0,0,train:72:train/pick_two_obj_and_place-SoapBottle-None-GarbageCan-428/trial_T20190909_232903_234334/game.tw-pddl:0,22,30,True,1152
Adaptive v1,73,train:73:train/pick_and_place_simple-HandTowel-None-Cabinet-412/trial_T20190906_200550_674090/game.tw-pddl:0,0,train:73:train/pick_and_place_simple-HandTowel-None-Cabinet-412/trial_T20190906_200550_674090/game.tw-pddl:0,6,6,False,1153
Adaptive v1,73,train:73:train/pick_and_place_simple-WineBottle-None-DiningTable-15/trial_T20190906_184025_017468/game.tw-pddl:0,0,train:73:train/pick_and_place_simple-WineBottle-None-DiningTable-15/trial_T20190906_184025_017468/game.tw-pddl:0,15,30,True,1154
Adaptive v1,73,train:73:train/pick_clean_then_place_in_recep-Knife-None-CounterTop-24/trial_T20190907_234930_784591/game.tw-pddl:0,0,train:73:train/pick_clean_then_place_in_recep-Knife-None-CounterTop-24/trial_T20190907_234930_784591/game.tw-pddl:0,6,6,False,1155
Adaptive v1,73,train:73:train/pick_clean_then_place_in_recep-Ladle-None-DiningTable-20/trial_T20190908_080302_564506/game.tw-pddl:0,0,train:73:train/pick_clean_then_place_in_recep-Ladle-None-DiningTable-20/trial_T20190908_080302_564506/game.tw-pddl:0,7,7,False,1156
Adaptive v1,73,train:73:train/pick_clean_then_place_in_recep-Pot-None-Fridge-4/trial_T20190908_153216_036779/game.tw-pddl:0,0,train:73:train/pick_clean_then_place_in_recep-Pot-None-Fridge-4/trial_T20190908_153216_036779/game.tw-pddl:0,15,15,False,1157
Adaptive v1,73,train:73:train/pick_cool_then_place_in_recep-Bowl-None-Microwave-7/trial_T20190908_231358_223817/game.tw-pddl:0,0,train:73:train/pick_cool_then_place_in_recep-Bowl-None-Microwave-7/trial_T20190908_231358_223817/game.tw-pddl:0,7,7,False,1158
Adaptive v1,73,train:73:train/pick_cool_then_place_in_recep-Mug-None-CoffeeMachine-18/trial_T20190907_075254_520215/game.tw-pddl:0,0,train:73:train/pick_cool_then_place_in_recep-Mug-None-CoffeeMachine-18/trial_T20190907_075254_520215/game.tw-pddl:0,10,30,True,1159
Adaptive v1,73,train:73:train/pick_cool_then_place_in_recep-Potato-None-GarbageCan-2/trial_T20190908_101454_965083/game.tw-pddl:0,0,train:73:train/pick_cool_then_place_in_recep-Potato-None-GarbageCan-2/trial_T20190908_101454_965083/game.tw-pddl:0,6,6,False,1160
Adaptive v1,73,train:73:train/pick_heat_then_place_in_recep-Mug-None-CoffeeMachine-16/trial_T20190908_181242_051846/game.tw-pddl:0,0,train:73:train/pick_heat_then_place_in_recep-Mug-None-CoffeeMachine-16/trial_T20190908_181242_051846/game.tw-pddl:0,11,30,True,1161
Adaptive v1,73,train:73:train/pick_heat_then_place_in_recep-Mug-None-CoffeeMachine-22/trial_T20190906_184740_858978/game.tw-pddl:0,0,train:73:train/pick_heat_then_place_in_recep-Mug-None-CoffeeMachine-22/trial_T20190906_184740_858978/game.tw-pddl:0,14,30,True,1162
Adaptive v1,73,train:73:train/pick_heat_then_place_in_recep-Plate-None-Fridge-7/trial_T20190909_065145_869734/game.tw-pddl:0,0,train:73:train/pick_heat_then_place_in_recep-Plate-None-Fridge-7/trial_T20190909_065145_869734/game.tw-pddl:0,15,30,True,1163
Adaptive v1,73,train:73:train/pick_two_obj_and_place-AlarmClock-None-Dresser-305/trial_T20190907_165758_902037/game.tw-pddl:0,0,train:73:train/pick_two_obj_and_place-AlarmClock-None-Dresser-305/trial_T20190907_165758_902037/game.tw-pddl:0,17,30,True,1164
Adaptive v1,73,train:73:train/pick_two_obj_and_place-Newspaper-None-CoffeeTable-222/trial_T20190908_205540_806550/game.tw-pddl:0,0,train:73:train/pick_two_obj_and_place-Newspaper-None-CoffeeTable-222/trial_T20190908_205540_806550/game.tw-pddl:0,20,30,True,1165
Adaptive v1,73,train:73:train/pick_two_obj_and_place-SaltShaker-None-Cabinet-21/trial_T20190909_020743_399842/game.tw-pddl:0,0,train:73:train/pick_two_obj_and_place-SaltShaker-None-Cabinet-21/trial_T20190909_020743_399842/game.tw-pddl:0,12,12,False,1166
Adaptive v1,73,train:73:train/pick_two_obj_and_place-SoapBottle-None-Toilet-403/trial_T20190908_060213_777780/game.tw-pddl:0,0,train:73:train/pick_two_obj_and_place-SoapBottle-None-Toilet-403/trial_T20190908_060213_777780/game.tw-pddl:0,22,30,True,1167
Adaptive v1,73,train:73:train/pick_two_obj_and_place-Vase-None-Desk-204/trial_T20190906_181607_130370/game.tw-pddl:0,0,train:73:train/pick_two_obj_and_place-Vase-None-Desk-204/trial_T20190906_181607_130370/game.tw-pddl:0,9,9,False,1168
Adaptive v1,74,train:74:train/look_at_obj_in_light-Laptop-None-DeskLamp-301/trial_T20190907_185618_889790/game.tw-pddl:0,0,train:74:train/look_at_obj_in_light-Laptop-None-DeskLamp-301/trial_T20190907_185618_889790/game.tw-pddl:0,18,30,True,1169
Adaptive v1,74,train:74:train/look_at_obj_in_light-Newspaper-None-DeskLamp-218/trial_T20190909_045059_467374/game.tw-pddl:0,0,train:74:train/look_at_obj_in_light-Newspaper-None-DeskLamp-218/trial_T20190909_045059_467374/game.tw-pddl:0,7,30,True,1170
Adaptive v1,74,train:74:train/pick_and_place_simple-HandTowel-None-GarbageCan-420/trial_T20190908_153318_365643/game.tw-pddl:0,0,train:74:train/pick_and_place_simple-HandTowel-None-GarbageCan-420/trial_T20190908_153318_365643/game.tw-pddl:0,4,4,False,1171
Adaptive v1,74,train:74:train/pick_and_place_simple-Pencil-None-Desk-309/trial_T20190918_231048_923335/game.tw-pddl:0,0,train:74:train/pick_and_place_simple-Pencil-None-Desk-309/trial_T20190918_231048_923335/game.tw-pddl:0,4,4,False,1172
Adaptive v1,74,train:74:train/pick_and_place_simple-Statue-None-CoffeeTable-228/trial_T20190906_185513_812051/game.tw-pddl:0,0,train:74:train/pick_and_place_simple-Statue-None-CoffeeTable-228/trial_T20190906_185513_812051/game.tw-pddl:0,5,5,False,1173
Adaptive v1,74,train:74:train/pick_clean_then_place_in_recep-Fork-None-Drawer-30/trial_T20190908_030821_996789/game.tw-pddl:0,0,train:74:train/pick_clean_then_place_in_recep-Fork-None-Drawer-30/trial_T20190908_030821_996789/game.tw-pddl:0,7,7,False,1174
Adaptive v1,74,train:74:train/pick_clean_then_place_in_recep-Kettle-None-Cabinet-2/trial_T20190909_043103_418752/game.tw-pddl:0,0,train:74:train/pick_clean_then_place_in_recep-Kettle-None-Cabinet-2/trial_T20190909_043103_418752/game.tw-pddl:0,13,30,True,1175
Adaptive v1,74,train:74:train/pick_clean_then_place_in_recep-Potato-None-DiningTable-4/trial_T20190909_113957_013325/game.tw-pddl:0,0,train:74:train/pick_clean_then_place_in_recep-Potato-None-DiningTable-4/trial_T20190909_113957_013325/game.tw-pddl:0,10,10,False,1176
Adaptive v1,74,train:74:train/pick_clean_then_place_in_recep-Potato-None-SideTable-21/trial_T20190906_192500_491052/game.tw-pddl:0,0,train:74:train/pick_clean_then_place_in_recep-Potato-None-SideTable-21/trial_T20190906_192500_491052/game.tw-pddl:0,17,30,True,1177
Adaptive v1,74,train:74:train/pick_clean_then_place_in_recep-Spatula-None-DiningTable-23/trial_T20190909_103345_050416/game.tw-pddl:0,0,train:74:train/pick_clean_then_place_in_recep-Spatula-None-DiningTable-23/trial_T20190909_103345_050416/game.tw-pddl:0,7,7,False,1178
Adaptive v1,74,train:74:train/pick_cool_then_place_in_recep-Mug-None-CoffeeMachine-4/trial_T20190907_053008_485791/game.tw-pddl:0,0,train:74:train/pick_cool_then_place_in_recep-Mug-None-CoffeeMachine-4/trial_T20190907_053008_485791/game.tw-pddl:0,19,30,True,1179
Adaptive v1,74,train:74:train/pick_heat_then_place_in_recep-Bread-None-GarbageCan-15/trial_T20190906_225933_078746/game.tw-pddl:0,0,train:74:train/pick_heat_then_place_in_recep-Bread-None-GarbageCan-15/trial_T20190906_225933_078746/game.tw-pddl:0,6,6,False,1180
Adaptive v1,74,train:74:train/pick_heat_then_place_in_recep-Mug-None-CoffeeMachine-15/trial_T20190908_004759_413623/game.tw-pddl:0,0,train:74:train/pick_heat_then_place_in_recep-Mug-None-CoffeeMachine-15/trial_T20190908_004759_413623/game.tw-pddl:0,7,7,False,1181
Adaptive v1,74,train:74:train/pick_heat_then_place_in_recep-Plate-None-CounterTop-13/trial_T20190909_101054_898367/game.tw-pddl:0,0,train:74:train/pick_heat_then_place_in_recep-Plate-None-CounterTop-13/trial_T20190909_101054_898367/game.tw-pddl:0,13,30,True,1182
Adaptive v1,74,train:74:train/pick_two_obj_and_place-CD-None-Shelf-326/trial_T20190908_173629_751639/game.tw-pddl:0,0,train:74:train/pick_two_obj_and_place-CD-None-Shelf-326/trial_T20190908_173629_751639/game.tw-pddl:0,19,30,True,1183
Adaptive v1,74,train:74:train/pick_two_obj_and_place-RemoteControl-None-CoffeeTable-222/trial_T20190909_060946_246253/game.tw-pddl:0,0,train:74:train/pick_two_obj_and_place-RemoteControl-None-CoffeeTable-222/trial_T20190909_060946_246253/game.tw-pddl:0,21,30,True,1184
Adaptive v1,75,train:75:train/look_at_obj_in_light-Book-None-DeskLamp-320/trial_T20190909_152301_888219/game.tw-pddl:0,0,train:75:train/look_at_obj_in_light-Book-None-DeskLamp-320/trial_T20190909_152301_888219/game.tw-pddl:0,15,15,False,1185
Adaptive v1,75,train:75:train/look_at_obj_in_light-Watch-None-DeskLamp-301/trial_T20190909_151158_623013/game.tw-pddl:0,0,train:75:train/look_at_obj_in_light-Watch-None-DeskLamp-301/trial_T20190909_151158_623013/game.tw-pddl:0,17,30,True,1186
Adaptive v1,75,train:75:train/pick_and_place_simple-ButterKnife-None-SideTable-28/trial_T20190908_133040_811710/game.tw-pddl:0,0,train:75:train/pick_and_place_simple-ButterKnife-None-SideTable-28/trial_T20190908_133040_811710/game.tw-pddl:0,12,14,False,1187
Adaptive v1,75,train:75:train/pick_and_place_simple-DishSponge-None-Toilet-430/trial_T20190907_144839_536922/game.tw-pddl:0,0,train:75:train/pick_and_place_simple-DishSponge-None-Toilet-430/trial_T20190907_144839_536922/game.tw-pddl:0,22,30,True,1188
Adaptive v1,75,train:75:train/pick_and_place_simple-HandTowel-None-Toilet-427/trial_T20190907_173931_537125/game.tw-pddl:0,0,train:75:train/pick_and_place_simple-HandTowel-None-Toilet-427/trial_T20190907_173931_537125/game.tw-pddl:0,5,5,False,1189
Adaptive v1,75,train:75:train/pick_clean_then_place_in_recep-Knife-None-CounterTop-14/trial_T20190909_153731_809650/game.tw-pddl:0,0,train:75:train/pick_clean_then_place_in_recep-Knife-None-CounterTop-14/trial_T20190909_153731_809650/game.tw-pddl:0,17,30,True,1190
Adaptive v1,75,train:75:train/pick_clean_then_place_in_recep-Knife-None-SideTable-21/trial_T20190907_155305_725488/game.tw-pddl:0,0,train:75:train/pick_clean_then_place_in_recep-Knife-None-SideTable-21/trial_T20190907_155305_725488/game.tw-pddl:0,8,8,False,1191
Adaptive v1,75,train:75:train/pick_clean_then_place_in_recep-SoapBar-None-Drawer-423/trial_T20190906_202403_601985/game.tw-pddl:0,0,train:75:train/pick_clean_then_place_in_recep-SoapBar-None-Drawer-423/trial_T20190906_202403_601985/game.tw-pddl:0,15,15,False,1192
Adaptive v1,75,train:75:train/pick_clean_then_place_in_recep-Spatula-None-DiningTable-19/trial_T20190909_081214_166116/game.tw-pddl:0,0,train:75:train/pick_clean_then_place_in_recep-Spatula-None-DiningTable-19/trial_T20190909_081214_166116/game.tw-pddl:0,8,8,False,1193
Adaptive v1,75,train:75:train/pick_cool_then_place_in_recep-Bowl-None-Cabinet-24/trial_T20190909_112909_923737/game.tw-pddl:0,0,train:75:train/pick_cool_then_place_in_recep-Bowl-None-Cabinet-24/trial_T20190909_112909_923737/game.tw-pddl:0,12,30,True,1194
Adaptive v1,75,train:75:train/pick_cool_then_place_in_recep-Bread-None-DiningTable-16/trial_T20190908_173209_222002/game.tw-pddl:0,0,train:75:train/pick_cool_then_place_in_recep-Bread-None-DiningTable-16/trial_T20190908_173209_222002/game.tw-pddl:0,7,7,False,1195
Adaptive v1,75,train:75:train/pick_cool_then_place_in_recep-Egg-None-CounterTop-14/trial_T20190909_042440_747747/game.tw-pddl:0,0,train:75:train/pick_cool_then_place_in_recep-Egg-None-CounterTop-14/trial_T20190909_042440_747747/game.tw-pddl:0,17,30,True,1196
Adaptive v1,75,train:75:train/pick_cool_then_place_in_recep-Pan-None-Cabinet-18/trial_T20190907_212657_341314/game.tw-pddl:0,0,train:75:train/pick_cool_then_place_in_recep-Pan-None-Cabinet-18/trial_T20190907_212657_341314/game.tw-pddl:0,14,30,True,1197
Adaptive v1,75,train:75:train/pick_cool_then_place_in_recep-Pot-None-DiningTable-24/trial_T20190908_111526_967564/game.tw-pddl:0,0,train:75:train/pick_cool_then_place_in_recep-Pot-None-DiningTable-24/trial_T20190908_111526_967564/game.tw-pddl:0,13,30,True,1198
Adaptive v1,75,train:75:train/pick_heat_then_place_in_recep-Plate-None-Fridge-1/trial_T20190908_010540_689076/game.tw-pddl:0,0,train:75:train/pick_heat_then_place_in_recep-Plate-None-Fridge-1/trial_T20190908_010540_689076/game.tw-pddl:0,13,13,False,1199
Adaptive v1,75,train:75:train/pick_two_obj_and_place-SoapBar-None-GarbageCan-416/trial_T20190907_143756_457606/game.tw-pddl:0,0,train:75:train/pick_two_obj_and_place-SoapBar-None-GarbageCan-416/trial_T20190907_143756_457606/game.tw-pddl:0,12,12,False,1200
Adaptive v1,76,train:76:train/pick_and_place_simple-Book-None-Sofa-202/trial_T20190907_043640_929501/game.tw-pddl:0,0,train:76:train/pick_and_place_simple-Book-None-Sofa-202/trial_T20190907_043640_929501/game.tw-pddl:0,5,5,False,1201
Adaptive v1,76,train:76:train/pick_and_place_simple-SprayBottle-None-Toilet-420/trial_T20190909_113828_525912/game.tw-pddl:0,0,train:76:train/pick_and_place_simple-SprayBottle-None-Toilet-420/trial_T20190909_113828_525912/game.tw-pddl:0,21,30,True,1202
Adaptive v1,76,train:76:train/pick_clean_then_place_in_recep-Cloth-None-Cart-401/trial_T20190907_045526_367332/game.tw-pddl:0,0,train:76:train/pick_clean_then_place_in_recep-Cloth-None-Cart-401/trial_T20190907_045526_367332/game.tw-pddl:0,6,6,False,1203
Adaptive v1,76,train:76:train/pick_clean_then_place_in_recep-Fork-None-Drawer-11/trial_T20190907_145752_008234/game.tw-pddl:0,0,train:76:train/pick_clean_then_place_in_recep-Fork-None-Drawer-11/trial_T20190907_145752_008234/game.tw-pddl:0,16,30,True,1204
Adaptive v1,76,train:76:train/pick_clean_then_place_in_recep-Kettle-None-StoveBurner-15/trial_T20190908_081727_239225/game.tw-pddl:0,0,train:76:train/pick_clean_then_place_in_recep-Kettle-None-StoveBurner-15/trial_T20190908_081727_239225/game.tw-pddl:0,15,30,True,1205
Adaptive v1,76,train:76:train/pick_cool_then_place_in_recep-Apple-None-Microwave-19/trial_T20190906_210908_217201/game.tw-pddl:0,0,train:76:train/pick_cool_then_place_in_recep-Apple-None-Microwave-19/trial_T20190906_210908_217201/game.tw-pddl:0,11,30,True,1206
Adaptive v1,76,train:76:train/pick_cool_then_place_in_recep-Mug-None-CoffeeMachine-13/trial_T20190906_211135_782663/game.tw-pddl:0,0,train:76:train/pick_cool_then_place_in_recep-Mug-None-CoffeeMachine-13/trial_T20190906_211135_782663/game.tw-pddl:0,12,30,True,1207
Adaptive v1,76,train:76:train/pick_cool_then_place_in_recep-Potato-None-CounterTop-12/trial_T20190908_070246_896540/game.tw-pddl:0,0,train:76:train/pick_cool_then_place_in_recep-Potato-None-CounterTop-12/trial_T20190908_070246_896540/game.tw-pddl:0,11,12,False,1208
Adaptive v1,76,train:76:train/pick_cool_then_place_in_recep-Potato-None-Microwave-18/trial_T20190909_151718_645545/game.tw-pddl:0,0,train:76:train/pick_cool_then_place_in_recep-Potato-None-Microwave-18/trial_T20190909_151718_645545/game.tw-pddl:0,12,30,True,1209
Adaptive v1,76,train:76:train/pick_heat_then_place_in_recep-Cup-None-Cabinet-28/trial_T20190909_062858_196741/game.tw-pddl:0,0,train:76:train/pick_heat_then_place_in_recep-Cup-None-Cabinet-28/trial_T20190909_062858_196741/game.tw-pddl:0,7,7,False,1210
Adaptive v1,76,train:76:train/pick_two_obj_and_place-Pencil-None-Desk-303/trial_T20190908_220248_075224/game.tw-pddl:0,0,train:76:train/pick_two_obj_and_place-Pencil-None-Desk-303/trial_T20190908_220248_075224/game.tw-pddl:0,19,30,True,1211
Adaptive v1,76,train:76:train/pick_two_obj_and_place-Pencil-None-Desk-313/trial_T20190906_200931_060619/game.tw-pddl:0,0,train:76:train/pick_two_obj_and_place-Pencil-None-Desk-313/trial_T20190906_200931_060619/game.tw-pddl:0,16,16,False,1212
Adaptive v1,76,train:76:train/pick_two_obj_and_place-Pencil-None-Drawer-312/trial_T20190908_014605_844197/game.tw-pddl:0,0,train:76:train/pick_two_obj_and_place-Pencil-None-Drawer-312/trial_T20190908_014605_844197/game.tw-pddl:0,18,18,False,1213
Adaptive v1,76,train:76:train/pick_two_obj_and_place-SprayBottle-None-Cabinet-403/trial_T20190907_123331_293578/game.tw-pddl:0,0,train:76:train/pick_two_obj_and_place-SprayBottle-None-Cabinet-403/trial_T20190907_123331_293578/game.tw-pddl:0,21,30,True,1214
Adaptive v1,76,train:76:train/pick_two_obj_and_place-SprayBottle-None-CounterTop-410/trial_T20190908_161634_318819/game.tw-pddl:0,0,train:76:train/pick_two_obj_and_place-SprayBottle-None-CounterTop-410/trial_T20190908_161634_318819/game.tw-pddl:0,20,30,True,1215
Adaptive v1,76,train:76:train/pick_two_obj_and_place-TissueBox-None-Toilet-426/trial_T20190909_044447_525629/game.tw-pddl:0,0,train:76:train/pick_two_obj_and_place-TissueBox-None-Toilet-426/trial_T20190909_044447_525629/game.tw-pddl:0,11,30,True,1216
Adaptive v1,77,train:77:train/look_at_obj_in_light-Pen-None-DeskLamp-309/trial_T20190909_044929_695149/game.tw-pddl:0,0,train:77:train/look_at_obj_in_light-Pen-None-DeskLamp-309/trial_T20190909_044929_695149/game.tw-pddl:0,11,11,False,1217
Adaptive v1,77,train:77:train/pick_and_place_simple-Fork-None-Drawer-12/trial_T20190907_151014_567960/game.tw-pddl:0,0,train:77:train/pick_and_place_simple-Fork-None-Drawer-12/trial_T20190907_151014_567960/game.tw-pddl:0,7,7,False,1218
Adaptive v1,77,train:77:train/pick_clean_then_place_in_recep-Cloth-None-Dresser-413/trial_T20190906_194709_189668/game.tw-pddl:0,0,train:77:train/pick_clean_then_place_in_recep-Cloth-None-Dresser-413/trial_T20190906_194709_189668/game.tw-pddl:0,20,30,True,1219
Adaptive v1,77,train:77:train/pick_clean_then_place_in_recep-Mug-None-CoffeeMachine-14/trial_T20190906_213507_741596/game.tw-pddl:0,0,train:77:train/pick_clean_then_place_in_recep-Mug-None-CoffeeMachine-14/trial_T20190906_213507_741596/game.tw-pddl:0,6,6,False,1220
Adaptive v1,77,train:77:train/pick_clean_then_place_in_recep-Plate-None-Shelf-1/trial_T20190907_114616_377252/game.tw-pddl:0,0,train:77:train/pick_clean_then_place_in_recep-Plate-None-Shelf-1/trial_T20190907_114616_377252/game.tw-pddl:0,8,8,False,1221
Adaptive v1,77,train:77:train/pick_clean_then_place_in_recep-Spatula-None-DiningTable-4/trial_T20190909_002715_673638/game.tw-pddl:0,0,train:77:train/pick_clean_then_place_in_recep-Spatula-None-DiningTable-4/trial_T20190909_002715_673638/game.tw-pddl:0,7,7,False,1222
Adaptive v1,77,train:77:train/pick_cool_then_place_in_recep-Apple-None-GarbageCan-19/trial_T20190908_121626_855247/game.tw-pddl:0,0,train:77:train/pick_cool_then_place_in_recep-Apple-None-GarbageCan-19/trial_T20190908_121626_855247/game.tw-pddl:0,6,6,False,1223
Adaptive v1,77,train:77:train/pick_cool_then_place_in_recep-Bowl-None-DiningTable-23/trial_T20190908_140248_782127/game.tw-pddl:0,0,train:77:train/pick_cool_then_place_in_recep-Bowl-None-DiningTable-23/trial_T20190908_140248_782127/game.tw-pddl:0,11,11,False,1224
Adaptive v1,77,train:77:train/pick_heat_then_place_in_recep-Egg-None-DiningTable-4/trial_T20190908_080003_104562/game.tw-pddl:0,0,train:77:train/pick_heat_then_place_in_recep-Egg-None-DiningTable-4/trial_T20190908_080003_104562/game.tw-pddl:0,9,9,False,1225
Adaptive v1,77,train:77:train/pick_two_obj_and_place-Candle-None-Shelf-429/trial_T20190909_075215_332862/game.tw-pddl:0,0,train:77:train/pick_two_obj_and_place-Candle-None-Shelf-429/trial_T20190909_075215_332862/game.tw-pddl:0,16,16,False,1226
Adaptive v1,77,train:77:train/pick_two_obj_and_place-CellPhone-None-Safe-302/trial_T20190909_043450_502737/game.tw-pddl:0,0,train:77:train/pick_two_obj_and_place-CellPhone-None-Safe-302/trial_T20190909_043450_502737/game.tw-pddl:0,22,30,True,1227
Adaptive v1,77,train:77:train/pick_two_obj_and_place-Newspaper-None-ArmChair-230/trial_T20190908_001737_394097/game.tw-pddl:0,0,train:77:train/pick_two_obj_and_place-Newspaper-None-ArmChair-230/trial_T20190908_001737_394097/game.tw-pddl:0,8,8,False,1228
Adaptive v1,77,train:77:train/pick_two_obj_and_place-Newspaper-None-Sofa-201/trial_T20190906_190045_063430/game.tw-pddl:0,0,train:77:train/pick_two_obj_and_place-Newspaper-None-Sofa-201/trial_T20190906_190045_063430/game.tw-pddl:0,21,30,True,1229
Adaptive v1,77,train:77:train/pick_two_obj_and_place-PepperShaker-None-SideTable-28/trial_T20190908_021522_563008/game.tw-pddl:0,0,train:77:train/pick_two_obj_and_place-PepperShaker-None-SideTable-28/trial_T20190908_021522_563008/game.tw-pddl:0,7,30,True,1230
Adaptive v1,77,train:77:train/pick_two_obj_and_place-Statue-None-CoffeeTable-223/trial_T20190907_174318_168269/game.tw-pddl:0,0,train:77:train/pick_two_obj_and_place-Statue-None-CoffeeTable-223/trial_T20190907_174318_168269/game.tw-pddl:0,15,30,True,1231
Adaptive v1,77,train:77:train/pick_two_obj_and_place-Statue-None-DiningTable-228/trial_T20190906_222607_743673/game.tw-pddl:0,0,train:77:train/pick_two_obj_and_place-Statue-None-DiningTable-228/trial_T20190906_222607_743673/game.tw-pddl:0,10,10,False,1232
Adaptive v1,78,train:78:train/pick_and_place_simple-AlarmClock-None-Shelf-310/trial_T20190907_151339_403808/game.tw-pddl:0,0,train:78:train/pick_and_place_simple-AlarmClock-None-Shelf-310/trial_T20190907_151339_403808/game.tw-pddl:0,4,4,False,1233
Adaptive v1,78,train:78:train/pick_and_place_simple-DishSponge-None-Cart-401/trial_T20190909_045712_019986/game.tw-pddl:0,0,train:78:train/pick_and_place_simple-DishSponge-None-Cart-401/trial_T20190909_045712_019986/game.tw-pddl:0,6,6,False,1234
Adaptive v1,78,train:78:train/pick_and_place_simple-KeyChain-None-Sofa-229/trial_T20190908_123422_029531/game.tw-pddl:0,0,train:78:train/pick_and_place_simple-KeyChain-None-Sofa-229/trial_T20190908_123422_029531/game.tw-pddl:0,7,7,False,1235
Adaptive v1,78,train:78:train/pick_and_place_simple-Newspaper-None-Sofa-211/trial_T20190906_175004_203092/game.tw-pddl:0,0,train:78:train/pick_and_place_simple-Newspaper-None-Sofa-211/trial_T20190906_175004_203092/game.tw-pddl:0,12,12,False,1236
Adaptive v1,78,train:78:train/pick_and_place_simple-SprayBottle-None-Toilet-411/trial_T20190909_110920_840864/game.tw-pddl:0,0,train:78:train/pick_and_place_simple-SprayBottle-None-Toilet-411/trial_T20190909_110920_840864/game.tw-pddl:0,4,4,False,1237
Adaptive v1,78,train:78:train/pick_and_place_simple-ToiletPaper-None-ToiletPaperHanger-414/trial_T20190907_041853_604862/game.tw-pddl:0,0,train:78:train/pick_and_place_simple-ToiletPaper-None-ToiletPaperHanger-414/trial_T20190907_041853_604862/game.tw-pddl:0,5,5,False,1238
Adaptive v1,78,train:78:train/pick_and_place_simple-ToiletPaper-None-ToiletPaperHanger-417/trial_T20190908_185320_708158/game.tw-pddl:0,0,train:78:train/pick_and_place_simple-ToiletPaper-None-ToiletPaperHanger-417/trial_T20190908_185320_708158/game.tw-pddl:0,4,4,False,1239
Adaptive v1,78,train:78:train/pick_clean_then_place_in_recep-Cloth-None-Cart-430/trial_T20190906_194203_696787/game.tw-pddl:0,0,train:78:train/pick_clean_then_place_in_recep-Cloth-None-Cart-430/trial_T20190906_194203_696787/game.tw-pddl:0,22,30,True,1240
Adaptive v1,78,train:78:train/pick_cool_then_place_in_recep-Cup-None-Cabinet-12/trial_T20190909_102642_161594/game.tw-pddl:0,0,train:78:train/pick_cool_then_place_in_recep-Cup-None-Cabinet-12/trial_T20190909_102642_161594/game.tw-pddl:0,9,9,False,1241
Adaptive v1,78,train:78:train/pick_cool_then_place_in_recep-Cup-None-Cabinet-26/trial_T20190911_041711_460175/game.tw-pddl:0,0,train:78:train/pick_cool_then_place_in_recep-Cup-None-Cabinet-26/trial_T20190911_041711_460175/game.tw-pddl:0,8,30,True,1242
Adaptive v1,78,train:78:train/pick_cool_then_place_in_recep-Cup-None-Microwave-30/trial_T20190909_073542_933715/game.tw-pddl:0,0,train:78:train/pick_cool_then_place_in_recep-Cup-None-Microwave-30/trial_T20190909_073542_933715/game.tw-pddl:0,11,30,True,1243
Adaptive v1,78,train:78:train/pick_cool_then_place_in_recep-Mug-None-CoffeeMachine-7/trial_T20190908_071121_293695/game.tw-pddl:0,0,train:78:train/pick_cool_then_place_in_recep-Mug-None-CoffeeMachine-7/trial_T20190908_071121_293695/game.tw-pddl:0,13,30,True,1244
Adaptive v1,78,train:78:train/pick_heat_then_place_in_recep-Egg-None-SideTable-3/trial_T20190906_204538_172764/game.tw-pddl:0,0,train:78:train/pick_heat_then_place_in_recep-Egg-None-SideTable-3/trial_T20190906_204538_172764/game.tw-pddl:0,6,6,False,1245
Adaptive v1,78,train:78:train/pick_two_obj_and_place-HandTowel-None-Toilet-412/trial_T20190907_011444_964972/game.tw-pddl:0,0,train:78:train/pick_two_obj_and_place-HandTowel-None-Toilet-412/trial_T20190907_011444_964972/game.tw-pddl:0,8,8,False,1246
Adaptive v1,78,train:78:train/pick_two_obj_and_place-Newspaper-None-Sofa-222/trial_T20190908_144619_633437/game.tw-pddl:0,0,train:78:train/pick_two_obj_and_place-Newspaper-None-Sofa-222/trial_T20190908_144619_633437/game.tw-pddl:0,15,30,True,1247
Adaptive v1,78,train:78:train/pick_two_obj_and_place-SoapBottle-None-Cart-430/trial_T20190908_130158_585471/game.tw-pddl:0,0,train:78:train/pick_two_obj_and_place-SoapBottle-None-Cart-430/trial_T20190908_130158_585471/game.tw-pddl:0,20,30,True,1248
Adaptive v1,79,train:79:train/look_at_obj_in_light-Watch-None-DeskLamp-205/trial_T20190907_001900_859623/game.tw-pddl:0,0,train:79:train/look_at_obj_in_light-Watch-None-DeskLamp-205/trial_T20190907_001900_859623/game.tw-pddl:0,12,30,True,1249
Adaptive v1,79,train:79:train/pick_and_place_simple-Statue-None-CoffeeTable-222/trial_T20190907_131157_141783/game.tw-pddl:0,0,train:79:train/pick_and_place_simple-Statue-None-CoffeeTable-222/trial_T20190907_131157_141783/game.tw-pddl:0,6,6,False,1250
Adaptive v1,79,train:79:train/pick_and_place_simple-ToiletPaper-None-ToiletPaperHanger-402/trial_T20190908_030848_480173/game.tw-pddl:0,0,train:79:train/pick_and_place_simple-ToiletPaper-None-ToiletPaperHanger-402/trial_T20190908_030848_480173/game.tw-pddl:0,4,4,False,1251
Adaptive v1,79,train:79:train/pick_clean_then_place_in_recep-Cup-None-Microwave-1/trial_T20190909_150843_298006/game.tw-pddl:0,0,train:79:train/pick_clean_then_place_in_recep-Cup-None-Microwave-1/trial_T20190909_150843_298006/game.tw-pddl:0,7,7,False,1252
Adaptive v1,79,train:79:train/pick_clean_then_place_in_recep-Cup-None-Shelf-20/trial_T20190909_150520_677876/game.tw-pddl:0,0,train:79:train/pick_clean_then_place_in_recep-Cup-None-Shelf-20/trial_T20190909_150520_677876/game.tw-pddl:0,6,6,False,1253
Adaptive v1,79,train:79:train/pick_clean_then_place_in_recep-Potato-None-DiningTable-4/trial_T20190909_114019_624535/game.tw-pddl:0,0,train:79:train/pick_clean_then_place_in_recep-Potato-None-DiningTable-4/trial_T20190909_114019_624535/game.tw-pddl:0,12,12,False,1254
Adaptive v1,79,train:79:train/pick_clean_then_place_in_recep-Potato-None-Microwave-23/trial_T20190908_131819_096200/game.tw-pddl:0,0,train:79:train/pick_clean_then_place_in_recep-Potato-None-Microwave-23/trial_T20190908_131819_096200/game.tw-pddl:0,8,14,False,1255
Adaptive v1,79,train:79:train/pick_clean_then_place_in_recep-Tomato-None-GarbageCan-15/trial_T20190908_190029_853407/game.tw-pddl:0,0,train:79:train/pick_clean_then_place_in_recep-Tomato-None-GarbageCan-15/trial_T20190908_190029_853407/game.tw-pddl:0,10,10,False,1256
Adaptive v1,79,train:79:train/pick_cool_then_place_in_recep-Lettuce-None-GarbageCan-20/trial_T20190907_204527_530630/game.tw-pddl:0,0,train:79:train/pick_cool_then_place_in_recep-Lettuce-None-GarbageCan-20/trial_T20190907_204527_530630/game.tw-pddl:0,6,6,False,1257
Adaptive v1,79,train:79:train/pick_cool_then_place_in_recep-Tomato-None-DiningTable-26/trial_T20190907_161020_211057/game.tw-pddl:0,0,train:79:train/pick_cool_then_place_in_recep-Tomato-None-DiningTable-26/trial_T20190907_161020_211057/game.tw-pddl:0,7,7,False,1258
Adaptive v1,79,train:79:train/pick_heat_then_place_in_recep-Cup-None-Cabinet-27/trial_T20190908_123907_725964/game.tw-pddl:0,0,train:79:train/pick_heat_then_place_in_recep-Cup-None-Cabinet-27/trial_T20190908_123907_725964/game.tw-pddl:0,11,30,True,1259
Adaptive v1,79,train:79:train/pick_two_obj_and_place-CellPhone-None-Dresser-229/trial_T20190908_122634_511704/game.tw-pddl:0,0,train:79:train/pick_two_obj_and_place-CellPhone-None-Dresser-229/trial_T20190908_122634_511704/game.tw-pddl:0,10,20,False,1260
Adaptive v1,79,train:79:train/pick_two_obj_and_place-CellPhone-None-Sofa-224/trial_T20190918_223149_385351/game.tw-pddl:0,0,train:79:train/pick_two_obj_and_place-CellPhone-None-Sofa-224/trial_T20190918_223149_385351/game.tw-pddl:0,16,30,True,1261
Adaptive v1,79,train:79:train/pick_two_obj_and_place-Cup-None-CounterTop-4/trial_T20190908_095215_349573/game.tw-pddl:0,0,train:79:train/pick_two_obj_and_place-Cup-None-CounterTop-4/trial_T20190908_095215_349573/game.tw-pddl:0,16,30,True,1262
Adaptive v1,79,train:79:train/pick_two_obj_and_place-SoapBottle-None-Toilet-428/trial_T20190909_080548_859483/game.tw-pddl:0,0,train:79:train/pick_two_obj_and_place-SoapBottle-None-Toilet-428/trial_T20190909_080548_859483/game.tw-pddl:0,11,30,True,1263
Adaptive v1,79,train:79:train/pick_two_obj_and_place-ToiletPaper-None-Cabinet-414/trial_T20190909_090627_697588/game.tw-pddl:0,0,train:79:train/pick_two_obj_and_place-ToiletPaper-None-Cabinet-414/trial_T20190909_090627_697588/game.tw-pddl:0,10,10,False,1264
Adaptive v1,80,train:80:train/look_at_obj_in_light-AlarmClock-None-DeskLamp-324/trial_T20190909_140222_907943/game.tw-pddl:0,0,train:80:train/look_at_obj_in_light-AlarmClock-None-DeskLamp-324/trial_T20190909_140222_907943/game.tw-pddl:0,3,3,False,1265
Adaptive v1,80,train:80:train/look_at_obj_in_light-Box-None-DeskLamp-218/trial_T20190909_021255_203788/game.tw-pddl:0,0,train:80:train/look_at_obj_in_light-Box-None-DeskLamp-218/trial_T20190909_021255_203788/game.tw-pddl:0,22,30,True,1266
Adaptive v1,80,train:80:train/look_at_obj_in_light-Pen-None-DeskLamp-323/trial_T20190908_125613_266139/game.tw-pddl:0,0,train:80:train/look_at_obj_in_light-Pen-None-DeskLamp-323/trial_T20190908_125613_266139/game.tw-pddl:0,3,3,False,1267
Adaptive v1,80,train:80:train/pick_and_place_simple-CreditCard-None-CoffeeTable-217/trial_T20190909_135838_223609/game.tw-pddl:0,0,train:80:train/pick_and_place_simple-CreditCard-None-CoffeeTable-217/trial_T20190909_135838_223609/game.tw-pddl:0,4,4,False,1268
Adaptive v1,80,train:80:train/pick_and_place_simple-SoapBottle-None-SideTable-420/trial_T20190908_063611_150183/game.tw-pddl:0,0,train:80:train/pick_and_place_simple-SoapBottle-None-SideTable-420/trial_T20190908_063611_150183/game.tw-pddl:0,9,9,False,1269
Adaptive v1,80,train:80:train/pick_and_place_simple-ToiletPaper-None-ToiletPaperHanger-406/trial_T20190908_122807_136741/game.tw-pddl:0,0,train:80:train/pick_and_place_simple-ToiletPaper-None-ToiletPaperHanger-406/trial_T20190908_122807_136741/game.tw-pddl:0,4,4,False,1270
Adaptive v1,80,train:80:train/pick_clean_then_place_in_recep-ButterKnife-None-SideTable-21/trial_T20190907_162153_244284/game.tw-pddl:0,0,train:80:train/pick_clean_then_place_in_recep-ButterKnife-None-SideTable-21/trial_T20190907_162153_244284/game.tw-pddl:0,9,9,False,1271
Adaptive v1,80,train:80:train/pick_clean_then_place_in_recep-Cloth-None-Toilet-406/trial_T20190908_102552_835735/game.tw-pddl:0,0,train:80:train/pick_clean_then_place_in_recep-Cloth-None-Toilet-406/trial_T20190908_102552_835735/game.tw-pddl:0,23,30,True,1272
Adaptive v1,80,train:80:train/pick_clean_then_place_in_recep-Lettuce-None-DiningTable-20/trial_T20190906_191212_598810/game.tw-pddl:0,0,train:80:train/pick_clean_then_place_in_recep-Lettuce-None-DiningTable-20/trial_T20190906_191212_598810/game.tw-pddl:0,9,9,False,1273
Adaptive v1,80,train:80:train/pick_cool_then_place_in_recep-Mug-None-CoffeeMachine-6/trial_T20190906_204029_896727/game.tw-pddl:0,0,train:80:train/pick_cool_then_place_in_recep-Mug-None-CoffeeMachine-6/trial_T20190906_204029_896727/game.tw-pddl:0,5,5,False,1274
Adaptive v1,80,train:80:train/pick_two_obj_and_place-Candle-None-Cabinet-414/trial_T20190908_190650_163902/game.tw-pddl:0,0,train:80:train/pick_two_obj_and_place-Candle-None-Cabinet-414/trial_T20190908_190650_163902/game.tw-pddl:0,20,30,True,1275
Adaptive v1,80,train:80:train/pick_two_obj_and_place-CreditCard-None-ArmChair-223/trial_T20190909_110633_599375/game.tw-pddl:0,0,train:80:train/pick_two_obj_and_place-CreditCard-None-ArmChair-223/trial_T20190909_110633_599375/game.tw-pddl:0,23,30,True,1276
Adaptive v1,80,train:80:train/pick_two_obj_and_place-CreditCard-None-Sofa-207/trial_T20190909_085924_009925/game.tw-pddl:0,0,train:80:train/pick_two_obj_and_place-CreditCard-None-Sofa-207/trial_T20190909_085924_009925/game.tw-pddl:0,9,9,False,1277
Adaptive v1,80,train:80:train/pick_two_obj_and_place-Pen-None-Drawer-311/trial_T20190908_072228_981753/game.tw-pddl:0,0,train:80:train/pick_two_obj_and_place-Pen-None-Drawer-311/trial_T20190908_072228_981753/game.tw-pddl:0,10,10,False,1278
Adaptive v1,80,train:80:train/pick_two_obj_and_place-SaltShaker-None-Cabinet-3/trial_T20190908_102210_822954/game.tw-pddl:0,0,train:80:train/pick_two_obj_and_place-SaltShaker-None-Cabinet-3/trial_T20190908_102210_822954/game.tw-pddl:0,12,12,False,1279
Adaptive v1,80,train:80:train/pick_two_obj_and_place-ToiletPaper-None-Shelf-422/trial_T20190908_065858_170962/game.tw-pddl:0,0,train:80:train/pick_two_obj_and_place-ToiletPaper-None-Shelf-422/trial_T20190908_065858_170962/game.tw-pddl:0,20,30,True,1280
Adaptive v1,81,train:81:train/look_at_obj_in_light-CellPhone-None-DeskLamp-320/trial_T20190908_093231_036941/game.tw-pddl:0,0,train:81:train/look_at_obj_in_light-CellPhone-None-DeskLamp-320/trial_T20190908_093231_036941/game.tw-pddl:0,6,6,False,1281
Adaptive v1,81,train:81:train/look_at_obj_in_light-Laptop-None-DeskLamp-317/trial_T20190909_001901_917364/game.tw-pddl:0,0,train:81:train/look_at_obj_in_light-Laptop-None-DeskLamp-317/trial_T20190909_001901_917364/game.tw-pddl:0,4,4,False,1282
Adaptive v1,81,train:81:train/pick_and_place_simple-Book-None-Sofa-201/trial_T20190908_132617_405517/game.tw-pddl:0,0,train:81:train/pick_and_place_simple-Book-None-Sofa-201/trial_T20190908_132617_405517/game.tw-pddl:0,5,5,False,1283
Adaptive v1,81,train:81:train/pick_and_place_simple-CellPhone-None-SideTable-326/trial_T20190909_150134_334830/game.tw-pddl:0,0,train:81:train/pick_and_place_simple-CellPhone-None-SideTable-326/trial_T20190909_150134_334830/game.tw-pddl:0,4,4,False,1284
Adaptive v1,81,train:81:train/pick_and_place_simple-Lettuce-None-CounterTop-25/trial_T20190907_000040_764797/game.tw-pddl:0,0,train:81:train/pick_and_place_simple-Lettuce-None-CounterTop-25/trial_T20190907_000040_764797/game.tw-pddl:0,16,30,True,1285
Adaptive v1,81,train:81:train/pick_and_place_simple-Potato-None-Microwave-30/trial_T20190907_015902_274312/game.tw-pddl:0,0,train:81:train/pick_and_place_simple-Potato-None-Microwave-30/trial_T20190907_015902_274312/game.tw-pddl:0,6,6,False,1286
Adaptive v1,81,train:81:train/pick_clean_then_place_in_recep-Cloth-None-Toilet-405/trial_T20190909_073556_939534/game.tw-pddl:0,0,train:81:train/pick_clean_then_place_in_recep-Cloth-None-Toilet-405/trial_T20190909_073556_939534/game.tw-pddl:0,24,30,True,1287
Adaptive v1,81,train:81:train/pick_clean_then_place_in_recep-Egg-None-CounterTop-30/trial_T20190907_113306_845938/game.tw-pddl:0,0,train:81:train/pick_clean_then_place_in_recep-Egg-None-CounterTop-30/trial_T20190907_113306_845938/game.tw-pddl:0,11,30,True,1288
Adaptive v1,81,train:81:train/pick_clean_then_place_in_recep-Pan-None-CounterTop-22/trial_T20190910_161323_966396/game.tw-pddl:0,0,train:81:train/pick_clean_then_place_in_recep-Pan-None-CounterTop-22/trial_T20190910_161323_966396/game.tw-pddl:0,14,30,True,1289
Adaptive v1,81,train:81:train/pick_cool_then_place_in_recep-Bowl-None-Cabinet-25/trial_T20190908_073438_481131/game.tw-pddl:0,0,train:81:train/pick_cool_then_place_in_recep-Bowl-None-Cabinet-25/trial_T20190908_073438_481131/game.tw-pddl:0,15,30,True,1290
Adaptive v1,81,train:81:train/pick_heat_then_place_in_recep-Egg-None-CounterTop-12/trial_T20190908_215527_416490/game.tw-pddl:0,0,train:81:train/pick_heat_then_place_in_recep-Egg-None-CounterTop-12/trial_T20190908_215527_416490/game.tw-pddl:0,6,6,False,1291
Adaptive v1,81,train:81:train/pick_two_obj_and_place-CreditCard-None-ArmChair-217/trial_T20190909_114137_904766/game.tw-pddl:0,0,train:81:train/pick_two_obj_and_place-CreditCard-None-ArmChair-217/trial_T20190909_114137_904766/game.tw-pddl:0,22,30,True,1292
Adaptive v1,81,train:81:train/pick_two_obj_and_place-Pencil-None-CoffeeTable-229/trial_T20190910_224430_843186/game.tw-pddl:0,0,train:81:train/pick_two_obj_and_place-Pencil-None-CoffeeTable-229/trial_T20190910_224430_843186/game.tw-pddl:0,21,30,True,1293
Adaptive v1,81,train:81:train/pick_two_obj_and_place-RemoteControl-None-ArmChair-230/trial_T20190907_195543_135937/game.tw-pddl:0,0,train:81:train/pick_two_obj_and_place-RemoteControl-None-ArmChair-230/trial_T20190907_195543_135937/game.tw-pddl:0,16,30,True,1294
Adaptive v1,81,train:81:train/pick_two_obj_and_place-RemoteControl-None-Ottoman-210/trial_T20190906_202015_373575/game.tw-pddl:0,0,train:81:train/pick_two_obj_and_place-RemoteControl-None-Ottoman-210/trial_T20190906_202015_373575/game.tw-pddl:0,21,30,True,1295
Adaptive v1,81,train:81:train/pick_two_obj_and_place-TissueBox-None-Shelf-313/trial_T20190907_041603_169557/game.tw-pddl:0,0,train:81:train/pick_two_obj_and_place-TissueBox-None-Shelf-313/trial_T20190907_041603_169557/game.tw-pddl:0,8,8,False,1296
Adaptive v1,82,train:82:train/pick_and_place_simple-Candle-None-Toilet-409/trial_T20190908_014219_052080/game.tw-pddl:0,0,train:82:train/pick_and_place_simple-Candle-None-Toilet-409/trial_T20190908_014219_052080/game.tw-pddl:0,4,4,False,1297
Adaptive v1,82,train:82:train/pick_and_place_simple-CreditCard-None-Shelf-316/trial_T20190909_092935_341684/game.tw-pddl:0,0,train:82:train/pick_and_place_simple-CreditCard-None-Shelf-316/trial_T20190909_092935_341684/game.tw-pddl:0,5,5,False,1298
Adaptive v1,82,train:82:train/pick_and_place_simple-KeyChain-None-Safe-323/trial_T20190908_115121_030635/game.tw-pddl:0,0,train:82:train/pick_and_place_simple-KeyChain-None-Safe-323/trial_T20190908_115121_030635/game.tw-pddl:0,13,13,False,1299
Adaptive v1,82,train:82:train/pick_and_place_simple-ToiletPaper-None-ToiletPaperHanger-423/trial_T20190908_022339_158366/game.tw-pddl:0,0,train:82:train/pick_and_place_simple-ToiletPaper-None-ToiletPaperHanger-423/trial_T20190908_022339_158366/game.tw-pddl:0,9,9,False,1300
Adaptive v1,82,train:82:train/pick_clean_then_place_in_recep-Apple-None-Microwave-6/trial_T20190909_114343_556932/game.tw-pddl:0,0,train:82:train/pick_clean_then_place_in_recep-Apple-None-Microwave-6/trial_T20190909_114343_556932/game.tw-pddl:0,15,30,True,1301
Adaptive v1,82,train:82:train/pick_clean_then_place_in_recep-Knife-None-SideTable-21/trial_T20190907_155338_488905/game.tw-pddl:0,0,train:82:train/pick_clean_then_place_in_recep-Knife-None-SideTable-21/trial_T20190907_155338_488905/game.tw-pddl:0,7,7,False,1302
Adaptive v1,82,train:82:train/pick_clean_then_place_in_recep-SoapBar-None-Drawer-415/trial_T20190909_052957_687258/game.tw-pddl:0,0,train:82:train/pick_clean_then_place_in_recep-SoapBar-None-Drawer-415/trial_T20190909_052957_687258/game.tw-pddl:0,7,7,False,1303
Adaptive v1,82,train:82:train/pick_cool_then_place_in_recep-Cup-None-Shelf-7/trial_T20190906_222334_320065/game.tw-pddl:0,0,train:82:train/pick_cool_then_place_in_recep-Cup-None-Shelf-7/trial_T20190906_222334_320065/game.tw-pddl:0,6,6,False,1304
Adaptive v1,82,train:82:train/pick_cool_then_place_in_recep-Lettuce-None-GarbageCan-16/trial_T20190909_043106_665762/game.tw-pddl:0,0,train:82:train/pick_cool_then_place_in_recep-Lettuce-None-GarbageCan-16/trial_T20190909_043106_665762/game.tw-pddl:0,7,7,False,1305
Adaptive v1,82,train:82:train/pick_cool_then_place_in_recep-Mug-None-SideTable-21/trial_T20190907_153609_495974/game.tw-pddl:0,0,train:82:train/pick_cool_then_place_in_recep-Mug-None-SideTable-21/trial_T20190907_153609_495974/game.tw-pddl:0,15,15,False,1306
Adaptive v1,82,train:82:train/pick_cool_then_place_in_recep-WineBottle-None-Cabinet-16/trial_T20190907_084106_624638/game.tw-pddl:0,0,train:82:train/pick_cool_then_place_in_recep-WineBottle-None-Cabinet-16/trial_T20190907_084106_624638/game.tw-pddl:0,8,30,True,1307
Adaptive v1,82,train:82:train/pick_cool_then_place_in_recep-WineBottle-None-Cabinet-16/trial_T20190907_084141_322809/game.tw-pddl:0,0,train:82:train/pick_cool_then_place_in_recep-WineBottle-None-Cabinet-16/trial_T20190907_084141_322809/game.tw-pddl:0,7,7,False,1308
Adaptive v1,82,train:82:train/pick_heat_then_place_in_recep-Cup-None-Shelf-7/trial_T20190906_211214_598438/game.tw-pddl:0,0,train:82:train/pick_heat_then_place_in_recep-Cup-None-Shelf-7/trial_T20190906_211214_598438/game.tw-pddl:0,6,6,False,1309
Adaptive v1,82,train:82:train/pick_heat_then_place_in_recep-Mug-None-CoffeeMachine-6/trial_T20190906_214114_913196/game.tw-pddl:0,0,train:82:train/pick_heat_then_place_in_recep-Mug-None-CoffeeMachine-6/trial_T20190906_214114_913196/game.tw-pddl:0,14,30,True,1310
Adaptive v1,82,train:82:train/pick_heat_then_place_in_recep-Potato-None-DiningTable-16/trial_T20190908_015113_664393/game.tw-pddl:0,0,train:82:train/pick_heat_then_place_in_recep-Potato-None-DiningTable-16/trial_T20190908_015113_664393/game.tw-pddl:0,7,30,True,1311
Adaptive v1,82,train:82:train/pick_two_obj_and_place-KeyChain-None-Sofa-224/trial_T20190908_015731_474534/game.tw-pddl:0,0,train:82:train/pick_two_obj_and_place-KeyChain-None-Sofa-224/trial_T20190908_015731_474534/game.tw-pddl:0,10,10,False,1312
Adaptive v1,83,train:83:train/pick_and_place_simple-Candle-None-Cabinet-418/trial_T20190907_190403_681011/game.tw-pddl:0,0,train:83:train/pick_and_place_simple-Candle-None-Cabinet-418/trial_T20190907_190403_681011/game.tw-pddl:0,5,5,False,1313
Adaptive v1,83,train:83:train/pick_and_place_simple-CellPhone-None-Desk-312/trial_T20190908_021751_687867/game.tw-pddl:0,0,train:83:train/pick_and_place_simple-CellPhone-None-Desk-312/trial_T20190908_021751_687867/game.tw-pddl:0,10,10,False,1314
Adaptive v1,83,train:83:train/pick_and_place_simple-SoapBottle-None-Toilet-408/trial_T20190907_084114_235446/game.tw-pddl:0,0,train:83:train/pick_and_place_simple-SoapBottle-None-Toilet-408/trial_T20190907_084114_235446/game.tw-pddl:0,17,17,False,1315
Adaptive v1,83,train:83:train/pick_and_place_simple-SprayBottle-None-Toilet-415/trial_T20190909_080011_253379/game.tw-pddl:0,0,train:83:train/pick_and_place_simple-SprayBottle-None-Toilet-415/trial_T20190909_080011_253379/game.tw-pddl:0,4,4,False,1316
Adaptive v1,83,train:83:train/pick_and_place_simple-Vase-None-CoffeeTable-207/trial_T20190909_091234_276889/game.tw-pddl:0,0,train:83:train/pick_and_place_simple-Vase-None-CoffeeTable-207/trial_T20190909_091234_276889/game.tw-pddl:0,12,12,False,1317
Adaptive v1,83,train:83:train/pick_clean_then_place_in_recep-Kettle-None-StoveBurner-1/trial_T20190908_172105_948396/game.tw-pddl:0,0,train:83:train/pick_clean_then_place_in_recep-Kettle-None-StoveBurner-1/trial_T20190908_172105_948396/game.tw-pddl:0,14,30,True,1318
Adaptive v1,83,train:83:train/pick_clean_then_place_in_recep-Pan-None-StoveBurner-13/trial_T20190907_123712_820281/game.tw-pddl:0,0,train:83:train/pick_clean_then_place_in_recep-Pan-None-StoveBurner-13/trial_T20190907_123712_820281/game.tw-pddl:0,11,30,True,1319
Adaptive v1,83,train:83:train/pick_clean_then_place_in_recep-Plate-None-Cabinet-13/trial_T20190909_123529_408273/game.tw-pddl:0,0,train:83:train/pick_clean_then_place_in_recep-Plate-None-Cabinet-13/trial_T20190909_123529_408273/game.tw-pddl:0,6,6,False,1320
Adaptive v1,83,train:83:train/pick_clean_then_place_in_recep-Potato-None-DiningTable-4/trial_T20190909_113933_070196/game.tw-pddl:0,0,train:83:train/pick_clean_then_place_in_recep-Potato-None-DiningTable-4/trial_T20190909_113933_070196/game.tw-pddl:0,9,9,False,1321
Adaptive v1,83,train:83:train/pick_clean_then_place_in_recep-SoapBar-None-CounterTop-422/trial_T20190908_124952_732878/game.tw-pddl:0,0,train:83:train/pick_clean_then_place_in_recep-SoapBar-None-CounterTop-422/trial_T20190908_124952_732878/game.tw-pddl:0,11,11,False,1322
Adaptive v1,83,train:83:train/pick_cool_then_place_in_recep-Egg-None-Microwave-18/trial_T20190909_113607_998821/game.tw-pddl:0,0,train:83:train/pick_cool_then_place_in_recep-Egg-None-Microwave-18/trial_T20190909_113607_998821/game.tw-pddl:0,10,30,True,1323
Adaptive v1,83,train:83:train/pick_cool_then_place_in_recep-Potato-None-DiningTable-27/trial_T20190908_204154_198438/game.tw-pddl:0,0,train:83:train/pick_cool_then_place_in_recep-Potato-None-DiningTable-27/trial_T20190908_204154_198438/game.tw-pddl:0,7,7,False,1324
Adaptive v1,83,train:83:train/pick_heat_then_place_in_recep-Egg-None-GarbageCan-11/trial_T20190908_220027_082582/game.tw-pddl:0,0,train:83:train/pick_heat_then_place_in_recep-Egg-None-GarbageCan-11/trial_T20190908_220027_082582/game.tw-pddl:0,14,30,True,1325
Adaptive v1,83,train:83:train/pick_heat_then_place_in_recep-Mug-None-CoffeeMachine-14/trial_T20190907_012206_112743/game.tw-pddl:0,0,train:83:train/pick_heat_then_place_in_recep-Mug-None-CoffeeMachine-14/trial_T20190907_012206_112743/game.tw-pddl:0,5,5,False,1326
Adaptive v1,83,train:83:train/pick_heat_then_place_in_recep-Plate-None-CounterTop-7/trial_T20190909_100702_050461/game.tw-pddl:0,0,train:83:train/pick_heat_then_place_in_recep-Plate-None-CounterTop-7/trial_T20190909_100702_050461/game.tw-pddl:0,6,6,False,1327
Adaptive v1,83,train:83:train/pick_two_obj_and_place-WineBottle-None-Cabinet-3/trial_T20190909_074805_916625/game.tw-pddl:0,0,train:83:train/pick_two_obj_and_place-WineBottle-None-Cabinet-3/trial_T20190909_074805_916625/game.tw-pddl:0,9,9,False,1328
Adaptive v1,84,train:84:train/look_at_obj_in_light-Laptop-None-DeskLamp-301/trial_T20190907_185632_149839/game.tw-pddl:0,0,train:84:train/look_at_obj_in_light-Laptop-None-DeskLamp-301/trial_T20190907_185632_149839/game.tw-pddl:0,17,30,True,1329
Adaptive v1,84,train:84:train/look_at_obj_in_light-Newspaper-None-DeskLamp-225/trial_T20190909_085713_995585/game.tw-pddl:0,0,train:84:train/look_at_obj_in_light-Newspaper-None-DeskLamp-225/trial_T20190909_085713_995585/game.tw-pddl:0,4,4,False,1330
Adaptive v1,84,train:84:train/look_at_obj_in_light-Pillow-None-DeskLamp-316/trial_T20190908_232421_645610/game.tw-pddl:0,0,train:84:train/look_at_obj_in_light-Pillow-None-DeskLamp-316/trial_T20190908_232421_645610/game.tw-pddl:0,8,8,False,1331
Adaptive v1,84,train:84:train/pick_and_place_simple-Box-None-Sofa-220/trial_T20190907_165527_462462/game.tw-pddl:0,0,train:84:train/pick_and_place_simple-Box-None-Sofa-220/trial_T20190907_165527_462462/game.tw-pddl:0,12,12,False,1332
Adaptive v1,84,train:84:train/pick_and_place_simple-Candle-None-Toilet-410/trial_T20190908_124708_468504/game.tw-pddl:0,0,train:84:train/pick_and_place_simple-Candle-None-Toilet-410/trial_T20190908_124708_468504/game.tw-pddl:0,4,4,False,1333
Adaptive v1,84,train:84:train/pick_and_place_simple-Candle-None-Toilet-412/trial_T20190909_045218_924054/game.tw-pddl:0,0,train:84:train/pick_and_place_simple-Candle-None-Toilet-412/trial_T20190909_045218_924054/game.tw-pddl:0,4,4,False,1334
Adaptive v1,84,train:84:train/pick_and_place_simple-CreditCard-None-Shelf-307/trial_T20190908_141030_925653/game.tw-pddl:0,0,train:84:train/pick_and_place_simple-CreditCard-None-Shelf-307/trial_T20190908_141030_925653/game.tw-pddl:0,4,4,False,1335
Adaptive v1,84,train:84:train/pick_clean_then_place_in_recep-DishSponge-None-CounterTop-403/trial_T20190908_144337_493760/game.tw-pddl:0,0,train:84:train/pick_clean_then_place_in_recep-DishSponge-None-CounterTop-403/trial_T20190908_144337_493760/game.tw-pddl:0,8,8,False,1336
Adaptive v1,84,train:84:train/pick_clean_then_place_in_recep-SoapBar-None-Cabinet-413/trial_T20190908_023500_672378/game.tw-pddl:0,0,train:84:train/pick_clean_then_place_in_recep-SoapBar-None-Cabinet-413/trial_T20190908_023500_672378/game.tw-pddl:0,20,30,True,1337
Adaptive v1,84,train:84:train/pick_cool_then_place_in_recep-Cup-None-Microwave-14/trial_T20190908_093224_944397/game.tw-pddl:0,0,train:84:train/pick_cool_then_place_in_recep-Cup-None-Microwave-14/trial_T20190908_093224_944397/game.tw-pddl:0,17,30,True,1338
Adaptive v1,84,train:84:train/pick_cool_then_place_in_recep-Mug-None-CoffeeMachine-21/trial_T20190908_034233_887856/game.tw-pddl:0,0,train:84:train/pick_cool_then_place_in_recep-Mug-None-CoffeeMachine-21/trial_T20190908_034233_887856/game.tw-pddl:0,13,13,False,1339
Adaptive v1,84,train:84:train/pick_cool_then_place_in_recep-Potato-None-GarbageCan-17/trial_T20190908_204151_818156/game.tw-pddl:0,0,train:84:train/pick_cool_then_place_in_recep-Potato-None-GarbageCan-17/trial_T20190908_204151_818156/game.tw-pddl:0,6,6,False,1340
Adaptive v1,84,train:84:train/pick_heat_then_place_in_recep-Apple-None-DiningTable-26/trial_T20190907_060258_549114/game.tw-pddl:0,0,train:84:train/pick_heat_then_place_in_recep-Apple-None-DiningTable-26/trial_T20190907_060258_549114/game.tw-pddl:0,9,9,False,1341
Adaptive v1,84,train:84:train/pick_heat_then_place_in_recep-Bread-None-GarbageCan-15/trial_T20190906_230136_323065/game.tw-pddl:0,0,train:84:train/pick_heat_then_place_in_recep-Bread-None-GarbageCan-15/trial_T20190906_230136_323065/game.tw-pddl:0,7,30,True,1342
Adaptive v1,84,train:84:train/pick_heat_then_place_in_recep-Egg-None-GarbageCan-5/trial_T20190906_190707_776806/game.tw-pddl:0,0,train:84:train/pick_heat_then_place_in_recep-Egg-None-GarbageCan-5/trial_T20190906_190707_776806/game.tw-pddl:0,13,30,True,1343
Adaptive v1,84,train:84:train/pick_two_obj_and_place-DishSponge-None-Cart-430/trial_T20190908_123809_084488/game.tw-pddl:0,0,train:84:train/pick_two_obj_and_place-DishSponge-None-Cart-430/trial_T20190908_123809_084488/game.tw-pddl:0,20,30,True,1344
Adaptive v1,85,train:85:train/look_at_obj_in_light-CellPhone-None-DeskLamp-318/trial_T20190909_005910_895239/game.tw-pddl:0,0,train:85:train/look_at_obj_in_light-CellPhone-None-DeskLamp-318/trial_T20190909_005910_895239/game.tw-pddl:0,18,30,True,1345
Adaptive v1,85,train:85:train/pick_and_place_simple-ButterKnife-None-Drawer-8/trial_T20190918_144242_057762/game.tw-pddl:0,0,train:85:train/pick_and_place_simple-ButterKnife-None-Drawer-8/trial_T20190918_144242_057762/game.tw-pddl:0,6,6,False,1346
Adaptive v1,85,train:85:train/pick_and_place_simple-SoapBottle-None-GarbageCan-413/trial_T20190909_074003_024850/game.tw-pddl:0,0,train:85:train/pick_and_place_simple-SoapBottle-None-GarbageCan-413/trial_T20190909_074003_024850/game.tw-pddl:0,4,4,False,1347
Adaptive v1,85,train:85:train/pick_and_place_simple-SprayBottle-None-Toilet-426/trial_T20190908_155247_137362/game.tw-pddl:0,0,train:85:train/pick_and_place_simple-SprayBottle-None-Toilet-426/trial_T20190908_155247_137362/game.tw-pddl:0,4,4,False,1348
Adaptive v1,85,train:85:train/pick_clean_then_place_in_recep-Mug-None-CoffeeMachine-25/trial_T20190907_224032_931193/game.tw-pddl:0,0,train:85:train/pick_clean_then_place_in_recep-Mug-None-CoffeeMachine-25/trial_T20190907_224032_931193/game.tw-pddl:0,4,4,False,1349
Adaptive v1,85,train:85:train/pick_clean_then_place_in_recep-Pan-None-StoveBurner-5/trial_T20190907_124501_787647/game.tw-pddl:0,0,train:85:train/pick_clean_then_place_in_recep-Pan-None-StoveBurner-5/trial_T20190907_124501_787647/game.tw-pddl:0,13,30,True,1350
Adaptive v1,85,train:85:train/pick_cool_then_place_in_recep-Bowl-None-DiningTable-23/trial_T20190908_140213_904372/game.tw-pddl:0,0,train:85:train/pick_cool_then_place_in_recep-Bowl-None-DiningTable-23/trial_T20190908_140213_904372/game.tw-pddl:0,11,11,False,1351
Adaptive v1,85,train:85:train/pick_cool_then_place_in_recep-Bowl-None-Microwave-19/trial_T20190909_041007_028354/game.tw-pddl:0,0,train:85:train/pick_cool_then_place_in_recep-Bowl-None-Microwave-19/trial_T20190909_041007_028354/game.tw-pddl:0,7,7,False,1352
Adaptive v1,85,train:85:train/pick_cool_then_place_in_recep-Mug-None-CoffeeMachine-18/trial_T20190907_075222_975015/game.tw-pddl:0,0,train:85:train/pick_cool_then_place_in_recep-Mug-None-CoffeeMachine-18/trial_T20190907_075222_975015/game.tw-pddl:0,6,6,False,1353
Adaptive v1,85,train:85:train/pick_heat_then_place_in_recep-Cup-None-Fridge-22/trial_T20190908_072831_071145/game.tw-pddl:0,0,train:85:train/pick_heat_then_place_in_recep-Cup-None-Fridge-22/trial_T20190908_072831_071145/game.tw-pddl:0,14,30,True,1354
Adaptive v1,85,train:85:train/pick_heat_then_place_in_recep-Egg-None-DiningTable-11/trial_T20190907_125428_577559/game.tw-pddl:0,0,train:85:train/pick_heat_then_place_in_recep-Egg-None-DiningTable-11/trial_T20190907_125428_577559/game.tw-pddl:0,8,8,False,1355
Adaptive v1,85,train:85:train/pick_heat_then_place_in_recep-Potato-None-GarbageCan-14/trial_T20190909_114102_376957/game.tw-pddl:0,0,train:85:train/pick_heat_then_place_in_recep-Potato-None-GarbageCan-14/trial_T20190909_114102_376957/game.tw-pddl:0,16,16,False,1356
Adaptive v1,85,train:85:train/pick_heat_then_place_in_recep-Tomato-None-Fridge-18/trial_T20190907_193025_428000/game.tw-pddl:0,0,train:85:train/pick_heat_then_place_in_recep-Tomato-None-Fridge-18/trial_T20190907_193025_428000/game.tw-pddl:0,8,30,True,1357
Adaptive v1,85,train:85:train/pick_two_obj_and_place-CreditCard-None-ArmChair-230/trial_T20190909_100257_842200/game.tw-pddl:0,0,train:85:train/pick_two_obj_and_place-CreditCard-None-ArmChair-230/trial_T20190909_100257_842200/game.tw-pddl:0,20,30,True,1358
Adaptive v1,85,train:85:train/pick_two_obj_and_place-CreditCard-None-Dresser-217/trial_T20190909_082036_407168/game.tw-pddl:0,0,train:85:train/pick_two_obj_and_place-CreditCard-None-Dresser-217/trial_T20190909_082036_407168/game.tw-pddl:0,22,30,True,1359
Adaptive v1,85,train:85:train/pick_two_obj_and_place-SprayBottle-None-GarbageCan-428/trial_T20190909_055216_429116/game.tw-pddl:0,0,train:85:train/pick_two_obj_and_place-SprayBottle-None-GarbageCan-428/trial_T20190909_055216_429116/game.tw-pddl:0,22,30,True,1360
Adaptive v1,86,train:86:train/look_at_obj_in_light-Bowl-None-DeskLamp-327/trial_T20190907_094422_792919/game.tw-pddl:0,0,train:86:train/look_at_obj_in_light-Bowl-None-DeskLamp-327/trial_T20190907_094422_792919/game.tw-pddl:0,7,30,True,1361
Adaptive v1,86,train:86:train/pick_and_place_simple-Book-None-Sofa-229/trial_T20190907_042912_200377/game.tw-pddl:0,0,train:86:train/pick_and_place_simple-Book-None-Sofa-229/trial_T20190907_042912_200377/game.tw-pddl:0,8,8,False,1362
Adaptive v1,86,train:86:train/pick_and_place_simple-CellPhone-None-Bed-321/trial_T20190908_231504_321117/game.tw-pddl:0,0,train:86:train/pick_and_place_simple-CellPhone-None-Bed-321/trial_T20190908_231504_321117/game.tw-pddl:0,7,7,False,1363
Adaptive v1,86,train:86:train/pick_and_place_simple-TissueBox-None-GarbageCan-427/trial_T20190907_173922_758000/game.tw-pddl:0,0,train:86:train/pick_and_place_simple-TissueBox-None-GarbageCan-427/trial_T20190907_173922_758000/game.tw-pddl:0,4,4,False,1364
Adaptive v1,86,train:86:train/pick_clean_then_place_in_recep-Bowl-None-Fridge-21/trial_T20190909_014304_341923/game.tw-pddl:0,0,train:86:train/pick_clean_then_place_in_recep-Bowl-None-Fridge-21/trial_T20190909_014304_341923/game.tw-pddl:0,9,9,False,1365
Adaptive v1,86,train:86:train/pick_clean_then_place_in_recep-Mug-None-CoffeeMachine-14/trial_T20190906_213531_268919/game.tw-pddl:0,0,train:86:train/pick_clean_then_place_in_recep-Mug-None-CoffeeMachine-14/trial_T20190906_213531_268919/game.tw-pddl:0,5,5,False,1366
Adaptive v1,86,train:86:train/pick_clean_then_place_in_recep-Pan-None-Fridge-1/trial_T20190908_105504_396709/game.tw-pddl:0,0,train:86:train/pick_clean_then_place_in_recep-Pan-None-Fridge-1/trial_T20190908_105504_396709/game.tw-pddl:0,15,30,True,1367
Adaptive v1,86,train:86:train/pick_clean_then_place_in_recep-SoapBar-None-Drawer-426/trial_T20190909_074540_552956/game.tw-pddl:0,0,train:86:train/pick_clean_then_place_in_recep-SoapBar-None-Drawer-426/trial_T20190909_074540_552956/game.tw-pddl:0,20,30,True,1368
Adaptive v1,86,train:86:train/pick_cool_then_place_in_recep-Tomato-None-DiningTable-11/trial_T20190908_220012_692282/game.tw-pddl:0,0,train:86:train/pick_cool_then_place_in_recep-Tomato-None-DiningTable-11/trial_T20190908_220012_692282/game.tw-pddl:0,6,6,False,1369
Adaptive v1,86,train:86:train/pick_two_obj_and_place-CreditCard-None-Desk-313/trial_T20190909_104559_503324/game.tw-pddl:0,0,train:86:train/pick_two_obj_and_place-CreditCard-None-Desk-313/trial_T20190909_104559_503324/game.tw-pddl:0,10,10,False,1370
Adaptive v1,86,train:86:train/pick_two_obj_and_place-Laptop-None-Desk-307/trial_T20190909_005147_179324/game.tw-pddl:0,0,train:86:train/pick_two_obj_and_place-Laptop-None-Desk-307/trial_T20190909_005147_179324/game.tw-pddl:0,25,30,True,1371
Adaptive v1,86,train:86:train/pick_two_obj_and_place-Pencil-None-Shelf-301/trial_T20190909_011443_526440/game.tw-pddl:0,0,train:86:train/pick_two_obj_and_place-Pencil-None-Shelf-301/trial_T20190909_011443_526440/game.tw-pddl:0,18,30,True,1372
Adaptive v1,86,train:86:train/pick_two_obj_and_place-Pillow-None-ArmChair-321/trial_T20190907_121714_804185/game.tw-pddl:0,0,train:86:train/pick_two_obj_and_place-Pillow-None-ArmChair-321/trial_T20190907_121714_804185/game.tw-pddl:0,8,8,False,1373
Adaptive v1,86,train:86:train/pick_two_obj_and_place-Pillow-None-ArmChair-321/trial_T20190907_121735_217785/game.tw-pddl:0,0,train:86:train/pick_two_obj_and_place-Pillow-None-ArmChair-321/trial_T20190907_121735_217785/game.tw-pddl:0,26,30,True,1374
Adaptive v1,86,train:86:train/pick_two_obj_and_place-RemoteControl-None-ArmChair-209/trial_T20190911_073357_259456/game.tw-pddl:0,0,train:86:train/pick_two_obj_and_place-RemoteControl-None-ArmChair-209/trial_T20190911_073357_259456/game.tw-pddl:0,21,30,True,1375
Adaptive v1,86,train:86:train/pick_two_obj_and_place-SoapBar-None-Toilet-412/trial_T20190908_071724_491033/game.tw-pddl:0,0,train:86:train/pick_two_obj_and_place-SoapBar-None-Toilet-412/trial_T20190908_071724_491033/game.tw-pddl:0,17,30,True,1376
Adaptive v1,87,train:87:train/look_at_obj_in_light-AlarmClock-None-DeskLamp-304/trial_T20190909_152102_649589/game.tw-pddl:0,0,train:87:train/look_at_obj_in_light-AlarmClock-None-DeskLamp-304/trial_T20190909_152102_649589/game.tw-pddl:0,7,7,False,1377
Adaptive v1,87,train:87:train/pick_and_place_simple-Candle-None-Cart-430/trial_T20190909_055342_835891/game.tw-pddl:0,0,train:87:train/pick_and_place_simple-Candle-None-Cart-430/trial_T20190909_055342_835891/game.tw-pddl:0,4,4,False,1378
Adaptive v1,87,train:87:train/pick_and_place_simple-CellPhone-None-Safe-323/trial_T20190907_234526_733036/game.tw-pddl:0,0,train:87:train/pick_and_place_simple-CellPhone-None-Safe-323/trial_T20190907_234526_733036/game.tw-pddl:0,5,5,False,1379
Adaptive v1,87,train:87:train/pick_and_place_simple-CellPhone-None-SideTable-326/trial_T20190909_150146_042485/game.tw-pddl:0,0,train:87:train/pick_and_place_simple-CellPhone-None-SideTable-326/trial_T20190909_150146_042485/game.tw-pddl:0,20,30,True,1380
Adaptive v1,87,train:87:train/pick_and_place_simple-Laptop-None-SideTable-221/trial_T20190908_110844_642249/game.tw-pddl:0,0,train:87:train/pick_and_place_simple-Laptop-None-SideTable-221/trial_T20190908_110844_642249/game.tw-pddl:0,4,4,False,1381
Adaptive v1,87,train:87:train/pick_and_place_simple-RemoteControl-None-CoffeeTable-209/trial_T20190909_062232_520101/game.tw-pddl:0,0,train:87:train/pick_and_place_simple-RemoteControl-None-CoffeeTable-209/trial_T20190909_062232_520101/game.tw-pddl:0,4,4,False,1382
Adaptive v1,87,train:87:train/pick_and_place_simple-RemoteControl-None-Dresser-311/trial_T20190907_154851_086393/game.tw-pddl:0,0,train:87:train/pick_and_place_simple-RemoteControl-None-Dresser-311/trial_T20190907_154851_086393/game.tw-pddl:0,5,5,False,1383
Adaptive v1,87,train:87:train/pick_and_place_simple-SoapBottle-None-GarbageCan-407/trial_T20190908_063257_497959/game.tw-pddl:0,0,train:87:train/pick_and_place_simple-SoapBottle-None-GarbageCan-407/trial_T20190908_063257_497959/game.tw-pddl:0,8,8,False,1384
Adaptive v1,87,train:87:train/pick_and_place_simple-SprayBottle-None-Toilet-412/trial_T20190908_042250_246115/game.tw-pddl:0,0,train:87:train/pick_and_place_simple-SprayBottle-None-Toilet-412/trial_T20190908_042250_246115/game.tw-pddl:0,4,4,False,1385
Adaptive v1,87,train:87:train/pick_heat_then_place_in_recep-Mug-None-CoffeeMachine-30/trial_T20190907_220045_510017/game.tw-pddl:0,0,train:87:train/pick_heat_then_place_in_recep-Mug-None-CoffeeMachine-30/trial_T20190907_220045_510017/game.tw-pddl:0,4,4,False,1386
Adaptive v1,87,train:87:train/pick_heat_then_place_in_recep-Plate-None-Cabinet-7/trial_T20190907_144243_812132/game.tw-pddl:0,0,train:87:train/pick_heat_then_place_in_recep-Plate-None-Cabinet-7/trial_T20190907_144243_812132/game.tw-pddl:0,7,7,False,1387
Adaptive v1,87,train:87:train/pick_heat_then_place_in_recep-Potato-None-Fridge-27/trial_T20190908_143748_027076/game.tw-pddl:0,0,train:87:train/pick_heat_then_place_in_recep-Potato-None-Fridge-27/trial_T20190908_143748_027076/game.tw-pddl:0,8,8,False,1388
Adaptive v1,87,train:87:train/pick_two_obj_and_place-AlarmClock-None-SideTable-312/trial_T20190908_024701_173974/game.tw-pddl:0,0,train:87:train/pick_two_obj_and_place-AlarmClock-None-SideTable-312/trial_T20190908_024701_173974/game.tw-pddl:0,22,30,True,1389
Adaptive v1,87,train:87:train/pick_two_obj_and_place-Candle-None-CounterTop-402/trial_T20190909_082809_314519/game.tw-pddl:0,0,train:87:train/pick_two_obj_and_place-Candle-None-CounterTop-402/trial_T20190909_082809_314519/game.tw-pddl:0,20,30,True,1390
Adaptive v1,87,train:87:train/pick_two_obj_and_place-CellPhone-None-Bed-322/trial_T20190906_181130_177836/game.tw-pddl:0,0,train:87:train/pick_two_obj_and_place-CellPhone-None-Bed-322/trial_T20190906_181130_177836/game.tw-pddl:0,22,30,True,1391
Adaptive v1,87,train:87:train/pick_two_obj_and_place-SoapBottle-None-GarbageCan-428/trial_T20190909_232825_221391/game.tw-pddl:0,0,train:87:train/pick_two_obj_and_place-SoapBottle-None-GarbageCan-428/trial_T20190909_232825_221391/game.tw-pddl:0,22,30,True,1392
Adaptive v1,88,train:88:train/look_at_obj_in_light-Book-None-DeskLamp-320/trial_T20190909_152445_177541/game.tw-pddl:0,0,train:88:train/look_at_obj_in_light-Book-None-DeskLamp-320/trial_T20190909_152445_177541/game.tw-pddl:0,25,30,True,1393
Adaptive v1,88,train:88:train/look_at_obj_in_light-Pencil-None-DeskLamp-307/trial_T20190909_014346_726857/game.tw-pddl:0,0,train:88:train/look_at_obj_in_light-Pencil-None-DeskLamp-307/trial_T20190909_014346_726857/game.tw-pddl:0,4,4,False,1394
Adaptive v1,88,train:88:train/pick_and_place_simple-Candle-None-Toilet-402/trial_T20190909_150110_676215/game.tw-pddl:0,0,train:88:train/pick_and_place_simple-Candle-None-Toilet-402/trial_T20190909_150110_676215/game.tw-pddl:0,4,4,False,1395
Adaptive v1,88,train:88:train/pick_and_place_simple-CellPhone-None-Drawer-324/trial_T20190907_225609_338474/game.tw-pddl:0,0,train:88:train/pick_and_place_simple-CellPhone-None-Drawer-324/trial_T20190907_225609_338474/game.tw-pddl:0,5,5,False,1396
Adaptive v1,88,train:88:train/pick_and_place_simple-Laptop-None-SideTable-221/trial_T20190908_110822_445245/game.tw-pddl:0,0,train:88:train/pick_and_place_simple-Laptop-None-SideTable-221/trial_T20190908_110822_445245/game.tw-pddl:0,4,4,False,1397
Adaptive v1,88,train:88:train/pick_clean_then_place_in_recep-Kettle-None-CounterTop-15/trial_T20190908_085822_553819/game.tw-pddl:0,0,train:88:train/pick_clean_then_place_in_recep-Kettle-None-CounterTop-15/trial_T20190908_085822_553819/game.tw-pddl:0,9,30,True,1398
Adaptive v1,88,train:88:train/pick_clean_then_place_in_recep-Mug-None-CoffeeMachine-13/trial_T20190907_172113_249829/game.tw-pddl:0,0,train:88:train/pick_clean_then_place_in_recep-Mug-None-CoffeeMachine-13/trial_T20190907_172113_249829/game.tw-pddl:0,7,7,False,1399
Adaptive v1,88,train:88:train/pick_clean_then_place_in_recep-Tomato-None-CounterTop-14/trial_T20190909_012732_375728/game.tw-pddl:0,0,train:88:train/pick_clean_then_place_in_recep-Tomato-None-CounterTop-14/trial_T20190909_012732_375728/game.tw-pddl:0,6,6,False,1400
Adaptive v1,88,train:88:train/pick_cool_then_place_in_recep-Bowl-None-Shelf-5/trial_T20190908_083645_361274/game.tw-pddl:0,0,train:88:train/pick_cool_then_place_in_recep-Bowl-None-Shelf-5/trial_T20190908_083645_361274/game.tw-pddl:0,14,30,True,1401
Adaptive v1,88,train:88:train/pick_cool_then_place_in_recep-Pan-None-StoveBurner-27/trial_T20190907_182355_408484/game.tw-pddl:0,0,train:88:train/pick_cool_then_place_in_recep-Pan-None-StoveBurner-27/trial_T20190907_182355_408484/game.tw-pddl:0,17,30,True,1402
Adaptive v1,88,train:88:train/pick_two_obj_and_place-Newspaper-None-Sofa-212/trial_T20190908_112704_150966/game.tw-pddl:0,0,train:88:train/pick_two_obj_and_place-Newspaper-None-Sofa-212/trial_T20190908_112704_150966/game.tw-pddl:0,17,30,True,1403
Adaptive v1,88,train:88:train/pick_two_obj_and_place-Pillow-None-ArmChair-217/trial_T20190908_034651_790752/game.tw-pddl:0,0,train:88:train/pick_two_obj_and_place-Pillow-None-ArmChair-217/trial_T20190908_034651_790752/game.tw-pddl:0,17,30,True,1404
Adaptive v1,88,train:88:train/pick_two_obj_and_place-RemoteControl-None-Sofa-206/trial_T20190909_095001_569701/game.tw-pddl:0,0,train:88:train/pick_two_obj_and_place-RemoteControl-None-Sofa-206/trial_T20190909_095001_569701/game.tw-pddl:0,21,30,True,1405
Adaptive v1,88,train:88:train/pick_two_obj_and_place-SprayBottle-None-CounterTop-409/trial_T20190908_131650_305225/game.tw-pddl:0,0,train:88:train/pick_two_obj_and_place-SprayBottle-None-CounterTop-409/trial_T20190908_131650_305225/game.tw-pddl:0,20,30,True,1406
Adaptive v1,88,train:88:train/pick_two_obj_and_place-SprayBottle-None-GarbageCan-413/trial_T20190912_044047_465184/game.tw-pddl:0,0,train:88:train/pick_two_obj_and_place-SprayBottle-None-GarbageCan-413/trial_T20190912_044047_465184/game.tw-pddl:0,10,10,False,1407
Adaptive v1,88,train:88:train/pick_two_obj_and_place-TissueBox-None-Drawer-216/trial_T20190908_150513_129789/game.tw-pddl:0,0,train:88:train/pick_two_obj_and_place-TissueBox-None-Drawer-216/trial_T20190908_150513_129789/game.tw-pddl:0,25,30,True,1408
Adaptive v1,89,train:89:train/pick_and_place_simple-Candle-None-Cabinet-428/trial_T20190907_024325_233549/game.tw-pddl:0,0,train:89:train/pick_and_place_simple-Candle-None-Cabinet-428/trial_T20190907_024325_233549/game.tw-pddl:0,16,16,False,1409
Adaptive v1,89,train:89:train/pick_clean_then_place_in_recep-SoapBar-None-GarbageCan-421/trial_T20190907_090017_388504/game.tw-pddl:0,0,train:89:train/pick_clean_then_place_in_recep-SoapBar-None-GarbageCan-421/trial_T20190907_090017_388504/game.tw-pddl:0,6,6,False,1410
Adaptive v1,89,train:89:train/pick_clean_then_place_in_recep-Tomato-None-SideTable-3/trial_T20190909_002446_748693/game.tw-pddl:0,0,train:89:train/pick_clean_then_place_in_recep-Tomato-None-SideTable-3/trial_T20190909_002446_748693/game.tw-pddl:0,8,8,False,1411
Adaptive v1,89,train:89:train/pick_cool_then_place_in_recep-Bread-None-CounterTop-16/trial_T20190907_221900_266325/game.tw-pddl:0,0,train:89:train/pick_cool_then_place_in_recep-Bread-None-CounterTop-16/trial_T20190907_221900_266325/game.tw-pddl:0,11,30,True,1412
Adaptive v1,89,train:89:train/pick_cool_then_place_in_recep-Bread-None-DiningTable-7/trial_T20190907_191128_519194/game.tw-pddl:0,0,train:89:train/pick_cool_then_place_in_recep-Bread-None-DiningTable-7/trial_T20190907_191128_519194/game.tw-pddl:0,8,8,False,1413
Adaptive v1,89,train:89:train/pick_cool_then_place_in_recep-Lettuce-None-DiningTable-21/trial_T20190909_045111_863875/game.tw-pddl:0,0,train:89:train/pick_cool_then_place_in_recep-Lettuce-None-DiningTable-21/trial_T20190909_045111_863875/game.tw-pddl:0,8,8,False,1414
Adaptive v1,89,train:89:train/pick_cool_then_place_in_recep-Mug-None-CoffeeMachine-19/trial_T20190907_162039_724874/game.tw-pddl:0,0,train:89:train/pick_cool_then_place_in_recep-Mug-None-CoffeeMachine-19/trial_T20190907_162039_724874/game.tw-pddl:0,8,30,True,1415
Adaptive v1,89,train:89:train/pick_cool_then_place_in_recep-Pan-None-CounterTop-12/trial_T20190908_062308_849468/game.tw-pddl:0,0,train:89:train/pick_cool_then_place_in_recep-Pan-None-CounterTop-12/trial_T20190908_062308_849468/game.tw-pddl:0,15,30,True,1416
Adaptive v1,89,train:89:train/pick_heat_then_place_in_recep-Potato-None-Fridge-16/trial_T20190907_210901_310933/game.tw-pddl:0,0,train:89:train/pick_heat_then_place_in_recep-Potato-None-Fridge-16/trial_T20190907_210901_310933/game.tw-pddl:0,7,7,False,1417
Adaptive v1,89,train:89:train/pick_heat_then_place_in_recep-Tomato-None-Fridge-30/trial_T20190907_235531_894602/game.tw-pddl:0,0,train:89:train/pick_heat_then_place_in_recep-Tomato-None-Fridge-30/trial_T20190907_235531_894602/game.tw-pddl:0,12,30,True,1418
Adaptive v1,89,train:89:train/pick_two_obj_and_place-AlarmClock-None-Shelf-316/trial_T20190909_010429_853588/game.tw-pddl:0,0,train:89:train/pick_two_obj_and_place-AlarmClock-None-Shelf-316/trial_T20190909_010429_853588/game.tw-pddl:0,26,30,True,1419
Adaptive v1,89,train:89:train/pick_two_obj_and_place-DishSponge-None-Cart-430/trial_T20190908_123550_524298/game.tw-pddl:0,0,train:89:train/pick_two_obj_and_place-DishSponge-None-Cart-430/trial_T20190908_123550_524298/game.tw-pddl:0,8,30,True,1420
Adaptive v1,89,train:89:train/pick_two_obj_and_place-Newspaper-None-ArmChair-230/trial_T20190908_001839_725528/game.tw-pddl:0,0,train:89:train/pick_two_obj_and_place-Newspaper-None-ArmChair-230/trial_T20190908_001839_725528/game.tw-pddl:0,24,30,True,1421
Adaptive v1,89,train:89:train/pick_two_obj_and_place-Pencil-None-Drawer-316/trial_T20190907_003822_891019/game.tw-pddl:0,0,train:89:train/pick_two_obj_and_place-Pencil-None-Drawer-316/trial_T20190907_003822_891019/game.tw-pddl:0,9,9,False,1422
Adaptive v1,89,train:89:train/pick_two_obj_and_place-PepperShaker-None-Cabinet-8/trial_T20190912_115403_916426/game.tw-pddl:0,0,train:89:train/pick_two_obj_and_place-PepperShaker-None-Cabinet-8/trial_T20190912_115403_916426/game.tw-pddl:0,12,12,False,1423
Adaptive v1,89,train:89:train/pick_two_obj_and_place-ToiletPaper-None-Drawer-421/trial_T20190908_151607_287067/game.tw-pddl:0,0,train:89:train/pick_two_obj_and_place-ToiletPaper-None-Drawer-421/trial_T20190908_151607_287067/game.tw-pddl:0,20,30,True,1424
Adaptive v1,90,train:90:train/look_at_obj_in_light-Pillow-None-DeskLamp-324/trial_T20190908_155703_086493/game.tw-pddl:0,0,train:90:train/look_at_obj_in_light-Pillow-None-DeskLamp-324/trial_T20190908_155703_086493/game.tw-pddl:0,4,4,False,1425
Adaptive v1,90,train:90:train/look_at_obj_in_light-Vase-None-DeskLamp-303/trial_T20190907_150431_362791/game.tw-pddl:0,0,train:90:train/look_at_obj_in_light-Vase-None-DeskLamp-303/trial_T20190907_150431_362791/game.tw-pddl:0,3,3,False,1426
Adaptive v1,90,train:90:train/pick_and_place_simple-CellPhone-None-Drawer-302/trial_T20190907_235359_470335/game.tw-pddl:0,0,train:90:train/pick_and_place_simple-CellPhone-None-Drawer-302/trial_T20190907_235359_470335/game.tw-pddl:0,6,6,False,1427
Adaptive v1,90,train:90:train/pick_and_place_simple-HandTowel-None-Cabinet-412/trial_T20190906_200536_690975/game.tw-pddl:0,0,train:90:train/pick_and_place_simple-HandTowel-None-Cabinet-412/trial_T20190906_200536_690975/game.tw-pddl:0,5,5,False,1428
Adaptive v1,90,train:90:train/pick_and_place_simple-SoapBottle-None-Drawer-423/trial_T20190909_064813_906845/game.tw-pddl:0,0,train:90:train/pick_and_place_simple-SoapBottle-None-Drawer-423/trial_T20190909_064813_906845/game.tw-pddl:0,7,30,True,1429
Adaptive v1,90,train:90:train/pick_clean_then_place_in_recep-Cloth-None-Toilet-402/trial_T20190906_201431_394089/game.tw-pddl:0,0,train:90:train/pick_clean_then_place_in_recep-Cloth-None-Toilet-402/trial_T20190906_201431_394089/game.tw-pddl:0,6,30,True,1430
Adaptive v1,90,train:90:train/pick_cool_then_place_in_recep-Apple-None-GarbageCan-19/trial_T20190908_121503_882955/game.tw-pddl:0,0,train:90:train/pick_cool_then_place_in_recep-Apple-None-GarbageCan-19/trial_T20190908_121503_882955/game.tw-pddl:0,6,6,False,1431
Adaptive v1,90,train:90:train/pick_cool_then_place_in_recep-Potato-None-DiningTable-19/trial_T20190908_010010_675612/game.tw-pddl:0,0,train:90:train/pick_cool_then_place_in_recep-Potato-None-DiningTable-19/trial_T20190908_010010_675612/game.tw-pddl:0,6,6,False,1432
Adaptive v1,90,train:90:train/pick_heat_then_place_in_recep-Potato-None-GarbageCan-3/trial_T20190908_121849_346541/game.tw-pddl:0,0,train:90:train/pick_heat_then_place_in_recep-Potato-None-GarbageCan-3/trial_T20190908_121849_346541/game.tw-pddl:0,6,6,False,1433
Adaptive v1,90,train:90:train/pick_two_obj_and_place-AlarmClock-None-Desk-313/trial_T20190909_054612_605208/game.tw-pddl:0,0,train:90:train/pick_two_obj_and_place-AlarmClock-None-Desk-313/trial_T20190909_054612_605208/game.tw-pddl:0,9,9,False,1434
Adaptive v1,90,train:90:train/pick_two_obj_and_place-Candle-None-Cabinet-402/trial_T20190909_084748_312432/game.tw-pddl:0,0,train:90:train/pick_two_obj_and_place-Candle-None-Cabinet-402/trial_T20190909_084748_312432/game.tw-pddl:0,21,30,True,1435
Adaptive v1,90,train:90:train/pick_two_obj_and_place-Cloth-None-Drawer-427/trial_T20190908_130926_765289/game.tw-pddl:0,0,train:90:train/pick_two_obj_and_place-Cloth-None-Drawer-427/trial_T20190908_130926_765289/game.tw-pddl:0,21,30,True,1436
Adaptive v1,90,train:90:train/pick_two_obj_and_place-Lettuce-None-Fridge-15/trial_T20190909_005137_011141/game.tw-pddl:0,0,train:90:train/pick_two_obj_and_place-Lettuce-None-Fridge-15/trial_T20190909_005137_011141/game.tw-pddl:0,16,30,True,1437
Adaptive v1,90,train:90:train/pick_two_obj_and_place-RemoteControl-None-Ottoman-210/trial_T20190906_202039_464241/game.tw-pddl:0,0,train:90:train/pick_two_obj_and_place-RemoteControl-None-Ottoman-210/trial_T20190906_202039_464241/game.tw-pddl:0,21,30,True,1438
Adaptive v1,90,train:90:train/pick_two_obj_and_place-Vase-None-CoffeeTable-227/trial_T20190909_034051_446517/game.tw-pddl:0,0,train:90:train/pick_two_obj_and_place-Vase-None-CoffeeTable-227/trial_T20190909_034051_446517/game.tw-pddl:0,16,30,True,1439
Adaptive v1,90,train:90:train/pick_two_obj_and_place-WineBottle-None-Cabinet-17/trial_T20190909_014123_556566/game.tw-pddl:0,0,train:90:train/pick_two_obj_and_place-WineBottle-None-Cabinet-17/trial_T20190909_014123_556566/game.tw-pddl:0,8,8,False,1440
Adaptive v1,91,train:91:train/pick_and_place_simple-Box-None-ArmChair-225/trial_T20190908_182813_945109/game.tw-pddl:0,0,train:91:train/pick_and_place_simple-Box-None-ArmChair-225/trial_T20190908_182813_945109/game.tw-pddl:0,12,12,False,1441
Adaptive v1,91,train:91:train/pick_and_place_simple-SprayBottle-None-GarbageCan-410/trial_T20190908_122510_105385/game.tw-pddl:0,0,train:91:train/pick_and_place_simple-SprayBottle-None-GarbageCan-410/trial_T20190908_122510_105385/game.tw-pddl:0,16,19,False,1442
Adaptive v1,91,train:91:train/pick_and_place_simple-ToiletPaper-None-ToiletPaperHanger-417/trial_T20190908_043909_541721/game.tw-pddl:0,0,train:91:train/pick_and_place_simple-ToiletPaper-None-ToiletPaperHanger-417/trial_T20190908_043909_541721/game.tw-pddl:0,5,5,False,1443
Adaptive v1,91,train:91:train/pick_clean_then_place_in_recep-Egg-None-Microwave-14/trial_T20190907_232753_570897/game.tw-pddl:0,0,train:91:train/pick_clean_then_place_in_recep-Egg-None-Microwave-14/trial_T20190907_232753_570897/game.tw-pddl:0,18,30,True,1444
Adaptive v1,91,train:91:train/pick_clean_then_place_in_recep-Knife-None-SideTable-21/trial_T20190907_155410_611651/game.tw-pddl:0,0,train:91:train/pick_clean_then_place_in_recep-Knife-None-SideTable-21/trial_T20190907_155410_611651/game.tw-pddl:0,7,7,False,1445
Adaptive v1,91,train:91:train/pick_clean_then_place_in_recep-Plate-None-Microwave-7/trial_T20190907_170244_518138/game.tw-pddl:0,0,train:91:train/pick_clean_then_place_in_recep-Plate-None-Microwave-7/trial_T20190907_170244_518138/game.tw-pddl:0,8,30,True,1446
Adaptive v1,91,train:91:train/pick_clean_then_place_in_recep-SoapBar-None-GarbageCan-406/trial_T20190907_015846_164761/game.tw-pddl:0,0,train:91:train/pick_clean_then_place_in_recep-SoapBar-None-GarbageCan-406/trial_T20190907_015846_164761/game.tw-pddl:0,6,6,False,1447
Adaptive v1,91,train:91:train/pick_clean_then_place_in_recep-Spatula-None-SideTable-3/trial_T20190907_195153_458779/game.tw-pddl:0,0,train:91:train/pick_clean_then_place_in_recep-Spatula-None-SideTable-3/trial_T20190907_195153_458779/game.tw-pddl:0,6,6,False,1448
Adaptive v1,91,train:91:train/pick_cool_then_place_in_recep-Apple-None-CounterTop-14/trial_T20190909_044958_536304/game.tw-pddl:0,0,train:91:train/pick_cool_then_place_in_recep-Apple-None-CounterTop-14/trial_T20190909_044958_536304/game.tw-pddl:0,11,30,True,1449
Adaptive v1,91,train:91:train/pick_cool_then_place_in_recep-Apple-None-GarbageCan-17/trial_T20190908_234349_148006/game.tw-pddl:0,0,train:91:train/pick_cool_then_place_in_recep-Apple-None-GarbageCan-17/trial_T20190908_234349_148006/game.tw-pddl:0,6,6,False,1450
Adaptive v1,91,train:91:train/pick_cool_then_place_in_recep-Egg-None-Microwave-6/trial_T20190909_034920_156443/game.tw-pddl:0,0,train:91:train/pick_cool_then_place_in_recep-Egg-None-Microwave-6/trial_T20190909_034920_156443/game.tw-pddl:0,16,30,True,1451
Adaptive v1,91,train:91:train/pick_cool_then_place_in_recep-Plate-None-Cabinet-22/trial_T20190907_200807_715947/game.tw-pddl:0,0,train:91:train/pick_cool_then_place_in_recep-Plate-None-Cabinet-22/trial_T20190907_200807_715947/game.tw-pddl:0,15,30,True,1452
Adaptive v1,91,train:91:train/pick_two_obj_and_place-CD-None-GarbageCan-306/trial_T20190908_142746_318906/game.tw-pddl:0,0,train:91:train/pick_two_obj_and_place-CD-None-GarbageCan-306/trial_T20190908_142746_318906/game.tw-pddl:0,12,12,False,1453
Adaptive v1,91,train:91:train/pick_two_obj_and_place-CD-None-Shelf-303/trial_T20190907_200622_451724/game.tw-pddl:0,0,train:91:train/pick_two_obj_and_place-CD-None-Shelf-303/trial_T20190907_200622_451724/game.tw-pddl:0,20,30,True,1454
Adaptive v1,91,train:91:train/pick_two_obj_and_place-SaltShaker-None-Drawer-15/trial_T20190909_021308_467488/game.tw-pddl:0,0,train:91:train/pick_two_obj_and_place-SaltShaker-None-Drawer-15/trial_T20190909_021308_467488/game.tw-pddl:0,12,12,False,1455
Adaptive v1,91,train:91:train/pick_two_obj_and_place-TissueBox-None-SideTable-321/trial_T20190908_030013_798472/game.tw-pddl:0,0,train:91:train/pick_two_obj_and_place-TissueBox-None-SideTable-321/trial_T20190908_030013_798472/game.tw-pddl:0,8,8,False,1456
Adaptive v1,92,train:92:train/look_at_obj_in_light-Pillow-None-DeskLamp-306/trial_T20190909_075045_578840/game.tw-pddl:0,0,train:92:train/look_at_obj_in_light-Pillow-None-DeskLamp-306/trial_T20190909_075045_578840/game.tw-pddl:0,5,5,False,1457
Adaptive v1,92,train:92:train/look_at_obj_in_light-Plate-None-DeskLamp-218/trial_T20190907_212525_656549/game.tw-pddl:0,0,train:92:train/look_at_obj_in_light-Plate-None-DeskLamp-218/trial_T20190907_212525_656549/game.tw-pddl:0,4,4,False,1458
Adaptive v1,92,train:92:train/pick_and_place_simple-Book-None-CoffeeTable-229/trial_T20190908_125722_074883/game.tw-pddl:0,0,train:92:train/pick_and_place_simple-Book-None-CoffeeTable-229/trial_T20190908_125722_074883/game.tw-pddl:0,4,4,False,1459
Adaptive v1,92,train:92:train/pick_and_place_simple-Box-None-Sofa-205/trial_T20190907_214755_478301/game.tw-pddl:0,0,train:92:train/pick_and_place_simple-Box-None-Sofa-205/trial_T20190907_214755_478301/game.tw-pddl:0,4,4,False,1460
Adaptive v1,92,train:92:train/pick_clean_then_place_in_recep-Plate-None-DiningTable-19/trial_T20190909_045558_023687/game.tw-pddl:0,0,train:92:train/pick_clean_then_place_in_recep-Plate-None-DiningTable-19/trial_T20190909_045558_023687/game.tw-pddl:0,9,9,False,1461
Adaptive v1,92,train:92:train/pick_cool_then_place_in_recep-Apple-None-GarbageCan-5/trial_T20190908_111747_660187/game.tw-pddl:0,0,train:92:train/pick_cool_then_place_in_recep-Apple-None-GarbageCan-5/trial_T20190908_111747_660187/game.tw-pddl:0,14,30,True,1462
Adaptive v1,92,train:92:train/pick_heat_then_place_in_recep-Cup-None-Cabinet-12/trial_T20190908_145944_296356/game.tw-pddl:0,0,train:92:train/pick_heat_then_place_in_recep-Cup-None-Cabinet-12/trial_T20190908_145944_296356/game.tw-pddl:0,14,30,True,1463
Adaptive v1,92,train:92:train/pick_heat_then_place_in_recep-Egg-None-GarbageCan-20/trial_T20190909_114130_123227/game.tw-pddl:0,0,train:92:train/pick_heat_then_place_in_recep-Egg-None-GarbageCan-20/trial_T20190909_114130_123227/game.tw-pddl:0,6,6,False,1464
Adaptive v1,92,train:92:train/pick_heat_then_place_in_recep-Egg-None-GarbageCan-8/trial_T20190909_120700_524631/game.tw-pddl:0,0,train:92:train/pick_heat_then_place_in_recep-Egg-None-GarbageCan-8/trial_T20190909_120700_524631/game.tw-pddl:0,12,30,True,1465
Adaptive v1,92,train:92:train/pick_heat_then_place_in_recep-Mug-None-Shelf-20/trial_T20190907_054140_093754/game.tw-pddl:0,0,train:92:train/pick_heat_then_place_in_recep-Mug-None-Shelf-20/trial_T20190907_054140_093754/game.tw-pddl:0,7,7,False,1466
Adaptive v1,92,train:92:train/pick_heat_then_place_in_recep-Plate-None-Cabinet-1/trial_T20190908_070802_314312/game.tw-pddl:0,0,train:92:train/pick_heat_then_place_in_recep-Plate-None-Cabinet-1/trial_T20190908_070802_314312/game.tw-pddl:0,14,30,True,1467
Adaptive v1,92,train:92:train/pick_heat_then_place_in_recep-Tomato-None-CounterTop-2/trial_T20190908_171606_930881/game.tw-pddl:0,0,train:92:train/pick_heat_then_place_in_recep-Tomato-None-CounterTop-2/trial_T20190908_171606_930881/game.tw-pddl:0,7,7,False,1468
Adaptive v1,92,train:92:train/pick_two_obj_and_place-Cup-None-Microwave-26/trial_T20190907_231307_110058/game.tw-pddl:0,0,train:92:train/pick_two_obj_and_place-Cup-None-Microwave-26/trial_T20190907_231307_110058/game.tw-pddl:0,17,30,True,1469
Adaptive v1,92,train:92:train/pick_two_obj_and_place-KeyChain-None-Drawer-317/trial_T20190907_222054_148584/game.tw-pddl:0,0,train:92:train/pick_two_obj_and_place-KeyChain-None-Drawer-317/trial_T20190907_222054_148584/game.tw-pddl:0,12,12,False,1470
Adaptive v1,92,train:92:train/pick_two_obj_and_place-Newspaper-None-CoffeeTable-212/trial_T20190907_211457_633099/game.tw-pddl:0,0,train:92:train/pick_two_obj_and_place-Newspaper-None-CoffeeTable-212/trial_T20190907_211457_633099/game.tw-pddl:0,22,30,True,1471
Adaptive v1,92,train:92:train/pick_two_obj_and_place-PepperShaker-None-DiningTable-18/trial_T20190908_033626_658330/game.tw-pddl:0,0,train:92:train/pick_two_obj_and_place-PepperShaker-None-DiningTable-18/trial_T20190908_033626_658330/game.tw-pddl:0,9,9,False,1472
Adaptive v1,93,train:93:train/look_at_obj_in_light-CD-None-DeskLamp-307/trial_T20190906_200412_559520/game.tw-pddl:0,0,train:93:train/look_at_obj_in_light-CD-None-DeskLamp-307/trial_T20190906_200412_559520/game.tw-pddl:0,4,4,False,1473
Adaptive v1,93,train:93:train/pick_and_place_simple-SoapBottle-None-Cabinet-417/trial_T20190910_084726_610116/game.tw-pddl:0,0,train:93:train/pick_and_place_simple-SoapBottle-None-Cabinet-417/trial_T20190910_084726_610116/game.tw-pddl:0,5,5,False,1474
Adaptive v1,93,train:93:train/pick_and_place_simple-SprayBottle-None-CounterTop-427/trial_T20190908_232532_117315/game.tw-pddl:0,0,train:93:train/pick_and_place_simple-SprayBottle-None-CounterTop-427/trial_T20190908_232532_117315/game.tw-pddl:0,17,17,False,1475
Adaptive v1,93,train:93:train/pick_and_place_simple-WineBottle-None-DiningTable-15/trial_T20190906_184051_008723/game.tw-pddl:0,0,train:93:train/pick_and_place_simple-WineBottle-None-DiningTable-15/trial_T20190906_184051_008723/game.tw-pddl:0,5,5,False,1476
Adaptive v1,93,train:93:train/pick_clean_then_place_in_recep-Egg-None-Microwave-14/trial_T20190907_232727_134338/game.tw-pddl:0,0,train:93:train/pick_clean_then_place_in_recep-Egg-None-Microwave-14/trial_T20190907_232727_134338/game.tw-pddl:0,12,30,True,1477
Adaptive v1,93,train:93:train/pick_clean_then_place_in_recep-Lettuce-None-CounterTop-16/trial_T20190909_051700_744040/game.tw-pddl:0,0,train:93:train/pick_clean_then_place_in_recep-Lettuce-None-CounterTop-16/trial_T20190909_051700_744040/game.tw-pddl:0,6,6,False,1478
Adaptive v1,93,train:93:train/pick_clean_then_place_in_recep-Pan-None-Fridge-13/trial_T20190908_083734_836923/game.tw-pddl:0,0,train:93:train/pick_clean_then_place_in_recep-Pan-None-Fridge-13/trial_T20190908_083734_836923/game.tw-pddl:0,12,30,True,1479
Adaptive v1,93,train:93:train/pick_cool_then_place_in_recep-Apple-None-DiningTable-16/trial_T20190909_075846_194710/game.tw-pddl:0,0,train:93:train/pick_cool_then_place_in_recep-Apple-None-DiningTable-16/trial_T20190909_075846_194710/game.tw-pddl:0,6,6,False,1480
Adaptive v1,93,train:93:train/pick_cool_then_place_in_recep-Lettuce-None-GarbageCan-17/trial_T20190907_114517_865985/game.tw-pddl:0,0,train:93:train/pick_cool_then_place_in_recep-Lettuce-None-GarbageCan-17/trial_T20190907_114517_865985/game.tw-pddl:0,12,30,True,1481
Adaptive v1,93,train:93:train/pick_heat_then_place_in_recep-Mug-None-CoffeeMachine-13/trial_T20190908_092542_043460/game.tw-pddl:0,0,train:93:train/pick_heat_then_place_in_recep-Mug-None-CoffeeMachine-13/trial_T20190908_092542_043460/game.tw-pddl:0,6,6,False,1482
Adaptive v1,93,train:93:train/pick_heat_then_place_in_recep-Mug-None-CoffeeMachine-13/trial_T20190908_185005_296542/game.tw-pddl:0,0,train:93:train/pick_heat_then_place_in_recep-Mug-None-CoffeeMachine-13/trial_T20190908_185005_296542/game.tw-pddl:0,12,30,True,1483
Adaptive v1,93,train:93:train/pick_two_obj_and_place-Book-None-Bed-304/trial_T20190907_054125_590269/game.tw-pddl:0,0,train:93:train/pick_two_obj_and_place-Book-None-Bed-304/trial_T20190907_054125_590269/game.tw-pddl:0,12,12,False,1484
Adaptive v1,93,train:93:train/pick_two_obj_and_place-CellPhone-None-Bed-314/trial_T20190909_013349_694646/game.tw-pddl:0,0,train:93:train/pick_two_obj_and_place-CellPhone-None-Bed-314/trial_T20190909_013349_694646/game.tw-pddl:0,8,8,False,1485
Adaptive v1,93,train:93:train/pick_two_obj_and_place-Kettle-None-Cabinet-3/trial_T20190918_152724_975980/game.tw-pddl:0,0,train:93:train/pick_two_obj_and_place-Kettle-None-Cabinet-3/trial_T20190918_152724_975980/game.tw-pddl:0,9,30,True,1486
Adaptive v1,93,train:93:train/pick_two_obj_and_place-KeyChain-None-Desk-320/trial_T20190907_222045_998896/game.tw-pddl:0,0,train:93:train/pick_two_obj_and_place-KeyChain-None-Desk-320/trial_T20190907_222045_998896/game.tw-pddl:0,11,11,False,1487
Adaptive v1,93,train:93:train/pick_two_obj_and_place-Tomato-None-CounterTop-19/trial_T20190907_144716_566859/game.tw-pddl:0,0,train:93:train/pick_two_obj_and_place-Tomato-None-CounterTop-19/trial_T20190907_144716_566859/game.tw-pddl:0,12,30,True,1488
Adaptive v1,94,train:94:train/look_at_obj_in_light-AlarmClock-None-DeskLamp-318/trial_T20190906_180754_637797/game.tw-pddl:0,0,train:94:train/look_at_obj_in_light-AlarmClock-None-DeskLamp-318/trial_T20190906_180754_637797/game.tw-pddl:0,5,5,False,1489
Adaptive v1,94,train:94:train/look_at_obj_in_light-CD-None-DeskLamp-324/trial_T20190907_230921_208592/game.tw-pddl:0,0,train:94:train/look_at_obj_in_light-CD-None-DeskLamp-324/trial_T20190907_230921_208592/game.tw-pddl:0,20,30,True,1490
Adaptive v1,94,train:94:train/pick_and_place_simple-CreditCard-None-Sofa-220/trial_T20190909_110916_512916/game.tw-pddl:0,0,train:94:train/pick_and_place_simple-CreditCard-None-Sofa-220/trial_T20190909_110916_512916/game.tw-pddl:0,9,9,False,1491
Adaptive v1,94,train:94:train/pick_and_place_simple-Newspaper-None-Sofa-211/trial_T20190906_175021_859979/game.tw-pddl:0,0,train:94:train/pick_and_place_simple-Newspaper-None-Sofa-211/trial_T20190906_175021_859979/game.tw-pddl:0,4,4,False,1492
Adaptive v1,94,train:94:train/pick_clean_then_place_in_recep-Ladle-None-Cabinet-16/trial_T20190907_052555_524851/game.tw-pddl:0,0,train:94:train/pick_clean_then_place_in_recep-Ladle-None-Cabinet-16/trial_T20190907_052555_524851/game.tw-pddl:0,7,7,False,1493
Adaptive v1,94,train:94:train/pick_clean_then_place_in_recep-Lettuce-None-CounterTop-18/trial_T20190909_071219_277726/game.tw-pddl:0,0,train:94:train/pick_clean_then_place_in_recep-Lettuce-None-CounterTop-18/trial_T20190909_071219_277726/game.tw-pddl:0,6,6,False,1494
Adaptive v1,94,train:94:train/pick_clean_then_place_in_recep-Plate-None-Shelf-7/trial_T20190908_225938_152284/game.tw-pddl:0,0,train:94:train/pick_clean_then_place_in_recep-Plate-None-Shelf-7/trial_T20190908_225938_152284/game.tw-pddl:0,6,6,False,1495
Adaptive v1,94,train:94:train/pick_cool_then_place_in_recep-Pot-None-StoveBurner-7/trial_T20190907_051125_923567/game.tw-pddl:0,0,train:94:train/pick_cool_then_place_in_recep-Pot-None-StoveBurner-7/trial_T20190907_051125_923567/game.tw-pddl:0,15,30,True,1496
Adaptive v1,94,train:94:train/pick_heat_then_place_in_recep-Apple-None-Fridge-6/trial_T20190908_153716_620298/game.tw-pddl:0,0,train:94:train/pick_heat_then_place_in_recep-Apple-None-Fridge-6/trial_T20190908_153716_620298/game.tw-pddl:0,9,9,False,1497
Adaptive v1,94,train:94:train/pick_heat_then_place_in_recep-Cup-None-Fridge-23/trial_T20190908_045608_658674/game.tw-pddl:0,0,train:94:train/pick_heat_then_place_in_recep-Cup-None-Fridge-23/trial_T20190908_045608_658674/game.tw-pddl:0,7,7,False,1498
Adaptive v1,94,train:94:train/pick_heat_then_place_in_recep-Egg-None-CounterTop-12/trial_T20190908_215610_893109/game.tw-pddl:0,0,train:94:train/pick_heat_then_place_in_recep-Egg-None-CounterTop-12/trial_T20190908_215610_893109/game.tw-pddl:0,6,6,False,1499
Adaptive v1,94,train:94:train/pick_heat_then_place_in_recep-Egg-None-SideTable-28/trial_T20190908_115525_985140/game.tw-pddl:0,0,train:94:train/pick_heat_then_place_in_recep-Egg-None-SideTable-28/trial_T20190908_115525_985140/game.tw-pddl:0,7,7,False,1500
Adaptive v1,94,train:94:train/pick_heat_then_place_in_recep-Mug-None-SideTable-28/trial_T20190908_212726_073302/game.tw-pddl:0,0,train:94:train/pick_heat_then_place_in_recep-Mug-None-SideTable-28/trial_T20190908_212726_073302/game.tw-pddl:0,6,6,False,1501
Adaptive v1,94,train:94:train/pick_two_obj_and_place-CreditCard-None-ArmChair-223/trial_T20190909_110442_533707/game.tw-pddl:0,0,train:94:train/pick_two_obj_and_place-CreditCard-None-ArmChair-223/trial_T20190909_110442_533707/game.tw-pddl:0,13,13,False,1502
Adaptive v1,94,train:94:train/pick_two_obj_and_place-ToiletPaper-None-Cabinet-408/trial_T20190909_085802_996300/game.tw-pddl:0,0,train:94:train/pick_two_obj_and_place-ToiletPaper-None-Cabinet-408/trial_T20190909_085802_996300/game.tw-pddl:0,21,30,True,1503
Adaptive v1,94,train:94:train/pick_two_obj_and_place-ToiletPaper-None-Toilet-413/trial_T20190908_032023_125360/game.tw-pddl:0,0,train:94:train/pick_two_obj_and_place-ToiletPaper-None-Toilet-413/trial_T20190908_032023_125360/game.tw-pddl:0,19,30,True,1504
Adaptive v1,95,train:95:train/look_at_obj_in_light-Newspaper-None-DeskLamp-210/trial_T20190906_234500_634705/game.tw-pddl:0,0,train:95:train/look_at_obj_in_light-Newspaper-None-DeskLamp-210/trial_T20190906_234500_634705/game.tw-pddl:0,9,30,True,1505
Adaptive v1,95,train:95:train/pick_and_place_simple-AlarmClock-None-DiningTable-329/trial_T20190909_011727_722798/game.tw-pddl:0,0,train:95:train/pick_and_place_simple-AlarmClock-None-DiningTable-329/trial_T20190909_011727_722798/game.tw-pddl:0,5,5,False,1506
Adaptive v1,95,train:95:train/pick_and_place_simple-Kettle-None-Cabinet-18/trial_T20190918_172306_304155/game.tw-pddl:0,0,train:95:train/pick_and_place_simple-Kettle-None-Cabinet-18/trial_T20190918_172306_304155/game.tw-pddl:0,10,10,False,1507
Adaptive v1,95,train:95:train/pick_and_place_simple-KeyChain-None-Dresser-217/trial_T20190908_133414_664426/game.tw-pddl:0,0,train:95:train/pick_and_place_simple-KeyChain-None-Dresser-217/trial_T20190908_133414_664426/game.tw-pddl:0,22,30,True,1508
Adaptive v1,95,train:95:train/pick_and_place_simple-Laptop-None-ArmChair-205/trial_T20190908_082554_250199/game.tw-pddl:0,0,train:95:train/pick_and_place_simple-Laptop-None-ArmChair-205/trial_T20190908_082554_250199/game.tw-pddl:0,4,4,False,1509
Adaptive v1,95,train:95:train/pick_and_place_simple-Pen-None-Shelf-319/trial_T20190907_203155_907620/game.tw-pddl:0,0,train:95:train/pick_and_place_simple-Pen-None-Shelf-319/trial_T20190907_203155_907620/game.tw-pddl:0,4,4,False,1510
Adaptive v1,95,train:95:train/pick_clean_then_place_in_recep-Cloth-None-Toilet-426/trial_T20190910_045221_427487/game.tw-pddl:0,0,train:95:train/pick_clean_then_place_in_recep-Cloth-None-Toilet-426/trial_T20190910_045221_427487/game.tw-pddl:0,6,6,False,1511
Adaptive v1,95,train:95:train/pick_clean_then_place_in_recep-Mug-None-CoffeeMachine-21/trial_T20190907_143413_653855/game.tw-pddl:0,0,train:95:train/pick_clean_then_place_in_recep-Mug-None-CoffeeMachine-21/trial_T20190907_143413_653855/game.tw-pddl:0,17,30,True,1512
Adaptive v1,95,train:95:train/pick_clean_then_place_in_recep-SoapBar-None-Cabinet-413/trial_T20190908_023440_805037/game.tw-pddl:0,0,train:95:train/pick_clean_then_place_in_recep-SoapBar-None-Cabinet-413/trial_T20190908_023440_805037/game.tw-pddl:0,9,9,False,1513
Adaptive v1,95,train:95:train/pick_clean_then_place_in_recep-Spoon-None-SideTable-3/trial_T20190907_173326_349464/game.tw-pddl:0,0,train:95:train/pick_clean_then_place_in_recep-Spoon-None-SideTable-3/trial_T20190907_173326_349464/game.tw-pddl:0,6,6,False,1514
Adaptive v1,95,train:95:train/pick_cool_then_place_in_recep-Egg-None-GarbageCan-13/trial_T20190906_191211_772519/game.tw-pddl:0,0,train:95:train/pick_cool_then_place_in_recep-Egg-None-GarbageCan-13/trial_T20190906_191211_772519/game.tw-pddl:0,11,30,True,1515
Adaptive v1,95,train:95:train/pick_cool_then_place_in_recep-Pan-None-CounterTop-22/trial_T20190907_003325_111452/game.tw-pddl:0,0,train:95:train/pick_cool_then_place_in_recep-Pan-None-CounterTop-22/trial_T20190907_003325_111452/game.tw-pddl:0,7,7,False,1516
Adaptive v1,95,train:95:train/pick_cool_then_place_in_recep-Plate-None-Microwave-7/trial_T20190909_130503_412416/game.tw-pddl:0,0,train:95:train/pick_cool_then_place_in_recep-Plate-None-Microwave-7/trial_T20190909_130503_412416/game.tw-pddl:0,16,30,True,1517
Adaptive v1,95,train:95:train/pick_heat_then_place_in_recep-Apple-None-Fridge-16/trial_T20190907_203512_225732/game.tw-pddl:0,0,train:95:train/pick_heat_then_place_in_recep-Apple-None-Fridge-16/trial_T20190907_203512_225732/game.tw-pddl:0,7,7,False,1518
Adaptive v1,95,train:95:train/pick_two_obj_and_place-CellPhone-None-Shelf-320/trial_T20190908_032642_582646/game.tw-pddl:0,0,train:95:train/pick_two_obj_and_place-CellPhone-None-Shelf-320/trial_T20190908_032642_582646/game.tw-pddl:0,26,30,True,1519
Adaptive v1,95,train:95:train/pick_two_obj_and_place-SoapBottle-None-Cart-401/trial_T20190908_215205_561346/game.tw-pddl:0,0,train:95:train/pick_two_obj_and_place-SoapBottle-None-Cart-401/trial_T20190908_215205_561346/game.tw-pddl:0,22,30,True,1520
Adaptive v1,96,train:96:train/look_at_obj_in_light-Laptop-None-DeskLamp-328/trial_T20190908_201601_178214/game.tw-pddl:0,0,train:96:train/look_at_obj_in_light-Laptop-None-DeskLamp-328/trial_T20190908_201601_178214/game.tw-pddl:0,3,3,False,1521
Adaptive v1,96,train:96:train/pick_and_place_simple-Candle-None-Cabinet-407/trial_T20190909_073700_129324/game.tw-pddl:0,0,train:96:train/pick_and_place_simple-Candle-None-Cabinet-407/trial_T20190909_073700_129324/game.tw-pddl:0,14,14,False,1522
Adaptive v1,96,train:96:train/pick_and_place_simple-CreditCard-None-ArmChair-216/trial_T20190909_055043_050166/game.tw-pddl:0,0,train:96:train/pick_and_place_simple-CreditCard-None-ArmChair-216/trial_T20190909_055043_050166/game.tw-pddl:0,4,4,False,1523
Adaptive v1,96,train:96:train/pick_and_place_simple-SoapBottle-None-Toilet-408/trial_T20190907_084055_153946/game.tw-pddl:0,0,train:96:train/pick_and_place_simple-SoapBottle-None-Toilet-408/trial_T20190907_084055_153946/game.tw-pddl:0,8,8,False,1524
Adaptive v1,96,train:96:train/pick_clean_then_place_in_recep-DishSponge-None-Cabinet-414/trial_T20190909_061538_357779/game.tw-pddl:0,0,train:96:train/pick_clean_then_place_in_recep-DishSponge-None-Cabinet-414/trial_T20190909_061538_357779/game.tw-pddl:0,7,7,False,1525
Adaptive v1,96,train:96:train/pick_clean_then_place_in_recep-Knife-None-Drawer-21/trial_T20190908_141942_802018/game.tw-pddl:0,0,train:96:train/pick_clean_then_place_in_recep-Knife-None-Drawer-21/trial_T20190908_141942_802018/game.tw-pddl:0,9,9,False,1526
Adaptive v1,96,train:96:train/pick_cool_then_place_in_recep-Mug-None-Shelf-20/trial_T20190907_211409_905639/game.tw-pddl:0,0,train:96:train/pick_cool_then_place_in_recep-Mug-None-Shelf-20/trial_T20190907_211409_905639/game.tw-pddl:0,7,7,False,1527
Adaptive v1,96,train:96:train/pick_cool_then_place_in_recep-Pan-None-Cabinet-5/trial_T20190919_044853_269939/game.tw-pddl:0,0,train:96:train/pick_cool_then_place_in_recep-Pan-None-Cabinet-5/trial_T20190919_044853_269939/game.tw-pddl:0,7,7,False,1528
Adaptive v1,96,train:96:train/pick_heat_then_place_in_recep-Cup-None-CounterTop-17/trial_T20190908_131046_363004/game.tw-pddl:0,0,train:96:train/pick_heat_then_place_in_recep-Cup-None-CounterTop-17/trial_T20190908_131046_363004/game.tw-pddl:0,7,7,False,1529
Adaptive v1,96,train:96:train/pick_heat_then_place_in_recep-Cup-None-Fridge-23/trial_T20190908_045659_449231/game.tw-pddl:0,0,train:96:train/pick_heat_then_place_in_recep-Cup-None-Fridge-23/trial_T20190908_045659_449231/game.tw-pddl:0,7,7,False,1530
Adaptive v1,96,train:96:train/pick_heat_then_place_in_recep-Egg-None-DiningTable-15/trial_T20190908_042252_784209/game.tw-pddl:0,0,train:96:train/pick_heat_then_place_in_recep-Egg-None-DiningTable-15/trial_T20190908_042252_784209/game.tw-pddl:0,9,9,False,1531
Adaptive v1,96,train:96:train/pick_heat_then_place_in_recep-Tomato-None-Fridge-19/trial_T20190909_152246_824870/game.tw-pddl:0,0,train:96:train/pick_heat_then_place_in_recep-Tomato-None-Fridge-19/trial_T20190909_152246_824870/game.tw-pddl:0,8,9,False,1532
Adaptive v1,96,train:96:train/pick_heat_then_place_in_recep-Tomato-None-Fridge-7/trial_T20190909_022805_528384/game.tw-pddl:0,0,train:96:train/pick_heat_then_place_in_recep-Tomato-None-Fridge-7/trial_T20190909_022805_528384/game.tw-pddl:0,7,7,False,1533
Adaptive v1,96,train:96:train/pick_two_obj_and_place-KeyChain-None-Sofa-224/trial_T20190908_015657_698925/game.tw-pddl:0,0,train:96:train/pick_two_obj_and_place-KeyChain-None-Sofa-224/trial_T20190908_015657_698925/game.tw-pddl:0,8,8,False,1534
Adaptive v1,96,train:96:train/pick_two_obj_and_place-Pen-None-Dresser-327/trial_T20190912_025637_251961/game.tw-pddl:0,0,train:96:train/pick_two_obj_and_place-Pen-None-Dresser-327/trial_T20190912_025637_251961/game.tw-pddl:0,8,8,False,1535
Adaptive v1,96,train:96:train/pick_two_obj_and_place-WineBottle-None-Cabinet-3/trial_T20190909_074653_538268/game.tw-pddl:0,0,train:96:train/pick_two_obj_and_place-WineBottle-None-Cabinet-3/trial_T20190909_074653_538268/game.tw-pddl:0,17,30,True,1536
Adaptive v1,97,train:97:train/look_at_obj_in_light-Box-None-DeskLamp-224/trial_T20190908_105645_765201/game.tw-pddl:0,0,train:97:train/look_at_obj_in_light-Box-None-DeskLamp-224/trial_T20190908_105645_765201/game.tw-pddl:0,5,5,False,1537
Adaptive v1,97,train:97:train/look_at_obj_in_light-Pillow-None-DeskLamp-205/trial_T20190909_014913_726205/game.tw-pddl:0,0,train:97:train/look_at_obj_in_light-Pillow-None-DeskLamp-205/trial_T20190909_014913_726205/game.tw-pddl:0,20,30,True,1538
Adaptive v1,97,train:97:train/look_at_obj_in_light-Pillow-None-DeskLamp-218/trial_T20190909_043226_266806/game.tw-pddl:0,0,train:97:train/look_at_obj_in_light-Pillow-None-DeskLamp-218/trial_T20190909_043226_266806/game.tw-pddl:0,22,30,True,1539
Adaptive v1,97,train:97:train/pick_and_place_simple-Candle-None-CounterTop-411/trial_T20190906_200812_843662/game.tw-pddl:0,0,train:97:train/pick_and_place_simple-Candle-None-CounterTop-411/trial_T20190906_200812_843662/game.tw-pddl:0,16,16,False,1540
Adaptive v1,97,train:97:train/pick_and_place_simple-CreditCard-None-Sofa-220/trial_T20190909_110856_321744/game.tw-pddl:0,0,train:97:train/pick_and_place_simple-CreditCard-None-Sofa-220/trial_T20190909_110856_321744/game.tw-pddl:0,22,30,True,1541
Adaptive v1,97,train:97:train/pick_and_place_simple-HandTowel-None-Toilet-427/trial_T20190907_173906_510898/game.tw-pddl:0,0,train:97:train/pick_and_place_simple-HandTowel-None-Toilet-427/trial_T20190907_173906_510898/game.tw-pddl:0,5,5,False,1542
Adaptive v1,97,train:97:train/pick_and_place_simple-Laptop-None-Desk-306/trial_T20190909_075009_810389/game.tw-pddl:0,0,train:97:train/pick_and_place_simple-Laptop-None-Desk-306/trial_T20190909_075009_810389/game.tw-pddl:0,6,6,False,1543
Adaptive v1,97,train:97:train/pick_and_place_simple-Vase-None-SideTable-209/trial_T20190909_053401_266687/game.tw-pddl:0,0,train:97:train/pick_and_place_simple-Vase-None-SideTable-209/trial_T20190909_053401_266687/game.tw-pddl:0,4,4,False,1544
Adaptive v1,97,train:97:train/pick_clean_then_place_in_recep-Cloth-None-Toilet-411/trial_T20190908_011620_868206/game.tw-pddl:0,0,train:97:train/pick_clean_then_place_in_recep-Cloth-None-Toilet-411/trial_T20190908_011620_868206/game.tw-pddl:0,6,30,True,1545
Adaptive v1,97,train:97:train/pick_clean_then_place_in_recep-Pot-None-Shelf-1/trial_T20190908_001754_526257/game.tw-pddl:0,0,train:97:train/pick_clean_then_place_in_recep-Pot-None-Shelf-1/trial_T20190908_001754_526257/game.tw-pddl:0,8,8,False,1546
Adaptive v1,97,train:97:train/pick_cool_then_place_in_recep-Plate-None-Cabinet-4/trial_T20190908_082502_482243/game.tw-pddl:0,0,train:97:train/pick_cool_then_place_in_recep-Plate-None-Cabinet-4/trial_T20190908_082502_482243/game.tw-pddl:0,7,7,False,1547
Adaptive v1,97,train:97:train/pick_cool_then_place_in_recep-Plate-None-CounterTop-1/trial_T20190906_205552_575275/game.tw-pddl:0,0,train:97:train/pick_cool_then_place_in_recep-Plate-None-CounterTop-1/trial_T20190906_205552_575275/game.tw-pddl:0,7,7,False,1548
Adaptive v1,97,train:97:train/pick_cool_then_place_in_recep-Pot-None-StoveBurner-4/trial_T20190906_190656_137258/game.tw-pddl:0,0,train:97:train/pick_cool_then_place_in_recep-Pot-None-StoveBurner-4/trial_T20190906_190656_137258/game.tw-pddl:0,16,30,True,1549
Adaptive v1,97,train:97:train/pick_heat_then_place_in_recep-Potato-None-Fridge-2/trial_T20190909_030755_987481/game.tw-pddl:0,0,train:97:train/pick_heat_then_place_in_recep-Potato-None-Fridge-2/trial_T20190909_030755_987481/game.tw-pddl:0,15,30,True,1550
Adaptive v1,97,train:97:train/pick_two_obj_and_place-Kettle-None-Cabinet-3/trial_T20190918_152843_056966/game.tw-pddl:0,0,train:97:train/pick_two_obj_and_place-Kettle-None-Cabinet-3/trial_T20190918_152843_056966/game.tw-pddl:0,18,30,True,1551
Adaptive v1,97,train:97:train/pick_two_obj_and_place-RemoteControl-None-ArmChair-208/trial_T20190908_000931_826783/game.tw-pddl:0,0,train:97:train/pick_two_obj_and_place-RemoteControl-None-ArmChair-208/trial_T20190908_000931_826783/game.tw-pddl:0,11,30,True,1552
Adaptive v1,98,train:98:train/look_at_obj_in_light-AlarmClock-None-DeskLamp-309/trial_T20190908_062755_880343/game.tw-pddl:0,0,train:98:train/look_at_obj_in_light-AlarmClock-None-DeskLamp-309/trial_T20190908_062755_880343/game.tw-pddl:0,4,4,False,1553
Adaptive v1,98,train:98:train/look_at_obj_in_light-CD-None-DeskLamp-316/trial_T20190909_114559_561870/game.tw-pddl:0,0,train:98:train/look_at_obj_in_light-CD-None-DeskLamp-316/trial_T20190909_114559_561870/game.tw-pddl:0,3,3,False,1554
Adaptive v1,98,train:98:train/pick_and_place_simple-CellPhone-None-Dresser-317/trial_T20190908_033554_295049/game.tw-pddl:0,0,train:98:train/pick_and_place_simple-CellPhone-None-Dresser-317/trial_T20190908_033554_295049/game.tw-pddl:0,4,4,False,1555
Adaptive v1,98,train:98:train/pick_and_place_simple-KeyChain-None-Ottoman-203/trial_T20190908_123712_283630/game.tw-pddl:0,0,train:98:train/pick_and_place_simple-KeyChain-None-Ottoman-203/trial_T20190908_123712_283630/game.tw-pddl:0,6,6,False,1556
Adaptive v1,98,train:98:train/pick_and_place_simple-Pillow-None-ArmChair-225/trial_T20190908_142357_753395/game.tw-pddl:0,0,train:98:train/pick_and_place_simple-Pillow-None-ArmChair-225/trial_T20190908_142357_753395/game.tw-pddl:0,4,4,False,1557
Adaptive v1,98,train:98:train/pick_clean_then_place_in_recep-Cup-None-Microwave-1/trial_T20190909_150955_575706/game.tw-pddl:0,0,train:98:train/pick_clean_then_place_in_recep-Cup-None-Microwave-1/trial_T20190909_150955_575706/game.tw-pddl:0,13,30,True,1558
Adaptive v1,98,train:98:train/pick_clean_then_place_in_recep-Potato-None-GarbageCan-19/trial_T20190908_073719_353393/game.tw-pddl:0,0,train:98:train/pick_clean_then_place_in_recep-Potato-None-GarbageCan-19/trial_T20190908_073719_353393/game.tw-pddl:0,6,6,False,1559
Adaptive v1,98,train:98:train/pick_cool_then_place_in_recep-Pan-None-StoveBurner-15/trial_T20190907_121853_258663/game.tw-pddl:0,0,train:98:train/pick_cool_then_place_in_recep-Pan-None-StoveBurner-15/trial_T20190907_121853_258663/game.tw-pddl:0,7,7,False,1560
Adaptive v1,98,train:98:train/pick_heat_then_place_in_recep-Potato-None-GarbageCan-25/trial_T20190909_202735_213680/game.tw-pddl:0,0,train:98:train/pick_heat_then_place_in_recep-Potato-None-GarbageCan-25/trial_T20190909_202735_213680/game.tw-pddl:0,6,6,False,1561
Adaptive v1,98,train:98:train/pick_heat_then_place_in_recep-Tomato-None-DiningTable-24/trial_T20190907_073329_394002/game.tw-pddl:0,0,train:98:train/pick_heat_then_place_in_recep-Tomato-None-DiningTable-24/trial_T20190907_073329_394002/game.tw-pddl:0,6,6,False,1562
Adaptive v1,98,train:98:train/pick_two_obj_and_place-CD-None-Shelf-326/trial_T20190908_173730_034983/game.tw-pddl:0,0,train:98:train/pick_two_obj_and_place-CD-None-Shelf-326/trial_T20190908_173730_034983/game.tw-pddl:0,8,8,False,1563
Adaptive v1,98,train:98:train/pick_two_obj_and_place-RemoteControl-None-CoffeeTable-227/trial_T20190909_011704_966095/game.tw-pddl:0,0,train:98:train/pick_two_obj_and_place-RemoteControl-None-CoffeeTable-227/trial_T20190909_011704_966095/game.tw-pddl:0,15,30,True,1564
Adaptive v1,98,train:98:train/pick_two_obj_and_place-SaltShaker-None-Cabinet-3/trial_T20190908_102405_454935/game.tw-pddl:0,0,train:98:train/pick_two_obj_and_place-SaltShaker-None-Cabinet-3/trial_T20190908_102405_454935/game.tw-pddl:0,16,30,True,1565
Adaptive v1,98,train:98:train/pick_two_obj_and_place-SoapBottle-None-Cart-401/trial_T20190908_215319_029253/game.tw-pddl:0,0,train:98:train/pick_two_obj_and_place-SoapBottle-None-Cart-401/trial_T20190908_215319_029253/game.tw-pddl:0,13,13,False,1566
Adaptive v1,98,train:98:train/pick_two_obj_and_place-SprayBottle-None-Cabinet-417/trial_T20190909_112708_722705/game.tw-pddl:0,0,train:98:train/pick_two_obj_and_place-SprayBottle-None-Cabinet-417/trial_T20190909_112708_722705/game.tw-pddl:0,23,30,True,1567
Adaptive v1,98,train:98:train/pick_two_obj_and_place-ToiletPaper-None-Toilet-405/trial_T20190909_070029_031921/game.tw-pddl:0,0,train:98:train/pick_two_obj_and_place-ToiletPaper-None-Toilet-405/trial_T20190909_070029_031921/game.tw-pddl:0,22,30,True,1568
Adaptive v1,99,train:99:train/look_at_obj_in_light-Pillow-None-DeskLamp-320/trial_T20190906_225849_878033/game.tw-pddl:0,0,train:99:train/look_at_obj_in_light-Pillow-None-DeskLamp-320/trial_T20190906_225849_878033/game.tw-pddl:0,8,8,False,1569
Adaptive v1,99,train:99:train/pick_and_place_simple-Book-None-Desk-314/trial_T20190908_111915_948834/game.tw-pddl:0,0,train:99:train/pick_and_place_simple-Book-None-Desk-314/trial_T20190908_111915_948834/game.tw-pddl:0,4,4,False,1570
Adaptive v1,99,train:99:train/pick_and_place_simple-Watch-None-DiningTable-326/trial_T20190912_074626_851427/game.tw-pddl:0,0,train:99:train/pick_and_place_simple-Watch-None-DiningTable-326/trial_T20190912_074626_851427/game.tw-pddl:0,4,4,False,1571
Adaptive v1,99,train:99:train/pick_clean_then_place_in_recep-Bowl-None-Shelf-1/trial_T20190909_070204_191856/game.tw-pddl:0,0,train:99:train/pick_clean_then_place_in_recep-Bowl-None-Shelf-1/trial_T20190909_070204_191856/game.tw-pddl:0,7,7,False,1572
Adaptive v1,99,train:99:train/pick_clean_then_place_in_recep-Knife-None-DiningTable-23/trial_T20190908_142153_073870/game.tw-pddl:0,0,train:99:train/pick_clean_then_place_in_recep-Knife-None-DiningTable-23/trial_T20190908_142153_073870/game.tw-pddl:0,8,13,False,1573
Adaptive v1,99,train:99:train/pick_clean_then_place_in_recep-SoapBar-None-Shelf-429/trial_T20190909_042350_986623/game.tw-pddl:0,0,train:99:train/pick_clean_then_place_in_recep-SoapBar-None-Shelf-429/trial_T20190909_042350_986623/game.tw-pddl:0,10,10,False,1574
Adaptive v1,99,train:99:train/pick_clean_then_place_in_recep-Spoon-None-DiningTable-21/trial_T20190908_064810_778005/game.tw-pddl:0,0,train:99:train/pick_clean_then_place_in_recep-Spoon-None-DiningTable-21/trial_T20190908_064810_778005/game.tw-pddl:0,7,7,False,1575
Adaptive v1,99,train:99:train/pick_cool_then_place_in_recep-Tomato-None-Microwave-17/trial_T20190912_065413_070433/game.tw-pddl:0,0,train:99:train/pick_cool_then_place_in_recep-Tomato-None-Microwave-17/trial_T20190912_065413_070433/game.tw-pddl:0,13,13,False,1576
Adaptive v1,99,train:99:train/pick_cool_then_place_in_recep-WineBottle-None-DiningTable-16/trial_T20190906_202125_834855/game.tw-pddl:0,0,train:99:train/pick_cool_then_place_in_recep-WineBottle-None-DiningTable-16/trial_T20190906_202125_834855/game.tw-pddl:0,9,9,False,1577
Adaptive v1,99,train:99:train/pick_heat_then_place_in_recep-Cup-None-Cabinet-1/trial_T20190909_090847_096524/game.tw-pddl:0,0,train:99:train/pick_heat_then_place_in_recep-Cup-None-Cabinet-1/trial_T20190909_090847_096524/game.tw-pddl:0,15,30,True,1578
Adaptive v1,99,train:99:train/pick_heat_then_place_in_recep-Potato-None-CounterTop-25/trial_T20190908_003908_189295/game.tw-pddl:0,0,train:99:train/pick_heat_then_place_in_recep-Potato-None-CounterTop-25/trial_T20190908_003908_189295/game.tw-pddl:0,7,9,False,1579
Adaptive v1,99,train:99:train/pick_two_obj_and_place-KeyChain-None-ArmChair-222/trial_T20190909_100237_670347/game.tw-pddl:0,0,train:99:train/pick_two_obj_and_place-KeyChain-None-ArmChair-222/trial_T20190909_100237_670347/game.tw-pddl:0,22,30,True,1580
Adaptive v1,99,train:99:train/pick_two_obj_and_place-Knife-None-Drawer-18/trial_T20190907_065059_144926/game.tw-pddl:0,0,train:99:train/pick_two_obj_and_place-Knife-None-Drawer-18/trial_T20190907_065059_144926/game.tw-pddl:0,9,9,False,1581
Adaptive v1,99,train:99:train/pick_two_obj_and_place-RemoteControl-None-ArmChair-207/trial_T20190908_132827_840235/game.tw-pddl:0,0,train:99:train/pick_two_obj_and_place-RemoteControl-None-ArmChair-207/trial_T20190908_132827_840235/game.tw-pddl:0,21,30,True,1582
Adaptive v1,99,train:99:train/pick_two_obj_and_place-SaltShaker-None-Drawer-5/trial_T20190907_151125_358475/game.tw-pddl:0,0,train:99:train/pick_two_obj_and_place-SaltShaker-None-Drawer-5/trial_T20190907_151125_358475/game.tw-pddl:0,13,30,True,1583
Adaptive v1,99,train:99:train/pick_two_obj_and_place-SoapBottle-None-Toilet-408/trial_T20190910_093824_432980/game.tw-pddl:0,0,train:99:train/pick_two_obj_and_place-SoapBottle-None-Toilet-408/trial_T20190910_093824_432980/game.tw-pddl:0,15,15,False,1584
Adaptive v1,100,train:100:train/look_at_obj_in_light-Laptop-None-DeskLamp-317/trial_T20190909_001814_883589/game.tw-pddl:0,0,train:100:train/look_at_obj_in_light-Laptop-None-DeskLamp-317/trial_T20190909_001814_883589/game.tw-pddl:0,4,4,False,1585
Adaptive v1,100,train:100:train/pick_and_place_simple-Pillow-None-Ottoman-208/trial_T20190906_172113_458319/game.tw-pddl:0,0,train:100:train/pick_and_place_simple-Pillow-None-Ottoman-208/trial_T20190906_172113_458319/game.tw-pddl:0,14,14,False,1586
Adaptive v1,100,train:100:train/pick_and_place_simple-RemoteControl-None-ArmChair-207/trial_T20190908_140559_342150/game.tw-pddl:0,0,train:100:train/pick_and_place_simple-RemoteControl-None-ArmChair-207/trial_T20190908_140559_342150/game.tw-pddl:0,5,5,False,1587
Adaptive v1,100,train:100:train/pick_and_place_simple-SoapBottle-None-Drawer-423/trial_T20190909_064750_271273/game.tw-pddl:0,0,train:100:train/pick_and_place_simple-SoapBottle-None-Drawer-423/trial_T20190909_064750_271273/game.tw-pddl:0,5,5,False,1588
Adaptive v1,100,train:100:train/pick_and_place_simple-SoapBottle-None-GarbageCan-419/trial_T20190908_204732_615398/game.tw-pddl:0,0,train:100:train/pick_and_place_simple-SoapBottle-None-GarbageCan-419/trial_T20190908_204732_615398/game.tw-pddl:0,4,4,False,1589
Adaptive v1,100,train:100:train/pick_and_place_simple-SprayBottle-None-GarbageCan-421/trial_T20190908_122018_917803/game.tw-pddl:0,0,train:100:train/pick_and_place_simple-SprayBottle-None-GarbageCan-421/trial_T20190908_122018_917803/game.tw-pddl:0,4,4,False,1590
Adaptive v1,100,train:100:train/pick_clean_then_place_in_recep-ButterKnife-None-SideTable-21/trial_T20190907_162254_627973/game.tw-pddl:0,0,train:100:train/pick_clean_then_place_in_recep-ButterKnife-None-SideTable-21/trial_T20190907_162254_627973/game.tw-pddl:0,8,8,False,1591
Adaptive v1,100,train:100:train/pick_cool_then_place_in_recep-Cup-None-Cabinet-23/trial_T20190908_213517_262462/game.tw-pddl:0,0,train:100:train/pick_cool_then_place_in_recep-Cup-None-Cabinet-23/trial_T20190908_213517_262462/game.tw-pddl:0,15,30,True,1592
Adaptive v1,100,train:100:train/pick_heat_then_place_in_recep-Apple-None-Fridge-22/trial_T20190908_210352_288346/game.tw-pddl:0,0,train:100:train/pick_heat_then_place_in_recep-Apple-None-Fridge-22/trial_T20190908_210352_288346/game.tw-pddl:0,15,30,True,1593
Adaptive v1,100,train:100:train/pick_heat_then_place_in_recep-Apple-None-SideTable-21/trial_T20190908_235409_008266/game.tw-pddl:0,0,train:100:train/pick_heat_then_place_in_recep-Apple-None-SideTable-21/trial_T20190908_235409_008266/game.tw-pddl:0,6,6,False,1594
Adaptive v1,100,train:100:train/pick_heat_then_place_in_recep-Potato-None-GarbageCan-25/trial_T20190906_201557_292696/game.tw-pddl:0,0,train:100:train/pick_heat_then_place_in_recep-Potato-None-GarbageCan-25/trial_T20190906_201557_292696/game.tw-pddl:0,9,9,False,1595
Adaptive v1,100,train:100:train/pick_two_obj_and_place-Candle-None-Drawer-427/trial_T20190909_043940_867553/game.tw-pddl:0,0,train:100:train/pick_two_obj_and_place-Candle-None-Drawer-427/trial_T20190909_043940_867553/game.tw-pddl:0,9,9,False,1596
Adaptive v1,100,train:100:train/pick_two_obj_and_place-KeyChain-None-Drawer-307/trial_T20190909_035451_649886/game.tw-pddl:0,0,train:100:train/pick_two_obj_and_place-KeyChain-None-Drawer-307/trial_T20190909_035451_649886/game.tw-pddl:0,14,14,False,1597
Adaptive v1,100,train:100:train/pick_two_obj_and_place-RemoteControl-None-ArmChair-230/trial_T20190907_195427_201890/game.tw-pddl:0,0,train:100:train/pick_two_obj_and_place-RemoteControl-None-ArmChair-230/trial_T20190907_195427_201890/game.tw-pddl:0,8,8,False,1598
Adaptive v1,100,train:100:train/pick_two_obj_and_place-SaltShaker-None-CounterTop-25/trial_T20190908_084232_595551/game.tw-pddl:0,0,train:100:train/pick_two_obj_and_place-SaltShaker-None-CounterTop-25/trial_T20190908_084232_595551/game.tw-pddl:0,14,30,True,1599
Adaptive v1,100,train:100:train/pick_two_obj_and_place-SprayBottle-None-GarbageCan-419/trial_T20190908_164331_451441/game.tw-pddl:0,0,train:100:train/pick_two_obj_and_place-SprayBottle-None-GarbageCan-419/trial_T20190908_164331_451441/game.tw-pddl:0,9,9,False,1600
Adaptive v1,101,train:101:train/look_at_obj_in_light-Book-None-DeskLamp-303/trial_T20190909_085252_411891/game.tw-pddl:0,0,train:101:train/look_at_obj_in_light-Book-None-DeskLamp-303/trial_T20190909_085252_411891/game.tw-pddl:0,5,5,False,1601
Adaptive v1,101,train:101:train/look_at_obj_in_light-Pillow-None-DeskLamp-301/trial_T20190908_012827_451848/game.tw-pddl:0,0,train:101:train/look_at_obj_in_light-Pillow-None-DeskLamp-301/trial_T20190908_012827_451848/game.tw-pddl:0,5,5,False,1602
Adaptive v1,101,train:101:train/pick_and_place_simple-Book-None-Desk-304/trial_T20190908_141258_600679/game.tw-pddl:0,0,train:101:train/pick_and_place_simple-Book-None-Desk-304/trial_T20190908_141258_600679/game.tw-pddl:0,5,5,False,1603
Adaptive v1,101,train:101:train/pick_and_place_simple-Pan-None-CounterTop-8/trial_T20190908_105438_904625/game.tw-pddl:0,0,train:101:train/pick_and_place_simple-Pan-None-CounterTop-8/trial_T20190908_105438_904625/game.tw-pddl:0,15,30,True,1604
Adaptive v1,101,train:101:train/pick_and_place_simple-RemoteControl-None-ArmChair-207/trial_T20190908_140615_941385/game.tw-pddl:0,0,train:101:train/pick_and_place_simple-RemoteControl-None-ArmChair-207/trial_T20190908_140615_941385/game.tw-pddl:0,4,4,False,1605
Adaptive v1,101,train:101:train/pick_and_place_simple-RemoteControl-None-Sofa-216/trial_T20190909_150104_459554/game.tw-pddl:0,0,train:101:train/pick_and_place_simple-RemoteControl-None-Sofa-216/trial_T20190909_150104_459554/game.tw-pddl:0,4,4,False,1606
Adaptive v1,101,train:101:train/pick_clean_then_place_in_recep-Kettle-None-Cabinet-11/trial_T20190908_063326_895236/game.tw-pddl:0,0,train:101:train/pick_clean_then_place_in_recep-Kettle-None-Cabinet-11/trial_T20190908_063326_895236/game.tw-pddl:0,7,7,False,1607
Adaptive v1,101,train:101:train/pick_clean_then_place_in_recep-Ladle-None-DiningTable-20/trial_T20190908_080209_473768/game.tw-pddl:0,0,train:101:train/pick_clean_then_place_in_recep-Ladle-None-DiningTable-20/trial_T20190908_080209_473768/game.tw-pddl:0,7,7,False,1608
Adaptive v1,101,train:101:train/pick_cool_then_place_in_recep-Egg-None-Microwave-5/trial_T20190908_005859_323253/game.tw-pddl:0,0,train:101:train/pick_cool_then_place_in_recep-Egg-None-Microwave-5/trial_T20190908_005859_323253/game.tw-pddl:0,9,30,True,1609
Adaptive v1,101,train:101:train/pick_cool_then_place_in_recep-Mug-None-CoffeeMachine-4/trial_T20190907_053101_214309/game.tw-pddl:0,0,train:101:train/pick_cool_then_place_in_recep-Mug-None-CoffeeMachine-4/trial_T20190907_053101_214309/game.tw-pddl:0,4,4,False,1610
Adaptive v1,101,train:101:train/pick_cool_then_place_in_recep-Tomato-None-Microwave-27/trial_T20190909_145219_968884/game.tw-pddl:0,0,train:101:train/pick_cool_then_place_in_recep-Tomato-None-Microwave-27/trial_T20190909_145219_968884/game.tw-pddl:0,8,30,True,1611
Adaptive v1,101,train:101:train/pick_cool_then_place_in_recep-WineBottle-None-GarbageCan-16/trial_T20190907_015045_510934/game.tw-pddl:0,0,train:101:train/pick_cool_then_place_in_recep-WineBottle-None-GarbageCan-16/trial_T20190907_015045_510934/game.tw-pddl:0,12,30,True,1612
Adaptive v1,101,train:101:train/pick_heat_then_place_in_recep-Tomato-None-DiningTable-17/trial_T20190909_042742_043093/game.tw-pddl:0,0,train:101:train/pick_heat_then_place_in_recep-Tomato-None-DiningTable-17/trial_T20190909_042742_043093/game.tw-pddl:0,9,9,False,1613
Adaptive v1,101,train:101:train/pick_two_obj_and_place-Newspaper-None-ArmChair-214/trial_T20190909_010925_167328/game.tw-pddl:0,0,train:101:train/pick_two_obj_and_place-Newspaper-None-ArmChair-214/trial_T20190909_010925_167328/game.tw-pddl:0,8,15,False,1614
Adaptive v1,101,train:101:train/pick_two_obj_and_place-RemoteControl-None-Sofa-201/trial_T20190911_210231_723670/game.tw-pddl:0,0,train:101:train/pick_two_obj_and_place-RemoteControl-None-Sofa-201/trial_T20190911_210231_723670/game.tw-pddl:0,10,10,False,1615
Adaptive v1,101,train:101:train/pick_two_obj_and_place-RemoteControl-None-Sofa-207/trial_T20190908_111138_987161/game.tw-pddl:0,0,train:101:train/pick_two_obj_and_place-RemoteControl-None-Sofa-207/trial_T20190908_111138_987161/game.tw-pddl:0,22,30,True,1616
Adaptive v1,102,train:102:train/look_at_obj_in_light-Pencil-None-DeskLamp-307/trial_T20190909_014411_219923/game.tw-pddl:0,0,train:102:train/look_at_obj_in_light-Pencil-None-DeskLamp-307/trial_T20190909_014411_219923/game.tw-pddl:0,4,4,False,1617
Adaptive v1,102,train:102:train/pick_and_place_simple-Candle-None-CounterTop-411/trial_T20190906_200853_771692/game.tw-pddl:0,0,train:102:train/pick_and_place_simple-Candle-None-CounterTop-411/trial_T20190906_200853_771692/game.tw-pddl:0,8,8,False,1618
Adaptive v1,102,train:102:train/pick_and_place_simple-CellPhone-None-Bed-313/trial_T20190907_092230_655414/game.tw-pddl:0,0,train:102:train/pick_and_place_simple-CellPhone-None-Bed-313/trial_T20190907_092230_655414/game.tw-pddl:0,4,4,False,1619
Adaptive v1,102,train:102:train/pick_and_place_simple-HandTowel-None-Toilet-428/trial_T20190908_064310_434441/game.tw-pddl:0,0,train:102:train/pick_and_place_simple-HandTowel-None-Toilet-428/trial_T20190908_064310_434441/game.tw-pddl:0,4,4,False,1620
Adaptive v1,102,train:102:train/pick_and_place_simple-Plate-None-Dresser-218/trial_T20190907_013555_841038/game.tw-pddl:0,0,train:102:train/pick_and_place_simple-Plate-None-Dresser-218/trial_T20190907_013555_841038/game.tw-pddl:0,6,6,False,1621
Adaptive v1,102,train:102:train/pick_and_place_simple-SoapBottle-None-GarbageCan-419/trial_T20190908_204814_095948/game.tw-pddl:0,0,train:102:train/pick_and_place_simple-SoapBottle-None-GarbageCan-419/trial_T20190908_204814_095948/game.tw-pddl:0,4,4,False,1622
Adaptive v1,102,train:102:train/pick_clean_then_place_in_recep-Cloth-None-Toilet-402/trial_T20190906_201408_789070/game.tw-pddl:0,0,train:102:train/pick_clean_then_place_in_recep-Cloth-None-Toilet-402/trial_T20190906_201408_789070/game.tw-pddl:0,6,30,True,1623
Adaptive v1,102,train:102:train/pick_clean_then_place_in_recep-Plate-None-Fridge-19/trial_T20190907_013946_270209/game.tw-pddl:0,0,train:102:train/pick_clean_then_place_in_recep-Plate-None-Fridge-19/trial_T20190907_013946_270209/game.tw-pddl:0,8,8,False,1624
Adaptive v1,102,train:102:train/pick_cool_then_place_in_recep-Apple-None-Microwave-23/trial_T20190908_051110_010210/game.tw-pddl:0,0,train:102:train/pick_cool_then_place_in_recep-Apple-None-Microwave-23/trial_T20190908_051110_010210/game.tw-pddl:0,14,30,True,1625
Adaptive v1,102,train:102:train/pick_heat_then_place_in_recep-Mug-None-CoffeeMachine-14/trial_T20190907_012050_928961/game.tw-pddl:0,0,train:102:train/pick_heat_then_place_in_recep-Mug-None-CoffeeMachine-14/trial_T20190907_012050_928961/game.tw-pddl:0,19,30,True,1626
Adaptive v1,102,train:102:train/pick_two_obj_and_place-CellPhone-None-SideTable-310/trial_T20190908_123211_754215/game.tw-pddl:0,0,train:102:train/pick_two_obj_and_place-CellPhone-None-SideTable-310/trial_T20190908_123211_754215/game.tw-pddl:0,23,30,True,1627
Adaptive v1,102,train:102:train/pick_two_obj_and_place-Laptop-None-Desk-309/trial_T20190907_151137_619046/game.tw-pddl:0,0,train:102:train/pick_two_obj_and_place-Laptop-None-Desk-309/trial_T20190907_151137_619046/game.tw-pddl:0,24,30,True,1628
Adaptive v1,102,train:102:train/pick_two_obj_and_place-Newspaper-None-ArmChair-230/trial_T20190908_001805_404666/game.tw-pddl:0,0,train:102:train/pick_two_obj_and_place-Newspaper-None-ArmChair-230/trial_T20190908_001805_404666/game.tw-pddl:0,24,30,True,1629
Adaptive v1,102,train:102:train/pick_two_obj_and_place-SprayBottle-None-CounterTop-410/trial_T20190908_161543_945343/game.tw-pddl:0,0,train:102:train/pick_two_obj_and_place-SprayBottle-None-CounterTop-410/trial_T20190908_161543_945343/game.tw-pddl:0,20,30,True,1630
Adaptive v1,102,train:102:train/pick_two_obj_and_place-TissueBox-None-Drawer-427/trial_T20190909_061046_921697/game.tw-pddl:0,0,train:102:train/pick_two_obj_and_place-TissueBox-None-Drawer-427/trial_T20190909_061046_921697/game.tw-pddl:0,9,9,False,1631
Adaptive v1,102,train:102:train/pick_two_obj_and_place-Watch-None-Shelf-326/trial_T20190911_150057_341885/game.tw-pddl:0,0,train:102:train/pick_two_obj_and_place-Watch-None-Shelf-326/trial_T20190911_150057_341885/game.tw-pddl:0,21,30,True,1632
Adaptive v1,103,train:103:train/pick_and_place_simple-Book-None-Bed-312/trial_T20190908_103725_745160/game.tw-pddl:0,0,train:103:train/pick_and_place_simple-Book-None-Bed-312/trial_T20190908_103725_745160/game.tw-pddl:0,4,4,False,1633
Adaptive v1,103,train:103:train/pick_and_place_simple-KeyChain-None-SideTable-330/trial_T20190908_132741_547490/game.tw-pddl:0,0,train:103:train/pick_and_place_simple-KeyChain-None-SideTable-330/trial_T20190908_132741_547490/game.tw-pddl:0,18,30,True,1634
Adaptive v1,103,train:103:train/pick_and_place_simple-Laptop-None-SideTable-221/trial_T20190908_110920_231907/game.tw-pddl:0,0,train:103:train/pick_and_place_simple-Laptop-None-SideTable-221/trial_T20190908_110920_231907/game.tw-pddl:0,5,5,False,1635
Adaptive v1,103,train:103:train/pick_clean_then_place_in_recep-Fork-None-Drawer-11/trial_T20190907_145719_972520/game.tw-pddl:0,0,train:103:train/pick_clean_then_place_in_recep-Fork-None-Drawer-11/trial_T20190907_145719_972520/game.tw-pddl:0,6,6,False,1636
Adaptive v1,103,train:103:train/pick_clean_then_place_in_recep-Mug-None-CoffeeMachine-30/trial_T20190909_072524_128648/game.tw-pddl:0,0,train:103:train/pick_clean_then_place_in_recep-Mug-None-CoffeeMachine-30/trial_T20190909_072524_128648/game.tw-pddl:0,4,4,False,1637
Adaptive v1,103,train:103:train/pick_clean_then_place_in_recep-SoapBar-None-Cabinet-408/trial_T20190908_032540_685424/game.tw-pddl:0,0,train:103:train/pick_clean_then_place_in_recep-SoapBar-None-Cabinet-408/trial_T20190908_032540_685424/game.tw-pddl:0,22,30,True,1638
Adaptive v1,103,train:103:train/pick_clean_then_place_in_recep-Spatula-None-DiningTable-17/trial_T20190909_044854_236942/game.tw-pddl:0,0,train:103:train/pick_clean_then_place_in_recep-Spatula-None-DiningTable-17/trial_T20190909_044854_236942/game.tw-pddl:0,7,7,False,1639
Adaptive v1,103,train:103:train/pick_cool_then_place_in_recep-Bread-None-CounterTop-17/trial_T20190907_151028_159967/game.tw-pddl:0,0,train:103:train/pick_cool_then_place_in_recep-Bread-None-CounterTop-17/trial_T20190907_151028_159967/game.tw-pddl:0,14,30,True,1640
Adaptive v1,103,train:103:train/pick_cool_then_place_in_recep-Pan-None-StoveBurner-27/trial_T20190906_212619_469871/game.tw-pddl:0,0,train:103:train/pick_cool_then_place_in_recep-Pan-None-StoveBurner-27/trial_T20190906_212619_469871/game.tw-pddl:0,17,30,True,1641
Adaptive v1,103,train:103:train/pick_cool_then_place_in_recep-WineBottle-None-CounterTop-17/trial_T20190907_002819_330666/game.tw-pddl:0,0,train:103:train/pick_cool_then_place_in_recep-WineBottle-None-CounterTop-17/trial_T20190907_002819_330666/game.tw-pddl:0,12,30,True,1642
Adaptive v1,103,train:103:train/pick_heat_then_place_in_recep-Apple-None-Fridge-25/trial_T20190908_050852_487447/game.tw-pddl:0,0,train:103:train/pick_heat_then_place_in_recep-Apple-None-Fridge-25/trial_T20190908_050852_487447/game.tw-pddl:0,7,7,False,1643
Adaptive v1,103,train:103:train/pick_heat_then_place_in_recep-Mug-None-Shelf-7/trial_T20190907_022345_834766/game.tw-pddl:0,0,train:103:train/pick_heat_then_place_in_recep-Mug-None-Shelf-7/trial_T20190907_022345_834766/game.tw-pddl:0,6,6,False,1644
Adaptive v1,103,train:103:train/pick_two_obj_and_place-CD-None-Drawer-328/trial_T20190909_041736_651814/game.tw-pddl:0,0,train:103:train/pick_two_obj_and_place-CD-None-Drawer-328/trial_T20190909_041736_651814/game.tw-pddl:0,26,30,True,1645
Adaptive v1,103,train:103:train/pick_two_obj_and_place-Cup-None-Microwave-22/trial_T20190918_234000_303529/game.tw-pddl:0,0,train:103:train/pick_two_obj_and_place-Cup-None-Microwave-22/trial_T20190918_234000_303529/game.tw-pddl:0,15,30,True,1646
Adaptive v1,103,train:103:train/pick_two_obj_and_place-Mug-None-Cabinet-318/trial_T20190907_222852_159147/game.tw-pddl:0,0,train:103:train/pick_two_obj_and_place-Mug-None-Cabinet-318/trial_T20190907_222852_159147/game.tw-pddl:0,16,16,False,1647
Adaptive v1,103,train:103:train/pick_two_obj_and_place-ToiletPaper-None-Drawer-410/trial_T20190908_111427_862927/game.tw-pddl:0,0,train:103:train/pick_two_obj_and_place-ToiletPaper-None-Drawer-410/trial_T20190908_111427_862927/game.tw-pddl:0,11,11,False,1648
Adaptive v1,104,train:104:train/look_at_obj_in_light-Laptop-None-DeskLamp-306/trial_T20190908_105706_372317/game.tw-pddl:0,0,train:104:train/look_at_obj_in_light-Laptop-None-DeskLamp-306/trial_T20190908_105706_372317/game.tw-pddl:0,23,30,True,1649
Adaptive v1,104,train:104:train/look_at_obj_in_light-Vase-None-DeskLamp-216/trial_T20190906_200458_622810/game.tw-pddl:0,0,train:104:train/look_at_obj_in_light-Vase-None-DeskLamp-216/trial_T20190906_200458_622810/game.tw-pddl:0,6,30,True,1650
Adaptive v1,104,train:104:train/pick_and_place_simple-AlarmClock-None-Desk-314/trial_T20190908_185924_234584/game.tw-pddl:0,0,train:104:train/pick_and_place_simple-AlarmClock-None-Desk-314/trial_T20190908_185924_234584/game.tw-pddl:0,4,4,False,1651
Adaptive v1,104,train:104:train/pick_and_place_simple-Book-None-Desk-310/trial_T20190909_121817_687992/game.tw-pddl:0,0,train:104:train/pick_and_place_simple-Book-None-Desk-310/trial_T20190909_121817_687992/game.tw-pddl:0,11,16,False,1652
Adaptive v1,104,train:104:train/pick_and_place_simple-Book-None-Dresser-319/trial_T20190906_204235_124843/game.tw-pddl:0,0,train:104:train/pick_and_place_simple-Book-None-Dresser-319/trial_T20190906_204235_124843/game.tw-pddl:0,15,15,False,1653
Adaptive v1,104,train:104:train/pick_and_place_simple-ButterKnife-None-Drawer-8/trial_T20190907_142645_859732/game.tw-pddl:0,0,train:104:train/pick_and_place_simple-ButterKnife-None-Drawer-8/trial_T20190907_142645_859732/game.tw-pddl:0,6,6,False,1654
Adaptive v1,104,train:104:train/pick_and_place_simple-Candle-None-Toilet-419/trial_T20190907_194421_014813/game.tw-pddl:0,0,train:104:train/pick_and_place_simple-Candle-None-Toilet-419/trial_T20190907_194421_014813/game.tw-pddl:0,6,6,False,1655
Adaptive v1,104,train:104:train/pick_and_place_simple-CellPhone-None-Dresser-330/trial_T20190909_052323_195252/game.tw-pddl:0,0,train:104:train/pick_and_place_simple-CellPhone-None-Dresser-330/trial_T20190909_052323_195252/game.tw-pddl:0,18,30,True,1656
Adaptive v1,104,train:104:train/pick_clean_then_place_in_recep-Cup-None-Shelf-1/trial_T20190909_151718_080876/game.tw-pddl:0,0,train:104:train/pick_clean_then_place_in_recep-Cup-None-Shelf-1/trial_T20190909_151718_080876/game.tw-pddl:0,6,6,False,1657
Adaptive v1,104,train:104:train/pick_clean_then_place_in_recep-Kettle-None-Cabinet-3/trial_T20190909_151623_379326/game.tw-pddl:0,0,train:104:train/pick_clean_then_place_in_recep-Kettle-None-Cabinet-3/trial_T20190909_151623_379326/game.tw-pddl:0,7,7,False,1658
Adaptive v1,104,train:104:train/pick_clean_then_place_in_recep-Kettle-None-StoveBurner-1/trial_T20190908_172041_358328/game.tw-pddl:0,0,train:104:train/pick_clean_then_place_in_recep-Kettle-None-StoveBurner-1/trial_T20190908_172041_358328/game.tw-pddl:0,8,8,False,1659
Adaptive v1,104,train:104:train/pick_cool_then_place_in_recep-Pan-None-DiningTable-27/trial_T20190909_041736_994961/game.tw-pddl:0,0,train:104:train/pick_cool_then_place_in_recep-Pan-None-DiningTable-27/trial_T20190909_041736_994961/game.tw-pddl:0,12,30,True,1660
Adaptive v1,104,train:104:train/pick_heat_then_place_in_recep-Apple-None-Fridge-16/trial_T20190907_203559_481810/game.tw-pddl:0,0,train:104:train/pick_heat_then_place_in_recep-Apple-None-Fridge-16/trial_T20190907_203559_481810/game.tw-pddl:0,8,8,False,1661
Adaptive v1,104,train:104:train/pick_heat_then_place_in_recep-Cup-None-Cabinet-12/trial_T20190907_210928_389193/game.tw-pddl:0,0,train:104:train/pick_heat_then_place_in_recep-Cup-None-Cabinet-12/trial_T20190907_210928_389193/game.tw-pddl:0,15,30,True,1662
Adaptive v1,104,train:104:train/pick_two_obj_and_place-CD-None-Safe-317/trial_T20190906_221723_123986/game.tw-pddl:0,0,train:104:train/pick_two_obj_and_place-CD-None-Safe-317/trial_T20190906_221723_123986/game.tw-pddl:0,11,11,False,1663
Adaptive v1,104,train:104:train/pick_two_obj_and_place-TissueBox-None-Cart-430/trial_T20190906_172336_695472/game.tw-pddl:0,0,train:104:train/pick_two_obj_and_place-TissueBox-None-Cart-430/trial_T20190906_172336_695472/game.tw-pddl:0,8,8,False,1664
Adaptive v1,105,train:105:train/pick_and_place_simple-SprayBottle-None-Cabinet-403/trial_T20190908_221024_103153/game.tw-pddl:0,0,train:105:train/pick_and_place_simple-SprayBottle-None-Cabinet-403/trial_T20190908_221024_103153/game.tw-pddl:0,10,10,False,1665
Adaptive v1,105,train:105:train/pick_and_place_simple-SprayBottle-None-Toilet-405/trial_T20190908_021334_018317/game.tw-pddl:0,0,train:105:train/pick_and_place_simple-SprayBottle-None-Toilet-405/trial_T20190908_021334_018317/game.tw-pddl:0,6,30,True,1666
Adaptive v1,105,train:105:train/pick_and_place_simple-ToiletPaper-None-GarbageCan-416/trial_T20190906_202053_549622/game.tw-pddl:0,0,train:105:train/pick_and_place_simple-ToiletPaper-None-GarbageCan-416/trial_T20190906_202053_549622/game.tw-pddl:0,4,4,False,1667
Adaptive v1,105,train:105:train/pick_clean_then_place_in_recep-ButterKnife-None-CounterTop-8/trial_T20190909_105658_012725/game.tw-pddl:0,0,train:105:train/pick_clean_then_place_in_recep-ButterKnife-None-CounterTop-8/trial_T20190909_105658_012725/game.tw-pddl:0,7,7,False,1668
Adaptive v1,105,train:105:train/pick_clean_then_place_in_recep-Cloth-None-CounterTop-410/trial_T20190907_181320_769618/game.tw-pddl:0,0,train:105:train/pick_clean_then_place_in_recep-Cloth-None-CounterTop-410/trial_T20190907_181320_769618/game.tw-pddl:0,8,8,False,1669
Adaptive v1,105,train:105:train/pick_clean_then_place_in_recep-Fork-None-Drawer-25/trial_T20190909_153001_245932/game.tw-pddl:0,0,train:105:train/pick_clean_then_place_in_recep-Fork-None-Drawer-25/trial_T20190909_153001_245932/game.tw-pddl:0,7,7,False,1670
Adaptive v1,105,train:105:train/pick_clean_then_place_in_recep-Kettle-None-Cabinet-18/trial_T20190907_170128_507111/game.tw-pddl:0,0,train:105:train/pick_clean_then_place_in_recep-Kettle-None-Cabinet-18/trial_T20190907_170128_507111/game.tw-pddl:0,11,11,False,1671
Adaptive v1,105,train:105:train/pick_clean_then_place_in_recep-Potato-None-SideTable-21/trial_T20190906_192526_089769/game.tw-pddl:0,0,train:105:train/pick_clean_then_place_in_recep-Potato-None-SideTable-21/trial_T20190906_192526_089769/game.tw-pddl:0,19,30,True,1672
Adaptive v1,105,train:105:train/pick_cool_then_place_in_recep-Bowl-None-Cabinet-25/trial_T20190908_073559_391749/game.tw-pddl:0,0,train:105:train/pick_cool_then_place_in_recep-Bowl-None-Cabinet-25/trial_T20190908_073559_391749/game.tw-pddl:0,15,30,True,1673
Adaptive v1,105,train:105:train/pick_cool_then_place_in_recep-Mug-None-CoffeeMachine-5/trial_T20190907_013225_891350/game.tw-pddl:0,0,train:105:train/pick_cool_then_place_in_recep-Mug-None-CoffeeMachine-5/trial_T20190907_013225_891350/game.tw-pddl:0,13,30,True,1674
Adaptive v1,105,train:105:train/pick_heat_then_place_in_recep-Potato-None-GarbageCan-14/trial_T20190909_114325_950642/game.tw-pddl:0,0,train:105:train/pick_heat_then_place_in_recep-Potato-None-GarbageCan-14/trial_T20190909_114325_950642/game.tw-pddl:0,7,7,False,1675
Adaptive v1,105,train:105:train/pick_two_obj_and_place-Laptop-None-Bed-311/trial_T20190907_074201_784114/game.tw-pddl:0,0,train:105:train/pick_two_obj_and_place-Laptop-None-Bed-311/trial_T20190907_074201_784114/game.tw-pddl:0,10,10,False,1676
Adaptive v1,105,train:105:train/pick_two_obj_and_place-Mug-None-Cabinet-318/trial_T20190910_055356_172564/game.tw-pddl:0,0,train:105:train/pick_two_obj_and_place-Mug-None-Cabinet-318/trial_T20190910_055356_172564/game.tw-pddl:0,19,30,True,1677
Adaptive v1,105,train:105:train/pick_two_obj_and_place-Pen-None-Dresser-229/trial_T20190908_043626_173426/game.tw-pddl:0,0,train:105:train/pick_two_obj_and_place-Pen-None-Dresser-229/trial_T20190908_043626_173426/game.tw-pddl:0,8,30,True,1678
Adaptive v1,105,train:105:train/pick_two_obj_and_place-Pencil-None-Desk-313/trial_T20190906_200948_981650/game.tw-pddl:0,0,train:105:train/pick_two_obj_and_place-Pencil-None-Desk-313/trial_T20190906_200948_981650/game.tw-pddl:0,8,8,False,1679
Adaptive v1,105,train:105:train/pick_two_obj_and_place-TissueBox-None-Cart-430/trial_T20190906_172408_729431/game.tw-pddl:0,0,train:105:train/pick_two_obj_and_place-TissueBox-None-Cart-430/trial_T20190906_172408_729431/game.tw-pddl:0,10,10,False,1680
Adaptive v1,106,train:106:train/look_at_obj_in_light-CD-None-DeskLamp-317/trial_T20190908_032856_004482/game.tw-pddl:0,0,train:106:train/look_at_obj_in_light-CD-None-DeskLamp-317/trial_T20190908_032856_004482/game.tw-pddl:0,4,4,False,1681
Adaptive v1,106,train:106:train/look_at_obj_in_light-CreditCard-None-DeskLamp-314/trial_T20190906_201558_324636/game.tw-pddl:0,0,train:106:train/look_at_obj_in_light-CreditCard-None-DeskLamp-314/trial_T20190906_201558_324636/game.tw-pddl:0,3,3,False,1682
Adaptive v1,106,train:106:train/pick_and_place_simple-AlarmClock-None-Desk-307/trial_T20190907_072329_828593/game.tw-pddl:0,0,train:106:train/pick_and_place_simple-AlarmClock-None-Desk-307/trial_T20190907_072329_828593/game.tw-pddl:0,8,30,True,1683
Adaptive v1,106,train:106:train/pick_and_place_simple-CreditCard-None-Desk-307/trial_T20190907_143724_810881/game.tw-pddl:0,0,train:106:train/pick_and_place_simple-CreditCard-None-Desk-307/trial_T20190907_143724_810881/game.tw-pddl:0,4,4,False,1684
Adaptive v1,106,train:106:train/pick_and_place_simple-HandTowel-None-GarbageCan-416/trial_T20190909_062150_965386/game.tw-pddl:0,0,train:106:train/pick_and_place_simple-HandTowel-None-GarbageCan-416/trial_T20190909_062150_965386/game.tw-pddl:0,5,5,False,1685
Adaptive v1,106,train:106:train/pick_and_place_simple-SoapBottle-None-Toilet-405/trial_T20190908_015616_880449/game.tw-pddl:0,0,train:106:train/pick_and_place_simple-SoapBottle-None-Toilet-405/trial_T20190908_015616_880449/game.tw-pddl:0,4,4,False,1686
Adaptive v1,106,train:106:train/pick_and_place_simple-ToiletPaper-None-ToiletPaperHanger-414/trial_T20190907_041821_510717/game.tw-pddl:0,0,train:106:train/pick_and_place_simple-ToiletPaper-None-ToiletPaperHanger-414/trial_T20190907_041821_510717/game.tw-pddl:0,5,5,False,1687
Adaptive v1,106,train:106:train/pick_clean_then_place_in_recep-Fork-None-DiningTable-15/trial_T20190907_203221_946933/game.tw-pddl:0,0,train:106:train/pick_clean_then_place_in_recep-Fork-None-DiningTable-15/trial_T20190907_203221_946933/game.tw-pddl:0,6,6,False,1688
Adaptive v1,106,train:106:train/pick_cool_then_place_in_recep-Mug-None-CoffeeMachine-24/trial_T20190907_185942_820847/game.tw-pddl:0,0,train:106:train/pick_cool_then_place_in_recep-Mug-None-CoffeeMachine-24/trial_T20190907_185942_820847/game.tw-pddl:0,9,30,True,1689
Adaptive v1,106,train:106:train/pick_cool_then_place_in_recep-Potato-None-CounterTop-14/trial_T20190908_053512_113312/game.tw-pddl:0,0,train:106:train/pick_cool_then_place_in_recep-Potato-None-CounterTop-14/trial_T20190908_053512_113312/game.tw-pddl:0,6,6,False,1690
Adaptive v1,106,train:106:train/pick_heat_then_place_in_recep-Apple-None-CounterTop-5/trial_T20190907_113555_848211/game.tw-pddl:0,0,train:106:train/pick_heat_then_place_in_recep-Apple-None-CounterTop-5/trial_T20190907_113555_848211/game.tw-pddl:0,7,7,False,1691
Adaptive v1,106,train:106:train/pick_heat_then_place_in_recep-Apple-None-Fridge-20/trial_T20190908_013911_274341/game.tw-pddl:0,0,train:106:train/pick_heat_then_place_in_recep-Apple-None-Fridge-20/trial_T20190908_013911_274341/game.tw-pddl:0,8,30,True,1692
Adaptive v1,106,train:106:train/pick_heat_then_place_in_recep-Mug-None-Cabinet-21/trial_T20190909_063813_353229/game.tw-pddl:0,0,train:106:train/pick_heat_then_place_in_recep-Mug-None-Cabinet-21/trial_T20190909_063813_353229/game.tw-pddl:0,12,12,False,1693
Adaptive v1,106,train:106:train/pick_two_obj_and_place-Candle-None-Cabinet-406/trial_T20190908_165628_335781/game.tw-pddl:0,0,train:106:train/pick_two_obj_and_place-Candle-None-Cabinet-406/trial_T20190908_165628_335781/game.tw-pddl:0,10,10,False,1694
Adaptive v1,106,train:106:train/pick_two_obj_and_place-CellPhone-None-Bed-309/trial_T20190910_144311_654244/game.tw-pddl:0,0,train:106:train/pick_two_obj_and_place-CellPhone-None-Bed-309/trial_T20190910_144311_654244/game.tw-pddl:0,8,8,False,1695
Adaptive v1,106,train:106:train/pick_two_obj_and_place-ToiletPaper-None-Drawer-421/trial_T20190908_151509_650749/game.tw-pddl:0,0,train:106:train/pick_two_obj_and_place-ToiletPaper-None-Drawer-421/trial_T20190908_151509_650749/game.tw-pddl:0,11,11,False,1696
Adaptive v1,107,train:107:train/look_at_obj_in_light-Bowl-None-DeskLamp-305/trial_T20190908_233020_632529/game.tw-pddl:0,0,train:107:train/look_at_obj_in_light-Bowl-None-DeskLamp-305/trial_T20190908_233020_632529/game.tw-pddl:0,4,4,False,1697
Adaptive v1,107,train:107:train/look_at_obj_in_light-CD-None-DeskLamp-319/trial_T20190909_114512_615280/game.tw-pddl:0,0,train:107:train/look_at_obj_in_light-CD-None-DeskLamp-319/trial_T20190909_114512_615280/game.tw-pddl:0,3,3,False,1698
Adaptive v1,107,train:107:train/look_at_obj_in_light-Laptop-None-DeskLamp-309/trial_T20190907_185728_635748/game.tw-pddl:0,0,train:107:train/look_at_obj_in_light-Laptop-None-DeskLamp-309/trial_T20190907_185728_635748/game.tw-pddl:0,4,4,False,1699
Adaptive v1,107,train:107:train/look_at_obj_in_light-Newspaper-None-DeskLamp-225/trial_T20190909_085334_452202/game.tw-pddl:0,0,train:107:train/look_at_obj_in_light-Newspaper-None-DeskLamp-225/trial_T20190909_085334_452202/game.tw-pddl:0,24,30,True,1700
Adaptive v1,107,train:107:train/pick_and_place_simple-DishSponge-None-Cart-401/trial_T20190909_045729_956116/game.tw-pddl:0,0,train:107:train/pick_and_place_simple-DishSponge-None-Cart-401/trial_T20190909_045729_956116/game.tw-pddl:0,4,4,False,1701
Adaptive v1,107,train:107:train/pick_and_place_simple-SprayBottle-None-CounterTop-421/trial_T20190910_010555_858889/game.tw-pddl:0,0,train:107:train/pick_and_place_simple-SprayBottle-None-CounterTop-421/trial_T20190910_010555_858889/game.tw-pddl:0,22,30,True,1702
Adaptive v1,107,train:107:train/pick_and_place_simple-SprayBottle-None-GarbageCan-428/trial_T20190909_101535_306889/game.tw-pddl:0,0,train:107:train/pick_and_place_simple-SprayBottle-None-GarbageCan-428/trial_T20190909_101535_306889/game.tw-pddl:0,4,4,False,1703
Adaptive v1,107,train:107:train/pick_clean_then_place_in_recep-Cloth-None-Toilet-411/trial_T20190908_070040_227185/game.tw-pddl:0,0,train:107:train/pick_clean_then_place_in_recep-Cloth-None-Toilet-411/trial_T20190908_070040_227185/game.tw-pddl:0,7,7,False,1704
Adaptive v1,107,train:107:train/pick_cool_then_place_in_recep-Egg-None-Microwave-6/trial_T20190909_035020_801070/game.tw-pddl:0,0,train:107:train/pick_cool_then_place_in_recep-Egg-None-Microwave-6/trial_T20190909_035020_801070/game.tw-pddl:0,14,30,True,1705
Adaptive v1,107,train:107:train/pick_heat_then_place_in_recep-Mug-None-CoffeeMachine-1/trial_T20190907_222837_842651/game.tw-pddl:0,0,train:107:train/pick_heat_then_place_in_recep-Mug-None-CoffeeMachine-1/trial_T20190907_222837_842651/game.tw-pddl:0,8,8,False,1706
Adaptive v1,107,train:107:train/pick_heat_then_place_in_recep-Mug-None-CoffeeMachine-2/trial_T20190907_070817_015451/game.tw-pddl:0,0,train:107:train/pick_heat_then_place_in_recep-Mug-None-CoffeeMachine-2/trial_T20190907_070817_015451/game.tw-pddl:0,6,30,True,1707
Adaptive v1,107,train:107:train/pick_heat_then_place_in_recep-Mug-None-CoffeeMachine-26/trial_T20190907_113653_821141/game.tw-pddl:0,0,train:107:train/pick_heat_then_place_in_recep-Mug-None-CoffeeMachine-26/trial_T20190907_113653_821141/game.tw-pddl:0,16,30,True,1708
Adaptive v1,107,train:107:train/pick_heat_then_place_in_recep-Plate-None-Cabinet-13/trial_T20190907_062558_120187/game.tw-pddl:0,0,train:107:train/pick_heat_then_place_in_recep-Plate-None-Cabinet-13/trial_T20190907_062558_120187/game.tw-pddl:0,6,6,False,1709
Adaptive v1,107,train:107:train/pick_two_obj_and_place-Candle-None-Shelf-429/trial_T20190909_075636_006839/game.tw-pddl:0,0,train:107:train/pick_two_obj_and_place-Candle-None-Shelf-429/trial_T20190909_075636_006839/game.tw-pddl:0,25,30,True,1710
Adaptive v1,107,train:107:train/pick_two_obj_and_place-Knife-None-Drawer-18/trial_T20190907_065141_173514/game.tw-pddl:0,0,train:107:train/pick_two_obj_and_place-Knife-None-Drawer-18/trial_T20190907_065141_173514/game.tw-pddl:0,15,30,True,1711
Adaptive v1,107,train:107:train/pick_two_obj_and_place-Pen-None-Desk-312/trial_T20190907_212156_154708/game.tw-pddl:0,0,train:107:train/pick_two_obj_and_place-Pen-None-Desk-312/trial_T20190907_212156_154708/game.tw-pddl:0,17,17,False,1712
Adaptive v1,108,train:108:train/pick_and_place_simple-Box-None-ArmChair-217/trial_T20190907_170704_319038/game.tw-pddl:0,0,train:108:train/pick_and_place_simple-Box-None-ArmChair-217/trial_T20190907_170704_319038/game.tw-pddl:0,8,8,False,1713
Adaptive v1,108,train:108:train/pick_and_place_simple-SprayBottle-None-Cabinet-413/trial_T20190907_114914_583301/game.tw-pddl:0,0,train:108:train/pick_and_place_simple-SprayBottle-None-Cabinet-413/trial_T20190907_114914_583301/game.tw-pddl:0,21,30,True,1714
Adaptive v1,108,train:108:train/pick_and_place_simple-ToiletPaper-None-ToiletPaperHanger-413/trial_T20190909_102005_152721/game.tw-pddl:0,0,train:108:train/pick_and_place_simple-ToiletPaper-None-ToiletPaperHanger-413/trial_T20190909_102005_152721/game.tw-pddl:0,4,4,False,1715
Adaptive v1,108,train:108:train/pick_clean_then_place_in_recep-Cloth-None-Drawer-410/trial_T20190908_122824_123331/game.tw-pddl:0,0,train:108:train/pick_clean_then_place_in_recep-Cloth-None-Drawer-410/trial_T20190908_122824_123331/game.tw-pddl:0,7,7,False,1716
Adaptive v1,108,train:108:train/pick_clean_then_place_in_recep-Kettle-None-DiningTable-18/trial_T20190908_085532_288859/game.tw-pddl:0,0,train:108:train/pick_clean_then_place_in_recep-Kettle-None-DiningTable-18/trial_T20190908_085532_288859/game.tw-pddl:0,8,8,False,1717
Adaptive v1,108,train:108:train/pick_clean_then_place_in_recep-SoapBar-None-Toilet-419/trial_T20190907_005259_630711/game.tw-pddl:0,0,train:108:train/pick_clean_then_place_in_recep-SoapBar-None-Toilet-419/trial_T20190907_005259_630711/game.tw-pddl:0,12,12,False,1718
Adaptive v1,108,train:108:train/pick_cool_then_place_in_recep-Pot-None-DiningTable-4/trial_T20190909_025318_069964/game.tw-pddl:0,0,train:108:train/pick_cool_then_place_in_recep-Pot-None-DiningTable-4/trial_T20190909_025318_069964/game.tw-pddl:0,17,30,True,1719
Adaptive v1,108,train:108:train/pick_cool_then_place_in_recep-Pot-None-StoveBurner-17/trial_T20190907_032142_610203/game.tw-pddl:0,0,train:108:train/pick_cool_then_place_in_recep-Pot-None-StoveBurner-17/trial_T20190907_032142_610203/game.tw-pddl:0,13,30,True,1720
Adaptive v1,108,train:108:train/pick_heat_then_place_in_recep-Apple-None-CounterTop-30/trial_T20190908_103716_185977/game.tw-pddl:0,0,train:108:train/pick_heat_then_place_in_recep-Apple-None-CounterTop-30/trial_T20190908_103716_185977/game.tw-pddl:0,7,7,False,1721
Adaptive v1,108,train:108:train/pick_heat_then_place_in_recep-Egg-None-GarbageCan-23/trial_T20190909_120209_973257/game.tw-pddl:0,0,train:108:train/pick_heat_then_place_in_recep-Egg-None-GarbageCan-23/trial_T20190909_120209_973257/game.tw-pddl:0,16,30,True,1722
Adaptive v1,108,train:108:train/pick_heat_then_place_in_recep-Mug-None-Cabinet-12/trial_T20190909_032805_638348/game.tw-pddl:0,0,train:108:train/pick_heat_then_place_in_recep-Mug-None-Cabinet-12/trial_T20190909_032805_638348/game.tw-pddl:0,7,7,False,1723
Adaptive v1,108,train:108:train/pick_two_obj_and_place-CD-None-Shelf-326/trial_T20190908_173701_248776/game.tw-pddl:0,0,train:108:train/pick_two_obj_and_place-CD-None-Shelf-326/trial_T20190908_173701_248776/game.tw-pddl:0,8,8,False,1724
Adaptive v1,108,train:108:train/pick_two_obj_and_place-Candle-None-Cabinet-406/trial_T20190908_165708_885279/game.tw-pddl:0,0,train:108:train/pick_two_obj_and_place-Candle-None-Cabinet-406/trial_T20190908_165708_885279/game.tw-pddl:0,23,30,True,1725
Adaptive v1,108,train:108:train/pick_two_obj_and_place-Newspaper-None-CoffeeTable-222/trial_T20190908_205451_924838/game.tw-pddl:0,0,train:108:train/pick_two_obj_and_place-Newspaper-None-CoffeeTable-222/trial_T20190908_205451_924838/game.tw-pddl:0,18,30,True,1726
Adaptive v1,108,train:108:train/pick_two_obj_and_place-SoapBottle-None-GarbageCan-418/trial_T20190909_071000_671838/game.tw-pddl:0,0,train:108:train/pick_two_obj_and_place-SoapBottle-None-GarbageCan-418/trial_T20190909_071000_671838/game.tw-pddl:0,13,30,True,1727
Adaptive v1,108,train:108:train/pick_two_obj_and_place-ToiletPaper-None-Cabinet-417/trial_T20190909_115011_963684/game.tw-pddl:0,0,train:108:train/pick_two_obj_and_place-ToiletPaper-None-Cabinet-417/trial_T20190909_115011_963684/game.tw-pddl:0,9,9,False,1728
Adaptive v1,109,train:109:train/look_at_obj_in_light-CD-None-DeskLamp-327/trial_T20190909_032949_913146/game.tw-pddl:0,0,train:109:train/look_at_obj_in_light-CD-None-DeskLamp-327/trial_T20190909_032949_913146/game.tw-pddl:0,8,8,False,1729
Adaptive v1,109,train:109:train/look_at_obj_in_light-Newspaper-None-DeskLamp-210/trial_T20190906_234442_978940/game.tw-pddl:0,0,train:109:train/look_at_obj_in_light-Newspaper-None-DeskLamp-210/trial_T20190906_234442_978940/game.tw-pddl:0,21,30,True,1730
Adaptive v1,109,train:109:train/pick_and_place_simple-Book-None-Desk-304/trial_T20190908_141341_073879/game.tw-pddl:0,0,train:109:train/pick_and_place_simple-Book-None-Desk-304/trial_T20190908_141341_073879/game.tw-pddl:0,6,6,False,1731
Adaptive v1,109,train:109:train/pick_and_place_simple-CellPhone-None-Desk-312/trial_T20190908_021807_843876/game.tw-pddl:0,0,train:109:train/pick_and_place_simple-CellPhone-None-Desk-312/trial_T20190908_021807_843876/game.tw-pddl:0,19,19,False,1732
Adaptive v1,109,train:109:train/pick_and_place_simple-Laptop-None-Bed-302/trial_T20190908_112452_253912/game.tw-pddl:0,0,train:109:train/pick_and_place_simple-Laptop-None-Bed-302/trial_T20190908_112452_253912/game.tw-pddl:0,4,4,False,1733
Adaptive v1,109,train:109:train/pick_and_place_simple-SprayBottle-None-CounterTop-417/trial_T20190909_091251_521581/game.tw-pddl:0,0,train:109:train/pick_and_place_simple-SprayBottle-None-CounterTop-417/trial_T20190909_091251_521581/game.tw-pddl:0,12,12,False,1734
Adaptive v1,109,train:109:train/pick_clean_then_place_in_recep-Kettle-None-Cabinet-5/trial_T20190909_042946_201517/game.tw-pddl:0,0,train:109:train/pick_clean_then_place_in_recep-Kettle-None-Cabinet-5/trial_T20190909_042946_201517/game.tw-pddl:0,8,8,False,1735
Adaptive v1,109,train:109:train/pick_clean_then_place_in_recep-Lettuce-None-Fridge-19/trial_T20190908_100230_335827/game.tw-pddl:0,0,train:109:train/pick_clean_then_place_in_recep-Lettuce-None-Fridge-19/trial_T20190908_100230_335827/game.tw-pddl:0,7,7,False,1736
Adaptive v1,109,train:109:train/pick_clean_then_place_in_recep-Mug-None-CoffeeMachine-1/trial_T20190909_134737_070224/game.tw-pddl:0,0,train:109:train/pick_clean_then_place_in_recep-Mug-None-CoffeeMachine-1/trial_T20190909_134737_070224/game.tw-pddl:0,14,30,True,1737
Adaptive v1,109,train:109:train/pick_clean_then_place_in_recep-SoapBar-None-Toilet-420/trial_T20190908_043110_082550/game.tw-pddl:0,0,train:109:train/pick_clean_then_place_in_recep-SoapBar-None-Toilet-420/trial_T20190908_043110_082550/game.tw-pddl:0,9,9,False,1738
Adaptive v1,109,train:109:train/pick_clean_then_place_in_recep-Spoon-None-Drawer-8/trial_T20190907_152013_707870/game.tw-pddl:0,0,train:109:train/pick_clean_then_place_in_recep-Spoon-None-Drawer-8/trial_T20190907_152013_707870/game.tw-pddl:0,8,8,False,1739
Adaptive v1,109,train:109:train/pick_cool_then_place_in_recep-Pot-None-StoveBurner-1/trial_T20190907_073551_639783/game.tw-pddl:0,0,train:109:train/pick_cool_then_place_in_recep-Pot-None-StoveBurner-1/trial_T20190907_073551_639783/game.tw-pddl:0,16,30,True,1740
Adaptive v1,109,train:109:train/pick_cool_then_place_in_recep-Tomato-None-Microwave-14/trial_T20190907_024428_916654/game.tw-pddl:0,0,train:109:train/pick_cool_then_place_in_recep-Tomato-None-Microwave-14/trial_T20190907_024428_916654/game.tw-pddl:0,19,30,True,1741
Adaptive v1,109,train:109:train/pick_heat_then_place_in_recep-Egg-None-GarbageCan-1/trial_T20190908_132828_295041/game.tw-pddl:0,0,train:109:train/pick_heat_then_place_in_recep-Egg-None-GarbageCan-1/trial_T20190908_132828_295041/game.tw-pddl:0,6,6,False,1742
Adaptive v1,109,train:109:train/pick_two_obj_and_place-CD-None-Drawer-321/trial_T20190908_180900_935530/game.tw-pddl:0,0,train:109:train/pick_two_obj_and_place-CD-None-Drawer-321/trial_T20190908_180900_935530/game.tw-pddl:0,17,17,False,1743
Adaptive v1,109,train:109:train/pick_two_obj_and_place-PepperShaker-None-Cabinet-8/trial_T20190912_115301_827103/game.tw-pddl:0,0,train:109:train/pick_two_obj_and_place-PepperShaker-None-Cabinet-8/trial_T20190912_115301_827103/game.tw-pddl:0,11,11,False,1744
Adaptive v1,110,train:110:train/pick_and_place_simple-AlarmClock-None-Shelf-310/trial_T20190907_151407_969856/game.tw-pddl:0,0,train:110:train/pick_and_place_simple-AlarmClock-None-Shelf-310/trial_T20190907_151407_969856/game.tw-pddl:0,4,4,False,1745
Adaptive v1,110,train:110:train/pick_and_place_simple-CreditCard-None-Sofa-216/trial_T20190909_110532_392327/game.tw-pddl:0,0,train:110:train/pick_and_place_simple-CreditCard-None-Sofa-216/trial_T20190909_110532_392327/game.tw-pddl:0,19,19,False,1746
Adaptive v1,110,train:110:train/pick_and_place_simple-KeyChain-None-Sofa-225/trial_T20190908_131203_170721/game.tw-pddl:0,0,train:110:train/pick_and_place_simple-KeyChain-None-Sofa-225/trial_T20190908_131203_170721/game.tw-pddl:0,15,15,False,1747
Adaptive v1,110,train:110:train/pick_and_place_simple-Pan-None-DiningTable-15/trial_T20190908_182454_235938/game.tw-pddl:0,0,train:110:train/pick_and_place_simple-Pan-None-DiningTable-15/trial_T20190908_182454_235938/game.tw-pddl:0,4,4,False,1748
Adaptive v1,110,train:110:train/pick_and_place_simple-Pen-None-SideTable-322/trial_T20190909_055242_347953/game.tw-pddl:0,0,train:110:train/pick_and_place_simple-Pen-None-SideTable-322/trial_T20190909_055242_347953/game.tw-pddl:0,4,4,False,1749
Adaptive v1,110,train:110:train/pick_and_place_simple-PepperShaker-None-Drawer-13/trial_T20190908_230806_880555/game.tw-pddl:0,0,train:110:train/pick_and_place_simple-PepperShaker-None-Drawer-13/trial_T20190908_230806_880555/game.tw-pddl:0,8,30,True,1750
Adaptive v1,110,train:110:train/pick_and_place_simple-RemoteControl-None-ArmChair-227/trial_T20190909_101528_704500/game.tw-pddl:0,0,train:110:train/pick_and_place_simple-RemoteControl-None-ArmChair-227/trial_T20190909_101528_704500/game.tw-pddl:0,16,30,True,1751
Adaptive v1,110,train:110:train/pick_and_place_simple-Tomato-None-Microwave-8/trial_T20190907_205133_881018/game.tw-pddl:0,0,train:110:train/pick_and_place_simple-Tomato-None-Microwave-8/trial_T20190907_205133_881018/game.tw-pddl:0,11,30,True,1752
Adaptive v1,110,train:110:train/pick_clean_then_place_in_recep-Cup-None-Cabinet-6/trial_T20190908_165851_769161/game.tw-pddl:0,0,train:110:train/pick_clean_then_place_in_recep-Cup-None-Cabinet-6/trial_T20190908_165851_769161/game.tw-pddl:0,10,10,False,1753
Adaptive v1,110,train:110:train/pick_clean_then_place_in_recep-DishSponge-None-CounterTop-427/trial_T20190909_010925_036448/game.tw-pddl:0,0,train:110:train/pick_clean_then_place_in_recep-DishSponge-None-CounterTop-427/trial_T20190909_010925_036448/game.tw-pddl:0,8,8,False,1754
Adaptive v1,110,train:110:train/pick_clean_then_place_in_recep-Knife-None-SideTable-3/trial_T20190906_210621_936693/game.tw-pddl:0,0,train:110:train/pick_clean_then_place_in_recep-Knife-None-SideTable-3/trial_T20190906_210621_936693/game.tw-pddl:0,6,6,False,1755
Adaptive v1,110,train:110:train/pick_clean_then_place_in_recep-SoapBar-None-Cabinet-403/trial_T20190906_161918_796066/game.tw-pddl:0,0,train:110:train/pick_clean_then_place_in_recep-SoapBar-None-Cabinet-403/trial_T20190906_161918_796066/game.tw-pddl:0,7,7,False,1756
Adaptive v1,110,train:110:train/pick_cool_then_place_in_recep-Mug-None-Microwave-20/trial_T20190908_125321_767640/game.tw-pddl:0,0,train:110:train/pick_cool_then_place_in_recep-Mug-None-Microwave-20/trial_T20190908_125321_767640/game.tw-pddl:0,7,30,True,1757
Adaptive v1,110,train:110:train/pick_cool_then_place_in_recep-WineBottle-None-GarbageCan-17/trial_T20190907_144111_838056/game.tw-pddl:0,0,train:110:train/pick_cool_then_place_in_recep-WineBottle-None-GarbageCan-17/trial_T20190907_144111_838056/game.tw-pddl:0,8,8,False,1758
Adaptive v1,110,train:110:train/pick_two_obj_and_place-CellPhone-None-Bed-312/trial_T20190907_035023_577812/game.tw-pddl:0,0,train:110:train/pick_two_obj_and_place-CellPhone-None-Bed-312/trial_T20190907_035023_577812/game.tw-pddl:0,12,12,False,1759
Adaptive v1,110,train:110:train/pick_two_obj_and_place-Statue-None-Dresser-213/trial_T20190909_065343_750913/game.tw-pddl:0,0,train:110:train/pick_two_obj_and_place-Statue-None-Dresser-213/trial_T20190909_065343_750913/game.tw-pddl:0,11,11,False,1760
Adaptive v1,111,train:111:train/look_at_obj_in_light-Pen-None-DeskLamp-319/trial_T20190908_111842_143166/game.tw-pddl:0,0,train:111:train/look_at_obj_in_light-Pen-None-DeskLamp-319/trial_T20190908_111842_143166/game.tw-pddl:0,3,3,False,1761
Adaptive v1,111,train:111:train/pick_and_place_simple-KeyChain-None-Safe-323/trial_T20190918_181154_498986/game.tw-pddl:0,0,train:111:train/pick_and_place_simple-KeyChain-None-Safe-323/trial_T20190918_181154_498986/game.tw-pddl:0,6,6,False,1762
Adaptive v1,111,train:111:train/pick_and_place_simple-KeyChain-None-Sofa-208/trial_T20190909_065831_439704/game.tw-pddl:0,0,train:111:train/pick_and_place_simple-KeyChain-None-Sofa-208/trial_T20190909_065831_439704/game.tw-pddl:0,13,13,False,1763
Adaptive v1,111,train:111:train/pick_clean_then_place_in_recep-Cup-None-Shelf-1/trial_T20190909_151825_980574/game.tw-pddl:0,0,train:111:train/pick_clean_then_place_in_recep-Cup-None-Shelf-1/trial_T20190909_151825_980574/game.tw-pddl:0,7,7,False,1764
Adaptive v1,111,train:111:train/pick_clean_then_place_in_recep-Kettle-None-CounterTop-15/trial_T20190908_085754_023780/game.tw-pddl:0,0,train:111:train/pick_clean_then_place_in_recep-Kettle-None-CounterTop-15/trial_T20190908_085754_023780/game.tw-pddl:0,6,6,False,1765
Adaptive v1,111,train:111:train/pick_clean_then_place_in_recep-Tomato-None-SideTable-21/trial_T20190907_164924_809101/game.tw-pddl:0,0,train:111:train/pick_clean_then_place_in_recep-Tomato-None-SideTable-21/trial_T20190907_164924_809101/game.tw-pddl:0,11,11,False,1766
Adaptive v1,111,train:111:train/pick_cool_then_place_in_recep-Mug-None-Shelf-7/trial_T20190908_193123_092416/game.tw-pddl:0,0,train:111:train/pick_cool_then_place_in_recep-Mug-None-Shelf-7/trial_T20190908_193123_092416/game.tw-pddl:0,8,30,True,1767
Adaptive v1,111,train:111:train/pick_cool_then_place_in_recep-Pot-None-Cabinet-1/trial_T20190908_184335_961034/game.tw-pddl:0,0,train:111:train/pick_cool_then_place_in_recep-Pot-None-Cabinet-1/trial_T20190908_184335_961034/game.tw-pddl:0,15,30,True,1768
Adaptive v1,111,train:111:train/pick_cool_then_place_in_recep-Pot-None-CounterTop-5/trial_T20190908_073440_035026/game.tw-pddl:0,0,train:111:train/pick_cool_then_place_in_recep-Pot-None-CounterTop-5/trial_T20190908_073440_035026/game.tw-pddl:0,15,30,True,1769
Adaptive v1,111,train:111:train/pick_cool_then_place_in_recep-Tomato-None-GarbageCan-15/trial_T20190907_082830_133707/game.tw-pddl:0,0,train:111:train/pick_cool_then_place_in_recep-Tomato-None-GarbageCan-15/trial_T20190907_082830_133707/game.tw-pddl:0,7,7,False,1770
Adaptive v1,111,train:111:train/pick_heat_then_place_in_recep-Egg-None-Fridge-24/trial_T20190909_005411_294809/game.tw-pddl:0,0,train:111:train/pick_heat_then_place_in_recep-Egg-None-Fridge-24/trial_T20190909_005411_294809/game.tw-pddl:0,14,30,True,1771
Adaptive v1,111,train:111:train/pick_heat_then_place_in_recep-Plate-None-SideTable-28/trial_T20190906_222200_918980/game.tw-pddl:0,0,train:111:train/pick_heat_then_place_in_recep-Plate-None-SideTable-28/trial_T20190906_222200_918980/game.tw-pddl:0,6,6,False,1772
Adaptive v1,111,train:111:train/pick_two_obj_and_place-Glassbottle-None-Fridge-1/trial_T20190906_210352_897478/game.tw-pddl:0,0,train:111:train/pick_two_obj_and_place-Glassbottle-None-Fridge-1/trial_T20190906_210352_897478/game.tw-pddl:0,14,14,False,1773
Adaptive v1,111,train:111:train/pick_two_obj_and_place-SoapBottle-None-GarbageCan-416/trial_T20190909_003015_267270/game.tw-pddl:0,0,train:111:train/pick_two_obj_and_place-SoapBottle-None-GarbageCan-416/trial_T20190909_003015_267270/game.tw-pddl:0,23,30,True,1774
Adaptive v1,111,train:111:train/pick_two_obj_and_place-Spoon-None-Drawer-6/trial_T20190908_041242_397364/game.tw-pddl:0,0,train:111:train/pick_two_obj_and_place-Spoon-None-Drawer-6/trial_T20190908_041242_397364/game.tw-pddl:0,11,11,False,1775
Adaptive v1,111,train:111:train/pick_two_obj_and_place-SprayBottle-None-GarbageCan-429/trial_T20190909_065955_824764/game.tw-pddl:0,0,train:111:train/pick_two_obj_and_place-SprayBottle-None-GarbageCan-429/trial_T20190909_065955_824764/game.tw-pddl:0,10,10,False,1776
Adaptive v1,112,train:112:train/look_at_obj_in_light-Laptop-None-DeskLamp-324/trial_T20190908_071112_878672/game.tw-pddl:0,0,train:112:train/look_at_obj_in_light-Laptop-None-DeskLamp-324/trial_T20190908_071112_878672/game.tw-pddl:0,21,30,True,1777
Adaptive v1,112,train:112:train/look_at_obj_in_light-TissueBox-None-DeskLamp-216/trial_T20190908_200050_082836/game.tw-pddl:0,0,train:112:train/look_at_obj_in_light-TissueBox-None-DeskLamp-216/trial_T20190908_200050_082836/game.tw-pddl:0,6,6,False,1778
Adaptive v1,112,train:112:train/pick_and_place_simple-Laptop-None-Sofa-216/trial_T20190907_014747_133302/game.tw-pddl:0,0,train:112:train/pick_and_place_simple-Laptop-None-Sofa-216/trial_T20190907_014747_133302/game.tw-pddl:0,7,7,False,1779
Adaptive v1,112,train:112:train/pick_and_place_simple-Pillow-None-ArmChair-206/trial_T20190909_011649_821132/game.tw-pddl:0,0,train:112:train/pick_and_place_simple-Pillow-None-ArmChair-206/trial_T20190909_011649_821132/game.tw-pddl:0,20,20,False,1780
Adaptive v1,112,train:112:train/pick_clean_then_place_in_recep-Cloth-None-Drawer-415/trial_T20190906_190033_133211/game.tw-pddl:0,0,train:112:train/pick_clean_then_place_in_recep-Cloth-None-Drawer-415/trial_T20190906_190033_133211/game.tw-pddl:0,13,19,False,1781
Adaptive v1,112,train:112:train/pick_clean_then_place_in_recep-Cloth-None-Toilet-415/trial_T20190909_022258_647350/game.tw-pddl:0,0,train:112:train/pick_clean_then_place_in_recep-Cloth-None-Toilet-415/trial_T20190909_022258_647350/game.tw-pddl:0,6,6,False,1782
Adaptive v1,112,train:112:train/pick_clean_then_place_in_recep-Lettuce-None-CounterTop-13/trial_T20190909_035118_268695/game.tw-pddl:0,0,train:112:train/pick_clean_then_place_in_recep-Lettuce-None-CounterTop-13/trial_T20190909_035118_268695/game.tw-pddl:0,8,8,False,1783
Adaptive v1,112,train:112:train/pick_cool_then_place_in_recep-Cup-None-Shelf-1/trial_T20190907_181520_113143/game.tw-pddl:0,0,train:112:train/pick_cool_then_place_in_recep-Cup-None-Shelf-1/trial_T20190907_181520_113143/game.tw-pddl:0,16,30,True,1784
Adaptive v1,112,train:112:train/pick_cool_then_place_in_recep-Cup-None-SideTable-21/trial_T20190906_192855_164902/game.tw-pddl:0,0,train:112:train/pick_cool_then_place_in_recep-Cup-None-SideTable-21/trial_T20190906_192855_164902/game.tw-pddl:0,9,9,False,1785
Adaptive v1,112,train:112:train/pick_cool_then_place_in_recep-Mug-None-CoffeeMachine-7/trial_T20190907_224236_212628/game.tw-pddl:0,0,train:112:train/pick_cool_then_place_in_recep-Mug-None-CoffeeMachine-7/trial_T20190907_224236_212628/game.tw-pddl:0,6,6,False,1786
Adaptive v1,112,train:112:train/pick_cool_then_place_in_recep-Potato-None-SideTable-21/trial_T20190907_040229_877234/game.tw-pddl:0,0,train:112:train/pick_cool_then_place_in_recep-Potato-None-SideTable-21/trial_T20190907_040229_877234/game.tw-pddl:0,7,7,False,1787
Adaptive v1,112,train:112:train/pick_heat_then_place_in_recep-Cup-None-Cabinet-3/trial_T20190908_232857_744331/game.tw-pddl:0,0,train:112:train/pick_heat_then_place_in_recep-Cup-None-Cabinet-3/trial_T20190908_232857_744331/game.tw-pddl:0,19,30,True,1788
Adaptive v1,112,train:112:train/pick_heat_then_place_in_recep-Mug-None-CoffeeMachine-28/trial_T20190908_062730_537428/game.tw-pddl:0,0,train:112:train/pick_heat_then_place_in_recep-Mug-None-CoffeeMachine-28/trial_T20190908_062730_537428/game.tw-pddl:0,7,30,True,1789
Adaptive v1,112,train:112:train/pick_two_obj_and_place-DishSponge-None-Cart-401/trial_T20190909_054258_649233/game.tw-pddl:0,0,train:112:train/pick_two_obj_and_place-DishSponge-None-Cart-401/trial_T20190909_054258_649233/game.tw-pddl:0,21,30,True,1790
Adaptive v1,112,train:112:train/pick_two_obj_and_place-Pen-None-GarbageCan-321/trial_T20190907_201828_429337/game.tw-pddl:0,0,train:112:train/pick_two_obj_and_place-Pen-None-GarbageCan-321/trial_T20190907_201828_429337/game.tw-pddl:0,8,8,False,1791
Adaptive v1,112,train:112:train/pick_two_obj_and_place-RemoteControl-None-ArmChair-224/trial_T20190908_141327_239129/game.tw-pddl:0,0,train:112:train/pick_two_obj_and_place-RemoteControl-None-ArmChair-224/trial_T20190908_141327_239129/game.tw-pddl:0,17,30,True,1792
Adaptive v1,113,train:113:train/look_at_obj_in_light-Pen-None-DeskLamp-316/trial_T20190908_061814_700195/game.tw-pddl:0,0,train:113:train/look_at_obj_in_light-Pen-None-DeskLamp-316/trial_T20190908_061814_700195/game.tw-pddl:0,26,30,True,1793
Adaptive v1,113,train:113:train/look_at_obj_in_light-Pillow-None-DeskLamp-317/trial_T20190908_234536_917488/game.tw-pddl:0,0,train:113:train/look_at_obj_in_light-Pillow-None-DeskLamp-317/trial_T20190908_234536_917488/game.tw-pddl:0,5,5,False,1794
Adaptive v1,113,train:113:train/pick_and_place_simple-KeyChain-None-Ottoman-203/trial_T20190908_140430_032812/game.tw-pddl:0,0,train:113:train/pick_and_place_simple-KeyChain-None-Ottoman-203/trial_T20190908_140430_032812/game.tw-pddl:0,5,5,False,1795
Adaptive v1,113,train:113:train/pick_and_place_simple-Pencil-None-Desk-309/trial_T20190918_231013_763397/game.tw-pddl:0,0,train:113:train/pick_and_place_simple-Pencil-None-Desk-309/trial_T20190918_231013_763397/game.tw-pddl:0,4,4,False,1796
Adaptive v1,113,train:113:train/pick_clean_then_place_in_recep-Kettle-None-Cabinet-2/trial_T20190909_043015_942171/game.tw-pddl:0,0,train:113:train/pick_clean_then_place_in_recep-Kettle-None-Cabinet-2/trial_T20190909_043015_942171/game.tw-pddl:0,15,30,True,1797
Adaptive v1,113,train:113:train/pick_clean_then_place_in_recep-Ladle-None-Cabinet-8/trial_T20190908_005649_247429/game.tw-pddl:0,0,train:113:train/pick_clean_then_place_in_recep-Ladle-None-Cabinet-8/trial_T20190908_005649_247429/game.tw-pddl:0,8,8,False,1798
Adaptive v1,113,train:113:train/pick_clean_then_place_in_recep-Lettuce-None-CounterTop-30/trial_T20190909_033228_803068/game.tw-pddl:0,0,train:113:train/pick_clean_then_place_in_recep-Lettuce-None-CounterTop-30/trial_T20190909_033228_803068/game.tw-pddl:0,12,30,True,1799
Adaptive v1,113,train:113:train/pick_clean_then_place_in_recep-SoapBar-None-Toilet-429/trial_T20190906_222257_632416/game.tw-pddl:0,0,train:113:train/pick_clean_then_place_in_recep-SoapBar-None-Toilet-429/trial_T20190906_222257_632416/game.tw-pddl:0,17,30,True,1800
Adaptive v1,113,train:113:train/pick_cool_then_place_in_recep-Bowl-None-Shelf-20/trial_T20190908_034252_450652/game.tw-pddl:0,0,train:113:train/pick_cool_then_place_in_recep-Bowl-None-Shelf-20/trial_T20190908_034252_450652/game.tw-pddl:0,16,30,True,1801
Adaptive v1,113,train:113:train/pick_cool_then_place_in_recep-Lettuce-None-GarbageCan-17/trial_T20190907_114447_447854/game.tw-pddl:0,0,train:113:train/pick_cool_then_place_in_recep-Lettuce-None-GarbageCan-17/trial_T20190907_114447_447854/game.tw-pddl:0,5,30,True,1802
Adaptive v1,113,train:113:train/pick_heat_then_place_in_recep-Potato-None-Fridge-19/trial_T20190907_235608_554084/game.tw-pddl:0,0,train:113:train/pick_heat_then_place_in_recep-Potato-None-Fridge-19/trial_T20190907_235608_554084/game.tw-pddl:0,14,30,True,1803
Adaptive v1,113,train:113:train/pick_two_obj_and_place-CellPhone-None-DiningTable-326/trial_T20190907_125954_586140/game.tw-pddl:0,0,train:113:train/pick_two_obj_and_place-CellPhone-None-DiningTable-326/trial_T20190907_125954_586140/game.tw-pddl:0,20,30,True,1804
Adaptive v1,113,train:113:train/pick_two_obj_and_place-CellPhone-None-Dresser-330/trial_T20190909_060750_241366/game.tw-pddl:0,0,train:113:train/pick_two_obj_and_place-CellPhone-None-Dresser-330/trial_T20190909_060750_241366/game.tw-pddl:0,19,30,True,1805
Adaptive v1,113,train:113:train/pick_two_obj_and_place-Pencil-None-SideTable-329/trial_T20190909_001315_056410/game.tw-pddl:0,0,train:113:train/pick_two_obj_and_place-Pencil-None-SideTable-329/trial_T20190909_001315_056410/game.tw-pddl:0,22,30,True,1806
Adaptive v1,113,train:113:train/pick_two_obj_and_place-SoapBottle-None-Toilet-405/trial_T20190909_014637_759728/game.tw-pddl:0,0,train:113:train/pick_two_obj_and_place-SoapBottle-None-Toilet-405/trial_T20190909_014637_759728/game.tw-pddl:0,14,14,False,1807
Adaptive v1,113,train:113:train/pick_two_obj_and_place-SoapBottle-None-Toilet-422/trial_T20190908_113826_070070/game.tw-pddl:0,0,train:113:train/pick_two_obj_and_place-SoapBottle-None-Toilet-422/trial_T20190908_113826_070070/game.tw-pddl:0,20,30,True,1808
Adaptive v1,114,train:114:train/look_at_obj_in_light-AlarmClock-None-DeskLamp-327/trial_T20190909_101949_249426/game.tw-pddl:0,0,train:114:train/look_at_obj_in_light-AlarmClock-None-DeskLamp-327/trial_T20190909_101949_249426/game.tw-pddl:0,3,3,False,1809
Adaptive v1,114,train:114:train/pick_and_place_simple-Box-None-Dresser-224/trial_T20190907_163906_753897/game.tw-pddl:0,0,train:114:train/pick_and_place_simple-Box-None-Dresser-224/trial_T20190907_163906_753897/game.tw-pddl:0,4,4,False,1810
Adaptive v1,114,train:114:train/pick_and_place_simple-Candle-None-SideTable-420/trial_T20190907_025655_142954/game.tw-pddl:0,0,train:114:train/pick_and_place_simple-Candle-None-SideTable-420/trial_T20190907_025655_142954/game.tw-pddl:0,4,4,False,1811
Adaptive v1,114,train:114:train/pick_and_place_simple-Laptop-None-ArmChair-205/trial_T20190908_082607_110365/game.tw-pddl:0,0,train:114:train/pick_and_place_simple-Laptop-None-ArmChair-205/trial_T20190908_082607_110365/game.tw-pddl:0,4,4,False,1812
Adaptive v1,114,train:114:train/pick_and_place_simple-Pan-None-CounterTop-8/trial_T20190908_105520_133293/game.tw-pddl:0,0,train:114:train/pick_and_place_simple-Pan-None-CounterTop-8/trial_T20190908_105520_133293/game.tw-pddl:0,15,30,True,1813
Adaptive v1,114,train:114:train/pick_and_place_simple-ToiletPaper-None-ToiletPaperHanger-415/trial_T20190908_050443_333939/game.tw-pddl:0,0,train:114:train/pick_and_place_simple-ToiletPaper-None-ToiletPaperHanger-415/trial_T20190908_050443_333939/game.tw-pddl:0,4,4,False,1814
Adaptive v1,114,train:114:train/pick_clean_then_place_in_recep-Knife-None-Drawer-11/trial_T20190908_182832_224613/game.tw-pddl:0,0,train:114:train/pick_clean_then_place_in_recep-Knife-None-Drawer-11/trial_T20190908_182832_224613/game.tw-pddl:0,17,30,True,1815
Adaptive v1,114,train:114:train/pick_clean_then_place_in_recep-Potato-None-Microwave-11/trial_T20190908_215946_926015/game.tw-pddl:0,0,train:114:train/pick_clean_then_place_in_recep-Potato-None-Microwave-11/trial_T20190908_215946_926015/game.tw-pddl:0,16,30,True,1816
Adaptive v1,114,train:114:train/pick_cool_then_place_in_recep-Mug-None-Cabinet-6/trial_T20190908_224438_121165/game.tw-pddl:0,0,train:114:train/pick_cool_then_place_in_recep-Mug-None-Cabinet-6/trial_T20190908_224438_121165/game.tw-pddl:0,10,30,True,1817
Adaptive v1,114,train:114:train/pick_cool_then_place_in_recep-Tomato-None-GarbageCan-15/trial_T20190907_082856_431960/game.tw-pddl:0,0,train:114:train/pick_cool_then_place_in_recep-Tomato-None-GarbageCan-15/trial_T20190907_082856_431960/game.tw-pddl:0,6,6,False,1818
Adaptive v1,114,train:114:train/pick_heat_then_place_in_recep-Cup-None-Fridge-13/trial_T20190908_070444_960595/game.tw-pddl:0,0,train:114:train/pick_heat_then_place_in_recep-Cup-None-Fridge-13/trial_T20190908_070444_960595/game.tw-pddl:0,12,30,True,1819
Adaptive v1,114,train:114:train/pick_two_obj_and_place-Candle-None-Cabinet-412/trial_T20190908_222902_113581/game.tw-pddl:0,0,train:114:train/pick_two_obj_and_place-Candle-None-Cabinet-412/trial_T20190908_222902_113581/game.tw-pddl:0,21,30,True,1820
Adaptive v1,114,train:114:train/pick_two_obj_and_place-CreditCard-None-Dresser-311/trial_T20190907_201834_073281/game.tw-pddl:0,0,train:114:train/pick_two_obj_and_place-CreditCard-None-Dresser-311/trial_T20190907_201834_073281/game.tw-pddl:0,24,30,True,1821
Adaptive v1,114,train:114:train/pick_two_obj_and_place-Newspaper-None-ArmChair-214/trial_T20190909_011031_694881/game.tw-pddl:0,0,train:114:train/pick_two_obj_and_place-Newspaper-None-ArmChair-214/trial_T20190909_011031_694881/game.tw-pddl:0,11,11,False,1822
Adaptive v1,114,train:114:train/pick_two_obj_and_place-RemoteControl-None-CoffeeTable-227/trial_T20190909_011438_661075/game.tw-pddl:0,0,train:114:train/pick_two_obj_and_place-RemoteControl-None-CoffeeTable-227/trial_T20190909_011438_661075/game.tw-pddl:0,16,30,True,1823
Adaptive v1,114,train:114:train/pick_two_obj_and_place-SoapBar-None-CounterTop-421/trial_T20190908_133156_866013/game.tw-pddl:0,0,train:114:train/pick_two_obj_and_place-SoapBar-None-CounterTop-421/trial_T20190908_133156_866013/game.tw-pddl:0,22,30,True,1824
Adaptive v1,115,train:115:train/look_at_obj_in_light-Pillow-None-DeskLamp-324/trial_T20190908_155642_533831/game.tw-pddl:0,0,train:115:train/look_at_obj_in_light-Pillow-None-DeskLamp-324/trial_T20190908_155642_533831/game.tw-pddl:0,4,4,False,1825
Adaptive v1,115,train:115:train/pick_and_place_simple-Glassbottle-None-Fridge-16/trial_T20190908_045933_322597/game.tw-pddl:0,0,train:115:train/pick_and_place_simple-Glassbottle-None-Fridge-16/trial_T20190908_045933_322597/game.tw-pddl:0,7,7,False,1826
Adaptive v1,115,train:115:train/pick_and_place_simple-KeyChain-None-Sofa-217/trial_T20190908_065442_639441/game.tw-pddl:0,0,train:115:train/pick_and_place_simple-KeyChain-None-Sofa-217/trial_T20190908_065442_639441/game.tw-pddl:0,4,4,False,1827
Adaptive v1,115,train:115:train/pick_clean_then_place_in_recep-Potato-None-Microwave-6/trial_T20190907_182203_379754/game.tw-pddl:0,0,train:115:train/pick_clean_then_place_in_recep-Potato-None-Microwave-6/trial_T20190907_182203_379754/game.tw-pddl:0,11,30,True,1828
Adaptive v1,115,train:115:train/pick_clean_then_place_in_recep-SoapBar-None-CounterTop-418/trial_T20190908_220910_082834/game.tw-pddl:0,0,train:115:train/pick_clean_then_place_in_recep-SoapBar-None-CounterTop-418/trial_T20190908_220910_082834/game.tw-pddl:0,10,10,False,1829
Adaptive v1,115,train:115:train/pick_clean_then_place_in_recep-Spoon-None-Drawer-24/trial_T20190908_232526_718481/game.tw-pddl:0,0,train:115:train/pick_clean_then_place_in_recep-Spoon-None-Drawer-24/trial_T20190908_232526_718481/game.tw-pddl:0,7,7,False,1830
Adaptive v1,115,train:115:train/pick_cool_then_place_in_recep-Bread-None-CounterTop-16/trial_T20190908_143948_082471/game.tw-pddl:0,0,train:115:train/pick_cool_then_place_in_recep-Bread-None-CounterTop-16/trial_T20190908_143948_082471/game.tw-pddl:0,6,6,False,1831
Adaptive v1,115,train:115:train/pick_cool_then_place_in_recep-Pan-None-StoveBurner-26/trial_T20190906_203843_957424/game.tw-pddl:0,0,train:115:train/pick_cool_then_place_in_recep-Pan-None-StoveBurner-26/trial_T20190906_203843_957424/game.tw-pddl:0,16,30,True,1832
Adaptive v1,115,train:115:train/pick_cool_then_place_in_recep-Pot-None-StoveBurner-5/trial_T20190906_182039_801244/game.tw-pddl:0,0,train:115:train/pick_cool_then_place_in_recep-Pot-None-StoveBurner-5/trial_T20190906_182039_801244/game.tw-pddl:0,14,30,True,1833
Adaptive v1,115,train:115:train/pick_heat_then_place_in_recep-Egg-None-Fridge-4/trial_T20190908_220801_550894/game.tw-pddl:0,0,train:115:train/pick_heat_then_place_in_recep-Egg-None-Fridge-4/trial_T20190908_220801_550894/game.tw-pddl:0,10,10,False,1834
Adaptive v1,115,train:115:train/pick_heat_then_place_in_recep-Potato-None-GarbageCan-5/trial_T20190908_144051_256987/game.tw-pddl:0,0,train:115:train/pick_heat_then_place_in_recep-Potato-None-GarbageCan-5/trial_T20190908_144051_256987/game.tw-pddl:0,8,8,False,1835
Adaptive v1,115,train:115:train/pick_two_obj_and_place-Candle-None-Drawer-426/trial_T20190907_133447_661538/game.tw-pddl:0,0,train:115:train/pick_two_obj_and_place-Candle-None-Drawer-426/trial_T20190907_133447_661538/game.tw-pddl:0,21,30,True,1836
Adaptive v1,115,train:115:train/pick_two_obj_and_place-HandTowel-None-Toilet-412/trial_T20190907_011418_544406/game.tw-pddl:0,0,train:115:train/pick_two_obj_and_place-HandTowel-None-Toilet-412/trial_T20190907_011418_544406/game.tw-pddl:0,9,9,False,1837
Adaptive v1,115,train:115:train/pick_two_obj_and_place-KeyChain-None-SideTable-326/trial_T20190908_161022_255067/game.tw-pddl:0,0,train:115:train/pick_two_obj_and_place-KeyChain-None-SideTable-326/trial_T20190908_161022_255067/game.tw-pddl:0,9,9,False,1838
Adaptive v1,115,train:115:train/pick_two_obj_and_place-Laptop-None-Ottoman-203/trial_T20190907_034356_767031/game.tw-pddl:0,0,train:115:train/pick_two_obj_and_place-Laptop-None-Ottoman-203/trial_T20190907_034356_767031/game.tw-pddl:0,21,30,True,1839
Adaptive v1,115,train:115:train/pick_two_obj_and_place-Statue-None-SideTable-214/trial_T20190909_065706_103190/game.tw-pddl:0,0,train:115:train/pick_two_obj_and_place-Statue-None-SideTable-214/trial_T20190909_065706_103190/game.tw-pddl:0,25,30,True,1840
Adaptive v1,116,train:116:train/pick_and_place_simple-AlarmClock-None-Desk-318/trial_T20190907_143604_622776/game.tw-pddl:0,0,train:116:train/pick_and_place_simple-AlarmClock-None-Desk-318/trial_T20190907_143604_622776/game.tw-pddl:0,5,5,False,1841
Adaptive v1,116,train:116:train/pick_and_place_simple-Book-None-Bed-306/trial_T20190907_125231_175582/game.tw-pddl:0,0,train:116:train/pick_and_place_simple-Book-None-Bed-306/trial_T20190907_125231_175582/game.tw-pddl:0,4,4,False,1842
Adaptive v1,116,train:116:train/pick_and_place_simple-Pen-None-Desk-310/trial_T20190908_030156_053101/game.tw-pddl:0,0,train:116:train/pick_and_place_simple-Pen-None-Desk-310/trial_T20190908_030156_053101/game.tw-pddl:0,4,4,False,1843
Adaptive v1,116,train:116:train/pick_and_place_simple-RemoteControl-None-CoffeeTable-209/trial_T20190909_062250_692710/game.tw-pddl:0,0,train:116:train/pick_and_place_simple-RemoteControl-None-CoffeeTable-209/trial_T20190909_062250_692710/game.tw-pddl:0,4,4,False,1844
Adaptive v1,116,train:116:train/pick_clean_then_place_in_recep-Ladle-None-DiningTable-4/trial_T20190909_165603_183022/game.tw-pddl:0,0,train:116:train/pick_clean_then_place_in_recep-Ladle-None-DiningTable-4/trial_T20190909_165603_183022/game.tw-pddl:0,7,7,False,1845
Adaptive v1,116,train:116:train/pick_clean_then_place_in_recep-Mug-None-CoffeeMachine-21/trial_T20190907_143348_068782/game.tw-pddl:0,0,train:116:train/pick_clean_then_place_in_recep-Mug-None-CoffeeMachine-21/trial_T20190907_143348_068782/game.tw-pddl:0,18,30,True,1846
Adaptive v1,116,train:116:train/pick_clean_then_place_in_recep-Potato-None-Microwave-6/trial_T20190907_182233_662337/game.tw-pddl:0,0,train:116:train/pick_clean_then_place_in_recep-Potato-None-Microwave-6/trial_T20190907_182233_662337/game.tw-pddl:0,8,30,True,1847
Adaptive v1,116,train:116:train/pick_clean_then_place_in_recep-Spoon-None-DiningTable-20/trial_T20190909_034621_566395/game.tw-pddl:0,0,train:116:train/pick_clean_then_place_in_recep-Spoon-None-DiningTable-20/trial_T20190909_034621_566395/game.tw-pddl:0,7,7,False,1848
Adaptive v1,116,train:116:train/pick_cool_then_place_in_recep-Apple-None-DiningTable-26/trial_T20190909_043654_489207/game.tw-pddl:0,0,train:116:train/pick_cool_then_place_in_recep-Apple-None-DiningTable-26/trial_T20190909_043654_489207/game.tw-pddl:0,7,7,False,1849
Adaptive v1,116,train:116:train/pick_cool_then_place_in_recep-Bowl-None-CounterTop-13/trial_T20190909_060843_859416/game.tw-pddl:0,0,train:116:train/pick_cool_then_place_in_recep-Bowl-None-CounterTop-13/trial_T20190909_060843_859416/game.tw-pddl:0,8,8,False,1850
Adaptive v1,116,train:116:train/pick_cool_then_place_in_recep-Bread-None-DiningTable-26/trial_T20190906_184052_211612/game.tw-pddl:0,0,train:116:train/pick_cool_then_place_in_recep-Bread-None-DiningTable-26/trial_T20190906_184052_211612/game.tw-pddl:0,7,30,True,1851
Adaptive v1,116,train:116:train/pick_heat_then_place_in_recep-Bread-None-Fridge-15/trial_T20190906_215400_394248/game.tw-pddl:0,0,train:116:train/pick_heat_then_place_in_recep-Bread-None-Fridge-15/trial_T20190906_215400_394248/game.tw-pddl:0,7,7,False,1852
Adaptive v1,116,train:116:train/pick_two_obj_and_place-Book-None-Dresser-324/trial_T20190908_085337_381415/game.tw-pddl:0,0,train:116:train/pick_two_obj_and_place-Book-None-Dresser-324/trial_T20190908_085337_381415/game.tw-pddl:0,21,30,True,1853
Adaptive v1,116,train:116:train/pick_two_obj_and_place-RemoteControl-None-ArmChair-214/trial_T20190909_020949_765614/game.tw-pddl:0,0,train:116:train/pick_two_obj_and_place-RemoteControl-None-ArmChair-214/trial_T20190909_020949_765614/game.tw-pddl:0,11,11,False,1854
Adaptive v1,116,train:116:train/pick_two_obj_and_place-SoapBar-None-Cart-430/trial_T20190909_145901_138802/game.tw-pddl:0,0,train:116:train/pick_two_obj_and_place-SoapBar-None-Cart-430/trial_T20190909_145901_138802/game.tw-pddl:0,17,17,False,1855
Adaptive v1,116,train:116:train/pick_two_obj_and_place-SprayBottle-None-CounterTop-411/trial_T20190909_045033_783510/game.tw-pddl:0,0,train:116:train/pick_two_obj_and_place-SprayBottle-None-CounterTop-411/trial_T20190909_045033_783510/game.tw-pddl:0,17,17,False,1856
Adaptive v1,117,train:117:train/pick_and_place_simple-Candle-None-Toilet-413/trial_T20190909_104025_525772/game.tw-pddl:0,0,train:117:train/pick_and_place_simple-Candle-None-Toilet-413/trial_T20190909_104025_525772/game.tw-pddl:0,21,30,True,1857
Adaptive v1,117,train:117:train/pick_and_place_simple-Candle-None-Toilet-427/trial_T20190909_030439_155103/game.tw-pddl:0,0,train:117:train/pick_and_place_simple-Candle-None-Toilet-427/trial_T20190909_030439_155103/game.tw-pddl:0,4,4,False,1858
Adaptive v1,117,train:117:train/pick_and_place_simple-DishSponge-None-Cabinet-5/trial_T20190906_192821_060129/game.tw-pddl:0,0,train:117:train/pick_and_place_simple-DishSponge-None-Cabinet-5/trial_T20190906_192821_060129/game.tw-pddl:0,5,5,False,1859
Adaptive v1,117,train:117:train/pick_and_place_simple-SoapBottle-None-Toilet-412/trial_T20190908_123003_385685/game.tw-pddl:0,0,train:117:train/pick_and_place_simple-SoapBottle-None-Toilet-412/trial_T20190908_123003_385685/game.tw-pddl:0,4,4,False,1860
Adaptive v1,117,train:117:train/pick_clean_then_place_in_recep-Knife-None-Drawer-8/trial_T20190907_044636_221471/game.tw-pddl:0,0,train:117:train/pick_clean_then_place_in_recep-Knife-None-Drawer-8/trial_T20190907_044636_221471/game.tw-pddl:0,15,30,True,1861
Adaptive v1,117,train:117:train/pick_clean_then_place_in_recep-Mug-None-CoffeeMachine-15/trial_T20190909_111533_304885/game.tw-pddl:0,0,train:117:train/pick_clean_then_place_in_recep-Mug-None-CoffeeMachine-15/trial_T20190909_111533_304885/game.tw-pddl:0,5,5,False,1862
Adaptive v1,117,train:117:train/pick_clean_then_place_in_recep-SoapBar-None-CounterTop-409/trial_T20190908_025345_309782/game.tw-pddl:0,0,train:117:train/pick_clean_then_place_in_recep-SoapBar-None-CounterTop-409/trial_T20190908_025345_309782/game.tw-pddl:0,22,30,True,1863
Adaptive v1,117,train:117:train/pick_clean_then_place_in_recep-SoapBar-None-CounterTop-409/trial_T20190908_025437_027878/game.tw-pddl:0,0,train:117:train/pick_clean_then_place_in_recep-SoapBar-None-CounterTop-409/trial_T20190908_025437_027878/game.tw-pddl:0,9,9,False,1864
Adaptive v1,117,train:117:train/pick_cool_then_place_in_recep-Bread-None-Microwave-15/trial_T20190907_132924_243708/game.tw-pddl:0,0,train:117:train/pick_cool_then_place_in_recep-Bread-None-Microwave-15/trial_T20190907_132924_243708/game.tw-pddl:0,10,30,True,1865
Adaptive v1,117,train:117:train/pick_cool_then_place_in_recep-Pan-None-DiningTable-21/trial_T20190909_015101_821549/game.tw-pddl:0,0,train:117:train/pick_cool_then_place_in_recep-Pan-None-DiningTable-21/trial_T20190909_015101_821549/game.tw-pddl:0,9,30,True,1866
Adaptive v1,117,train:117:train/pick_cool_then_place_in_recep-Pan-None-StoveBurner-26/trial_T20190907_103701_866410/game.tw-pddl:0,0,train:117:train/pick_cool_then_place_in_recep-Pan-None-StoveBurner-26/trial_T20190907_103701_866410/game.tw-pddl:0,18,30,True,1867
Adaptive v1,117,train:117:train/pick_heat_then_place_in_recep-Mug-None-CoffeeMachine-3/trial_T20190906_233908_118479/game.tw-pddl:0,0,train:117:train/pick_heat_then_place_in_recep-Mug-None-CoffeeMachine-3/trial_T20190906_233908_118479/game.tw-pddl:0,4,4,False,1868
Adaptive v1,117,train:117:train/pick_two_obj_and_place-Candle-None-Cabinet-414/trial_T20190908_190744_225442/game.tw-pddl:0,0,train:117:train/pick_two_obj_and_place-Candle-None-Cabinet-414/trial_T20190908_190744_225442/game.tw-pddl:0,9,9,False,1869
Adaptive v1,117,train:117:train/pick_two_obj_and_place-CellPhone-None-Safe-302/trial_T20190909_065455_263840/game.tw-pddl:0,0,train:117:train/pick_two_obj_and_place-CellPhone-None-Safe-302/trial_T20190909_065455_263840/game.tw-pddl:0,22,30,True,1870
Adaptive v1,117,train:117:train/pick_two_obj_and_place-Newspaper-None-CoffeeTable-212/trial_T20190907_211610_883853/game.tw-pddl:0,0,train:117:train/pick_two_obj_and_place-Newspaper-None-CoffeeTable-212/trial_T20190907_211610_883853/game.tw-pddl:0,22,30,True,1871
Adaptive v1,117,train:117:train/pick_two_obj_and_place-Spatula-None-Drawer-22/trial_T20190908_054338_871410/game.tw-pddl:0,0,train:117:train/pick_two_obj_and_place-Spatula-None-Drawer-22/trial_T20190908_054338_871410/game.tw-pddl:0,14,30,True,1872
Adaptive v1,118,train:118:train/pick_and_place_simple-Book-None-ArmChair-209/trial_T20190909_091603_675402/game.tw-pddl:0,0,train:118:train/pick_and_place_simple-Book-None-ArmChair-209/trial_T20190909_091603_675402/game.tw-pddl:0,4,4,False,1873
Adaptive v1,118,train:118:train/pick_and_place_simple-CreditCard-None-Sofa-207/trial_T20190908_050824_930889/game.tw-pddl:0,0,train:118:train/pick_and_place_simple-CreditCard-None-Sofa-207/trial_T20190908_050824_930889/game.tw-pddl:0,4,4,False,1874
Adaptive v1,118,train:118:train/pick_and_place_simple-Pen-None-Shelf-310/trial_T20190909_113544_965358/game.tw-pddl:0,0,train:118:train/pick_and_place_simple-Pen-None-Shelf-310/trial_T20190909_113544_965358/game.tw-pddl:0,4,4,False,1875
Adaptive v1,118,train:118:train/pick_and_place_simple-RemoteControl-None-Sofa-222/trial_T20190908_005450_787345/game.tw-pddl:0,0,train:118:train/pick_and_place_simple-RemoteControl-None-Sofa-222/trial_T20190908_005450_787345/game.tw-pddl:0,19,19,False,1876
Adaptive v1,118,train:118:train/pick_and_place_simple-Vase-None-SideTable-209/trial_T20190909_053413_979971/game.tw-pddl:0,0,train:118:train/pick_and_place_simple-Vase-None-SideTable-209/trial_T20190909_053413_979971/game.tw-pddl:0,4,4,False,1877
Adaptive v1,118,train:118:train/pick_clean_then_place_in_recep-SoapBar-None-Cabinet-418/trial_T20190907_035119_119174/game.tw-pddl:0,0,train:118:train/pick_clean_then_place_in_recep-SoapBar-None-Cabinet-418/trial_T20190907_035119_119174/game.tw-pddl:0,9,9,False,1878
Adaptive v1,118,train:118:train/pick_cool_then_place_in_recep-Bread-None-CounterTop-17/trial_T20190907_151002_383149/game.tw-pddl:0,0,train:118:train/pick_cool_then_place_in_recep-Bread-None-CounterTop-17/trial_T20190907_151002_383149/game.tw-pddl:0,6,6,False,1879
Adaptive v1,118,train:118:train/pick_cool_then_place_in_recep-Bread-None-DiningTable-15/trial_T20190908_181414_686376/game.tw-pddl:0,0,train:118:train/pick_cool_then_place_in_recep-Bread-None-DiningTable-15/trial_T20190908_181414_686376/game.tw-pddl:0,7,7,False,1880
Adaptive v1,118,train:118:train/pick_cool_then_place_in_recep-Cup-None-Shelf-1/trial_T20190907_181551_510121/game.tw-pddl:0,0,train:118:train/pick_cool_then_place_in_recep-Cup-None-Shelf-1/trial_T20190907_181551_510121/game.tw-pddl:0,15,30,True,1881
Adaptive v1,118,train:118:train/pick_heat_then_place_in_recep-Potato-None-CounterTop-19/trial_T20190909_151946_958394/game.tw-pddl:0,0,train:118:train/pick_heat_then_place_in_recep-Potato-None-CounterTop-19/trial_T20190909_151946_958394/game.tw-pddl:0,6,6,False,1882
Adaptive v1,118,train:118:train/pick_heat_then_place_in_recep-Tomato-None-CounterTop-2/trial_T20190908_171633_830772/game.tw-pddl:0,0,train:118:train/pick_heat_then_place_in_recep-Tomato-None-CounterTop-2/trial_T20190908_171633_830772/game.tw-pddl:0,6,6,False,1883
Adaptive v1,118,train:118:train/pick_two_obj_and_place-KeyChain-None-Drawer-307/trial_T20190919_014635_645841/game.tw-pddl:0,0,train:118:train/pick_two_obj_and_place-KeyChain-None-Drawer-307/trial_T20190919_014635_645841/game.tw-pddl:0,12,12,False,1884
Adaptive v1,118,train:118:train/pick_two_obj_and_place-PepperShaker-None-DiningTable-18/trial_T20190918_215048_043255/game.tw-pddl:0,0,train:118:train/pick_two_obj_and_place-PepperShaker-None-DiningTable-18/trial_T20190918_215048_043255/game.tw-pddl:0,12,30,True,1885
Adaptive v1,118,train:118:train/pick_two_obj_and_place-SaltShaker-None-Cabinet-26/trial_T20190908_113251_841003/game.tw-pddl:0,0,train:118:train/pick_two_obj_and_place-SaltShaker-None-Cabinet-26/trial_T20190908_113251_841003/game.tw-pddl:0,16,30,True,1886
Adaptive v1,118,train:118:train/pick_two_obj_and_place-ToiletPaper-None-Cabinet-417/trial_T20190909_115038_213553/game.tw-pddl:0,0,train:118:train/pick_two_obj_and_place-ToiletPaper-None-Cabinet-417/trial_T20190909_115038_213553/game.tw-pddl:0,22,30,True,1887
Adaptive v1,118,train:118:train/pick_two_obj_and_place-Tomato-None-CounterTop-19/trial_T20190907_144603_396680/game.tw-pddl:0,0,train:118:train/pick_two_obj_and_place-Tomato-None-CounterTop-19/trial_T20190907_144603_396680/game.tw-pddl:0,8,8,False,1888
Adaptive v1,119,train:119:train/look_at_obj_in_light-CD-None-DeskLamp-306/trial_T20190906_221729_564172/game.tw-pddl:0,0,train:119:train/look_at_obj_in_light-CD-None-DeskLamp-306/trial_T20190906_221729_564172/game.tw-pddl:0,11,30,True,1889
Adaptive v1,119,train:119:train/pick_and_place_simple-CellPhone-None-Desk-327/trial_T20190907_162400_978293/game.tw-pddl:0,0,train:119:train/pick_and_place_simple-CellPhone-None-Desk-327/trial_T20190907_162400_978293/game.tw-pddl:0,8,8,False,1890
Adaptive v1,119,train:119:train/pick_and_place_simple-Pen-None-SideTable-309/trial_T20190907_051843_166835/game.tw-pddl:0,0,train:119:train/pick_and_place_simple-Pen-None-SideTable-309/trial_T20190907_051843_166835/game.tw-pddl:0,4,4,False,1891
Adaptive v1,119,train:119:train/pick_and_place_simple-ToiletPaper-None-ToiletPaperHanger-426/trial_T20190909_044756_658872/game.tw-pddl:0,0,train:119:train/pick_and_place_simple-ToiletPaper-None-ToiletPaperHanger-426/trial_T20190909_044756_658872/game.tw-pddl:0,4,4,False,1892
Adaptive v1,119,train:119:train/pick_clean_then_place_in_recep-Kettle-None-Cabinet-11/trial_T20190908_063509_181238/game.tw-pddl:0,0,train:119:train/pick_clean_then_place_in_recep-Kettle-None-Cabinet-11/trial_T20190908_063509_181238/game.tw-pddl:0,7,30,True,1893
Adaptive v1,119,train:119:train/pick_clean_then_place_in_recep-Lettuce-None-GarbageCan-20/trial_T20190909_033447_916770/game.tw-pddl:0,0,train:119:train/pick_clean_then_place_in_recep-Lettuce-None-GarbageCan-20/trial_T20190909_033447_916770/game.tw-pddl:0,6,6,False,1894
Adaptive v1,119,train:119:train/pick_clean_then_place_in_recep-Spatula-None-Drawer-8/trial_T20190907_153851_284130/game.tw-pddl:0,0,train:119:train/pick_clean_then_place_in_recep-Spatula-None-Drawer-8/trial_T20190907_153851_284130/game.tw-pddl:0,8,8,False,1895
Adaptive v1,119,train:119:train/pick_cool_then_place_in_recep-Cup-None-Microwave-14/trial_T20190908_093136_618867/game.tw-pddl:0,0,train:119:train/pick_cool_then_place_in_recep-Cup-None-Microwave-14/trial_T20190908_093136_618867/game.tw-pddl:0,10,30,True,1896
Adaptive v1,119,train:119:train/pick_cool_then_place_in_recep-Pot-None-DiningTable-21/trial_T20190909_004246_882533/game.tw-pddl:0,0,train:119:train/pick_cool_then_place_in_recep-Pot-None-DiningTable-21/trial_T20190909_004246_882533/game.tw-pddl:0,19,30,True,1897
Adaptive v1,119,train:119:train/pick_heat_then_place_in_recep-Egg-None-GarbageCan-2/trial_T20190909_100933_506578/game.tw-pddl:0,0,train:119:train/pick_heat_then_place_in_recep-Egg-None-GarbageCan-2/trial_T20190909_100933_506578/game.tw-pddl:0,6,6,False,1898
Adaptive v1,119,train:119:train/pick_heat_then_place_in_recep-Plate-None-CounterTop-7/trial_T20190909_100747_111240/game.tw-pddl:0,0,train:119:train/pick_heat_then_place_in_recep-Plate-None-CounterTop-7/trial_T20190909_100747_111240/game.tw-pddl:0,6,6,False,1899
Adaptive v1,119,train:119:train/pick_heat_then_place_in_recep-Potato-None-Fridge-27/trial_T20190908_143628_766051/game.tw-pddl:0,0,train:119:train/pick_heat_then_place_in_recep-Potato-None-Fridge-27/trial_T20190908_143628_766051/game.tw-pddl:0,7,7,False,1900
Adaptive v1,119,train:119:train/pick_two_obj_and_place-CD-None-GarbageCan-306/trial_T20190908_142639_466778/game.tw-pddl:0,0,train:119:train/pick_two_obj_and_place-CD-None-GarbageCan-306/trial_T20190908_142639_466778/game.tw-pddl:0,10,10,False,1901
Adaptive v1,119,train:119:train/pick_two_obj_and_place-Candle-None-Shelf-429/trial_T20190909_075128_271977/game.tw-pddl:0,0,train:119:train/pick_two_obj_and_place-Candle-None-Shelf-429/trial_T20190909_075128_271977/game.tw-pddl:0,25,30,True,1902
Adaptive v1,119,train:119:train/pick_two_obj_and_place-KeyChain-None-Shelf-207/trial_T20190909_131800_907993/game.tw-pddl:0,0,train:119:train/pick_two_obj_and_place-KeyChain-None-Shelf-207/trial_T20190909_131800_907993/game.tw-pddl:0,21,30,True,1903
Adaptive v1,119,train:119:train/pick_two_obj_and_place-SoapBottle-None-Cabinet-414/trial_T20190908_044724_423724/game.tw-pddl:0,0,train:119:train/pick_two_obj_and_place-SoapBottle-None-Cabinet-414/trial_T20190908_044724_423724/game.tw-pddl:0,20,30,True,1904
Adaptive v1,120,train:120:train/look_at_obj_in_light-Book-None-DeskLamp-307/trial_T20190908_062918_080758/game.tw-pddl:0,0,train:120:train/look_at_obj_in_light-Book-None-DeskLamp-307/trial_T20190908_062918_080758/game.tw-pddl:0,9,9,False,1905
Adaptive v1,120,train:120:train/look_at_obj_in_light-CD-None-DeskLamp-314/trial_T20190907_114338_839817/game.tw-pddl:0,0,train:120:train/look_at_obj_in_light-CD-None-DeskLamp-314/trial_T20190907_114338_839817/game.tw-pddl:0,3,3,False,1906
Adaptive v1,120,train:120:train/pick_and_place_simple-Candle-None-CounterTop-417/trial_T20190909_142300_396155/game.tw-pddl:0,0,train:120:train/pick_and_place_simple-Candle-None-CounterTop-417/trial_T20190909_142300_396155/game.tw-pddl:0,21,21,False,1907
Adaptive v1,120,train:120:train/pick_and_place_simple-CreditCard-None-CoffeeTable-217/trial_T20190909_135734_881357/game.tw-pddl:0,0,train:120:train/pick_and_place_simple-CreditCard-None-CoffeeTable-217/trial_T20190909_135734_881357/game.tw-pddl:0,5,5,False,1908
Adaptive v1,120,train:120:train/pick_and_place_simple-Pen-None-SideTable-329/trial_T20190907_133455_179363/game.tw-pddl:0,0,train:120:train/pick_and_place_simple-Pen-None-SideTable-329/trial_T20190907_133455_179363/game.tw-pddl:0,4,4,False,1909
Adaptive v1,120,train:120:train/pick_and_place_simple-Pillow-None-ArmChair-321/trial_T20190908_104935_443304/game.tw-pddl:0,0,train:120:train/pick_and_place_simple-Pillow-None-ArmChair-321/trial_T20190908_104935_443304/game.tw-pddl:0,7,7,False,1910
Adaptive v1,120,train:120:train/pick_and_place_simple-RemoteControl-None-Ottoman-208/trial_T20190909_100908_040512/game.tw-pddl:0,0,train:120:train/pick_and_place_simple-RemoteControl-None-Ottoman-208/trial_T20190909_100908_040512/game.tw-pddl:0,5,5,False,1911
Adaptive v1,120,train:120:train/pick_and_place_simple-SprayBottle-None-CounterTop-417/trial_T20190909_091308_390069/game.tw-pddl:0,0,train:120:train/pick_and_place_simple-SprayBottle-None-CounterTop-417/trial_T20190909_091308_390069/game.tw-pddl:0,23,30,True,1912
Adaptive v1,120,train:120:train/pick_and_place_simple-ToiletPaper-None-ToiletPaperHanger-421/trial_T20190906_182536_996833/game.tw-pddl:0,0,train:120:train/pick_and_place_simple-ToiletPaper-None-ToiletPaperHanger-421/trial_T20190906_182536_996833/game.tw-pddl:0,4,4,False,1913
Adaptive v1,120,train:120:train/pick_cool_then_place_in_recep-Pot-None-Cabinet-1/trial_T20190908_184157_888194/game.tw-pddl:0,0,train:120:train/pick_cool_then_place_in_recep-Pot-None-Cabinet-1/trial_T20190908_184157_888194/game.tw-pddl:0,16,30,True,1914
Adaptive v1,120,train:120:train/pick_heat_then_place_in_recep-Cup-None-Cabinet-13/trial_T20190908_124531_467401/game.tw-pddl:0,0,train:120:train/pick_heat_then_place_in_recep-Cup-None-Cabinet-13/trial_T20190908_124531_467401/game.tw-pddl:0,12,30,True,1915
Adaptive v1,120,train:120:train/pick_heat_then_place_in_recep-Tomato-None-GarbageCan-16/trial_T20190906_171701_034036/game.tw-pddl:0,0,train:120:train/pick_heat_then_place_in_recep-Tomato-None-GarbageCan-16/trial_T20190906_171701_034036/game.tw-pddl:0,6,6,False,1916
Adaptive v1,120,train:120:train/pick_two_obj_and_place-CD-None-GarbageCan-306/trial_T20190908_142812_942346/game.tw-pddl:0,0,train:120:train/pick_two_obj_and_place-CD-None-GarbageCan-306/trial_T20190908_142812_942346/game.tw-pddl:0,13,13,False,1917
Adaptive v1,120,train:120:train/pick_two_obj_and_place-Lettuce-None-Fridge-1/trial_T20190918_212722_569040/game.tw-pddl:0,0,train:120:train/pick_two_obj_and_place-Lettuce-None-Fridge-1/trial_T20190918_212722_569040/game.tw-pddl:0,10,10,False,1918
Adaptive v1,120,train:120:train/pick_two_obj_and_place-ToiletPaper-None-Cabinet-414/trial_T20190909_090515_748255/game.tw-pddl:0,0,train:120:train/pick_two_obj_and_place-ToiletPaper-None-Cabinet-414/trial_T20190909_090515_748255/game.tw-pddl:0,20,30,True,1919
Adaptive v1,120,train:120:train/pick_two_obj_and_place-Watch-None-CoffeeTable-217/trial_T20190910_181734_928506/game.tw-pddl:0,0,train:120:train/pick_two_obj_and_place-Watch-None-CoffeeTable-217/trial_T20190910_181734_928506/game.tw-pddl:0,9,9,False,1920
Adaptive v1,121,train:121:train/look_at_obj_in_light-Bowl-None-DeskLamp-307/trial_T20190908_204844_162083/game.tw-pddl:0,0,train:121:train/look_at_obj_in_light-Bowl-None-DeskLamp-307/trial_T20190908_204844_162083/game.tw-pddl:0,6,6,False,1921
Adaptive v1,121,train:121:train/look_at_obj_in_light-Pen-None-DeskLamp-327/trial_T20190909_020841_759592/game.tw-pddl:0,0,train:121:train/look_at_obj_in_light-Pen-None-DeskLamp-327/trial_T20190909_020841_759592/game.tw-pddl:0,19,19,False,1922
Adaptive v1,121,train:121:train/pick_and_place_simple-Candle-None-Drawer-411/trial_T20190909_093542_770989/game.tw-pddl:0,0,train:121:train/pick_and_place_simple-Candle-None-Drawer-411/trial_T20190909_093542_770989/game.tw-pddl:0,5,5,False,1923
Adaptive v1,121,train:121:train/pick_and_place_simple-Candle-None-Toilet-418/trial_T20190907_185015_671728/game.tw-pddl:0,0,train:121:train/pick_and_place_simple-Candle-None-Toilet-418/trial_T20190907_185015_671728/game.tw-pddl:0,4,4,False,1924
Adaptive v1,121,train:121:train/pick_and_place_simple-KeyChain-None-Sofa-208/trial_T20190909_065845_651712/game.tw-pddl:0,0,train:121:train/pick_and_place_simple-KeyChain-None-Sofa-208/trial_T20190909_065845_651712/game.tw-pddl:0,5,5,False,1925
Adaptive v1,121,train:121:train/pick_and_place_simple-Pencil-None-Desk-302/trial_T20190908_032836_462632/game.tw-pddl:0,0,train:121:train/pick_and_place_simple-Pencil-None-Desk-302/trial_T20190908_032836_462632/game.tw-pddl:0,4,4,False,1926
Adaptive v1,121,train:121:train/pick_and_place_simple-PepperShaker-None-CounterTop-27/trial_T20190909_010815_295286/game.tw-pddl:0,0,train:121:train/pick_and_place_simple-PepperShaker-None-CounterTop-27/trial_T20190909_010815_295286/game.tw-pddl:0,17,17,False,1927
Adaptive v1,121,train:121:train/pick_clean_then_place_in_recep-Mug-None-CoffeeMachine-11/trial_T20190909_100455_025911/game.tw-pddl:0,0,train:121:train/pick_clean_then_place_in_recep-Mug-None-CoffeeMachine-11/trial_T20190909_100455_025911/game.tw-pddl:0,16,30,True,1928
Adaptive v1,121,train:121:train/pick_clean_then_place_in_recep-Tomato-None-DiningTable-4/trial_T20190907_142450_863509/game.tw-pddl:0,0,train:121:train/pick_clean_then_place_in_recep-Tomato-None-DiningTable-4/trial_T20190907_142450_863509/game.tw-pddl:0,8,8,False,1929
Adaptive v1,121,train:121:train/pick_cool_then_place_in_recep-Bread-None-CounterTop-15/trial_T20190909_085557_322273/game.tw-pddl:0,0,train:121:train/pick_cool_then_place_in_recep-Bread-None-CounterTop-15/trial_T20190909_085557_322273/game.tw-pddl:0,6,6,False,1930
Adaptive v1,121,train:121:train/pick_cool_then_place_in_recep-Cup-None-Microwave-14/trial_T20190908_093103_678553/game.tw-pddl:0,0,train:121:train/pick_cool_then_place_in_recep-Cup-None-Microwave-14/trial_T20190908_093103_678553/game.tw-pddl:0,20,30,True,1931
Adaptive v1,121,train:121:train/pick_cool_then_place_in_recep-Mug-None-CoffeeMachine-30/trial_T20190907_153111_234827/game.tw-pddl:0,0,train:121:train/pick_cool_then_place_in_recep-Mug-None-CoffeeMachine-30/trial_T20190907_153111_234827/game.tw-pddl:0,4,4,False,1932
Adaptive v1,121,train:121:train/pick_cool_then_place_in_recep-Tomato-None-GarbageCan-15/trial_T20190907_082803_736076/game.tw-pddl:0,0,train:121:train/pick_cool_then_place_in_recep-Tomato-None-GarbageCan-15/trial_T20190907_082803_736076/game.tw-pddl:0,6,6,False,1933
Adaptive v1,121,train:121:train/pick_two_obj_and_place-CellPhone-None-Bed-306/trial_T20190908_092114_854078/game.tw-pddl:0,0,train:121:train/pick_two_obj_and_place-CellPhone-None-Bed-306/trial_T20190908_092114_854078/game.tw-pddl:0,6,30,True,1934
Adaptive v1,121,train:121:train/pick_two_obj_and_place-HandTowel-None-Toilet-427/trial_T20190909_030341_261977/game.tw-pddl:0,0,train:121:train/pick_two_obj_and_place-HandTowel-None-Toilet-427/trial_T20190909_030341_261977/game.tw-pddl:0,9,9,False,1935
Adaptive v1,121,train:121:train/pick_two_obj_and_place-SprayBottle-None-GarbageCan-429/trial_T20190909_065859_656834/game.tw-pddl:0,0,train:121:train/pick_two_obj_and_place-SprayBottle-None-GarbageCan-429/trial_T20190909_065859_656834/game.tw-pddl:0,10,10,False,1936
Adaptive v1,122,train:122:train/pick_clean_then_place_in_recep-DishSponge-None-Shelf-401/trial_T20190908_072206_068474/game.tw-pddl:0,0,train:122:train/pick_clean_then_place_in_recep-DishSponge-None-Shelf-401/trial_T20190908_072206_068474/game.tw-pddl:0,15,15,False,1937
Adaptive v1,122,train:122:train/pick_clean_then_place_in_recep-Lettuce-None-DiningTable-21/trial_T20190908_215554_002650/game.tw-pddl:0,0,train:122:train/pick_clean_then_place_in_recep-Lettuce-None-DiningTable-21/trial_T20190908_215554_002650/game.tw-pddl:0,14,14,False,1938
Adaptive v1,122,train:122:train/pick_clean_then_place_in_recep-Spatula-None-DiningTable-19/trial_T20190909_081320_054592/game.tw-pddl:0,0,train:122:train/pick_clean_then_place_in_recep-Spatula-None-DiningTable-19/trial_T20190909_081320_054592/game.tw-pddl:0,8,30,True,1939
Adaptive v1,122,train:122:train/pick_cool_then_place_in_recep-Cup-None-DiningTable-4/trial_T20190918_182252_255211/game.tw-pddl:0,0,train:122:train/pick_cool_then_place_in_recep-Cup-None-DiningTable-4/trial_T20190918_182252_255211/game.tw-pddl:0,17,30,True,1940
Adaptive v1,122,train:122:train/pick_cool_then_place_in_recep-Cup-None-Microwave-30/trial_T20190909_073639_857633/game.tw-pddl:0,0,train:122:train/pick_cool_then_place_in_recep-Cup-None-Microwave-30/trial_T20190909_073639_857633/game.tw-pddl:0,8,30,True,1941
Adaptive v1,122,train:122:train/pick_cool_then_place_in_recep-Lettuce-None-DiningTable-21/trial_T20190909_045213_481269/game.tw-pddl:0,0,train:122:train/pick_cool_then_place_in_recep-Lettuce-None-DiningTable-21/trial_T20190909_045213_481269/game.tw-pddl:0,8,8,False,1942
Adaptive v1,122,train:122:train/pick_cool_then_place_in_recep-Pan-None-DiningTable-15/trial_T20190909_003937_964362/game.tw-pddl:0,0,train:122:train/pick_cool_then_place_in_recep-Pan-None-DiningTable-15/trial_T20190909_003937_964362/game.tw-pddl:0,17,30,True,1943
Adaptive v1,122,train:122:train/pick_cool_then_place_in_recep-Potato-None-Microwave-15/trial_T20190908_154618_326152/game.tw-pddl:0,0,train:122:train/pick_cool_then_place_in_recep-Potato-None-Microwave-15/trial_T20190908_154618_326152/game.tw-pddl:0,8,30,True,1944
Adaptive v1,122,train:122:train/pick_heat_then_place_in_recep-Cup-None-Fridge-18/trial_T20190908_142219_648949/game.tw-pddl:0,0,train:122:train/pick_heat_then_place_in_recep-Cup-None-Fridge-18/trial_T20190908_142219_648949/game.tw-pddl:0,15,30,True,1945
Adaptive v1,122,train:122:train/pick_heat_then_place_in_recep-Egg-None-Fridge-27/trial_T20190908_022308_588624/game.tw-pddl:0,0,train:122:train/pick_heat_then_place_in_recep-Egg-None-Fridge-27/trial_T20190908_022308_588624/game.tw-pddl:0,7,7,False,1946
Adaptive v1,122,train:122:train/pick_heat_then_place_in_recep-Egg-None-GarbageCan-8/trial_T20190909_120535_899499/game.tw-pddl:0,0,train:122:train/pick_heat_then_place_in_recep-Egg-None-GarbageCan-8/trial_T20190909_120535_899499/game.tw-pddl:0,6,6,False,1947
Adaptive v1,122,train:122:train/pick_heat_then_place_in_recep-Plate-None-CounterTop-5/trial_T20190908_202657_722894/game.tw-pddl:0,0,train:122:train/pick_heat_then_place_in_recep-Plate-None-CounterTop-5/trial_T20190908_202657_722894/game.tw-pddl:0,8,8,False,1948
Adaptive v1,122,train:122:train/pick_heat_then_place_in_recep-Plate-None-Shelf-7/trial_T20190906_193957_675049/game.tw-pddl:0,0,train:122:train/pick_heat_then_place_in_recep-Plate-None-Shelf-7/trial_T20190906_193957_675049/game.tw-pddl:0,6,6,False,1949
Adaptive v1,122,train:122:train/pick_two_obj_and_place-CellPhone-None-Desk-312/trial_T20190908_122308_202330/game.tw-pddl:0,0,train:122:train/pick_two_obj_and_place-CellPhone-None-Desk-312/trial_T20190908_122308_202330/game.tw-pddl:0,23,30,True,1950
Adaptive v1,122,train:122:train/pick_two_obj_and_place-Egg-None-Microwave-30/trial_T20190907_163255_256147/game.tw-pddl:0,0,train:122:train/pick_two_obj_and_place-Egg-None-Microwave-30/trial_T20190907_163255_256147/game.tw-pddl:0,12,30,True,1951
Adaptive v1,122,train:122:train/pick_two_obj_and_place-Pen-None-SideTable-326/trial_T20190908_050658_829567/game.tw-pddl:0,0,train:122:train/pick_two_obj_and_place-Pen-None-SideTable-326/trial_T20190908_050658_829567/game.tw-pddl:0,10,10,False,1952
Adaptive v1,123,train:123:train/look_at_obj_in_light-CD-None-DeskLamp-302/trial_T20190907_154604_364291/game.tw-pddl:0,0,train:123:train/look_at_obj_in_light-CD-None-DeskLamp-302/trial_T20190907_154604_364291/game.tw-pddl:0,21,30,True,1953
Adaptive v1,123,train:123:train/pick_and_place_simple-Candle-None-Toilet-429/trial_T20190908_052308_217335/game.tw-pddl:0,0,train:123:train/pick_and_place_simple-Candle-None-Toilet-429/trial_T20190908_052308_217335/game.tw-pddl:0,5,5,False,1954
Adaptive v1,123,train:123:train/pick_and_place_simple-HandTowel-None-CounterTop-421/trial_T20190909_145510_995239/game.tw-pddl:0,0,train:123:train/pick_and_place_simple-HandTowel-None-CounterTop-421/trial_T20190909_145510_995239/game.tw-pddl:0,4,4,False,1955
Adaptive v1,123,train:123:train/pick_and_place_simple-SaltShaker-None-DiningTable-26/trial_T20190907_113755_093001/game.tw-pddl:0,0,train:123:train/pick_and_place_simple-SaltShaker-None-DiningTable-26/trial_T20190907_113755_093001/game.tw-pddl:0,12,12,False,1956
Adaptive v1,123,train:123:train/pick_and_place_simple-SprayBottle-None-GarbageCan-415/trial_T20190907_070408_668418/game.tw-pddl:0,0,train:123:train/pick_and_place_simple-SprayBottle-None-GarbageCan-415/trial_T20190907_070408_668418/game.tw-pddl:0,4,4,False,1957
Adaptive v1,123,train:123:train/pick_clean_then_place_in_recep-Egg-None-Fridge-25/trial_T20190907_223448_075501/game.tw-pddl:0,0,train:123:train/pick_clean_then_place_in_recep-Egg-None-Fridge-25/trial_T20190907_223448_075501/game.tw-pddl:0,17,30,True,1958
Adaptive v1,123,train:123:train/pick_clean_then_place_in_recep-Fork-None-SideTable-3/trial_T20190908_002604_591830/game.tw-pddl:0,0,train:123:train/pick_clean_then_place_in_recep-Fork-None-SideTable-3/trial_T20190908_002604_591830/game.tw-pddl:0,6,6,False,1959
Adaptive v1,123,train:123:train/pick_clean_then_place_in_recep-Spatula-None-CounterTop-13/trial_T20190909_023140_855187/game.tw-pddl:0,0,train:123:train/pick_clean_then_place_in_recep-Spatula-None-CounterTop-13/trial_T20190909_023140_855187/game.tw-pddl:0,8,8,False,1960
Adaptive v1,123,train:123:train/pick_cool_then_place_in_recep-Cup-None-Microwave-6/trial_T20190909_012624_057742/game.tw-pddl:0,0,train:123:train/pick_cool_then_place_in_recep-Cup-None-Microwave-6/trial_T20190909_012624_057742/game.tw-pddl:0,16,30,True,1961
Adaptive v1,123,train:123:train/pick_cool_then_place_in_recep-Mug-None-CoffeeMachine-2/trial_T20190907_044106_781028/game.tw-pddl:0,0,train:123:train/pick_cool_then_place_in_recep-Mug-None-CoffeeMachine-2/trial_T20190907_044106_781028/game.tw-pddl:0,7,7,False,1962
Adaptive v1,123,train:123:train/pick_cool_then_place_in_recep-Plate-None-Cabinet-4/trial_T20190908_082525_878826/game.tw-pddl:0,0,train:123:train/pick_cool_then_place_in_recep-Plate-None-Cabinet-4/trial_T20190908_082525_878826/game.tw-pddl:0,9,30,True,1963
Adaptive v1,123,train:123:train/pick_cool_then_place_in_recep-Pot-None-CounterTop-17/trial_T20190908_235146_972017/game.tw-pddl:0,0,train:123:train/pick_cool_then_place_in_recep-Pot-None-CounterTop-17/trial_T20190908_235146_972017/game.tw-pddl:0,14,30,True,1964
Adaptive v1,123,train:123:train/pick_heat_then_place_in_recep-Cup-None-Cabinet-1/trial_T20190909_090951_740727/game.tw-pddl:0,0,train:123:train/pick_heat_then_place_in_recep-Cup-None-Cabinet-1/trial_T20190909_090951_740727/game.tw-pddl:0,16,30,True,1965
Adaptive v1,123,train:123:train/pick_two_obj_and_place-Book-None-Desk-309/trial_T20190909_061318_337264/game.tw-pddl:0,0,train:123:train/pick_two_obj_and_place-Book-None-Desk-309/trial_T20190909_061318_337264/game.tw-pddl:0,22,30,True,1966
Adaptive v1,123,train:123:train/pick_two_obj_and_place-Bowl-None-CoffeeTable-203/trial_T20190907_153434_051209/game.tw-pddl:0,0,train:123:train/pick_two_obj_and_place-Bowl-None-CoffeeTable-203/trial_T20190907_153434_051209/game.tw-pddl:0,9,9,False,1967
Adaptive v1,123,train:123:train/pick_two_obj_and_place-RemoteControl-None-Sofa-212/trial_T20190907_235335_006124/game.tw-pddl:0,0,train:123:train/pick_two_obj_and_place-RemoteControl-None-Sofa-212/trial_T20190907_235335_006124/game.tw-pddl:0,10,10,False,1968
Adaptive v1,124,train:124:train/look_at_obj_in_light-AlarmClock-None-DeskLamp-302/trial_T20190908_192756_298295/game.tw-pddl:0,0,train:124:train/look_at_obj_in_light-AlarmClock-None-DeskLamp-302/trial_T20190908_192756_298295/game.tw-pddl:0,5,5,False,1969
Adaptive v1,124,train:124:train/look_at_obj_in_light-TissueBox-None-DeskLamp-301/trial_T20190908_072624_007372/game.tw-pddl:0,0,train:124:train/look_at_obj_in_light-TissueBox-None-DeskLamp-301/trial_T20190908_072624_007372/game.tw-pddl:0,17,30,True,1970
Adaptive v1,124,train:124:train/pick_and_place_simple-Mug-None-Dresser-311/trial_T20190909_152910_413839/game.tw-pddl:0,0,train:124:train/pick_and_place_simple-Mug-None-Dresser-311/trial_T20190909_152910_413839/game.tw-pddl:0,5,5,False,1971
Adaptive v1,124,train:124:train/pick_and_place_simple-ToiletPaper-None-ToiletPaperHanger-426/trial_T20190909_044747_168424/game.tw-pddl:0,0,train:124:train/pick_and_place_simple-ToiletPaper-None-ToiletPaperHanger-426/trial_T20190909_044747_168424/game.tw-pddl:0,4,4,False,1972
Adaptive v1,124,train:124:train/pick_and_place_simple-WineBottle-None-Shelf-7/trial_T20190908_114629_589874/game.tw-pddl:0,0,train:124:train/pick_and_place_simple-WineBottle-None-Shelf-7/trial_T20190908_114629_589874/game.tw-pddl:0,12,12,False,1973
Adaptive v1,124,train:124:train/pick_clean_then_place_in_recep-Fork-None-DiningTable-24/trial_T20190906_205125_257251/game.tw-pddl:0,0,train:124:train/pick_clean_then_place_in_recep-Fork-None-DiningTable-24/trial_T20190906_205125_257251/game.tw-pddl:0,8,8,False,1974
Adaptive v1,124,train:124:train/pick_clean_then_place_in_recep-Mug-None-CoffeeMachine-15/trial_T20190909_111443_363349/game.tw-pddl:0,0,train:124:train/pick_clean_then_place_in_recep-Mug-None-CoffeeMachine-15/trial_T20190909_111443_363349/game.tw-pddl:0,5,5,False,1975
Adaptive v1,124,train:124:train/pick_cool_then_place_in_recep-Bread-None-CounterTop-1/trial_T20190908_212439_711334/game.tw-pddl:0,0,train:124:train/pick_cool_then_place_in_recep-Bread-None-CounterTop-1/trial_T20190908_212439_711334/game.tw-pddl:0,16,30,True,1976
Adaptive v1,124,train:124:train/pick_heat_then_place_in_recep-Apple-None-CounterTop-2/trial_T20190908_112607_841503/game.tw-pddl:0,0,train:124:train/pick_heat_then_place_in_recep-Apple-None-CounterTop-2/trial_T20190908_112607_841503/game.tw-pddl:0,9,9,False,1977
Adaptive v1,124,train:124:train/pick_heat_then_place_in_recep-Apple-None-GarbageCan-8/trial_T20190907_043118_286709/game.tw-pddl:0,0,train:124:train/pick_heat_then_place_in_recep-Apple-None-GarbageCan-8/trial_T20190907_043118_286709/game.tw-pddl:0,7,7,False,1978
Adaptive v1,124,train:124:train/pick_heat_then_place_in_recep-Cup-None-CounterTop-13/trial_T20190907_013610_766116/game.tw-pddl:0,0,train:124:train/pick_heat_then_place_in_recep-Cup-None-CounterTop-13/trial_T20190907_013610_766116/game.tw-pddl:0,12,30,True,1979
Adaptive v1,124,train:124:train/pick_heat_then_place_in_recep-Egg-None-SideTable-21/trial_T20190907_045104_949753/game.tw-pddl:0,0,train:124:train/pick_heat_then_place_in_recep-Egg-None-SideTable-21/trial_T20190907_045104_949753/game.tw-pddl:0,19,30,True,1980
Adaptive v1,124,train:124:train/pick_heat_then_place_in_recep-Mug-None-SideTable-3/trial_T20190908_231853_151753/game.tw-pddl:0,0,train:124:train/pick_heat_then_place_in_recep-Mug-None-SideTable-3/trial_T20190908_231853_151753/game.tw-pddl:0,6,6,False,1981
Adaptive v1,124,train:124:train/pick_two_obj_and_place-CD-None-Desk-328/trial_T20190908_100845_792307/game.tw-pddl:0,0,train:124:train/pick_two_obj_and_place-CD-None-Desk-328/trial_T20190908_100845_792307/game.tw-pddl:0,9,9,False,1982
Adaptive v1,124,train:124:train/pick_two_obj_and_place-CreditCard-None-DiningTable-311/trial_T20190908_072922_474814/game.tw-pddl:0,0,train:124:train/pick_two_obj_and_place-CreditCard-None-DiningTable-311/trial_T20190908_072922_474814/game.tw-pddl:0,12,16,False,1983
Adaptive v1,124,train:124:train/pick_two_obj_and_place-Plate-None-CoffeeTable-201/trial_T20190918_172828_710071/game.tw-pddl:0,0,train:124:train/pick_two_obj_and_place-Plate-None-CoffeeTable-201/trial_T20190918_172828_710071/game.tw-pddl:0,9,9,False,1984
Adaptive v1,125,train:125:train/look_at_obj_in_light-CellPhone-None-DeskLamp-320/trial_T20190908_093252_166576/game.tw-pddl:0,0,train:125:train/look_at_obj_in_light-CellPhone-None-DeskLamp-320/trial_T20190908_093252_166576/game.tw-pddl:0,6,6,False,1985
Adaptive v1,125,train:125:train/look_at_obj_in_light-Newspaper-None-DeskLamp-216/trial_T20190908_082338_583045/game.tw-pddl:0,0,train:125:train/look_at_obj_in_light-Newspaper-None-DeskLamp-216/trial_T20190908_082338_583045/game.tw-pddl:0,5,5,False,1986
Adaptive v1,125,train:125:train/pick_and_place_simple-CellPhone-None-ArmChair-321/trial_T20190906_200534_135586/game.tw-pddl:0,0,train:125:train/pick_and_place_simple-CellPhone-None-ArmChair-321/trial_T20190906_200534_135586/game.tw-pddl:0,4,4,False,1987
Adaptive v1,125,train:125:train/pick_and_place_simple-RemoteControl-None-Sofa-216/trial_T20190909_150024_719377/game.tw-pddl:0,0,train:125:train/pick_and_place_simple-RemoteControl-None-Sofa-216/trial_T20190909_150024_719377/game.tw-pddl:0,4,4,False,1988
Adaptive v1,125,train:125:train/pick_and_place_simple-Vase-None-Safe-204/trial_T20190919_000336_714640/game.tw-pddl:0,0,train:125:train/pick_and_place_simple-Vase-None-Safe-204/trial_T20190919_000336_714640/game.tw-pddl:0,5,5,False,1989
Adaptive v1,125,train:125:train/pick_clean_then_place_in_recep-Apple-None-Microwave-24/trial_T20190907_133121_308801/game.tw-pddl:0,0,train:125:train/pick_clean_then_place_in_recep-Apple-None-Microwave-24/trial_T20190907_133121_308801/game.tw-pddl:0,14,30,True,1990
Adaptive v1,125,train:125:train/pick_clean_then_place_in_recep-Bowl-None-Fridge-4/trial_T20190909_023922_544633/game.tw-pddl:0,0,train:125:train/pick_clean_then_place_in_recep-Bowl-None-Fridge-4/trial_T20190909_023922_544633/game.tw-pddl:0,12,12,False,1991
Adaptive v1,125,train:125:train/pick_clean_then_place_in_recep-Spatula-None-DiningTable-17/trial_T20190909_044827_257673/game.tw-pddl:0,0,train:125:train/pick_clean_then_place_in_recep-Spatula-None-DiningTable-17/trial_T20190909_044827_257673/game.tw-pddl:0,7,7,False,1992
Adaptive v1,125,train:125:train/pick_cool_then_place_in_recep-Lettuce-None-GarbageCan-16/trial_T20190909_042958_594440/game.tw-pddl:0,0,train:125:train/pick_cool_then_place_in_recep-Lettuce-None-GarbageCan-16/trial_T20190909_042958_594440/game.tw-pddl:0,6,6,False,1993
Adaptive v1,125,train:125:train/pick_cool_then_place_in_recep-Pot-None-CounterTop-24/trial_T20190907_002332_305243/game.tw-pddl:0,0,train:125:train/pick_cool_then_place_in_recep-Pot-None-CounterTop-24/trial_T20190907_002332_305243/game.tw-pddl:0,13,30,True,1994
Adaptive v1,125,train:125:train/pick_cool_then_place_in_recep-Pot-None-DiningTable-23/trial_T20190909_080754_488931/game.tw-pddl:0,0,train:125:train/pick_cool_then_place_in_recep-Pot-None-DiningTable-23/trial_T20190909_080754_488931/game.tw-pddl:0,6,6,False,1995
Adaptive v1,125,train:125:train/pick_heat_then_place_in_recep-Apple-None-Fridge-25/trial_T20190908_050921_727654/game.tw-pddl:0,0,train:125:train/pick_heat_then_place_in_recep-Apple-None-Fridge-25/trial_T20190908_050921_727654/game.tw-pddl:0,7,7,False,1996
Adaptive v1,125,train:125:train/pick_heat_then_place_in_recep-Potato-None-GarbageCan-12/trial_T20190907_125521_042428/game.tw-pddl:0,0,train:125:train/pick_heat_then_place_in_recep-Potato-None-GarbageCan-12/trial_T20190907_125521_042428/game.tw-pddl:0,6,6,False,1997
Adaptive v1,125,train:125:train/pick_two_obj_and_place-Kettle-None-DiningTable-18/trial_T20190906_233847_462015/game.tw-pddl:0,0,train:125:train/pick_two_obj_and_place-Kettle-None-DiningTable-18/trial_T20190906_233847_462015/game.tw-pddl:0,15,30,True,1998
Adaptive v1,125,train:125:train/pick_two_obj_and_place-Laptop-None-Bed-311/trial_T20190908_110657_952577/game.tw-pddl:0,0,train:125:train/pick_two_obj_and_place-Laptop-None-Bed-311/trial_T20190908_110657_952577/game.tw-pddl:0,12,30,True,1999
Adaptive v1,125,train:125:train/pick_two_obj_and_place-Watch-None-Dresser-205/trial_T20190907_181954_161870/game.tw-pddl:0,0,train:125:train/pick_two_obj_and_place-Watch-None-Dresser-205/trial_T20190907_181954_161870/game.tw-pddl:0,11,11,False,2000
Adaptive v1,126,train:126:train/pick_and_place_simple-CellPhone-None-ArmChair-321/trial_T20190906_200553_752305/game.tw-pddl:0,0,train:126:train/pick_and_place_simple-CellPhone-None-ArmChair-321/trial_T20190906_200553_752305/game.tw-pddl:0,4,4,False,2001
Adaptive v1,126,train:126:train/pick_and_place_simple-Pen-None-SideTable-322/trial_T20190909_055255_667967/game.tw-pddl:0,0,train:126:train/pick_and_place_simple-Pen-None-SideTable-322/trial_T20190909_055255_667967/game.tw-pddl:0,4,4,False,2002
Adaptive v1,126,train:126:train/pick_and_place_simple-PepperShaker-None-Drawer-13/trial_T20190908_230731_141286/game.tw-pddl:0,0,train:126:train/pick_and_place_simple-PepperShaker-None-Drawer-13/trial_T20190908_230731_141286/game.tw-pddl:0,12,30,True,2003
Adaptive v1,126,train:126:train/pick_and_place_simple-PepperShaker-None-Shelf-20/trial_T20190907_162424_819408/game.tw-pddl:0,0,train:126:train/pick_and_place_simple-PepperShaker-None-Shelf-20/trial_T20190907_162424_819408/game.tw-pddl:0,4,4,False,2004
Adaptive v1,126,train:126:train/pick_clean_then_place_in_recep-Pan-None-DiningTable-17/trial_T20190908_120954_429542/game.tw-pddl:0,0,train:126:train/pick_clean_then_place_in_recep-Pan-None-DiningTable-17/trial_T20190908_120954_429542/game.tw-pddl:0,7,7,False,2005
Adaptive v1,126,train:126:train/pick_clean_then_place_in_recep-Plate-None-Fridge-5/trial_T20190909_112954_869911/game.tw-pddl:0,0,train:126:train/pick_clean_then_place_in_recep-Plate-None-Fridge-5/trial_T20190909_112954_869911/game.tw-pddl:0,7,7,False,2006
Adaptive v1,126,train:126:train/pick_clean_then_place_in_recep-Potato-None-CounterTop-5/trial_T20190909_123251_802466/game.tw-pddl:0,0,train:126:train/pick_clean_then_place_in_recep-Potato-None-CounterTop-5/trial_T20190909_123251_802466/game.tw-pddl:0,14,30,True,2007
Adaptive v1,126,train:126:train/pick_clean_then_place_in_recep-Potato-None-SideTable-21/trial_T20190906_192433_616768/game.tw-pddl:0,0,train:126:train/pick_clean_then_place_in_recep-Potato-None-SideTable-21/trial_T20190906_192433_616768/game.tw-pddl:0,14,30,True,2008
Adaptive v1,126,train:126:train/pick_cool_then_place_in_recep-Bread-None-DiningTable-7/trial_T20190907_191053_355058/game.tw-pddl:0,0,train:126:train/pick_cool_then_place_in_recep-Bread-None-DiningTable-7/trial_T20190907_191053_355058/game.tw-pddl:0,6,6,False,2009
Adaptive v1,126,train:126:train/pick_cool_then_place_in_recep-Cup-None-Cabinet-26/trial_T20190911_010105_306566/game.tw-pddl:0,0,train:126:train/pick_cool_then_place_in_recep-Cup-None-Cabinet-26/trial_T20190911_010105_306566/game.tw-pddl:0,7,7,False,2010
Adaptive v1,126,train:126:train/pick_cool_then_place_in_recep-Mug-None-CoffeeMachine-20/trial_T20190906_161400_720379/game.tw-pddl:0,0,train:126:train/pick_cool_then_place_in_recep-Mug-None-CoffeeMachine-20/trial_T20190906_161400_720379/game.tw-pddl:0,16,30,True,2011
Adaptive v1,126,train:126:train/pick_cool_then_place_in_recep-Pot-None-DiningTable-24/trial_T20190908_111415_336140/game.tw-pddl:0,0,train:126:train/pick_cool_then_place_in_recep-Pot-None-DiningTable-24/trial_T20190908_111415_336140/game.tw-pddl:0,14,30,True,2012
Adaptive v1,126,train:126:train/pick_cool_then_place_in_recep-Pot-None-StoveBurner-23/trial_T20190907_150154_814362/game.tw-pddl:0,0,train:126:train/pick_cool_then_place_in_recep-Pot-None-StoveBurner-23/trial_T20190907_150154_814362/game.tw-pddl:0,18,30,True,2013
Adaptive v1,126,train:126:train/pick_heat_then_place_in_recep-Tomato-None-CounterTop-26/trial_T20190907_005501_395392/game.tw-pddl:0,0,train:126:train/pick_heat_then_place_in_recep-Tomato-None-CounterTop-26/trial_T20190907_005501_395392/game.tw-pddl:0,6,6,False,2014
Adaptive v1,126,train:126:train/pick_two_obj_and_place-CellPhone-None-Dresser-327/trial_T20190908_042553_191155/game.tw-pddl:0,0,train:126:train/pick_two_obj_and_place-CellPhone-None-Dresser-327/trial_T20190908_042553_191155/game.tw-pddl:0,21,30,True,2015
Adaptive v1,126,train:126:train/pick_two_obj_and_place-SoapBottle-None-Cabinet-417/trial_T20190906_192320_630856/game.tw-pddl:0,0,train:126:train/pick_two_obj_and_place-SoapBottle-None-Cabinet-417/trial_T20190906_192320_630856/game.tw-pddl:0,11,11,False,2016
Adaptive v1,127,train:127:train/look_at_obj_in_light-Box-None-DeskLamp-218/trial_T20190909_021415_768402/game.tw-pddl:0,0,train:127:train/look_at_obj_in_light-Box-None-DeskLamp-218/trial_T20190909_021415_768402/game.tw-pddl:0,9,9,False,2017
Adaptive v1,127,train:127:train/look_at_obj_in_light-Pencil-None-DeskLamp-306/trial_T20190907_235854_062993/game.tw-pddl:0,0,train:127:train/look_at_obj_in_light-Pencil-None-DeskLamp-306/trial_T20190907_235854_062993/game.tw-pddl:0,5,5,False,2018
Adaptive v1,127,train:127:train/look_at_obj_in_light-Pillow-None-DeskLamp-328/trial_T20190908_114619_968426/game.tw-pddl:0,0,train:127:train/look_at_obj_in_light-Pillow-None-DeskLamp-328/trial_T20190908_114619_968426/game.tw-pddl:0,4,4,False,2019
Adaptive v1,127,train:127:train/pick_and_place_simple-Book-None-Desk-313/trial_T20190909_140620_440339/game.tw-pddl:0,0,train:127:train/pick_and_place_simple-Book-None-Desk-313/trial_T20190909_140620_440339/game.tw-pddl:0,8,8,False,2020
Adaptive v1,127,train:127:train/pick_and_place_simple-KeyChain-None-SideTable-322/trial_T20190909_091659_910683/game.tw-pddl:0,0,train:127:train/pick_and_place_simple-KeyChain-None-SideTable-322/trial_T20190909_091659_910683/game.tw-pddl:0,18,18,False,2021
Adaptive v1,127,train:127:train/pick_and_place_simple-KeyChain-None-Sofa-228/trial_T20190908_122625_912366/game.tw-pddl:0,0,train:127:train/pick_and_place_simple-KeyChain-None-Sofa-228/trial_T20190908_122625_912366/game.tw-pddl:0,6,6,False,2022
Adaptive v1,127,train:127:train/pick_clean_then_place_in_recep-Apple-None-Microwave-8/trial_T20190909_113115_944460/game.tw-pddl:0,0,train:127:train/pick_clean_then_place_in_recep-Apple-None-Microwave-8/trial_T20190909_113115_944460/game.tw-pddl:0,14,30,True,2023
Adaptive v1,127,train:127:train/pick_clean_then_place_in_recep-Cloth-None-Drawer-411/trial_T20190907_202148_426436/game.tw-pddl:0,0,train:127:train/pick_clean_then_place_in_recep-Cloth-None-Drawer-411/trial_T20190907_202148_426436/game.tw-pddl:0,7,7,False,2024
Adaptive v1,127,train:127:train/pick_clean_then_place_in_recep-Ladle-None-Cabinet-27/trial_T20190908_142754_866159/game.tw-pddl:0,0,train:127:train/pick_clean_then_place_in_recep-Ladle-None-Cabinet-27/trial_T20190908_142754_866159/game.tw-pddl:0,6,6,False,2025
Adaptive v1,127,train:127:train/pick_clean_then_place_in_recep-Ladle-None-Drawer-27/trial_T20190906_211607_560303/game.tw-pddl:0,0,train:127:train/pick_clean_then_place_in_recep-Ladle-None-Drawer-27/trial_T20190906_211607_560303/game.tw-pddl:0,17,30,True,2026
Adaptive v1,127,train:127:train/pick_cool_then_place_in_recep-Bread-None-DiningTable-11/trial_T20190908_005225_576923/game.tw-pddl:0,0,train:127:train/pick_cool_then_place_in_recep-Bread-None-DiningTable-11/trial_T20190908_005225_576923/game.tw-pddl:0,7,7,False,2027
Adaptive v1,127,train:127:train/pick_cool_then_place_in_recep-Pan-None-CounterTop-7/trial_T20190918_191742_101104/game.tw-pddl:0,0,train:127:train/pick_cool_then_place_in_recep-Pan-None-CounterTop-7/trial_T20190918_191742_101104/game.tw-pddl:0,15,30,True,2028
Adaptive v1,127,train:127:train/pick_heat_then_place_in_recep-Apple-None-Fridge-30/trial_T20190908_114847_958679/game.tw-pddl:0,0,train:127:train/pick_heat_then_place_in_recep-Apple-None-Fridge-30/trial_T20190908_114847_958679/game.tw-pddl:0,8,8,False,2029
Adaptive v1,127,train:127:train/pick_heat_then_place_in_recep-Egg-None-DiningTable-18/trial_T20190908_051346_079516/game.tw-pddl:0,0,train:127:train/pick_heat_then_place_in_recep-Egg-None-DiningTable-18/trial_T20190908_051346_079516/game.tw-pddl:0,8,8,False,2030
Adaptive v1,127,train:127:train/pick_heat_then_place_in_recep-Tomato-None-CounterTop-27/trial_T20190906_204215_534084/game.tw-pddl:0,0,train:127:train/pick_heat_then_place_in_recep-Tomato-None-CounterTop-27/trial_T20190906_204215_534084/game.tw-pddl:0,6,6,False,2031
Adaptive v1,127,train:127:train/pick_two_obj_and_place-SoapBottle-None-CounterTop-407/trial_T20190908_055536_681478/game.tw-pddl:0,0,train:127:train/pick_two_obj_and_place-SoapBottle-None-CounterTop-407/trial_T20190908_055536_681478/game.tw-pddl:0,21,30,True,2032
Adaptive v1,128,train:128:train/look_at_obj_in_light-Bowl-None-DeskLamp-304/trial_T20190907_232204_574574/game.tw-pddl:0,0,train:128:train/look_at_obj_in_light-Bowl-None-DeskLamp-304/trial_T20190907_232204_574574/game.tw-pddl:0,4,4,False,2033
Adaptive v1,128,train:128:train/look_at_obj_in_light-Bowl-None-DeskLamp-327/trial_T20190907_094344_497461/game.tw-pddl:0,0,train:128:train/look_at_obj_in_light-Bowl-None-DeskLamp-327/trial_T20190907_094344_497461/game.tw-pddl:0,3,3,False,2034
Adaptive v1,128,train:128:train/look_at_obj_in_light-CD-None-DeskLamp-328/trial_T20190908_004539_969224/game.tw-pddl:0,0,train:128:train/look_at_obj_in_light-CD-None-DeskLamp-328/trial_T20190908_004539_969224/game.tw-pddl:0,6,6,False,2035
Adaptive v1,128,train:128:train/pick_and_place_simple-CD-None-DiningTable-311/trial_T20190908_071437_984059/game.tw-pddl:0,0,train:128:train/pick_and_place_simple-CD-None-DiningTable-311/trial_T20190908_071437_984059/game.tw-pddl:0,7,7,False,2036
Adaptive v1,128,train:128:train/pick_and_place_simple-Glassbottle-None-CounterTop-23/trial_T20190907_122220_401927/game.tw-pddl:0,0,train:128:train/pick_and_place_simple-Glassbottle-None-CounterTop-23/trial_T20190907_122220_401927/game.tw-pddl:0,4,4,False,2037
Adaptive v1,128,train:128:train/pick_clean_then_place_in_recep-Mug-None-CoffeeMachine-13/trial_T20190907_171959_889613/game.tw-pddl:0,0,train:128:train/pick_clean_then_place_in_recep-Mug-None-CoffeeMachine-13/trial_T20190907_171959_889613/game.tw-pddl:0,6,6,False,2038
Adaptive v1,128,train:128:train/pick_clean_then_place_in_recep-Tomato-None-CounterTop-14/trial_T20190909_012711_107920/game.tw-pddl:0,0,train:128:train/pick_clean_then_place_in_recep-Tomato-None-CounterTop-14/trial_T20190909_012711_107920/game.tw-pddl:0,7,7,False,2039
Adaptive v1,128,train:128:train/pick_cool_then_place_in_recep-Pan-None-StoveBurner-20/trial_T20190907_014706_796318/game.tw-pddl:0,0,train:128:train/pick_cool_then_place_in_recep-Pan-None-StoveBurner-20/trial_T20190907_014706_796318/game.tw-pddl:0,16,30,True,2040
Adaptive v1,128,train:128:train/pick_heat_then_place_in_recep-Apple-None-DiningTable-26/trial_T20190907_060208_731079/game.tw-pddl:0,0,train:128:train/pick_heat_then_place_in_recep-Apple-None-DiningTable-26/trial_T20190907_060208_731079/game.tw-pddl:0,6,6,False,2041
Adaptive v1,128,train:128:train/pick_heat_then_place_in_recep-Mug-None-Cabinet-19/trial_T20190907_152639_710593/game.tw-pddl:0,0,train:128:train/pick_heat_then_place_in_recep-Mug-None-Cabinet-19/trial_T20190907_152639_710593/game.tw-pddl:0,6,6,False,2042
Adaptive v1,128,train:128:train/pick_heat_then_place_in_recep-Mug-None-CoffeeMachine-21/trial_T20190908_192915_554153/game.tw-pddl:0,0,train:128:train/pick_heat_then_place_in_recep-Mug-None-CoffeeMachine-21/trial_T20190908_192915_554153/game.tw-pddl:0,19,30,True,2043
Adaptive v1,128,train:128:train/pick_two_obj_and_place-Book-None-Drawer-307/trial_T20190909_111455_006363/game.tw-pddl:0,0,train:128:train/pick_two_obj_and_place-Book-None-Drawer-307/trial_T20190909_111455_006363/game.tw-pddl:0,14,14,False,2044
Adaptive v1,128,train:128:train/pick_two_obj_and_place-Candle-None-Cabinet-403/trial_T20190909_065841_838469/game.tw-pddl:0,0,train:128:train/pick_two_obj_and_place-Candle-None-Cabinet-403/trial_T20190909_065841_838469/game.tw-pddl:0,15,15,False,2045
Adaptive v1,128,train:128:train/pick_two_obj_and_place-Newspaper-None-GarbageCan-218/trial_T20190907_225306_342000/game.tw-pddl:0,0,train:128:train/pick_two_obj_and_place-Newspaper-None-GarbageCan-218/trial_T20190907_225306_342000/game.tw-pddl:0,13,13,False,2046
Adaptive v1,128,train:128:train/pick_two_obj_and_place-RemoteControl-None-Sofa-228/trial_T20190908_130719_888576/game.tw-pddl:0,0,train:128:train/pick_two_obj_and_place-RemoteControl-None-Sofa-228/trial_T20190908_130719_888576/game.tw-pddl:0,26,30,True,2047
Adaptive v1,128,train:128:train/pick_two_obj_and_place-ToiletPaper-None-Drawer-413/trial_T20190908_004827_769411/game.tw-pddl:0,0,train:128:train/pick_two_obj_and_place-ToiletPaper-None-Drawer-413/trial_T20190908_004827_769411/game.tw-pddl:0,20,30,True,2048
Adaptive v1,129,train:129:train/look_at_obj_in_light-Bowl-None-DeskLamp-302/trial_T20190908_030647_874791/game.tw-pddl:0,0,train:129:train/look_at_obj_in_light-Bowl-None-DeskLamp-302/trial_T20190908_030647_874791/game.tw-pddl:0,22,30,True,2049
Adaptive v1,129,train:129:train/look_at_obj_in_light-Pillow-None-DeskLamp-314/trial_T20190908_115833_802764/game.tw-pddl:0,0,train:129:train/look_at_obj_in_light-Pillow-None-DeskLamp-314/trial_T20190908_115833_802764/game.tw-pddl:0,4,4,False,2050
Adaptive v1,129,train:129:train/pick_and_place_simple-Box-None-DiningTable-223/trial_T20190907_201444_740434/game.tw-pddl:0,0,train:129:train/pick_and_place_simple-Box-None-DiningTable-223/trial_T20190907_201444_740434/game.tw-pddl:0,7,7,False,2051
Adaptive v1,129,train:129:train/pick_and_place_simple-Plate-None-Dresser-218/trial_T20190907_013508_041432/game.tw-pddl:0,0,train:129:train/pick_and_place_simple-Plate-None-Dresser-218/trial_T20190907_013508_041432/game.tw-pddl:0,4,4,False,2052
Adaptive v1,129,train:129:train/pick_clean_then_place_in_recep-Pot-None-Fridge-4/trial_T20190908_153033_044700/game.tw-pddl:0,0,train:129:train/pick_clean_then_place_in_recep-Pot-None-Fridge-4/trial_T20190908_153033_044700/game.tw-pddl:0,7,7,False,2053
Adaptive v1,129,train:129:train/pick_clean_then_place_in_recep-Spatula-None-DiningTable-19/trial_T20190909_081145_746450/game.tw-pddl:0,0,train:129:train/pick_clean_then_place_in_recep-Spatula-None-DiningTable-19/trial_T20190909_081145_746450/game.tw-pddl:0,9,9,False,2054
Adaptive v1,129,train:129:train/pick_cool_then_place_in_recep-Bread-None-DiningTable-15/trial_T20190908_195749_792875/game.tw-pddl:0,0,train:129:train/pick_cool_then_place_in_recep-Bread-None-DiningTable-15/trial_T20190908_195749_792875/game.tw-pddl:0,6,6,False,2055
Adaptive v1,129,train:129:train/pick_cool_then_place_in_recep-Egg-None-Microwave-20/trial_T20190908_052011_844993/game.tw-pddl:0,0,train:129:train/pick_cool_then_place_in_recep-Egg-None-Microwave-20/trial_T20190908_052011_844993/game.tw-pddl:0,8,30,True,2056
Adaptive v1,129,train:129:train/pick_cool_then_place_in_recep-Mug-None-CoffeeMachine-21/trial_T20190908_110055_655553/game.tw-pddl:0,0,train:129:train/pick_cool_then_place_in_recep-Mug-None-CoffeeMachine-21/trial_T20190908_110055_655553/game.tw-pddl:0,19,30,True,2057
Adaptive v1,129,train:129:train/pick_cool_then_place_in_recep-Tomato-None-Microwave-5/trial_T20190908_132219_315033/game.tw-pddl:0,0,train:129:train/pick_cool_then_place_in_recep-Tomato-None-Microwave-5/trial_T20190908_132219_315033/game.tw-pddl:0,15,30,True,2058
Adaptive v1,129,train:129:train/pick_heat_then_place_in_recep-Egg-None-Fridge-6/trial_T20190907_184715_099476/game.tw-pddl:0,0,train:129:train/pick_heat_then_place_in_recep-Egg-None-Fridge-6/trial_T20190907_184715_099476/game.tw-pddl:0,7,7,False,2059
Adaptive v1,129,train:129:train/pick_heat_then_place_in_recep-Mug-None-CoffeeMachine-1/trial_T20190907_222924_821086/game.tw-pddl:0,0,train:129:train/pick_heat_then_place_in_recep-Mug-None-CoffeeMachine-1/trial_T20190907_222924_821086/game.tw-pddl:0,8,8,False,2060
Adaptive v1,129,train:129:train/pick_heat_then_place_in_recep-Plate-None-CounterTop-5/trial_T20190908_202750_896176/game.tw-pddl:0,0,train:129:train/pick_heat_then_place_in_recep-Plate-None-CounterTop-5/trial_T20190908_202750_896176/game.tw-pddl:0,6,6,False,2061
Adaptive v1,129,train:129:train/pick_two_obj_and_place-Book-None-DiningTable-329/trial_T20190909_002648_871253/game.tw-pddl:0,0,train:129:train/pick_two_obj_and_place-Book-None-DiningTable-329/trial_T20190909_002648_871253/game.tw-pddl:0,24,30,True,2062
Adaptive v1,129,train:129:train/pick_two_obj_and_place-KeyChain-None-CoffeeTable-212/trial_T20190907_220845_602950/game.tw-pddl:0,0,train:129:train/pick_two_obj_and_place-KeyChain-None-CoffeeTable-212/trial_T20190907_220845_602950/game.tw-pddl:0,23,30,True,2063
Adaptive v1,129,train:129:train/pick_two_obj_and_place-TissueBox-None-Shelf-313/trial_T20190907_041626_531279/game.tw-pddl:0,0,train:129:train/pick_two_obj_and_place-TissueBox-None-Shelf-313/trial_T20190907_041626_531279/game.tw-pddl:0,10,30,True,2064
Adaptive v1,130,train:130:train/look_at_obj_in_light-Mug-None-DeskLamp-301/trial_T20190908_155916_103990/game.tw-pddl:0,0,train:130:train/look_at_obj_in_light-Mug-None-DeskLamp-301/trial_T20190908_155916_103990/game.tw-pddl:0,4,4,False,2065
Adaptive v1,130,train:130:train/pick_and_place_simple-KeyChain-None-Sofa-228/trial_T20190908_122649_115988/game.tw-pddl:0,0,train:130:train/pick_and_place_simple-KeyChain-None-Sofa-228/trial_T20190908_122649_115988/game.tw-pddl:0,5,5,False,2066
Adaptive v1,130,train:130:train/pick_and_place_simple-Pen-None-Shelf-310/trial_T20190909_113535_223329/game.tw-pddl:0,0,train:130:train/pick_and_place_simple-Pen-None-Shelf-310/trial_T20190909_113535_223329/game.tw-pddl:0,4,4,False,2067
Adaptive v1,130,train:130:train/pick_and_place_simple-SoapBottle-None-Cabinet-414/trial_T20190908_110224_056978/game.tw-pddl:0,0,train:130:train/pick_and_place_simple-SoapBottle-None-Cabinet-414/trial_T20190908_110224_056978/game.tw-pddl:0,21,30,True,2068
Adaptive v1,130,train:130:train/pick_and_place_simple-Tomato-None-DiningTable-26/trial_T20190908_010907_122466/game.tw-pddl:0,0,train:130:train/pick_and_place_simple-Tomato-None-DiningTable-26/trial_T20190908_010907_122466/game.tw-pddl:0,9,9,False,2069
Adaptive v1,130,train:130:train/pick_clean_then_place_in_recep-Ladle-None-DiningTable-4/trial_T20190907_205518_988948/game.tw-pddl:0,0,train:130:train/pick_clean_then_place_in_recep-Ladle-None-DiningTable-4/trial_T20190907_205518_988948/game.tw-pddl:0,8,8,False,2070
Adaptive v1,130,train:130:train/pick_cool_then_place_in_recep-Cup-None-DiningTable-24/trial_T20190909_020329_637461/game.tw-pddl:0,0,train:130:train/pick_cool_then_place_in_recep-Cup-None-DiningTable-24/trial_T20190909_020329_637461/game.tw-pddl:0,6,6,False,2071
Adaptive v1,130,train:130:train/pick_cool_then_place_in_recep-Lettuce-None-GarbageCan-27/trial_T20190908_135456_808479/game.tw-pddl:0,0,train:130:train/pick_cool_then_place_in_recep-Lettuce-None-GarbageCan-27/trial_T20190908_135456_808479/game.tw-pddl:0,6,6,False,2072
Adaptive v1,130,train:130:train/pick_heat_then_place_in_recep-Mug-None-Shelf-1/trial_T20190907_075451_036053/game.tw-pddl:0,0,train:130:train/pick_heat_then_place_in_recep-Mug-None-Shelf-1/trial_T20190907_075451_036053/game.tw-pddl:0,8,8,False,2073
Adaptive v1,130,train:130:train/pick_two_obj_and_place-Bowl-None-Dresser-327/trial_T20190907_195918_167799/game.tw-pddl:0,0,train:130:train/pick_two_obj_and_place-Bowl-None-Dresser-327/trial_T20190907_195918_167799/game.tw-pddl:0,10,30,True,2074
Adaptive v1,130,train:130:train/pick_two_obj_and_place-Candle-None-Toilet-417/trial_T20190907_182659_461774/game.tw-pddl:0,0,train:130:train/pick_two_obj_and_place-Candle-None-Toilet-417/trial_T20190907_182659_461774/game.tw-pddl:0,10,10,False,2075
Adaptive v1,130,train:130:train/pick_two_obj_and_place-CellPhone-None-Bed-324/trial_T20190910_071016_913045/game.tw-pddl:0,0,train:130:train/pick_two_obj_and_place-CellPhone-None-Bed-324/trial_T20190910_071016_913045/game.tw-pddl:0,15,15,False,2076
Adaptive v1,130,train:130:train/pick_two_obj_and_place-CellPhone-None-Dresser-327/trial_T20190908_042648_141419/game.tw-pddl:0,0,train:130:train/pick_two_obj_and_place-CellPhone-None-Dresser-327/trial_T20190908_042648_141419/game.tw-pddl:0,13,30,True,2077
Adaptive v1,130,train:130:train/pick_two_obj_and_place-Cloth-None-Shelf-415/trial_T20190918_160612_509595/game.tw-pddl:0,0,train:130:train/pick_two_obj_and_place-Cloth-None-Shelf-415/trial_T20190918_160612_509595/game.tw-pddl:0,7,30,True,2078
Adaptive v1,130,train:130:train/pick_two_obj_and_place-RemoteControl-None-ArmChair-230/trial_T20190907_195504_051852/game.tw-pddl:0,0,train:130:train/pick_two_obj_and_place-RemoteControl-None-ArmChair-230/trial_T20190907_195504_051852/game.tw-pddl:0,8,8,False,2079
Adaptive v1,130,train:130:train/pick_two_obj_and_place-Vase-None-DiningTable-227/trial_T20190910_072914_747890/game.tw-pddl:0,0,train:130:train/pick_two_obj_and_place-Vase-None-DiningTable-227/trial_T20190910_072914_747890/game.tw-pddl:0,15,30,True,2080
Adaptive v1,131,train:131:train/pick_and_place_simple-Book-None-Bed-306/trial_T20190907_125307_925923/game.tw-pddl:0,0,train:131:train/pick_and_place_simple-Book-None-Bed-306/trial_T20190907_125307_925923/game.tw-pddl:0,4,4,False,2081
Adaptive v1,131,train:131:train/pick_and_place_simple-Glassbottle-None-CounterTop-23/trial_T20190907_122237_574960/game.tw-pddl:0,0,train:131:train/pick_and_place_simple-Glassbottle-None-CounterTop-23/trial_T20190907_122237_574960/game.tw-pddl:0,4,4,False,2082
Adaptive v1,131,train:131:train/pick_and_place_simple-HandTowel-None-Toilet-420/trial_T20190908_120224_333615/game.tw-pddl:0,0,train:131:train/pick_and_place_simple-HandTowel-None-Toilet-420/trial_T20190908_120224_333615/game.tw-pddl:0,4,4,False,2083
Adaptive v1,131,train:131:train/pick_and_place_simple-KeyChain-None-Desk-304/trial_T20190907_192735_443407/game.tw-pddl:0,0,train:131:train/pick_and_place_simple-KeyChain-None-Desk-304/trial_T20190907_192735_443407/game.tw-pddl:0,4,4,False,2084
Adaptive v1,131,train:131:train/pick_and_place_simple-SoapBottle-None-Cabinet-417/trial_T20190910_084745_955519/game.tw-pddl:0,0,train:131:train/pick_and_place_simple-SoapBottle-None-Cabinet-417/trial_T20190910_084745_955519/game.tw-pddl:0,5,5,False,2085
Adaptive v1,131,train:131:train/pick_and_place_simple-SoapBottle-None-Toilet-429/trial_T20190906_201712_940852/game.tw-pddl:0,0,train:131:train/pick_and_place_simple-SoapBottle-None-Toilet-429/trial_T20190906_201712_940852/game.tw-pddl:0,6,6,False,2086
Adaptive v1,131,train:131:train/pick_clean_then_place_in_recep-Spatula-None-SideTable-3/trial_T20190907_195009_657003/game.tw-pddl:0,0,train:131:train/pick_clean_then_place_in_recep-Spatula-None-SideTable-3/trial_T20190907_195009_657003/game.tw-pddl:0,6,6,False,2087
Adaptive v1,131,train:131:train/pick_clean_then_place_in_recep-Tomato-None-DiningTable-23/trial_T20190909_000844_354286/game.tw-pddl:0,0,train:131:train/pick_clean_then_place_in_recep-Tomato-None-DiningTable-23/trial_T20190909_000844_354286/game.tw-pddl:0,7,30,True,2088
Adaptive v1,131,train:131:train/pick_cool_then_place_in_recep-Cup-None-Microwave-6/trial_T20190909_012449_018469/game.tw-pddl:0,0,train:131:train/pick_cool_then_place_in_recep-Cup-None-Microwave-6/trial_T20190909_012449_018469/game.tw-pddl:0,7,30,True,2089
Adaptive v1,131,train:131:train/pick_cool_then_place_in_recep-Mug-None-Cabinet-22/trial_T20190910_105639_265144/game.tw-pddl:0,0,train:131:train/pick_cool_then_place_in_recep-Mug-None-Cabinet-22/trial_T20190910_105639_265144/game.tw-pddl:0,15,30,True,2090
Adaptive v1,131,train:131:train/pick_heat_then_place_in_recep-Bread-None-Fridge-15/trial_T20190906_215325_042307/game.tw-pddl:0,0,train:131:train/pick_heat_then_place_in_recep-Bread-None-Fridge-15/trial_T20190906_215325_042307/game.tw-pddl:0,7,7,False,2091
Adaptive v1,131,train:131:train/pick_heat_then_place_in_recep-Egg-None-Fridge-4/trial_T20190908_220828_121076/game.tw-pddl:0,0,train:131:train/pick_heat_then_place_in_recep-Egg-None-Fridge-4/trial_T20190908_220828_121076/game.tw-pddl:0,18,30,True,2092
Adaptive v1,131,train:131:train/pick_heat_then_place_in_recep-Potato-None-GarbageCan-6/trial_T20190909_132658_532074/game.tw-pddl:0,0,train:131:train/pick_heat_then_place_in_recep-Potato-None-GarbageCan-6/trial_T20190909_132658_532074/game.tw-pddl:0,8,8,False,2093
Adaptive v1,131,train:131:train/pick_two_obj_and_place-AlarmClock-None-Desk-316/trial_T20190909_091102_448579/game.tw-pddl:0,0,train:131:train/pick_two_obj_and_place-AlarmClock-None-Desk-316/trial_T20190909_091102_448579/game.tw-pddl:0,12,12,False,2094
Adaptive v1,131,train:131:train/pick_two_obj_and_place-Kettle-None-DiningTable-18/trial_T20190906_234020_046118/game.tw-pddl:0,0,train:131:train/pick_two_obj_and_place-Kettle-None-DiningTable-18/trial_T20190906_234020_046118/game.tw-pddl:0,14,30,True,2095
Adaptive v1,131,train:131:train/pick_two_obj_and_place-RemoteControl-None-Sofa-212/trial_T20190907_235309_480100/game.tw-pddl:0,0,train:131:train/pick_two_obj_and_place-RemoteControl-None-Sofa-212/trial_T20190907_235309_480100/game.tw-pddl:0,9,30,True,2096
Adaptive v1,132,train:132:train/look_at_obj_in_light-Book-None-DeskLamp-320/trial_T20190909_152354_870891/game.tw-pddl:0,0,train:132:train/look_at_obj_in_light-Book-None-DeskLamp-320/trial_T20190909_152354_870891/game.tw-pddl:0,19,19,False,2097
Adaptive v1,132,train:132:train/look_at_obj_in_light-Laptop-None-DeskLamp-301/trial_T20190907_185644_203683/game.tw-pddl:0,0,train:132:train/look_at_obj_in_light-Laptop-None-DeskLamp-301/trial_T20190907_185644_203683/game.tw-pddl:0,17,30,True,2098
Adaptive v1,132,train:132:train/pick_and_place_simple-AlarmClock-None-Shelf-320/trial_T20190907_121134_827602/game.tw-pddl:0,0,train:132:train/pick_and_place_simple-AlarmClock-None-Shelf-320/trial_T20190907_121134_827602/game.tw-pddl:0,5,5,False,2099
Adaptive v1,132,train:132:train/pick_and_place_simple-RemoteControl-None-ArmChair-222/trial_T20190906_201531_220119/game.tw-pddl:0,0,train:132:train/pick_and_place_simple-RemoteControl-None-ArmChair-222/trial_T20190906_201531_220119/game.tw-pddl:0,4,4,False,2100
Adaptive v1,132,train:132:train/pick_and_place_simple-SoapBottle-None-GarbageCan-417/trial_T20190909_120106_745160/game.tw-pddl:0,0,train:132:train/pick_and_place_simple-SoapBottle-None-GarbageCan-417/trial_T20190909_120106_745160/game.tw-pddl:0,12,12,False,2101
Adaptive v1,132,train:132:train/pick_and_place_simple-ToiletPaper-None-ToiletPaperHanger-421/trial_T20190906_182523_085136/game.tw-pddl:0,0,train:132:train/pick_and_place_simple-ToiletPaper-None-ToiletPaperHanger-421/trial_T20190906_182523_085136/game.tw-pddl:0,4,4,False,2102
Adaptive v1,132,train:132:train/pick_clean_then_place_in_recep-Fork-None-Drawer-8/trial_T20190908_132042_019953/game.tw-pddl:0,0,train:132:train/pick_clean_then_place_in_recep-Fork-None-Drawer-8/trial_T20190908_132042_019953/game.tw-pddl:0,7,7,False,2103
Adaptive v1,132,train:132:train/pick_clean_then_place_in_recep-Knife-None-Drawer-11/trial_T20190908_182855_044669/game.tw-pddl:0,0,train:132:train/pick_clean_then_place_in_recep-Knife-None-Drawer-11/trial_T20190908_182855_044669/game.tw-pddl:0,8,8,False,2104
Adaptive v1,132,train:132:train/pick_clean_then_place_in_recep-Potato-None-Microwave-11/trial_T20190908_220010_320199/game.tw-pddl:0,0,train:132:train/pick_clean_then_place_in_recep-Potato-None-Microwave-11/trial_T20190908_220010_320199/game.tw-pddl:0,8,30,True,2105
Adaptive v1,132,train:132:train/pick_clean_then_place_in_recep-Spoon-None-Drawer-8/trial_T20190907_152048_191327/game.tw-pddl:0,0,train:132:train/pick_clean_then_place_in_recep-Spoon-None-Drawer-8/trial_T20190907_152048_191327/game.tw-pddl:0,8,8,False,2106
Adaptive v1,132,train:132:train/pick_cool_then_place_in_recep-Bread-None-CounterTop-7/trial_T20190909_012427_332210/game.tw-pddl:0,0,train:132:train/pick_cool_then_place_in_recep-Bread-None-CounterTop-7/trial_T20190909_012427_332210/game.tw-pddl:0,8,8,False,2107
Adaptive v1,132,train:132:train/pick_cool_then_place_in_recep-Lettuce-None-DiningTable-26/trial_T20190906_200727_218138/game.tw-pddl:0,0,train:132:train/pick_cool_then_place_in_recep-Lettuce-None-DiningTable-26/trial_T20190906_200727_218138/game.tw-pddl:0,9,9,False,2108
Adaptive v1,132,train:132:train/pick_cool_then_place_in_recep-Pan-None-Cabinet-5/trial_T20190907_210845_687739/game.tw-pddl:0,0,train:132:train/pick_cool_then_place_in_recep-Pan-None-Cabinet-5/trial_T20190907_210845_687739/game.tw-pddl:0,7,30,True,2109
Adaptive v1,132,train:132:train/pick_heat_then_place_in_recep-Potato-None-GarbageCan-3/trial_T20190908_121700_859707/game.tw-pddl:0,0,train:132:train/pick_heat_then_place_in_recep-Potato-None-GarbageCan-3/trial_T20190908_121700_859707/game.tw-pddl:0,6,6,False,2110
Adaptive v1,132,train:132:train/pick_two_obj_and_place-Candle-None-Cabinet-402/trial_T20190909_084844_114031/game.tw-pddl:0,0,train:132:train/pick_two_obj_and_place-Candle-None-Cabinet-402/trial_T20190909_084844_114031/game.tw-pddl:0,9,30,True,2111
Adaptive v1,132,train:132:train/pick_two_obj_and_place-RemoteControl-None-ArmChair-217/trial_T20190909_115806_934559/game.tw-pddl:0,0,train:132:train/pick_two_obj_and_place-RemoteControl-None-ArmChair-217/trial_T20190909_115806_934559/game.tw-pddl:0,21,30,True,2112
Adaptive v1,133,train:133:train/look_at_obj_in_light-Book-None-DeskLamp-324/trial_T20190907_014417_271891/game.tw-pddl:0,0,train:133:train/look_at_obj_in_light-Book-None-DeskLamp-324/trial_T20190907_014417_271891/game.tw-pddl:0,8,8,False,2113
Adaptive v1,133,train:133:train/look_at_obj_in_light-Bowl-None-DeskLamp-301/trial_T20190909_150737_210323/game.tw-pddl:0,0,train:133:train/look_at_obj_in_light-Bowl-None-DeskLamp-301/trial_T20190909_150737_210323/game.tw-pddl:0,6,6,False,2114
Adaptive v1,133,train:133:train/look_at_obj_in_light-CellPhone-None-DeskLamp-320/trial_T20190908_093241_795263/game.tw-pddl:0,0,train:133:train/look_at_obj_in_light-CellPhone-None-DeskLamp-320/trial_T20190908_093241_795263/game.tw-pddl:0,14,14,False,2115
Adaptive v1,133,train:133:train/pick_and_place_simple-AlarmClock-None-Desk-314/trial_T20190908_185938_027368/game.tw-pddl:0,0,train:133:train/pick_and_place_simple-AlarmClock-None-Desk-314/trial_T20190908_185938_027368/game.tw-pddl:0,4,4,False,2116
Adaptive v1,133,train:133:train/pick_and_place_simple-Pen-None-Drawer-305/trial_T20190907_224041_853486/game.tw-pddl:0,0,train:133:train/pick_and_place_simple-Pen-None-Drawer-305/trial_T20190907_224041_853486/game.tw-pddl:0,5,5,False,2117
Adaptive v1,133,train:133:train/pick_clean_then_place_in_recep-ButterKnife-None-DiningTable-27/trial_T20190912_063708_012838/game.tw-pddl:0,0,train:133:train/pick_clean_then_place_in_recep-ButterKnife-None-DiningTable-27/trial_T20190912_063708_012838/game.tw-pddl:0,7,7,False,2118
Adaptive v1,133,train:133:train/pick_cool_then_place_in_recep-Mug-None-CoffeeMachine-19/trial_T20190907_162137_972674/game.tw-pddl:0,0,train:133:train/pick_cool_then_place_in_recep-Mug-None-CoffeeMachine-19/trial_T20190907_162137_972674/game.tw-pddl:0,14,30,True,2119
Adaptive v1,133,train:133:train/pick_cool_then_place_in_recep-Potato-None-Microwave-25/trial_T20190910_225453_476809/game.tw-pddl:0,0,train:133:train/pick_cool_then_place_in_recep-Potato-None-Microwave-25/trial_T20190910_225453_476809/game.tw-pddl:0,8,30,True,2120
Adaptive v1,133,train:133:train/pick_cool_then_place_in_recep-Potato-None-Microwave-5/trial_T20190909_102546_579154/game.tw-pddl:0,0,train:133:train/pick_cool_then_place_in_recep-Potato-None-Microwave-5/trial_T20190909_102546_579154/game.tw-pddl:0,14,30,True,2121
Adaptive v1,133,train:133:train/pick_heat_then_place_in_recep-Mug-None-CoffeeMachine-11/trial_T20190907_164431_737459/game.tw-pddl:0,0,train:133:train/pick_heat_then_place_in_recep-Mug-None-CoffeeMachine-11/trial_T20190907_164431_737459/game.tw-pddl:0,8,8,False,2122
Adaptive v1,133,train:133:train/pick_heat_then_place_in_recep-Mug-None-CoffeeMachine-13/trial_T20190908_185043_273617/game.tw-pddl:0,0,train:133:train/pick_heat_then_place_in_recep-Mug-None-CoffeeMachine-13/trial_T20190908_185043_273617/game.tw-pddl:0,6,6,False,2123
Adaptive v1,133,train:133:train/pick_heat_then_place_in_recep-Plate-None-Shelf-7/trial_T20190906_193846_907707/game.tw-pddl:0,0,train:133:train/pick_heat_then_place_in_recep-Plate-None-Shelf-7/trial_T20190906_193846_907707/game.tw-pddl:0,7,7,False,2124
Adaptive v1,133,train:133:train/pick_heat_then_place_in_recep-Tomato-None-CounterTop-20/trial_T20190909_041057_839855/game.tw-pddl:0,0,train:133:train/pick_heat_then_place_in_recep-Tomato-None-CounterTop-20/trial_T20190909_041057_839855/game.tw-pddl:0,6,6,False,2125
Adaptive v1,133,train:133:train/pick_heat_then_place_in_recep-Tomato-None-CounterTop-27/trial_T20190906_204151_271417/game.tw-pddl:0,0,train:133:train/pick_heat_then_place_in_recep-Tomato-None-CounterTop-27/trial_T20190906_204151_271417/game.tw-pddl:0,6,6,False,2126
Adaptive v1,133,train:133:train/pick_two_obj_and_place-Candle-None-Drawer-411/trial_T20190909_064620_649713/game.tw-pddl:0,0,train:133:train/pick_two_obj_and_place-Candle-None-Drawer-411/trial_T20190909_064620_649713/game.tw-pddl:0,9,9,False,2127
Adaptive v1,133,train:133:train/pick_two_obj_and_place-ToiletPaper-None-CounterTop-402/trial_T20190912_052310_164968/game.tw-pddl:0,0,train:133:train/pick_two_obj_and_place-ToiletPaper-None-CounterTop-402/trial_T20190912_052310_164968/game.tw-pddl:0,10,10,False,2128
Adaptive v1,134,train:134:train/pick_and_place_simple-CreditCard-None-Drawer-227/trial_T20190918_215750_186147/game.tw-pddl:0,0,train:134:train/pick_and_place_simple-CreditCard-None-Drawer-227/trial_T20190918_215750_186147/game.tw-pddl:0,5,5,False,2129
Adaptive v1,134,train:134:train/pick_and_place_simple-Pen-None-Shelf-330/trial_T20190908_145416_946403/game.tw-pddl:0,0,train:134:train/pick_and_place_simple-Pen-None-Shelf-330/trial_T20190908_145416_946403/game.tw-pddl:0,5,5,False,2130
Adaptive v1,134,train:134:train/pick_clean_then_place_in_recep-Kettle-None-DiningTable-15/trial_T20190909_151144_561657/game.tw-pddl:0,0,train:134:train/pick_clean_then_place_in_recep-Kettle-None-DiningTable-15/trial_T20190909_151144_561657/game.tw-pddl:0,17,17,False,2131
Adaptive v1,134,train:134:train/pick_clean_then_place_in_recep-Lettuce-None-SideTable-21/trial_T20190907_101234_922599/game.tw-pddl:0,0,train:134:train/pick_clean_then_place_in_recep-Lettuce-None-SideTable-21/trial_T20190907_101234_922599/game.tw-pddl:0,8,8,False,2132
Adaptive v1,134,train:134:train/pick_clean_then_place_in_recep-Pan-None-Fridge-13/trial_T20190908_084127_538881/game.tw-pddl:0,0,train:134:train/pick_clean_then_place_in_recep-Pan-None-Fridge-13/trial_T20190908_084127_538881/game.tw-pddl:0,12,30,True,2133
Adaptive v1,134,train:134:train/pick_clean_then_place_in_recep-SoapBar-None-CounterTop-428/trial_T20190908_185036_854945/game.tw-pddl:0,0,train:134:train/pick_clean_then_place_in_recep-SoapBar-None-CounterTop-428/trial_T20190908_185036_854945/game.tw-pddl:0,6,6,False,2134
Adaptive v1,134,train:134:train/pick_cool_then_place_in_recep-Bowl-None-Cabinet-19/trial_T20190908_043251_085703/game.tw-pddl:0,0,train:134:train/pick_cool_then_place_in_recep-Bowl-None-Cabinet-19/trial_T20190908_043251_085703/game.tw-pddl:0,14,30,True,2135
Adaptive v1,134,train:134:train/pick_cool_then_place_in_recep-Bowl-None-Shelf-1/trial_T20190907_073907_658108/game.tw-pddl:0,0,train:134:train/pick_cool_then_place_in_recep-Bowl-None-Shelf-1/trial_T20190907_073907_658108/game.tw-pddl:0,13,13,False,2136
Adaptive v1,134,train:134:train/pick_cool_then_place_in_recep-Bread-None-CounterTop-15/trial_T20190909_085448_256298/game.tw-pddl:0,0,train:134:train/pick_cool_then_place_in_recep-Bread-None-CounterTop-15/trial_T20190909_085448_256298/game.tw-pddl:0,7,7,False,2137
Adaptive v1,134,train:134:train/pick_heat_then_place_in_recep-Mug-None-CoffeeMachine-24/trial_T20190907_144840_098027/game.tw-pddl:0,0,train:134:train/pick_heat_then_place_in_recep-Mug-None-CoffeeMachine-24/trial_T20190907_144840_098027/game.tw-pddl:0,4,4,False,2138
Adaptive v1,134,train:134:train/pick_two_obj_and_place-CreditCard-None-ArmChair-207/trial_T20190906_201623_682219/game.tw-pddl:0,0,train:134:train/pick_two_obj_and_place-CreditCard-None-ArmChair-207/trial_T20190906_201623_682219/game.tw-pddl:0,19,19,False,2139
Adaptive v1,134,train:134:train/pick_two_obj_and_place-Pencil-None-Desk-303/trial_T20190908_220314_534721/game.tw-pddl:0,0,train:134:train/pick_two_obj_and_place-Pencil-None-Desk-303/trial_T20190908_220314_534721/game.tw-pddl:0,19,30,True,2140
Adaptive v1,134,train:134:train/pick_two_obj_and_place-Pencil-None-Desk-313/trial_T20190906_201014_115564/game.tw-pddl:0,0,train:134:train/pick_two_obj_and_place-Pencil-None-Desk-313/trial_T20190906_201014_115564/game.tw-pddl:0,8,8,False,2141
Adaptive v1,134,train:134:train/pick_two_obj_and_place-Pot-None-Shelf-1/trial_T20190907_210536_883114/game.tw-pddl:0,0,train:134:train/pick_two_obj_and_place-Pot-None-Shelf-1/trial_T20190907_210536_883114/game.tw-pddl:0,15,30,True,2142
Adaptive v1,134,train:134:train/pick_two_obj_and_place-SprayBottle-None-GarbageCan-423/trial_T20190909_013052_795655/game.tw-pddl:0,0,train:134:train/pick_two_obj_and_place-SprayBottle-None-GarbageCan-423/trial_T20190909_013052_795655/game.tw-pddl:0,9,9,False,2143
Adaptive v1,134,train:134:train/pick_two_obj_and_place-ToiletPaper-None-Drawer-413/trial_T20190908_004844_910818/game.tw-pddl:0,0,train:134:train/pick_two_obj_and_place-ToiletPaper-None-Drawer-413/trial_T20190908_004844_910818/game.tw-pddl:0,20,30,True,2144
Adaptive v1,135,train:135:train/look_at_obj_in_light-Book-None-DeskLamp-307/trial_T20190908_062847_269349/game.tw-pddl:0,0,train:135:train/look_at_obj_in_light-Book-None-DeskLamp-307/trial_T20190908_062847_269349/game.tw-pddl:0,4,4,False,2145
Adaptive v1,135,train:135:train/look_at_obj_in_light-Pillow-None-DeskLamp-309/trial_T20190908_113820_480741/game.tw-pddl:0,0,train:135:train/look_at_obj_in_light-Pillow-None-DeskLamp-309/trial_T20190908_113820_480741/game.tw-pddl:0,6,8,False,2146
Adaptive v1,135,train:135:train/pick_and_place_simple-CD-None-SideTable-329/trial_T20190908_002257_064845/game.tw-pddl:0,0,train:135:train/pick_and_place_simple-CD-None-SideTable-329/trial_T20190908_002257_064845/game.tw-pddl:0,4,4,False,2147
Adaptive v1,135,train:135:train/pick_and_place_simple-CellPhone-None-Shelf-313/trial_T20190908_123725_452958/game.tw-pddl:0,0,train:135:train/pick_and_place_simple-CellPhone-None-Shelf-313/trial_T20190908_123725_452958/game.tw-pddl:0,21,21,False,2148
Adaptive v1,135,train:135:train/pick_and_place_simple-DishSponge-None-Cabinet-5/trial_T20190906_192854_230657/game.tw-pddl:0,0,train:135:train/pick_and_place_simple-DishSponge-None-Cabinet-5/trial_T20190906_192854_230657/game.tw-pddl:0,5,5,False,2149
Adaptive v1,135,train:135:train/pick_and_place_simple-ToiletPaper-None-ToiletPaperHanger-428/trial_T20190909_053523_986414/game.tw-pddl:0,0,train:135:train/pick_and_place_simple-ToiletPaper-None-ToiletPaperHanger-428/trial_T20190909_053523_986414/game.tw-pddl:0,4,4,False,2150
Adaptive v1,135,train:135:train/pick_clean_then_place_in_recep-ButterKnife-None-CounterTop-12/trial_T20190909_105721_508235/game.tw-pddl:0,0,train:135:train/pick_clean_then_place_in_recep-ButterKnife-None-CounterTop-12/trial_T20190909_105721_508235/game.tw-pddl:0,6,6,False,2151
Adaptive v1,135,train:135:train/pick_clean_then_place_in_recep-DishSponge-None-Drawer-430/trial_T20190908_122230_051247/game.tw-pddl:0,0,train:135:train/pick_clean_then_place_in_recep-DishSponge-None-Drawer-430/trial_T20190908_122230_051247/game.tw-pddl:0,7,7,False,2152
Adaptive v1,135,train:135:train/pick_clean_then_place_in_recep-Mug-None-CoffeeMachine-11/trial_T20190909_100519_428325/game.tw-pddl:0,0,train:135:train/pick_clean_then_place_in_recep-Mug-None-CoffeeMachine-11/trial_T20190909_100519_428325/game.tw-pddl:0,6,6,False,2153
Adaptive v1,135,train:135:train/pick_clean_then_place_in_recep-Pot-None-Shelf-1/trial_T20190908_145243_949385/game.tw-pddl:0,0,train:135:train/pick_clean_then_place_in_recep-Pot-None-Shelf-1/trial_T20190908_145243_949385/game.tw-pddl:0,15,30,True,2154
Adaptive v1,135,train:135:train/pick_heat_then_place_in_recep-Egg-None-Fridge-14/trial_T20190909_091242_721609/game.tw-pddl:0,0,train:135:train/pick_heat_then_place_in_recep-Egg-None-Fridge-14/trial_T20190909_091242_721609/game.tw-pddl:0,7,7,False,2155
Adaptive v1,135,train:135:train/pick_heat_then_place_in_recep-Potato-None-SideTable-3/trial_T20190909_050408_729839/game.tw-pddl:0,0,train:135:train/pick_heat_then_place_in_recep-Potato-None-SideTable-3/trial_T20190909_050408_729839/game.tw-pddl:0,6,6,False,2156
Adaptive v1,135,train:135:train/pick_two_obj_and_place-CellPhone-None-Sofa-218/trial_T20190907_231928_721968/game.tw-pddl:0,0,train:135:train/pick_two_obj_and_place-CellPhone-None-Sofa-218/trial_T20190907_231928_721968/game.tw-pddl:0,8,8,False,2157
Adaptive v1,135,train:135:train/pick_two_obj_and_place-KeyChain-None-Dresser-318/trial_T20190910_122758_510336/game.tw-pddl:0,0,train:135:train/pick_two_obj_and_place-KeyChain-None-Dresser-318/trial_T20190910_122758_510336/game.tw-pddl:0,19,30,True,2158
Adaptive v1,135,train:135:train/pick_two_obj_and_place-Newspaper-None-Sofa-218/trial_T20190907_204014_431529/game.tw-pddl:0,0,train:135:train/pick_two_obj_and_place-Newspaper-None-Sofa-218/trial_T20190907_204014_431529/game.tw-pddl:0,10,10,False,2159
Adaptive v1,135,train:135:train/pick_two_obj_and_place-RemoteControl-None-Sofa-228/trial_T20190908_133012_737980/game.tw-pddl:0,0,train:135:train/pick_two_obj_and_place-RemoteControl-None-Sofa-228/trial_T20190908_133012_737980/game.tw-pddl:0,10,10,False,2160
Adaptive v1,136,train:136:train/look_at_obj_in_light-CellPhone-None-DeskLamp-316/trial_T20190907_075509_267502/game.tw-pddl:0,0,train:136:train/look_at_obj_in_light-CellPhone-None-DeskLamp-316/trial_T20190907_075509_267502/game.tw-pddl:0,3,3,False,2161
Adaptive v1,136,train:136:train/look_at_obj_in_light-Newspaper-None-DeskLamp-218/trial_T20190909_045123_249769/game.tw-pddl:0,0,train:136:train/look_at_obj_in_light-Newspaper-None-DeskLamp-218/trial_T20190909_045123_249769/game.tw-pddl:0,5,5,False,2162
Adaptive v1,136,train:136:train/look_at_obj_in_light-Statue-None-DeskLamp-216/trial_T20190909_082906_860462/game.tw-pddl:0,0,train:136:train/look_at_obj_in_light-Statue-None-DeskLamp-216/trial_T20190909_082906_860462/game.tw-pddl:0,23,30,True,2163
Adaptive v1,136,train:136:train/pick_and_place_simple-Egg-None-Microwave-4/trial_T20190906_234424_765112/game.tw-pddl:0,0,train:136:train/pick_and_place_simple-Egg-None-Microwave-4/trial_T20190906_234424_765112/game.tw-pddl:0,5,5,False,2164
Adaptive v1,136,train:136:train/pick_and_place_simple-HandTowel-None-CounterTop-416/trial_T20190909_045221_760575/game.tw-pddl:0,0,train:136:train/pick_and_place_simple-HandTowel-None-CounterTop-416/trial_T20190909_045221_760575/game.tw-pddl:0,4,4,False,2165
Adaptive v1,136,train:136:train/pick_and_place_simple-KeyChain-None-CoffeeTable-227/trial_T20190907_162007_533707/game.tw-pddl:0,0,train:136:train/pick_and_place_simple-KeyChain-None-CoffeeTable-227/trial_T20190907_162007_533707/game.tw-pddl:0,10,10,False,2166
Adaptive v1,136,train:136:train/pick_clean_then_place_in_recep-Apple-None-Fridge-27/trial_T20190906_220905_507442/game.tw-pddl:0,0,train:136:train/pick_clean_then_place_in_recep-Apple-None-Fridge-27/trial_T20190906_220905_507442/game.tw-pddl:0,16,30,True,2167
Adaptive v1,136,train:136:train/pick_clean_then_place_in_recep-Fork-None-SideTable-21/trial_T20190909_041423_781798/game.tw-pddl:0,0,train:136:train/pick_clean_then_place_in_recep-Fork-None-SideTable-21/trial_T20190909_041423_781798/game.tw-pddl:0,8,8,False,2168
Adaptive v1,136,train:136:train/pick_clean_then_place_in_recep-Knife-None-DiningTable-23/trial_T20190908_142059_634306/game.tw-pddl:0,0,train:136:train/pick_clean_then_place_in_recep-Knife-None-DiningTable-23/trial_T20190908_142059_634306/game.tw-pddl:0,11,12,False,2169
Adaptive v1,136,train:136:train/pick_cool_then_place_in_recep-Bread-None-CounterTop-17/trial_T20190907_150853_448489/game.tw-pddl:0,0,train:136:train/pick_cool_then_place_in_recep-Bread-None-CounterTop-17/trial_T20190907_150853_448489/game.tw-pddl:0,7,30,True,2170
Adaptive v1,136,train:136:train/pick_cool_then_place_in_recep-Bread-None-CounterTop-25/trial_T20190906_203202_877300/game.tw-pddl:0,0,train:136:train/pick_cool_then_place_in_recep-Bread-None-CounterTop-25/trial_T20190906_203202_877300/game.tw-pddl:0,6,6,False,2171
Adaptive v1,136,train:136:train/pick_cool_then_place_in_recep-Mug-None-CoffeeMachine-5/trial_T20190908_170305_166722/game.tw-pddl:0,0,train:136:train/pick_cool_then_place_in_recep-Mug-None-CoffeeMachine-5/trial_T20190908_170305_166722/game.tw-pddl:0,8,8,False,2172
Adaptive v1,136,train:136:train/pick_cool_then_place_in_recep-Plate-None-Shelf-1/trial_T20190908_224123_748784/game.tw-pddl:0,0,train:136:train/pick_cool_then_place_in_recep-Plate-None-Shelf-1/trial_T20190908_224123_748784/game.tw-pddl:0,7,7,False,2173
Adaptive v1,136,train:136:train/pick_heat_then_place_in_recep-Mug-None-CoffeeMachine-24/trial_T20190907_144720_997810/game.tw-pddl:0,0,train:136:train/pick_heat_then_place_in_recep-Mug-None-CoffeeMachine-24/trial_T20190907_144720_997810/game.tw-pddl:0,4,4,False,2174
Adaptive v1,136,train:136:train/pick_two_obj_and_place-Candle-None-Drawer-427/trial_T20190909_043851_831379/game.tw-pddl:0,0,train:136:train/pick_two_obj_and_place-Candle-None-Drawer-427/trial_T20190909_043851_831379/game.tw-pddl:0,10,10,False,2175
Adaptive v1,136,train:136:train/pick_two_obj_and_place-HandTowel-None-Toilet-409/trial_T20190909_081043_762420/game.tw-pddl:0,0,train:136:train/pick_two_obj_and_place-HandTowel-None-Toilet-409/trial_T20190909_081043_762420/game.tw-pddl:0,8,8,False,2176
Adaptive v1,137,train:137:train/pick_and_place_simple-Candle-None-Toilet-419/trial_T20190907_194433_810530/game.tw-pddl:0,0,train:137:train/pick_and_place_simple-Candle-None-Toilet-419/trial_T20190907_194433_810530/game.tw-pddl:0,4,4,False,2177
Adaptive v1,137,train:137:train/pick_and_place_simple-Newspaper-None-Sofa-224/trial_T20190909_111201_894666/game.tw-pddl:0,0,train:137:train/pick_and_place_simple-Newspaper-None-Sofa-224/trial_T20190909_111201_894666/game.tw-pddl:0,4,4,False,2178
Adaptive v1,137,train:137:train/pick_and_place_simple-Newspaper-None-Sofa-224/trial_T20190909_111228_873546/game.tw-pddl:0,0,train:137:train/pick_and_place_simple-Newspaper-None-Sofa-224/trial_T20190909_111228_873546/game.tw-pddl:0,4,4,False,2179
Adaptive v1,137,train:137:train/pick_clean_then_place_in_recep-Bowl-None-DiningTable-23/trial_T20190907_221803_588693/game.tw-pddl:0,0,train:137:train/pick_clean_then_place_in_recep-Bowl-None-DiningTable-23/trial_T20190907_221803_588693/game.tw-pddl:0,6,6,False,2180
Adaptive v1,137,train:137:train/pick_cool_then_place_in_recep-Bread-None-CounterTop-16/trial_T20190907_221816_384897/game.tw-pddl:0,0,train:137:train/pick_cool_then_place_in_recep-Bread-None-CounterTop-16/trial_T20190907_221816_384897/game.tw-pddl:0,7,7,False,2181
Adaptive v1,137,train:137:train/pick_cool_then_place_in_recep-Pot-None-Cabinet-5/trial_T20190906_235508_226899/game.tw-pddl:0,0,train:137:train/pick_cool_then_place_in_recep-Pot-None-Cabinet-5/trial_T20190906_235508_226899/game.tw-pddl:0,12,12,False,2182
Adaptive v1,137,train:137:train/pick_cool_then_place_in_recep-Potato-None-CounterTop-14/trial_T20190908_053544_835832/game.tw-pddl:0,0,train:137:train/pick_cool_then_place_in_recep-Potato-None-CounterTop-14/trial_T20190908_053544_835832/game.tw-pddl:0,9,9,False,2183
Adaptive v1,137,train:137:train/pick_cool_then_place_in_recep-Tomato-None-CounterTop-11/trial_T20190908_073503_844263/game.tw-pddl:0,0,train:137:train/pick_cool_then_place_in_recep-Tomato-None-CounterTop-11/trial_T20190908_073503_844263/game.tw-pddl:0,9,9,False,2184
Adaptive v1,137,train:137:train/pick_cool_then_place_in_recep-WineBottle-None-GarbageCan-17/trial_T20190907_144031_217697/game.tw-pddl:0,0,train:137:train/pick_cool_then_place_in_recep-WineBottle-None-GarbageCan-17/trial_T20190907_144031_217697/game.tw-pddl:0,7,7,False,2185
Adaptive v1,137,train:137:train/pick_heat_then_place_in_recep-Bread-None-DiningTable-15/trial_T20190907_030821_134146/game.tw-pddl:0,0,train:137:train/pick_heat_then_place_in_recep-Bread-None-DiningTable-15/trial_T20190907_030821_134146/game.tw-pddl:0,8,8,False,2186
Adaptive v1,137,train:137:train/pick_heat_then_place_in_recep-Cup-None-Cabinet-15/trial_T20190908_055452_814733/game.tw-pddl:0,0,train:137:train/pick_heat_then_place_in_recep-Cup-None-Cabinet-15/trial_T20190908_055452_814733/game.tw-pddl:0,18,30,True,2187
Adaptive v1,137,train:137:train/pick_heat_then_place_in_recep-Potato-None-DiningTable-11/trial_T20190909_101238_901434/game.tw-pddl:0,0,train:137:train/pick_heat_then_place_in_recep-Potato-None-DiningTable-11/trial_T20190909_101238_901434/game.tw-pddl:0,6,6,False,2188
Adaptive v1,137,train:137:train/pick_heat_then_place_in_recep-Potato-None-DiningTable-11/trial_T20190909_101318_361403/game.tw-pddl:0,0,train:137:train/pick_heat_then_place_in_recep-Potato-None-DiningTable-11/trial_T20190909_101318_361403/game.tw-pddl:0,9,9,False,2189
Adaptive v1,137,train:137:train/pick_two_obj_and_place-Book-None-Bed-316/trial_T20190909_035400_112966/game.tw-pddl:0,0,train:137:train/pick_two_obj_and_place-Book-None-Bed-316/trial_T20190909_035400_112966/game.tw-pddl:0,9,9,False,2190
Adaptive v1,137,train:137:train/pick_two_obj_and_place-Book-None-Dresser-317/trial_T20190910_180514_095493/game.tw-pddl:0,0,train:137:train/pick_two_obj_and_place-Book-None-Dresser-317/trial_T20190910_180514_095493/game.tw-pddl:0,22,30,True,2191
Adaptive v1,137,train:137:train/pick_two_obj_and_place-Watch-None-Shelf-326/trial_T20190906_201446_524359/game.tw-pddl:0,0,train:137:train/pick_two_obj_and_place-Watch-None-Shelf-326/trial_T20190906_201446_524359/game.tw-pddl:0,21,30,True,2192
Adaptive v1,138,train:138:train/look_at_obj_in_light-Newspaper-None-DeskLamp-216/trial_T20190908_082412_778374/game.tw-pddl:0,0,train:138:train/look_at_obj_in_light-Newspaper-None-DeskLamp-216/trial_T20190908_082412_778374/game.tw-pddl:0,6,6,False,2193
Adaptive v1,138,train:138:train/look_at_obj_in_light-Pillow-None-DeskLamp-316/trial_T20190908_232351_848868/game.tw-pddl:0,0,train:138:train/look_at_obj_in_light-Pillow-None-DeskLamp-316/trial_T20190908_232351_848868/game.tw-pddl:0,5,30,True,2194
Adaptive v1,138,train:138:train/look_at_obj_in_light-Pillow-None-DeskLamp-320/trial_T20190906_225859_247598/game.tw-pddl:0,0,train:138:train/look_at_obj_in_light-Pillow-None-DeskLamp-320/trial_T20190906_225859_247598/game.tw-pddl:0,7,7,False,2195
Adaptive v1,138,train:138:train/pick_and_place_simple-KeyChain-None-ArmChair-318/trial_T20190909_114611_014873/game.tw-pddl:0,0,train:138:train/pick_and_place_simple-KeyChain-None-ArmChair-318/trial_T20190909_114611_014873/game.tw-pddl:0,5,5,False,2196
Adaptive v1,138,train:138:train/pick_and_place_simple-RemoteControl-None-ArmChair-230/trial_T20190909_020906_064567/game.tw-pddl:0,0,train:138:train/pick_and_place_simple-RemoteControl-None-ArmChair-230/trial_T20190909_020906_064567/game.tw-pddl:0,4,4,False,2197
Adaptive v1,138,train:138:train/pick_clean_then_place_in_recep-Kettle-None-StoveBurner-18/trial_T20190907_154333_157059/game.tw-pddl:0,0,train:138:train/pick_clean_then_place_in_recep-Kettle-None-StoveBurner-18/trial_T20190907_154333_157059/game.tw-pddl:0,15,30,True,2198
Adaptive v1,138,train:138:train/pick_clean_then_place_in_recep-Ladle-None-DiningTable-20/trial_T20190909_212258_139668/game.tw-pddl:0,0,train:138:train/pick_clean_then_place_in_recep-Ladle-None-DiningTable-20/trial_T20190909_212258_139668/game.tw-pddl:0,9,11,False,2199
Adaptive v1,138,train:138:train/pick_clean_then_place_in_recep-Plate-None-CounterTop-19/trial_T20190908_212652_808906/game.tw-pddl:0,0,train:138:train/pick_clean_then_place_in_recep-Plate-None-CounterTop-19/trial_T20190908_212652_808906/game.tw-pddl:0,10,10,False,2200
Adaptive v1,138,train:138:train/pick_clean_then_place_in_recep-Spoon-None-CounterTop-8/trial_T20190908_224650_634381/game.tw-pddl:0,0,train:138:train/pick_clean_then_place_in_recep-Spoon-None-CounterTop-8/trial_T20190908_224650_634381/game.tw-pddl:0,7,7,False,2201
Adaptive v1,138,train:138:train/pick_cool_then_place_in_recep-Apple-None-Microwave-6/trial_T20190908_114123_087113/game.tw-pddl:0,0,train:138:train/pick_cool_then_place_in_recep-Apple-None-Microwave-6/trial_T20190908_114123_087113/game.tw-pddl:0,8,30,True,2202
Adaptive v1,138,train:138:train/pick_cool_then_place_in_recep-WineBottle-None-GarbageCan-16/trial_T20190907_014947_369000/game.tw-pddl:0,0,train:138:train/pick_cool_then_place_in_recep-WineBottle-None-GarbageCan-16/trial_T20190907_014947_369000/game.tw-pddl:0,6,6,False,2203
Adaptive v1,138,train:138:train/pick_heat_then_place_in_recep-Egg-None-GarbageCan-5/trial_T20190906_190505_376018/game.tw-pddl:0,0,train:138:train/pick_heat_then_place_in_recep-Egg-None-GarbageCan-5/trial_T20190906_190505_376018/game.tw-pddl:0,10,10,False,2204
Adaptive v1,138,train:138:train/pick_heat_then_place_in_recep-Tomato-None-Fridge-19/trial_T20190909_152149_800170/game.tw-pddl:0,0,train:138:train/pick_heat_then_place_in_recep-Tomato-None-Fridge-19/trial_T20190909_152149_800170/game.tw-pddl:0,8,8,False,2205
Adaptive v1,138,train:138:train/pick_two_obj_and_place-CreditCard-None-Sofa-216/trial_T20190909_145949_254918/game.tw-pddl:0,0,train:138:train/pick_two_obj_and_place-CreditCard-None-Sofa-216/trial_T20190909_145949_254918/game.tw-pddl:0,13,30,True,2206
Adaptive v1,138,train:138:train/pick_two_obj_and_place-RemoteControl-None-ArmChair-224/trial_T20190908_140940_290533/game.tw-pddl:0,0,train:138:train/pick_two_obj_and_place-RemoteControl-None-ArmChair-224/trial_T20190908_140940_290533/game.tw-pddl:0,16,30,True,2207
Adaptive v1,138,train:138:train/pick_two_obj_and_place-SprayBottle-None-GarbageCan-418/trial_T20190909_071739_357749/game.tw-pddl:0,0,train:138:train/pick_two_obj_and_place-SprayBottle-None-GarbageCan-418/trial_T20190909_071739_357749/game.tw-pddl:0,8,8,False,2208
Adaptive v1,139,train:139:train/pick_and_place_simple-Laptop-None-Desk-306/trial_T20190909_074957_218283/game.tw-pddl:0,0,train:139:train/pick_and_place_simple-Laptop-None-Desk-306/trial_T20190909_074957_218283/game.tw-pddl:0,17,30,True,2209
Adaptive v1,139,train:139:train/pick_and_place_simple-ToiletPaper-None-ToiletPaperHanger-427/trial_T20190908_121643_062365/game.tw-pddl:0,0,train:139:train/pick_and_place_simple-ToiletPaper-None-ToiletPaperHanger-427/trial_T20190908_121643_062365/game.tw-pddl:0,4,4,False,2210
Adaptive v1,139,train:139:train/pick_clean_then_place_in_recep-Cloth-None-Shelf-415/trial_T20190908_234737_125816/game.tw-pddl:0,0,train:139:train/pick_clean_then_place_in_recep-Cloth-None-Shelf-415/trial_T20190908_234737_125816/game.tw-pddl:0,6,30,True,2211
Adaptive v1,139,train:139:train/pick_clean_then_place_in_recep-Fork-None-SideTable-3/trial_T20190908_044107_458160/game.tw-pddl:0,0,train:139:train/pick_clean_then_place_in_recep-Fork-None-SideTable-3/trial_T20190908_044107_458160/game.tw-pddl:0,6,6,False,2212
Adaptive v1,139,train:139:train/pick_clean_then_place_in_recep-Ladle-None-Drawer-27/trial_T20190906_211454_169080/game.tw-pddl:0,0,train:139:train/pick_clean_then_place_in_recep-Ladle-None-Drawer-27/trial_T20190906_211454_169080/game.tw-pddl:0,7,7,False,2213
Adaptive v1,139,train:139:train/pick_cool_then_place_in_recep-Lettuce-None-DiningTable-26/trial_T20190906_200818_167561/game.tw-pddl:0,0,train:139:train/pick_cool_then_place_in_recep-Lettuce-None-DiningTable-26/trial_T20190906_200818_167561/game.tw-pddl:0,7,7,False,2214
Adaptive v1,139,train:139:train/pick_heat_then_place_in_recep-Cup-None-CounterTop-22/trial_T20190909_023638_397924/game.tw-pddl:0,0,train:139:train/pick_heat_then_place_in_recep-Cup-None-CounterTop-22/trial_T20190909_023638_397924/game.tw-pddl:0,7,7,False,2215
Adaptive v1,139,train:139:train/pick_two_obj_and_place-Candle-None-Drawer-409/trial_T20190909_060330_417076/game.tw-pddl:0,0,train:139:train/pick_two_obj_and_place-Candle-None-Drawer-409/trial_T20190909_060330_417076/game.tw-pddl:0,12,30,True,2216
Adaptive v1,139,train:139:train/pick_two_obj_and_place-Cloth-None-Shelf-415/trial_T20190908_112333_938142/game.tw-pddl:0,0,train:139:train/pick_two_obj_and_place-Cloth-None-Shelf-415/trial_T20190908_112333_938142/game.tw-pddl:0,8,8,False,2217
Adaptive v1,139,train:139:train/pick_two_obj_and_place-DishSponge-None-Cart-401/trial_T20190909_041313_714283/game.tw-pddl:0,0,train:139:train/pick_two_obj_and_place-DishSponge-None-Cart-401/trial_T20190909_041313_714283/game.tw-pddl:0,15,15,False,2218
Adaptive v1,139,train:139:train/pick_two_obj_and_place-KeyChain-None-Safe-204/trial_T20190906_190138_748596/game.tw-pddl:0,0,train:139:train/pick_two_obj_and_place-KeyChain-None-Safe-204/trial_T20190906_190138_748596/game.tw-pddl:0,19,30,True,2219
Adaptive v1,139,train:139:train/pick_two_obj_and_place-Plate-None-CoffeeTable-218/trial_T20190907_220626_298465/game.tw-pddl:0,0,train:139:train/pick_two_obj_and_place-Plate-None-CoffeeTable-218/trial_T20190907_220626_298465/game.tw-pddl:0,9,9,False,2220
Adaptive v1,139,train:139:train/pick_two_obj_and_place-SaltShaker-None-Drawer-12/trial_T20190907_175233_453383/game.tw-pddl:0,0,train:139:train/pick_two_obj_and_place-SaltShaker-None-Drawer-12/trial_T20190907_175233_453383/game.tw-pddl:0,15,30,True,2221
Adaptive v1,139,train:139:train/pick_two_obj_and_place-SoapBottle-None-Drawer-423/trial_T20190909_080613_840469/game.tw-pddl:0,0,train:139:train/pick_two_obj_and_place-SoapBottle-None-Drawer-423/trial_T20190909_080613_840469/game.tw-pddl:0,9,30,True,2222
Adaptive v1,139,train:139:train/pick_two_obj_and_place-SprayBottle-None-Dresser-413/trial_T20190906_193350_794065/game.tw-pddl:0,0,train:139:train/pick_two_obj_and_place-SprayBottle-None-Dresser-413/trial_T20190906_193350_794065/game.tw-pddl:0,20,30,True,2223
Adaptive v1,139,train:139:train/pick_two_obj_and_place-Statue-None-SideTable-214/trial_T20190909_065635_751813/game.tw-pddl:0,0,train:139:train/pick_two_obj_and_place-Statue-None-SideTable-214/trial_T20190909_065635_751813/game.tw-pddl:0,9,9,False,2224
Adaptive v1,140,train:140:train/pick_and_place_simple-Book-None-ArmChair-318/trial_T20190909_113023_560549/game.tw-pddl:0,0,train:140:train/pick_and_place_simple-Book-None-ArmChair-318/trial_T20190909_113023_560549/game.tw-pddl:0,5,5,False,2225
Adaptive v1,140,train:140:train/pick_and_place_simple-Bread-None-Microwave-15/trial_T20190907_040949_061246/game.tw-pddl:0,0,train:140:train/pick_and_place_simple-Bread-None-Microwave-15/trial_T20190907_040949_061246/game.tw-pddl:0,5,5,False,2226
Adaptive v1,140,train:140:train/pick_and_place_simple-Candle-None-Dresser-413/trial_T20190909_040707_760902/game.tw-pddl:0,0,train:140:train/pick_and_place_simple-Candle-None-Dresser-413/trial_T20190909_040707_760902/game.tw-pddl:0,15,15,False,2227
Adaptive v1,140,train:140:train/pick_and_place_simple-CellPhone-None-Desk-327/trial_T20190907_162420_449542/game.tw-pddl:0,0,train:140:train/pick_and_place_simple-CellPhone-None-Desk-327/trial_T20190907_162420_449542/game.tw-pddl:0,4,4,False,2228
Adaptive v1,140,train:140:train/pick_and_place_simple-HandTowel-None-GarbageCan-420/trial_T20190908_153305_392513/game.tw-pddl:0,0,train:140:train/pick_and_place_simple-HandTowel-None-GarbageCan-420/trial_T20190908_153305_392513/game.tw-pddl:0,4,4,False,2229
Adaptive v1,140,train:140:train/pick_and_place_simple-KeyChain-None-Desk-310/trial_T20190908_125324_094909/game.tw-pddl:0,0,train:140:train/pick_and_place_simple-KeyChain-None-Desk-310/trial_T20190908_125324_094909/game.tw-pddl:0,4,4,False,2230
Adaptive v1,140,train:140:train/pick_and_place_simple-Laptop-None-Ottoman-203/trial_T20190908_110656_971485/game.tw-pddl:0,0,train:140:train/pick_and_place_simple-Laptop-None-Ottoman-203/trial_T20190908_110656_971485/game.tw-pddl:0,5,5,False,2231
Adaptive v1,140,train:140:train/pick_and_place_simple-ToiletPaper-None-ToiletPaperHanger-430/trial_T20190908_102045_139402/game.tw-pddl:0,0,train:140:train/pick_and_place_simple-ToiletPaper-None-ToiletPaperHanger-430/trial_T20190908_102045_139402/game.tw-pddl:0,4,4,False,2232
Adaptive v1,140,train:140:train/pick_clean_then_place_in_recep-Bowl-None-DiningTable-23/trial_T20190907_221735_616141/game.tw-pddl:0,0,train:140:train/pick_clean_then_place_in_recep-Bowl-None-DiningTable-23/trial_T20190907_221735_616141/game.tw-pddl:0,8,8,False,2233
Adaptive v1,140,train:140:train/pick_clean_then_place_in_recep-Fork-None-Drawer-25/trial_T20190909_152836_363850/game.tw-pddl:0,0,train:140:train/pick_clean_then_place_in_recep-Fork-None-Drawer-25/trial_T20190909_152836_363850/game.tw-pddl:0,7,7,False,2234
Adaptive v1,140,train:140:train/pick_clean_then_place_in_recep-Kettle-None-StoveBurner-18/trial_T20190907_153921_393288/game.tw-pddl:0,0,train:140:train/pick_clean_then_place_in_recep-Kettle-None-StoveBurner-18/trial_T20190907_153921_393288/game.tw-pddl:0,6,6,False,2235
Adaptive v1,140,train:140:train/pick_clean_then_place_in_recep-Lettuce-None-Fridge-4/trial_T20190907_163732_359902/game.tw-pddl:0,0,train:140:train/pick_clean_then_place_in_recep-Lettuce-None-Fridge-4/trial_T20190907_163732_359902/game.tw-pddl:0,7,7,False,2236
Adaptive v1,140,train:140:train/pick_clean_then_place_in_recep-SoapBar-None-Toilet-429/trial_T20190906_222344_438646/game.tw-pddl:0,0,train:140:train/pick_clean_then_place_in_recep-SoapBar-None-Toilet-429/trial_T20190906_222344_438646/game.tw-pddl:0,7,7,False,2237
Adaptive v1,140,train:140:train/pick_cool_then_place_in_recep-Mug-None-Shelf-1/trial_T20190908_073555_430020/game.tw-pddl:0,0,train:140:train/pick_cool_then_place_in_recep-Mug-None-Shelf-1/trial_T20190908_073555_430020/game.tw-pddl:0,7,7,False,2238
Adaptive v1,140,train:140:train/pick_cool_then_place_in_recep-Pan-None-StoveBurner-27/trial_T20190906_212820_391099/game.tw-pddl:0,0,train:140:train/pick_cool_then_place_in_recep-Pan-None-StoveBurner-27/trial_T20190906_212820_391099/game.tw-pddl:0,17,30,True,2239
Adaptive v1,140,train:140:train/pick_heat_then_place_in_recep-Egg-None-GarbageCan-8/trial_T20190909_120617_866099/game.tw-pddl:0,0,train:140:train/pick_heat_then_place_in_recep-Egg-None-GarbageCan-8/trial_T20190909_120617_866099/game.tw-pddl:0,11,11,False,2240
Adaptive v1,141,train:141:train/look_at_obj_in_light-Book-None-DeskLamp-316/trial_T20190908_101915_421195/game.tw-pddl:0,0,train:141:train/look_at_obj_in_light-Book-None-DeskLamp-316/trial_T20190908_101915_421195/game.tw-pddl:0,3,3,False,2241
Adaptive v1,141,train:141:train/pick_and_place_simple-Book-None-Cabinet-310/trial_T20190908_154212_187931/game.tw-pddl:0,0,train:141:train/pick_and_place_simple-Book-None-Cabinet-310/trial_T20190908_154212_187931/game.tw-pddl:0,5,5,False,2242
Adaptive v1,141,train:141:train/pick_and_place_simple-KeyChain-None-Sofa-225/trial_T20190908_131143_093789/game.tw-pddl:0,0,train:141:train/pick_and_place_simple-KeyChain-None-Sofa-225/trial_T20190908_131143_093789/game.tw-pddl:0,4,4,False,2243
Adaptive v1,141,train:141:train/pick_clean_then_place_in_recep-Cloth-None-Drawer-410/trial_T20190908_122837_611974/game.tw-pddl:0,0,train:141:train/pick_clean_then_place_in_recep-Cloth-None-Drawer-410/trial_T20190908_122837_611974/game.tw-pddl:0,7,30,True,2244
Adaptive v1,141,train:141:train/pick_clean_then_place_in_recep-Cloth-None-Toilet-408/trial_T20190906_221232_742691/game.tw-pddl:0,0,train:141:train/pick_clean_then_place_in_recep-Cloth-None-Toilet-408/trial_T20190906_221232_742691/game.tw-pddl:0,14,21,False,2245
Adaptive v1,141,train:141:train/pick_clean_then_place_in_recep-DishSponge-None-Shelf-20/trial_T20190907_222533_872510/game.tw-pddl:0,0,train:141:train/pick_clean_then_place_in_recep-DishSponge-None-Shelf-20/trial_T20190907_222533_872510/game.tw-pddl:0,6,6,False,2246
Adaptive v1,141,train:141:train/pick_clean_then_place_in_recep-Egg-None-GarbageCan-11/trial_T20190906_180944_590665/game.tw-pddl:0,0,train:141:train/pick_clean_then_place_in_recep-Egg-None-GarbageCan-11/trial_T20190906_180944_590665/game.tw-pddl:0,6,30,True,2247
Adaptive v1,141,train:141:train/pick_clean_then_place_in_recep-Kettle-None-DiningTable-18/trial_T20190908_085241_025765/game.tw-pddl:0,0,train:141:train/pick_clean_then_place_in_recep-Kettle-None-DiningTable-18/trial_T20190908_085241_025765/game.tw-pddl:0,7,8,False,2248
Adaptive v1,141,train:141:train/pick_clean_then_place_in_recep-Ladle-None-Drawer-30/trial_T20190907_194033_752745/game.tw-pddl:0,0,train:141:train/pick_clean_then_place_in_recep-Ladle-None-Drawer-30/trial_T20190907_194033_752745/game.tw-pddl:0,8,8,False,2249
Adaptive v1,141,train:141:train/pick_clean_then_place_in_recep-Spoon-None-SideTable-3/trial_T20190918_162452_302902/game.tw-pddl:0,0,train:141:train/pick_clean_then_place_in_recep-Spoon-None-SideTable-3/trial_T20190918_162452_302902/game.tw-pddl:0,6,6,False,2250
Adaptive v1,141,train:141:train/pick_cool_then_place_in_recep-Bowl-None-Shelf-20/trial_T20190908_034211_124122/game.tw-pddl:0,0,train:141:train/pick_cool_then_place_in_recep-Bowl-None-Shelf-20/trial_T20190908_034211_124122/game.tw-pddl:0,6,6,False,2251
Adaptive v1,141,train:141:train/pick_cool_then_place_in_recep-Pot-None-Cabinet-27/trial_T20190908_131329_081708/game.tw-pddl:0,0,train:141:train/pick_cool_then_place_in_recep-Pot-None-Cabinet-27/trial_T20190908_131329_081708/game.tw-pddl:0,15,30,True,2252
Adaptive v1,141,train:141:train/pick_heat_then_place_in_recep-Potato-None-DiningTable-20/trial_T20190908_001037_601836/game.tw-pddl:0,0,train:141:train/pick_heat_then_place_in_recep-Potato-None-DiningTable-20/trial_T20190908_001037_601836/game.tw-pddl:0,7,30,True,2253
Adaptive v1,141,train:141:train/pick_heat_then_place_in_recep-Potato-None-Fridge-6/trial_T20190907_125437_559296/game.tw-pddl:0,0,train:141:train/pick_heat_then_place_in_recep-Potato-None-Fridge-6/trial_T20190907_125437_559296/game.tw-pddl:0,9,9,False,2254
Adaptive v1,141,train:141:train/pick_two_obj_and_place-HandTowel-None-Toilet-427/trial_T20190909_030524_929121/game.tw-pddl:0,0,train:141:train/pick_two_obj_and_place-HandTowel-None-Toilet-427/trial_T20190909_030524_929121/game.tw-pddl:0,9,9,False,2255
Adaptive v1,141,train:141:train/pick_two_obj_and_place-PepperShaker-None-DiningTable-18/trial_T20190919_002034_827829/game.tw-pddl:0,0,train:141:train/pick_two_obj_and_place-PepperShaker-None-DiningTable-18/trial_T20190919_002034_827829/game.tw-pddl:0,10,13,False,2256
Adaptive v1,142,train:142:train/pick_and_place_simple-CD-None-Shelf-330/trial_T20190906_201313_428328/game.tw-pddl:0,0,train:142:train/pick_and_place_simple-CD-None-Shelf-330/trial_T20190906_201313_428328/game.tw-pddl:0,5,5,False,2257
Adaptive v1,142,train:142:train/pick_and_place_simple-CellPhone-None-Bed-322/trial_T20190907_163932_211569/game.tw-pddl:0,0,train:142:train/pick_and_place_simple-CellPhone-None-Bed-322/trial_T20190907_163932_211569/game.tw-pddl:0,4,4,False,2258
Adaptive v1,142,train:142:train/pick_and_place_simple-Egg-None-Fridge-7/trial_T20190919_044140_870607/game.tw-pddl:0,0,train:142:train/pick_and_place_simple-Egg-None-Fridge-7/trial_T20190919_044140_870607/game.tw-pddl:0,8,15,False,2259
Adaptive v1,142,train:142:train/pick_and_place_simple-HandTowel-None-GarbageCan-416/trial_T20190908_234733_986177/game.tw-pddl:0,0,train:142:train/pick_and_place_simple-HandTowel-None-GarbageCan-416/trial_T20190908_234733_986177/game.tw-pddl:0,5,5,False,2260
Adaptive v1,142,train:142:train/pick_and_place_simple-Statue-None-SideTable-214/trial_T20190909_035401_805887/game.tw-pddl:0,0,train:142:train/pick_and_place_simple-Statue-None-SideTable-214/trial_T20190909_035401_805887/game.tw-pddl:0,4,4,False,2261
Adaptive v1,142,train:142:train/pick_and_place_simple-ToiletPaper-None-Toilet-429/trial_T20190907_215125_124054/game.tw-pddl:0,0,train:142:train/pick_and_place_simple-ToiletPaper-None-Toilet-429/trial_T20190907_215125_124054/game.tw-pddl:0,5,5,False,2262
Adaptive v1,142,train:142:train/pick_clean_then_place_in_recep-ButterKnife-None-Drawer-8/trial_T20190909_124509_288754/game.tw-pddl:0,0,train:142:train/pick_clean_then_place_in_recep-ButterKnife-None-Drawer-8/trial_T20190909_124509_288754/game.tw-pddl:0,8,8,False,2263
Adaptive v1,142,train:142:train/pick_clean_then_place_in_recep-Cloth-None-CounterTop-408/trial_T20190908_103208_369693/game.tw-pddl:0,0,train:142:train/pick_clean_then_place_in_recep-Cloth-None-CounterTop-408/trial_T20190908_103208_369693/game.tw-pddl:0,22,30,True,2264
Adaptive v1,142,train:142:train/pick_clean_then_place_in_recep-Spatula-None-SideTable-3/trial_T20190907_230305_502659/game.tw-pddl:0,0,train:142:train/pick_clean_then_place_in_recep-Spatula-None-SideTable-3/trial_T20190907_230305_502659/game.tw-pddl:0,6,6,False,2265
Adaptive v1,142,train:142:train/pick_cool_then_place_in_recep-Apple-None-Microwave-12/trial_T20190908_221238_578782/game.tw-pddl:0,0,train:142:train/pick_cool_then_place_in_recep-Apple-None-Microwave-12/trial_T20190908_221238_578782/game.tw-pddl:0,13,30,True,2266
Adaptive v1,142,train:142:train/pick_cool_then_place_in_recep-Bowl-None-DiningTable-23/trial_T20190908_140343_327191/game.tw-pddl:0,0,train:142:train/pick_cool_then_place_in_recep-Bowl-None-DiningTable-23/trial_T20190908_140343_327191/game.tw-pddl:0,6,6,False,2267
Adaptive v1,142,train:142:train/pick_cool_then_place_in_recep-Mug-None-CoffeeMachine-16/trial_T20190907_232220_424547/game.tw-pddl:0,0,train:142:train/pick_cool_then_place_in_recep-Mug-None-CoffeeMachine-16/trial_T20190907_232220_424547/game.tw-pddl:0,6,6,False,2268
Adaptive v1,142,train:142:train/pick_heat_then_place_in_recep-Apple-None-Fridge-12/trial_T20190909_151650_734356/game.tw-pddl:0,0,train:142:train/pick_heat_then_place_in_recep-Apple-None-Fridge-12/trial_T20190909_151650_734356/game.tw-pddl:0,15,30,True,2269
Adaptive v1,142,train:142:train/pick_heat_then_place_in_recep-Apple-None-GarbageCan-12/trial_T20190908_172302_166350/game.tw-pddl:0,0,train:142:train/pick_heat_then_place_in_recep-Apple-None-GarbageCan-12/trial_T20190908_172302_166350/game.tw-pddl:0,10,10,False,2270
Adaptive v1,142,train:142:train/pick_two_obj_and_place-RemoteControl-None-ArmChair-209/trial_T20190909_081354_457269/game.tw-pddl:0,0,train:142:train/pick_two_obj_and_place-RemoteControl-None-ArmChair-209/trial_T20190909_081354_457269/game.tw-pddl:0,18,18,False,2271
Adaptive v1,142,train:142:train/pick_two_obj_and_place-ToiletPaper-None-Toilet-408/trial_T20190909_080347_367417/game.tw-pddl:0,0,train:142:train/pick_two_obj_and_place-ToiletPaper-None-Toilet-408/trial_T20190909_080347_367417/game.tw-pddl:0,17,17,False,2272
Adaptive v1,143,train:143:train/look_at_obj_in_light-Laptop-None-DeskLamp-216/trial_T20190907_185541_681881/game.tw-pddl:0,0,train:143:train/look_at_obj_in_light-Laptop-None-DeskLamp-216/trial_T20190907_185541_681881/game.tw-pddl:0,22,22,False,2273
Adaptive v1,143,train:143:train/pick_and_place_simple-HandTowel-None-Cabinet-414/trial_T20190908_121329_452295/game.tw-pddl:0,0,train:143:train/pick_and_place_simple-HandTowel-None-Cabinet-414/trial_T20190908_121329_452295/game.tw-pddl:0,7,7,False,2274
Adaptive v1,143,train:143:train/pick_and_place_simple-Kettle-None-Shelf-1/trial_T20190907_011728_518941/game.tw-pddl:0,0,train:143:train/pick_and_place_simple-Kettle-None-Shelf-1/trial_T20190907_011728_518941/game.tw-pddl:0,16,30,True,2275
Adaptive v1,143,train:143:train/pick_and_place_simple-SprayBottle-None-CounterTop-427/trial_T20190919_030115_896772/game.tw-pddl:0,0,train:143:train/pick_and_place_simple-SprayBottle-None-CounterTop-427/trial_T20190919_030115_896772/game.tw-pddl:0,15,15,False,2276
Adaptive v1,143,train:143:train/pick_and_place_simple-TissueBox-None-CoffeeTable-230/trial_T20190907_144855_135287/game.tw-pddl:0,0,train:143:train/pick_and_place_simple-TissueBox-None-CoffeeTable-230/trial_T20190907_144855_135287/game.tw-pddl:0,4,4,False,2277
Adaptive v1,143,train:143:train/pick_clean_then_place_in_recep-DishSponge-None-Cabinet-414/trial_T20190909_061502_436342/game.tw-pddl:0,0,train:143:train/pick_clean_then_place_in_recep-DishSponge-None-Cabinet-414/trial_T20190909_061502_436342/game.tw-pddl:0,9,9,False,2278
Adaptive v1,143,train:143:train/pick_clean_then_place_in_recep-Lettuce-None-Fridge-13/trial_T20190908_203022_601787/game.tw-pddl:0,0,train:143:train/pick_clean_then_place_in_recep-Lettuce-None-Fridge-13/trial_T20190908_203022_601787/game.tw-pddl:0,7,7,False,2279
Adaptive v1,143,train:143:train/pick_clean_then_place_in_recep-Plate-None-DiningTable-19/trial_T20190909_045331_010733/game.tw-pddl:0,0,train:143:train/pick_clean_then_place_in_recep-Plate-None-DiningTable-19/trial_T20190909_045331_010733/game.tw-pddl:0,15,30,True,2280
Adaptive v1,143,train:143:train/pick_clean_then_place_in_recep-Potato-None-Microwave-23/trial_T20190908_131731_351718/game.tw-pddl:0,0,train:143:train/pick_clean_then_place_in_recep-Potato-None-Microwave-23/trial_T20190908_131731_351718/game.tw-pddl:0,7,7,False,2281
Adaptive v1,143,train:143:train/pick_clean_then_place_in_recep-SoapBar-None-Cart-401/trial_T20190906_183157_958090/game.tw-pddl:0,0,train:143:train/pick_clean_then_place_in_recep-SoapBar-None-Cart-401/trial_T20190906_183157_958090/game.tw-pddl:0,6,6,False,2282
Adaptive v1,143,train:143:train/pick_heat_then_place_in_recep-Apple-None-GarbageCan-12/trial_T20190908_172429_549227/game.tw-pddl:0,0,train:143:train/pick_heat_then_place_in_recep-Apple-None-GarbageCan-12/trial_T20190908_172429_549227/game.tw-pddl:0,6,6,False,2283
Adaptive v1,143,train:143:train/pick_heat_then_place_in_recep-Apple-None-GarbageCan-18/trial_T20190909_081014_018811/game.tw-pddl:0,0,train:143:train/pick_heat_then_place_in_recep-Apple-None-GarbageCan-18/trial_T20190909_081014_018811/game.tw-pddl:0,6,6,False,2284
Adaptive v1,143,train:143:train/pick_heat_then_place_in_recep-Mug-None-CoffeeMachine-26/trial_T20190907_113522_291852/game.tw-pddl:0,0,train:143:train/pick_heat_then_place_in_recep-Mug-None-CoffeeMachine-26/trial_T20190907_113522_291852/game.tw-pddl:0,9,9,False,2285
Adaptive v1,143,train:143:train/pick_two_obj_and_place-CreditCard-None-Drawer-213/trial_T20190909_020407_284128/game.tw-pddl:0,0,train:143:train/pick_two_obj_and_place-CreditCard-None-Drawer-213/trial_T20190909_020407_284128/game.tw-pddl:0,11,11,False,2286
Adaptive v1,143,train:143:train/pick_two_obj_and_place-ToiletPaper-None-Toilet-429/trial_T20190909_031718_783966/game.tw-pddl:0,0,train:143:train/pick_two_obj_and_place-ToiletPaper-None-Toilet-429/trial_T20190909_031718_783966/game.tw-pddl:0,9,9,False,2287
Adaptive v1,143,train:143:train/pick_two_obj_and_place-Watch-None-Dresser-205/trial_T20190907_182257_096741/game.tw-pddl:0,0,train:143:train/pick_two_obj_and_place-Watch-None-Dresser-205/trial_T20190907_182257_096741/game.tw-pddl:0,9,19,False,2288
Adaptive v1,144,train:144:train/look_at_obj_in_light-Pen-None-DeskLamp-323/trial_T20190908_125522_292336/game.tw-pddl:0,0,train:144:train/look_at_obj_in_light-Pen-None-DeskLamp-323/trial_T20190908_125522_292336/game.tw-pddl:0,6,30,True,2289
Adaptive v1,144,train:144:train/look_at_obj_in_light-Pencil-None-DeskLamp-309/trial_T20190906_203043_983029/game.tw-pddl:0,0,train:144:train/look_at_obj_in_light-Pencil-None-DeskLamp-309/trial_T20190906_203043_983029/game.tw-pddl:0,15,15,False,2290
Adaptive v1,144,train:144:train/look_at_obj_in_light-Pillow-None-DeskLamp-307/trial_T20190908_190618_308570/game.tw-pddl:0,0,train:144:train/look_at_obj_in_light-Pillow-None-DeskLamp-307/trial_T20190908_190618_308570/game.tw-pddl:0,4,4,False,2291
Adaptive v1,144,train:144:train/look_at_obj_in_light-TissueBox-None-DeskLamp-216/trial_T20190908_200035_042748/game.tw-pddl:0,0,train:144:train/look_at_obj_in_light-TissueBox-None-DeskLamp-216/trial_T20190908_200035_042748/game.tw-pddl:0,23,30,True,2292
Adaptive v1,144,train:144:train/pick_and_place_simple-Cloth-None-Drawer-409/trial_T20190912_061626_184198/game.tw-pddl:0,0,train:144:train/pick_and_place_simple-Cloth-None-Drawer-409/trial_T20190912_061626_184198/game.tw-pddl:0,8,30,True,2293
Adaptive v1,144,train:144:train/pick_and_place_simple-Laptop-None-Ottoman-203/trial_T20190908_110606_176017/game.tw-pddl:0,0,train:144:train/pick_and_place_simple-Laptop-None-Ottoman-203/trial_T20190908_110606_176017/game.tw-pddl:0,4,4,False,2294
Adaptive v1,144,train:144:train/pick_and_place_simple-SprayBottle-None-Toilet-412/trial_T20190909_154655_381565/game.tw-pddl:0,0,train:144:train/pick_and_place_simple-SprayBottle-None-Toilet-412/trial_T20190909_154655_381565/game.tw-pddl:0,5,5,False,2295
Adaptive v1,144,train:144:train/pick_and_place_simple-ToiletPaper-None-ToiletPaperHanger-423/trial_T20190908_022416_998587/game.tw-pddl:0,0,train:144:train/pick_and_place_simple-ToiletPaper-None-ToiletPaperHanger-423/trial_T20190908_022416_998587/game.tw-pddl:0,7,7,False,2296
Adaptive v1,144,train:144:train/pick_clean_then_place_in_recep-Fork-None-CounterTop-24/trial_T20190907_032419_325865/game.tw-pddl:0,0,train:144:train/pick_clean_then_place_in_recep-Fork-None-CounterTop-24/trial_T20190907_032419_325865/game.tw-pddl:0,6,6,False,2297
Adaptive v1,144,train:144:train/pick_clean_then_place_in_recep-SoapBar-None-GarbageCan-421/trial_T20190907_090043_953351/game.tw-pddl:0,0,train:144:train/pick_clean_then_place_in_recep-SoapBar-None-GarbageCan-421/trial_T20190907_090043_953351/game.tw-pddl:0,6,6,False,2298
Adaptive v1,144,train:144:train/pick_cool_then_place_in_recep-Pot-None-CounterTop-5/trial_T20190908_073403_352600/game.tw-pddl:0,0,train:144:train/pick_cool_then_place_in_recep-Pot-None-CounterTop-5/trial_T20190908_073403_352600/game.tw-pddl:0,13,30,True,2299
Adaptive v1,144,train:144:train/pick_heat_then_place_in_recep-Plate-None-Fridge-13/trial_T20190907_035716_975895/game.tw-pddl:0,0,train:144:train/pick_heat_then_place_in_recep-Plate-None-Fridge-13/trial_T20190907_035716_975895/game.tw-pddl:0,9,9,False,2300
Adaptive v1,144,train:144:train/pick_heat_then_place_in_recep-Plate-None-Shelf-7/trial_T20190906_193929_080179/game.tw-pddl:0,0,train:144:train/pick_heat_then_place_in_recep-Plate-None-Shelf-7/trial_T20190906_193929_080179/game.tw-pddl:0,6,6,False,2301
Adaptive v1,144,train:144:train/pick_two_obj_and_place-CellPhone-None-Dresser-327/trial_T20190908_042509_028087/game.tw-pddl:0,0,train:144:train/pick_two_obj_and_place-CellPhone-None-Dresser-327/trial_T20190908_042509_028087/game.tw-pddl:0,9,9,False,2302
Adaptive v1,144,train:144:train/pick_two_obj_and_place-SaltShaker-None-Cabinet-21/trial_T20190909_020655_692488/game.tw-pddl:0,0,train:144:train/pick_two_obj_and_place-SaltShaker-None-Cabinet-21/trial_T20190909_020655_692488/game.tw-pddl:0,18,30,True,2303
Adaptive v1,144,train:144:train/pick_two_obj_and_place-SprayBottle-None-Cart-401/trial_T20190906_193428_881063/game.tw-pddl:0,0,train:144:train/pick_two_obj_and_place-SprayBottle-None-Cart-401/trial_T20190906_193428_881063/game.tw-pddl:0,12,12,False,2304
Adaptive v1,145,train:145:train/look_at_obj_in_light-CD-None-DeskLamp-305/trial_T20190909_132436_146997/game.tw-pddl:0,0,train:145:train/look_at_obj_in_light-CD-None-DeskLamp-305/trial_T20190909_132436_146997/game.tw-pddl:0,4,4,False,2305
Adaptive v1,145,train:145:train/pick_and_place_simple-Box-None-ArmChair-225/trial_T20190908_151218_514571/game.tw-pddl:0,0,train:145:train/pick_and_place_simple-Box-None-ArmChair-225/trial_T20190908_151218_514571/game.tw-pddl:0,17,17,False,2306
Adaptive v1,145,train:145:train/pick_and_place_simple-CellPhone-None-Desk-312/trial_T20190908_021820_773170/game.tw-pddl:0,0,train:145:train/pick_and_place_simple-CellPhone-None-Desk-312/trial_T20190908_021820_773170/game.tw-pddl:0,4,4,False,2307
Adaptive v1,145,train:145:train/pick_and_place_simple-Pencil-None-SideTable-309/trial_T20190909_064648_618132/game.tw-pddl:0,0,train:145:train/pick_and_place_simple-Pencil-None-SideTable-309/trial_T20190909_064648_618132/game.tw-pddl:0,4,4,False,2308
Adaptive v1,145,train:145:train/pick_and_place_simple-RemoteControl-None-Sofa-222/trial_T20190908_005441_761890/game.tw-pddl:0,0,train:145:train/pick_and_place_simple-RemoteControl-None-Sofa-222/trial_T20190908_005441_761890/game.tw-pddl:0,4,4,False,2309
Adaptive v1,145,train:145:train/pick_and_place_simple-ToiletPaper-None-ToiletPaperHanger-401/trial_T20190908_215205_687893/game.tw-pddl:0,0,train:145:train/pick_and_place_simple-ToiletPaper-None-ToiletPaperHanger-401/trial_T20190908_215205_687893/game.tw-pddl:0,6,6,False,2310
Adaptive v1,145,train:145:train/pick_clean_then_place_in_recep-Cloth-None-CounterTop-408/trial_T20190908_103252_065529/game.tw-pddl:0,0,train:145:train/pick_clean_then_place_in_recep-Cloth-None-CounterTop-408/trial_T20190908_103252_065529/game.tw-pddl:0,24,30,True,2311
Adaptive v1,145,train:145:train/pick_clean_then_place_in_recep-Lettuce-None-DiningTable-20/trial_T20190906_191148_519826/game.tw-pddl:0,0,train:145:train/pick_clean_then_place_in_recep-Lettuce-None-DiningTable-20/trial_T20190906_191148_519826/game.tw-pddl:0,8,8,False,2312
Adaptive v1,145,train:145:train/pick_clean_then_place_in_recep-SoapBar-None-CounterTop-414/trial_T20190908_215405_138970/game.tw-pddl:0,0,train:145:train/pick_clean_then_place_in_recep-SoapBar-None-CounterTop-414/trial_T20190908_215405_138970/game.tw-pddl:0,8,8,False,2313
Adaptive v1,145,train:145:train/pick_cool_then_place_in_recep-Mug-None-CoffeeMachine-16/trial_T20190908_184207_182636/game.tw-pddl:0,0,train:145:train/pick_cool_then_place_in_recep-Mug-None-CoffeeMachine-16/trial_T20190908_184207_182636/game.tw-pddl:0,6,6,False,2314
Adaptive v1,145,train:145:train/pick_heat_then_place_in_recep-Cup-None-CounterTop-13/trial_T20190907_013449_796900/game.tw-pddl:0,0,train:145:train/pick_heat_then_place_in_recep-Cup-None-CounterTop-13/trial_T20190907_013449_796900/game.tw-pddl:0,7,7,False,2315
Adaptive v1,145,train:145:train/pick_heat_then_place_in_recep-Tomato-None-SideTable-3/trial_T20190907_140821_716243/game.tw-pddl:0,0,train:145:train/pick_heat_then_place_in_recep-Tomato-None-SideTable-3/trial_T20190907_140821_716243/game.tw-pddl:0,18,30,True,2316
Adaptive v1,145,train:145:train/pick_two_obj_and_place-CellPhone-None-ArmChair-229/trial_T20190907_082008_641926/game.tw-pddl:0,0,train:145:train/pick_two_obj_and_place-CellPhone-None-ArmChair-229/trial_T20190907_082008_641926/game.tw-pddl:0,8,8,False,2317
Adaptive v1,145,train:145:train/pick_two_obj_and_place-Pen-None-SideTable-326/trial_T20190908_050836_314900/game.tw-pddl:0,0,train:145:train/pick_two_obj_and_place-Pen-None-SideTable-326/trial_T20190908_050836_314900/game.tw-pddl:0,20,30,True,2318
Adaptive v1,145,train:145:train/pick_two_obj_and_place-SoapBottle-None-Toilet-426/trial_T20190907_184810_041356/game.tw-pddl:0,0,train:145:train/pick_two_obj_and_place-SoapBottle-None-Toilet-426/trial_T20190907_184810_041356/game.tw-pddl:0,8,8,False,2319
Adaptive v1,145,train:145:train/pick_two_obj_and_place-ToiletPaper-None-Cabinet-402/trial_T20190911_202322_415136/game.tw-pddl:0,0,train:145:train/pick_two_obj_and_place-ToiletPaper-None-Cabinet-402/trial_T20190911_202322_415136/game.tw-pddl:0,19,30,True,2320
Adaptive v1,146,train:146:train/look_at_obj_in_light-CD-None-DeskLamp-304/trial_T20190907_185606_026765/game.tw-pddl:0,0,train:146:train/look_at_obj_in_light-CD-None-DeskLamp-304/trial_T20190907_185606_026765/game.tw-pddl:0,9,30,True,2321
Adaptive v1,146,train:146:train/pick_and_place_simple-Candle-None-Cabinet-407/trial_T20190909_073645_454627/game.tw-pddl:0,0,train:146:train/pick_and_place_simple-Candle-None-Cabinet-407/trial_T20190909_073645_454627/game.tw-pddl:0,5,5,False,2322
Adaptive v1,146,train:146:train/pick_and_place_simple-Pillow-None-ArmChair-214/trial_T20190909_010401_711637/game.tw-pddl:0,0,train:146:train/pick_and_place_simple-Pillow-None-ArmChair-214/trial_T20190909_010401_711637/game.tw-pddl:0,9,9,False,2323
Adaptive v1,146,train:146:train/pick_and_place_simple-ToiletPaper-None-Shelf-429/trial_T20190908_082550_884968/game.tw-pddl:0,0,train:146:train/pick_and_place_simple-ToiletPaper-None-Shelf-429/trial_T20190908_082550_884968/game.tw-pddl:0,4,4,False,2324
Adaptive v1,146,train:146:train/pick_and_place_simple-ToiletPaper-None-ToiletPaperHanger-410/trial_T20190908_064246_842694/game.tw-pddl:0,0,train:146:train/pick_and_place_simple-ToiletPaper-None-ToiletPaperHanger-410/trial_T20190908_064246_842694/game.tw-pddl:0,4,4,False,2325
Adaptive v1,146,train:146:train/pick_clean_then_place_in_recep-Cloth-None-Drawer-415/trial_T20190906_190057_260207/game.tw-pddl:0,0,train:146:train/pick_clean_then_place_in_recep-Cloth-None-Drawer-415/trial_T20190906_190057_260207/game.tw-pddl:0,22,30,True,2326
Adaptive v1,146,train:146:train/pick_clean_then_place_in_recep-Pan-None-CounterTop-22/trial_T20190910_161415_317849/game.tw-pddl:0,0,train:146:train/pick_clean_then_place_in_recep-Pan-None-CounterTop-22/trial_T20190910_161415_317849/game.tw-pddl:0,7,7,False,2327
Adaptive v1,146,train:146:train/pick_clean_then_place_in_recep-Spatula-None-Drawer-22/trial_T20190907_145132_203684/game.tw-pddl:0,0,train:146:train/pick_clean_then_place_in_recep-Spatula-None-Drawer-22/trial_T20190907_145132_203684/game.tw-pddl:0,7,7,False,2328
Adaptive v1,146,train:146:train/pick_cool_then_place_in_recep-Bowl-None-Cabinet-2/trial_T20190907_020952_924463/game.tw-pddl:0,0,train:146:train/pick_cool_then_place_in_recep-Bowl-None-Cabinet-2/trial_T20190907_020952_924463/game.tw-pddl:0,8,8,False,2329
Adaptive v1,146,train:146:train/pick_cool_then_place_in_recep-Tomato-None-Microwave-14/trial_T20190907_024302_966752/game.tw-pddl:0,0,train:146:train/pick_cool_then_place_in_recep-Tomato-None-Microwave-14/trial_T20190907_024302_966752/game.tw-pddl:0,12,30,True,2330
Adaptive v1,146,train:146:train/pick_heat_then_place_in_recep-Plate-None-Cabinet-13/trial_T20190907_062845_481413/game.tw-pddl:0,0,train:146:train/pick_heat_then_place_in_recep-Plate-None-Cabinet-13/trial_T20190907_062845_481413/game.tw-pddl:0,8,8,False,2331
Adaptive v1,146,train:146:train/pick_two_obj_and_place-Candle-None-Drawer-409/trial_T20190909_060356_759253/game.tw-pddl:0,0,train:146:train/pick_two_obj_and_place-Candle-None-Drawer-409/trial_T20190909_060356_759253/game.tw-pddl:0,9,30,True,2332
Adaptive v1,146,train:146:train/pick_two_obj_and_place-HandTowel-None-CounterTop-409/trial_T20190909_065339_923435/game.tw-pddl:0,0,train:146:train/pick_two_obj_and_place-HandTowel-None-CounterTop-409/trial_T20190909_065339_923435/game.tw-pddl:0,8,8,False,2333
Adaptive v1,146,train:146:train/pick_two_obj_and_place-Pencil-None-CoffeeTable-229/trial_T20190908_122920_453209/game.tw-pddl:0,0,train:146:train/pick_two_obj_and_place-Pencil-None-CoffeeTable-229/trial_T20190908_122920_453209/game.tw-pddl:0,8,8,False,2334
Adaptive v1,146,train:146:train/pick_two_obj_and_place-SprayBottle-None-Cabinet-407/trial_T20190907_144622_713062/game.tw-pddl:0,0,train:146:train/pick_two_obj_and_place-SprayBottle-None-Cabinet-407/trial_T20190907_144622_713062/game.tw-pddl:0,10,10,False,2335
Adaptive v1,146,train:146:train/pick_two_obj_and_place-TissueBox-None-GarbageCan-230/trial_T20190908_050853_644994/game.tw-pddl:0,0,train:146:train/pick_two_obj_and_place-TissueBox-None-GarbageCan-230/trial_T20190908_050853_644994/game.tw-pddl:0,10,10,False,2336
Adaptive v1,147,train:147:train/look_at_obj_in_light-AlarmClock-None-DeskLamp-309/trial_T20190908_062818_332126/game.tw-pddl:0,0,train:147:train/look_at_obj_in_light-AlarmClock-None-DeskLamp-309/trial_T20190908_062818_332126/game.tw-pddl:0,4,4,False,2337
Adaptive v1,147,train:147:train/look_at_obj_in_light-Box-None-DeskLamp-224/trial_T20190908_105623_640470/game.tw-pddl:0,0,train:147:train/look_at_obj_in_light-Box-None-DeskLamp-224/trial_T20190908_105623_640470/game.tw-pddl:0,17,30,True,2338
Adaptive v1,147,train:147:train/look_at_obj_in_light-CD-None-DeskLamp-305/trial_T20190909_132447_100635/game.tw-pddl:0,0,train:147:train/look_at_obj_in_light-CD-None-DeskLamp-305/trial_T20190909_132447_100635/game.tw-pddl:0,6,6,False,2339
Adaptive v1,147,train:147:train/look_at_obj_in_light-Pencil-None-DeskLamp-319/trial_T20190908_135102_644449/game.tw-pddl:0,0,train:147:train/look_at_obj_in_light-Pencil-None-DeskLamp-319/trial_T20190908_135102_644449/game.tw-pddl:0,11,11,False,2340
Adaptive v1,147,train:147:train/pick_and_place_simple-Pen-None-Drawer-305/trial_T20190907_224025_871983/game.tw-pddl:0,0,train:147:train/pick_and_place_simple-Pen-None-Drawer-305/trial_T20190907_224025_871983/game.tw-pddl:0,6,6,False,2341
Adaptive v1,147,train:147:train/pick_and_place_simple-RemoteControl-None-ArmChair-206/trial_T20190909_035937_333619/game.tw-pddl:0,0,train:147:train/pick_and_place_simple-RemoteControl-None-ArmChair-206/trial_T20190909_035937_333619/game.tw-pddl:0,20,30,True,2342
Adaptive v1,147,train:147:train/pick_and_place_simple-SoapBottle-None-GarbageCan-11/trial_T20190908_175640_840876/game.tw-pddl:0,0,train:147:train/pick_and_place_simple-SoapBottle-None-GarbageCan-11/trial_T20190908_175640_840876/game.tw-pddl:0,4,4,False,2343
Adaptive v1,147,train:147:train/pick_clean_then_place_in_recep-Cloth-None-Toilet-406/trial_T20190908_102709_492098/game.tw-pddl:0,0,train:147:train/pick_clean_then_place_in_recep-Cloth-None-Toilet-406/trial_T20190908_102709_492098/game.tw-pddl:0,7,7,False,2344
Adaptive v1,147,train:147:train/pick_clean_then_place_in_recep-Lettuce-None-GarbageCan-17/trial_T20190907_163810_199572/game.tw-pddl:0,0,train:147:train/pick_clean_then_place_in_recep-Lettuce-None-GarbageCan-17/trial_T20190907_163810_199572/game.tw-pddl:0,7,7,False,2345
Adaptive v1,147,train:147:train/pick_clean_then_place_in_recep-Tomato-None-Microwave-12/trial_T20190906_220634_241690/game.tw-pddl:0,0,train:147:train/pick_clean_then_place_in_recep-Tomato-None-Microwave-12/trial_T20190906_220634_241690/game.tw-pddl:0,9,9,False,2346
Adaptive v1,147,train:147:train/pick_cool_then_place_in_recep-Egg-None-Microwave-12/trial_T20190908_083140_636202/game.tw-pddl:0,0,train:147:train/pick_cool_then_place_in_recep-Egg-None-Microwave-12/trial_T20190908_083140_636202/game.tw-pddl:0,16,30,True,2347
Adaptive v1,147,train:147:train/pick_cool_then_place_in_recep-Pan-None-StoveBurner-23/trial_T20190906_220116_510303/game.tw-pddl:0,0,train:147:train/pick_cool_then_place_in_recep-Pan-None-StoveBurner-23/trial_T20190906_220116_510303/game.tw-pddl:0,6,30,True,2348
Adaptive v1,147,train:147:train/pick_cool_then_place_in_recep-Potato-None-Microwave-15/trial_T20190908_154425_762831/game.tw-pddl:0,0,train:147:train/pick_cool_then_place_in_recep-Potato-None-Microwave-15/trial_T20190908_154425_762831/game.tw-pddl:0,6,30,True,2349
Adaptive v1,147,train:147:train/pick_heat_then_place_in_recep-Tomato-None-CounterTop-17/trial_T20190908_223110_184111/game.tw-pddl:0,0,train:147:train/pick_heat_then_place_in_recep-Tomato-None-CounterTop-17/trial_T20190908_223110_184111/game.tw-pddl:0,6,6,False,2350
Adaptive v1,147,train:147:train/pick_two_obj_and_place-Ladle-None-Drawer-2/trial_T20190906_162750_791095/game.tw-pddl:0,0,train:147:train/pick_two_obj_and_place-Ladle-None-Drawer-2/trial_T20190906_162750_791095/game.tw-pddl:0,15,30,True,2351
Adaptive v1,147,train:147:train/pick_two_obj_and_place-Newspaper-None-GarbageCan-218/trial_T20190907_225356_202464/game.tw-pddl:0,0,train:147:train/pick_two_obj_and_place-Newspaper-None-GarbageCan-218/trial_T20190907_225356_202464/game.tw-pddl:0,18,30,True,2352
Adaptive v1,148,train:148:train/look_at_obj_in_light-Pillow-None-DeskLamp-305/trial_T20190909_110653_100811/game.tw-pddl:0,0,train:148:train/look_at_obj_in_light-Pillow-None-DeskLamp-305/trial_T20190909_110653_100811/game.tw-pddl:0,7,30,True,2353
Adaptive v1,148,train:148:train/pick_and_place_simple-DishSponge-None-Toilet-430/trial_T20190907_144850_467372/game.tw-pddl:0,0,train:148:train/pick_and_place_simple-DishSponge-None-Toilet-430/trial_T20190907_144850_467372/game.tw-pddl:0,22,30,True,2354
Adaptive v1,148,train:148:train/pick_and_place_simple-Pen-None-Desk-310/trial_T20190910_103501_338463/game.tw-pddl:0,0,train:148:train/pick_and_place_simple-Pen-None-Desk-310/trial_T20190910_103501_338463/game.tw-pddl:0,5,5,False,2355
Adaptive v1,148,train:148:train/pick_and_place_simple-Pillow-None-ArmChair-214/trial_T20190909_010430_625642/game.tw-pddl:0,0,train:148:train/pick_and_place_simple-Pillow-None-ArmChair-214/trial_T20190909_010430_625642/game.tw-pddl:0,9,9,False,2356
Adaptive v1,148,train:148:train/pick_and_place_simple-ToiletPaper-None-ToiletPaperHanger-409/trial_T20190907_152755_762065/game.tw-pddl:0,0,train:148:train/pick_and_place_simple-ToiletPaper-None-ToiletPaperHanger-409/trial_T20190907_152755_762065/game.tw-pddl:0,4,4,False,2357
Adaptive v1,148,train:148:train/pick_clean_then_place_in_recep-DishSponge-None-CounterTop-427/trial_T20190909_010951_843989/game.tw-pddl:0,0,train:148:train/pick_clean_then_place_in_recep-DishSponge-None-CounterTop-427/trial_T20190909_010951_843989/game.tw-pddl:0,8,8,False,2358
Adaptive v1,148,train:148:train/pick_clean_then_place_in_recep-Mug-None-CoffeeMachine-30/trial_T20190909_072422_690945/game.tw-pddl:0,0,train:148:train/pick_clean_then_place_in_recep-Mug-None-CoffeeMachine-30/trial_T20190909_072422_690945/game.tw-pddl:0,4,4,False,2359
Adaptive v1,148,train:148:train/pick_clean_then_place_in_recep-Mug-None-CoffeeMachine-30/trial_T20190909_072449_110438/game.tw-pddl:0,0,train:148:train/pick_clean_then_place_in_recep-Mug-None-CoffeeMachine-30/trial_T20190909_072449_110438/game.tw-pddl:0,4,4,False,2360
Adaptive v1,148,train:148:train/pick_clean_then_place_in_recep-Pot-None-Shelf-1/trial_T20190908_001818_534745/game.tw-pddl:0,0,train:148:train/pick_clean_then_place_in_recep-Pot-None-Shelf-1/trial_T20190908_001818_534745/game.tw-pddl:0,15,30,True,2361
Adaptive v1,148,train:148:train/pick_cool_then_place_in_recep-Potato-None-DiningTable-27/trial_T20190908_204023_864421/game.tw-pddl:0,0,train:148:train/pick_cool_then_place_in_recep-Potato-None-DiningTable-27/trial_T20190908_204023_864421/game.tw-pddl:0,8,30,True,2362
Adaptive v1,148,train:148:train/pick_cool_then_place_in_recep-Potato-None-Microwave-20/trial_T20190909_035619_042258/game.tw-pddl:0,0,train:148:train/pick_cool_then_place_in_recep-Potato-None-Microwave-20/trial_T20190909_035619_042258/game.tw-pddl:0,15,30,True,2363
Adaptive v1,148,train:148:train/pick_heat_then_place_in_recep-Egg-None-GarbageCan-12/trial_T20190908_181854_326947/game.tw-pddl:0,0,train:148:train/pick_heat_then_place_in_recep-Egg-None-GarbageCan-12/trial_T20190908_181854_326947/game.tw-pddl:0,15,30,True,2364
Adaptive v1,148,train:148:train/pick_heat_then_place_in_recep-Egg-None-SideTable-21/trial_T20190907_045036_700265/game.tw-pddl:0,0,train:148:train/pick_heat_then_place_in_recep-Egg-None-SideTable-21/trial_T20190907_045036_700265/game.tw-pddl:0,9,9,False,2365
Adaptive v1,148,train:148:train/pick_two_obj_and_place-Book-None-Bed-328/trial_T20190912_065434_217065/game.tw-pddl:0,0,train:148:train/pick_two_obj_and_place-Book-None-Bed-328/trial_T20190912_065434_217065/game.tw-pddl:0,9,9,False,2366
Adaptive v1,148,train:148:train/pick_two_obj_and_place-CD-None-Shelf-303/trial_T20190907_200441_879615/game.tw-pddl:0,0,train:148:train/pick_two_obj_and_place-CD-None-Shelf-303/trial_T20190907_200441_879615/game.tw-pddl:0,20,30,True,2367
Adaptive v1,148,train:148:train/pick_two_obj_and_place-Laptop-None-Desk-309/trial_T20190907_151204_265576/game.tw-pddl:0,0,train:148:train/pick_two_obj_and_place-Laptop-None-Desk-309/trial_T20190907_151204_265576/game.tw-pddl:0,12,12,False,2368
Adaptive v1,149,train:149:train/look_at_obj_in_light-Bowl-None-DeskLamp-323/trial_T20190908_024019_183353/game.tw-pddl:0,0,train:149:train/look_at_obj_in_light-Bowl-None-DeskLamp-323/trial_T20190908_024019_183353/game.tw-pddl:0,4,4,False,2369
Adaptive v1,149,train:149:train/look_at_obj_in_light-TissueBox-None-DeskLamp-328/trial_T20190907_201322_516201/game.tw-pddl:0,0,train:149:train/look_at_obj_in_light-TissueBox-None-DeskLamp-328/trial_T20190907_201322_516201/game.tw-pddl:0,3,3,False,2370
Adaptive v1,149,train:149:train/look_at_obj_in_light-Watch-None-DeskLamp-301/trial_T20190909_151141_967451/game.tw-pddl:0,0,train:149:train/look_at_obj_in_light-Watch-None-DeskLamp-301/trial_T20190909_151141_967451/game.tw-pddl:0,4,4,False,2371
Adaptive v1,149,train:149:train/pick_and_place_simple-ButterKnife-None-SideTable-28/trial_T20190908_133024_466656/game.tw-pddl:0,0,train:149:train/pick_and_place_simple-ButterKnife-None-SideTable-28/trial_T20190908_133024_466656/game.tw-pddl:0,6,6,False,2372
Adaptive v1,149,train:149:train/pick_and_place_simple-Statue-None-CoffeeTable-201/trial_T20190908_124733_145874/game.tw-pddl:0,0,train:149:train/pick_and_place_simple-Statue-None-CoffeeTable-201/trial_T20190908_124733_145874/game.tw-pddl:0,5,5,False,2373
Adaptive v1,149,train:149:train/pick_and_place_simple-ToiletPaper-None-ToiletPaperHanger-415/trial_T20190908_050534_003993/game.tw-pddl:0,0,train:149:train/pick_and_place_simple-ToiletPaper-None-ToiletPaperHanger-415/trial_T20190908_050534_003993/game.tw-pddl:0,5,5,False,2374
Adaptive v1,149,train:149:train/pick_clean_then_place_in_recep-Pan-None-Fridge-13/trial_T20190910_011646_598915/game.tw-pddl:0,0,train:149:train/pick_clean_then_place_in_recep-Pan-None-Fridge-13/trial_T20190910_011646_598915/game.tw-pddl:0,5,30,True,2375
Adaptive v1,149,train:149:train/pick_cool_then_place_in_recep-Pan-None-DiningTable-15/trial_T20190909_004008_377860/game.tw-pddl:0,0,train:149:train/pick_cool_then_place_in_recep-Pan-None-DiningTable-15/trial_T20190909_004008_377860/game.tw-pddl:0,7,7,False,2376
Adaptive v1,149,train:149:train/pick_cool_then_place_in_recep-Plate-None-Cabinet-7/trial_T20190907_231129_582705/game.tw-pddl:0,0,train:149:train/pick_cool_then_place_in_recep-Plate-None-Cabinet-7/trial_T20190907_231129_582705/game.tw-pddl:0,7,7,False,2377
Adaptive v1,149,train:149:train/pick_heat_then_place_in_recep-Bread-None-GarbageCan-15/trial_T20190906_230203_099939/game.tw-pddl:0,0,train:149:train/pick_heat_then_place_in_recep-Bread-None-GarbageCan-15/trial_T20190906_230203_099939/game.tw-pddl:0,8,8,False,2378
Adaptive v1,149,train:149:train/pick_heat_then_place_in_recep-Cup-None-CounterTop-22/trial_T20190909_023544_721677/game.tw-pddl:0,0,train:149:train/pick_heat_then_place_in_recep-Cup-None-CounterTop-22/trial_T20190909_023544_721677/game.tw-pddl:0,10,10,False,2379
Adaptive v1,149,train:149:train/pick_heat_then_place_in_recep-Egg-None-Fridge-20/trial_T20190907_224620_688915/game.tw-pddl:0,0,train:149:train/pick_heat_then_place_in_recep-Egg-None-Fridge-20/trial_T20190907_224620_688915/game.tw-pddl:0,7,7,False,2380
Adaptive v1,149,train:149:train/pick_heat_then_place_in_recep-Tomato-None-DiningTable-24/trial_T20190907_073102_685134/game.tw-pddl:0,0,train:149:train/pick_heat_then_place_in_recep-Tomato-None-DiningTable-24/trial_T20190907_073102_685134/game.tw-pddl:0,8,8,False,2381
Adaptive v1,149,train:149:train/pick_two_obj_and_place-Book-None-Bed-314/trial_T20190910_072508_733981/game.tw-pddl:0,0,train:149:train/pick_two_obj_and_place-Book-None-Bed-314/trial_T20190910_072508_733981/game.tw-pddl:0,9,9,False,2382
Adaptive v1,149,train:149:train/pick_two_obj_and_place-CreditCard-None-DiningTable-311/trial_T20190908_073021_049122/game.tw-pddl:0,0,train:149:train/pick_two_obj_and_place-CreditCard-None-DiningTable-311/trial_T20190908_073021_049122/game.tw-pddl:0,13,13,False,2383
Adaptive v1,149,train:149:train/pick_two_obj_and_place-SprayBottle-None-Toilet-429/trial_T20190907_033947_142227/game.tw-pddl:0,0,train:149:train/pick_two_obj_and_place-SprayBottle-None-Toilet-429/trial_T20190907_033947_142227/game.tw-pddl:0,10,10,False,2384
Adaptive v1,150,train:150:train/look_at_obj_in_light-AlarmClock-None-DeskLamp-324/trial_T20190909_140235_795214/game.tw-pddl:0,0,train:150:train/look_at_obj_in_light-AlarmClock-None-DeskLamp-324/trial_T20190909_140235_795214/game.tw-pddl:0,3,3,False,2385
Adaptive v1,150,train:150:train/pick_and_place_simple-HandTowel-None-CounterTop-416/trial_T20190909_045148_475019/game.tw-pddl:0,0,train:150:train/pick_and_place_simple-HandTowel-None-CounterTop-416/trial_T20190909_045148_475019/game.tw-pddl:0,5,5,False,2386
Adaptive v1,150,train:150:train/pick_and_place_simple-HandTowel-None-CounterTop-416/trial_T20190909_045204_373695/game.tw-pddl:0,0,train:150:train/pick_and_place_simple-HandTowel-None-CounterTop-416/trial_T20190909_045204_373695/game.tw-pddl:0,4,4,False,2387
Adaptive v1,150,train:150:train/pick_and_place_simple-KeyChain-None-Shelf-313/trial_T20190908_071144_458910/game.tw-pddl:0,0,train:150:train/pick_and_place_simple-KeyChain-None-Shelf-313/trial_T20190908_071144_458910/game.tw-pddl:0,4,4,False,2388
Adaptive v1,150,train:150:train/pick_and_place_simple-KeyChain-None-Sofa-217/trial_T20190908_065419_074210/game.tw-pddl:0,0,train:150:train/pick_and_place_simple-KeyChain-None-Sofa-217/trial_T20190908_065419_074210/game.tw-pddl:0,4,4,False,2389
Adaptive v1,150,train:150:train/pick_and_place_simple-Pen-None-Shelf-310/trial_T20190909_113609_142533/game.tw-pddl:0,0,train:150:train/pick_and_place_simple-Pen-None-Shelf-310/trial_T20190909_113609_142533/game.tw-pddl:0,4,4,False,2390
Adaptive v1,150,train:150:train/pick_and_place_simple-Pillow-None-ArmChair-206/trial_T20190909_011730_702236/game.tw-pddl:0,0,train:150:train/pick_and_place_simple-Pillow-None-ArmChair-206/trial_T20190909_011730_702236/game.tw-pddl:0,20,20,False,2391
Adaptive v1,150,train:150:train/pick_and_place_simple-Statue-None-CoffeeTable-222/trial_T20190907_131237_002467/game.tw-pddl:0,0,train:150:train/pick_and_place_simple-Statue-None-CoffeeTable-222/trial_T20190907_131237_002467/game.tw-pddl:0,5,5,False,2392
Adaptive v1,150,train:150:train/pick_clean_then_place_in_recep-ButterKnife-None-CounterTop-25/trial_T20190907_211941_014478/game.tw-pddl:0,0,train:150:train/pick_clean_then_place_in_recep-ButterKnife-None-CounterTop-25/trial_T20190907_211941_014478/game.tw-pddl:0,7,8,False,2393
Adaptive v1,150,train:150:train/pick_clean_then_place_in_recep-SoapBar-None-Drawer-415/trial_T20190909_052929_590517/game.tw-pddl:0,0,train:150:train/pick_clean_then_place_in_recep-SoapBar-None-Drawer-415/trial_T20190909_052929_590517/game.tw-pddl:0,7,7,False,2394
Adaptive v1,150,train:150:train/pick_clean_then_place_in_recep-Spoon-None-Drawer-24/trial_T20190908_232429_973315/game.tw-pddl:0,0,train:150:train/pick_clean_then_place_in_recep-Spoon-None-Drawer-24/trial_T20190908_232429_973315/game.tw-pddl:0,7,7,False,2395
Adaptive v1,150,train:150:train/pick_cool_then_place_in_recep-Bowl-None-Shelf-7/trial_T20190906_190034_099701/game.tw-pddl:0,0,train:150:train/pick_cool_then_place_in_recep-Bowl-None-Shelf-7/trial_T20190906_190034_099701/game.tw-pddl:0,6,6,False,2396
Adaptive v1,150,train:150:train/pick_cool_then_place_in_recep-Lettuce-None-GarbageCan-20/trial_T20190907_204440_642169/game.tw-pddl:0,0,train:150:train/pick_cool_then_place_in_recep-Lettuce-None-GarbageCan-20/trial_T20190907_204440_642169/game.tw-pddl:0,8,8,False,2397
Adaptive v1,150,train:150:train/pick_heat_then_place_in_recep-Apple-None-SideTable-21/trial_T20190909_013359_039741/game.tw-pddl:0,0,train:150:train/pick_heat_then_place_in_recep-Apple-None-SideTable-21/trial_T20190909_013359_039741/game.tw-pddl:0,8,8,False,2398
Adaptive v1,150,train:150:train/pick_two_obj_and_place-CreditCard-None-Sofa-206/trial_T20190906_203503_354880/game.tw-pddl:0,0,train:150:train/pick_two_obj_and_place-CreditCard-None-Sofa-206/trial_T20190906_203503_354880/game.tw-pddl:0,8,8,False,2399
Adaptive v1,150,train:150:train/pick_two_obj_and_place-WineBottle-None-Cabinet-17/trial_T20190909_014040_145528/game.tw-pddl:0,0,train:150:train/pick_two_obj_and_place-WineBottle-None-Cabinet-17/trial_T20190909_014040_145528/game.tw-pddl:0,13,30,True,2400
Adaptive v1,151,train:151:train/look_at_obj_in_light-Pencil-None-DeskLamp-328/trial_T20190906_201130_178664/game.tw-pddl:0,0,train:151:train/look_at_obj_in_light-Pencil-None-DeskLamp-328/trial_T20190906_201130_178664/game.tw-pddl:0,6,6,False,2401
Adaptive v1,151,train:151:train/look_at_obj_in_light-Pencil-None-DeskLamp-328/trial_T20190906_201143_149707/game.tw-pddl:0,0,train:151:train/look_at_obj_in_light-Pencil-None-DeskLamp-328/trial_T20190906_201143_149707/game.tw-pddl:0,3,3,False,2402
Adaptive v1,151,train:151:train/pick_and_place_simple-Candle-None-Toilet-402/trial_T20190909_150140_960275/game.tw-pddl:0,0,train:151:train/pick_and_place_simple-Candle-None-Toilet-402/trial_T20190909_150140_960275/game.tw-pddl:0,4,4,False,2403
Adaptive v1,151,train:151:train/pick_and_place_simple-CellPhone-None-Bed-306/trial_T20190909_012724_686117/game.tw-pddl:0,0,train:151:train/pick_and_place_simple-CellPhone-None-Bed-306/trial_T20190909_012724_686117/game.tw-pddl:0,5,5,False,2404
Adaptive v1,151,train:151:train/pick_and_place_simple-Cloth-None-CounterTop-414/trial_T20190909_064959_475757/game.tw-pddl:0,0,train:151:train/pick_and_place_simple-Cloth-None-CounterTop-414/trial_T20190909_064959_475757/game.tw-pddl:0,8,30,True,2405
Adaptive v1,151,train:151:train/pick_and_place_simple-Statue-None-CoffeeTable-230/trial_T20190909_145156_045732/game.tw-pddl:0,0,train:151:train/pick_and_place_simple-Statue-None-CoffeeTable-230/trial_T20190909_145156_045732/game.tw-pddl:0,4,4,False,2406
Adaptive v1,151,train:151:train/pick_clean_then_place_in_recep-Fork-None-CounterTop-24/trial_T20190912_093456_886121/game.tw-pddl:0,0,train:151:train/pick_clean_then_place_in_recep-Fork-None-CounterTop-24/trial_T20190912_093456_886121/game.tw-pddl:0,6,6,False,2407
Adaptive v1,151,train:151:train/pick_clean_then_place_in_recep-SoapBar-None-GarbageCan-408/trial_T20190908_045125_908301/game.tw-pddl:0,0,train:151:train/pick_clean_then_place_in_recep-SoapBar-None-GarbageCan-408/trial_T20190908_045125_908301/game.tw-pddl:0,8,8,False,2408
Adaptive v1,151,train:151:train/pick_cool_then_place_in_recep-Bread-None-Microwave-15/trial_T20190907_132633_001617/game.tw-pddl:0,0,train:151:train/pick_cool_then_place_in_recep-Bread-None-Microwave-15/trial_T20190907_132633_001617/game.tw-pddl:0,8,30,True,2409
Adaptive v1,151,train:151:train/pick_cool_then_place_in_recep-Pot-None-DiningTable-27/trial_T20190909_013436_602388/game.tw-pddl:0,0,train:151:train/pick_cool_then_place_in_recep-Pot-None-DiningTable-27/trial_T20190909_013436_602388/game.tw-pddl:0,16,30,True,2410
Adaptive v1,151,train:151:train/pick_cool_then_place_in_recep-Pot-None-Shelf-7/trial_T20190907_024924_873513/game.tw-pddl:0,0,train:151:train/pick_cool_then_place_in_recep-Pot-None-Shelf-7/trial_T20190907_024924_873513/game.tw-pddl:0,13,30,True,2411
Adaptive v1,151,train:151:train/pick_heat_then_place_in_recep-Apple-None-DiningTable-23/trial_T20190909_082402_950494/game.tw-pddl:0,0,train:151:train/pick_heat_then_place_in_recep-Apple-None-DiningTable-23/trial_T20190909_082402_950494/game.tw-pddl:0,9,9,False,2412
Adaptive v1,151,train:151:train/pick_heat_then_place_in_recep-Apple-None-DiningTable-24/trial_T20190908_233423_925879/game.tw-pddl:0,0,train:151:train/pick_heat_then_place_in_recep-Apple-None-DiningTable-24/trial_T20190908_233423_925879/game.tw-pddl:0,6,6,False,2413
Adaptive v1,151,train:151:train/pick_heat_then_place_in_recep-Egg-None-CounterTop-30/trial_T20190909_130325_005206/game.tw-pddl:0,0,train:151:train/pick_heat_then_place_in_recep-Egg-None-CounterTop-30/trial_T20190909_130325_005206/game.tw-pddl:0,11,11,False,2414
Adaptive v1,151,train:151:train/pick_two_obj_and_place-CellPhone-None-Bed-306/trial_T20190908_092010_984361/game.tw-pddl:0,0,train:151:train/pick_two_obj_and_place-CellPhone-None-Bed-306/trial_T20190908_092010_984361/game.tw-pddl:0,10,10,False,2415
Adaptive v1,151,train:151:train/pick_two_obj_and_place-CreditCard-None-Sofa-216/trial_T20190909_150048_715546/game.tw-pddl:0,0,train:151:train/pick_two_obj_and_place-CreditCard-None-Sofa-216/trial_T20190909_150048_715546/game.tw-pddl:0,8,8,False,2416
Adaptive v1,152,train:152:train/pick_and_place_simple-AlarmClock-None-Desk-310/trial_T20190908_002100_024659/game.tw-pddl:0,0,train:152:train/pick_and_place_simple-AlarmClock-None-Desk-310/trial_T20190908_002100_024659/game.tw-pddl:0,5,5,False,2417
Adaptive v1,152,train:152:train/pick_and_place_simple-Box-None-ArmChair-225/trial_T20190908_182910_404775/game.tw-pddl:0,0,train:152:train/pick_and_place_simple-Box-None-ArmChair-225/trial_T20190908_182910_404775/game.tw-pddl:0,4,4,False,2418
Adaptive v1,152,train:152:train/pick_and_place_simple-Kettle-None-StoveBurner-2/trial_T20190909_085714_449235/game.tw-pddl:0,0,train:152:train/pick_and_place_simple-Kettle-None-StoveBurner-2/trial_T20190909_085714_449235/game.tw-pddl:0,4,4,False,2419
Adaptive v1,152,train:152:train/pick_and_place_simple-RemoteControl-None-Dresser-217/trial_T20190909_053839_725206/game.tw-pddl:0,0,train:152:train/pick_and_place_simple-RemoteControl-None-Dresser-217/trial_T20190909_053839_725206/game.tw-pddl:0,22,30,True,2420
Adaptive v1,152,train:152:train/pick_and_place_simple-SprayBottle-None-Toilet-426/trial_T20190908_155225_439006/game.tw-pddl:0,0,train:152:train/pick_and_place_simple-SprayBottle-None-Toilet-426/trial_T20190908_155225_439006/game.tw-pddl:0,4,4,False,2421
Adaptive v1,152,train:152:train/pick_and_place_simple-ToiletPaper-None-ToiletPaperHanger-406/trial_T20190908_122840_498444/game.tw-pddl:0,0,train:152:train/pick_and_place_simple-ToiletPaper-None-ToiletPaperHanger-406/trial_T20190908_122840_498444/game.tw-pddl:0,10,10,False,2422
Adaptive v1,152,train:152:train/pick_clean_then_place_in_recep-Egg-None-DiningTable-23/trial_T20190908_083753_379941/game.tw-pddl:0,0,train:152:train/pick_clean_then_place_in_recep-Egg-None-DiningTable-23/trial_T20190908_083753_379941/game.tw-pddl:0,7,7,False,2423
Adaptive v1,152,train:152:train/pick_clean_then_place_in_recep-Kettle-None-Cabinet-5/trial_T20190909_042851_438667/game.tw-pddl:0,0,train:152:train/pick_clean_then_place_in_recep-Kettle-None-Cabinet-5/trial_T20190909_042851_438667/game.tw-pddl:0,14,30,True,2424
Adaptive v1,152,train:152:train/pick_clean_then_place_in_recep-Spatula-None-DiningTable-23/trial_T20190909_103325_040043/game.tw-pddl:0,0,train:152:train/pick_clean_then_place_in_recep-Spatula-None-DiningTable-23/trial_T20190909_103325_040043/game.tw-pddl:0,8,8,False,2425
Adaptive v1,152,train:152:train/pick_cool_then_place_in_recep-Pan-None-DiningTable-21/trial_T20190909_015404_512086/game.tw-pddl:0,0,train:152:train/pick_cool_then_place_in_recep-Pan-None-DiningTable-21/trial_T20190909_015404_512086/game.tw-pddl:0,20,30,True,2426
Adaptive v1,152,train:152:train/pick_cool_then_place_in_recep-Pot-None-CounterTop-1/trial_T20190909_113238_759245/game.tw-pddl:0,0,train:152:train/pick_cool_then_place_in_recep-Pot-None-CounterTop-1/trial_T20190909_113238_759245/game.tw-pddl:0,15,30,True,2427
Adaptive v1,152,train:152:train/pick_cool_then_place_in_recep-Pot-None-StoveBurner-25/trial_T20190907_114818_818003/game.tw-pddl:0,0,train:152:train/pick_cool_then_place_in_recep-Pot-None-StoveBurner-25/trial_T20190907_114818_818003/game.tw-pddl:0,17,30,True,2428
Adaptive v1,152,train:152:train/pick_heat_then_place_in_recep-Tomato-None-Fridge-18/trial_T20190907_192941_099066/game.tw-pddl:0,0,train:152:train/pick_heat_then_place_in_recep-Tomato-None-Fridge-18/trial_T20190907_192941_099066/game.tw-pddl:0,7,7,False,2429
Adaptive v1,152,train:152:train/pick_two_obj_and_place-Box-None-CoffeeTable-213/trial_T20190906_200855_584466/game.tw-pddl:0,0,train:152:train/pick_two_obj_and_place-Box-None-CoffeeTable-213/trial_T20190906_200855_584466/game.tw-pddl:0,17,17,False,2430
Adaptive v1,152,train:152:train/pick_two_obj_and_place-CellPhone-None-Drawer-324/trial_T20190907_212046_809746/game.tw-pddl:0,0,train:152:train/pick_two_obj_and_place-CellPhone-None-Drawer-324/trial_T20190907_212046_809746/game.tw-pddl:0,18,18,False,2431
Adaptive v1,152,train:152:train/pick_two_obj_and_place-RemoteControl-None-CoffeeTable-222/trial_T20190909_060904_620677/game.tw-pddl:0,0,train:152:train/pick_two_obj_and_place-RemoteControl-None-CoffeeTable-222/trial_T20190909_060904_620677/game.tw-pddl:0,17,30,True,2432
Adaptive v1,153,train:153:train/pick_and_place_simple-Candle-None-Dresser-413/trial_T20190909_040614_977988/game.tw-pddl:0,0,train:153:train/pick_and_place_simple-Candle-None-Dresser-413/trial_T20190909_040614_977988/game.tw-pddl:0,15,15,False,2433
Adaptive v1,153,train:153:train/pick_and_place_simple-CellPhone-None-Desk-305/trial_T20190907_230951_698317/game.tw-pddl:0,0,train:153:train/pick_and_place_simple-CellPhone-None-Desk-305/trial_T20190907_230951_698317/game.tw-pddl:0,4,4,False,2434
Adaptive v1,153,train:153:train/pick_and_place_simple-Laptop-None-Bed-302/trial_T20190908_112426_055221/game.tw-pddl:0,0,train:153:train/pick_and_place_simple-Laptop-None-Bed-302/trial_T20190908_112426_055221/game.tw-pddl:0,4,4,False,2435
Adaptive v1,153,train:153:train/pick_and_place_simple-Watch-None-Shelf-207/trial_T20190908_122239_644484/game.tw-pddl:0,0,train:153:train/pick_and_place_simple-Watch-None-Shelf-207/trial_T20190908_122239_644484/game.tw-pddl:0,4,4,False,2436
Adaptive v1,153,train:153:train/pick_clean_then_place_in_recep-Spoon-None-Drawer-5/trial_T20190907_080537_064131/game.tw-pddl:0,0,train:153:train/pick_clean_then_place_in_recep-Spoon-None-Drawer-5/trial_T20190907_080537_064131/game.tw-pddl:0,7,7,False,2437
Adaptive v1,153,train:153:train/pick_cool_then_place_in_recep-Bread-None-CounterTop-4/trial_T20190907_233005_002689/game.tw-pddl:0,0,train:153:train/pick_cool_then_place_in_recep-Bread-None-CounterTop-4/trial_T20190907_233005_002689/game.tw-pddl:0,6,6,False,2438
Adaptive v1,153,train:153:train/pick_cool_then_place_in_recep-Lettuce-None-DiningTable-21/trial_T20190909_045142_232083/game.tw-pddl:0,0,train:153:train/pick_cool_then_place_in_recep-Lettuce-None-DiningTable-21/trial_T20190909_045142_232083/game.tw-pddl:0,8,8,False,2439
Adaptive v1,153,train:153:train/pick_cool_then_place_in_recep-Lettuce-None-DiningTable-27/trial_T20190907_175117_656026/game.tw-pddl:0,0,train:153:train/pick_cool_then_place_in_recep-Lettuce-None-DiningTable-27/trial_T20190907_175117_656026/game.tw-pddl:0,7,11,False,2440
Adaptive v1,153,train:153:train/pick_cool_then_place_in_recep-Pan-None-DiningTable-7/trial_T20190908_233004_004856/game.tw-pddl:0,0,train:153:train/pick_cool_then_place_in_recep-Pan-None-DiningTable-7/trial_T20190908_233004_004856/game.tw-pddl:0,8,30,True,2441
Adaptive v1,153,train:153:train/pick_cool_then_place_in_recep-Pot-None-DiningTable-4/trial_T20190909_025405_606605/game.tw-pddl:0,0,train:153:train/pick_cool_then_place_in_recep-Pot-None-DiningTable-4/trial_T20190909_025405_606605/game.tw-pddl:0,6,6,False,2442
Adaptive v1,153,train:153:train/pick_heat_then_place_in_recep-Egg-None-DiningTable-18/trial_T20190908_051238_005636/game.tw-pddl:0,0,train:153:train/pick_heat_then_place_in_recep-Egg-None-DiningTable-18/trial_T20190908_051238_005636/game.tw-pddl:0,6,6,False,2443
Adaptive v1,153,train:153:train/pick_heat_then_place_in_recep-Mug-None-Shelf-5/trial_T20190906_203744_920699/game.tw-pddl:0,0,train:153:train/pick_heat_then_place_in_recep-Mug-None-Shelf-5/trial_T20190906_203744_920699/game.tw-pddl:0,10,10,False,2444
Adaptive v1,153,train:153:train/pick_heat_then_place_in_recep-Potato-None-SideTable-3/trial_T20190909_050256_765736/game.tw-pddl:0,0,train:153:train/pick_heat_then_place_in_recep-Potato-None-SideTable-3/trial_T20190909_050256_765736/game.tw-pddl:0,6,6,False,2445
Adaptive v1,153,train:153:train/pick_two_obj_and_place-Newspaper-None-CoffeeTable-222/trial_T20190908_205516_497013/game.tw-pddl:0,0,train:153:train/pick_two_obj_and_place-Newspaper-None-CoffeeTable-222/trial_T20190908_205516_497013/game.tw-pddl:0,10,10,False,2446
Adaptive v1,153,train:153:train/pick_two_obj_and_place-SprayBottle-None-GarbageCan-423/trial_T20190909_012941_820281/game.tw-pddl:0,0,train:153:train/pick_two_obj_and_place-SprayBottle-None-GarbageCan-423/trial_T20190909_012941_820281/game.tw-pddl:0,10,10,False,2447
Adaptive v1,153,train:153:train/pick_two_obj_and_place-ToiletPaper-None-Drawer-410/trial_T20190908_111346_211082/game.tw-pddl:0,0,train:153:train/pick_two_obj_and_place-ToiletPaper-None-Drawer-410/trial_T20190908_111346_211082/game.tw-pddl:0,12,30,True,2448
Adaptive v1,154,train:154:train/pick_and_place_simple-DishSponge-None-Toilet-403/trial_T20190907_192753_899150/game.tw-pddl:0,0,train:154:train/pick_and_place_simple-DishSponge-None-Toilet-403/trial_T20190907_192753_899150/game.tw-pddl:0,4,4,False,2449
Adaptive v1,154,train:154:train/pick_and_place_simple-Pillow-None-ArmChair-225/trial_T20190908_104612_718251/game.tw-pddl:0,0,train:154:train/pick_and_place_simple-Pillow-None-ArmChair-225/trial_T20190908_104612_718251/game.tw-pddl:0,13,13,False,2450
Adaptive v1,154,train:154:train/pick_and_place_simple-TissueBox-None-SideTable-229/trial_T20190908_114140_648099/game.tw-pddl:0,0,train:154:train/pick_and_place_simple-TissueBox-None-SideTable-229/trial_T20190908_114140_648099/game.tw-pddl:0,4,4,False,2451
Adaptive v1,154,train:154:train/pick_clean_then_place_in_recep-Apple-None-SideTable-21/trial_T20190908_041728_759551/game.tw-pddl:0,0,train:154:train/pick_clean_then_place_in_recep-Apple-None-SideTable-21/trial_T20190908_041728_759551/game.tw-pddl:0,7,7,False,2452
Adaptive v1,154,train:154:train/pick_clean_then_place_in_recep-Cloth-None-Drawer-426/trial_T20190909_100612_910742/game.tw-pddl:0,0,train:154:train/pick_clean_then_place_in_recep-Cloth-None-Drawer-426/trial_T20190909_100612_910742/game.tw-pddl:0,21,30,True,2453
Adaptive v1,154,train:154:train/pick_clean_then_place_in_recep-DishSponge-None-CounterTop-427/trial_T20190909_010859_090150/game.tw-pddl:0,0,train:154:train/pick_clean_then_place_in_recep-DishSponge-None-CounterTop-427/trial_T20190909_010859_090150/game.tw-pddl:0,20,30,True,2454
Adaptive v1,154,train:154:train/pick_clean_then_place_in_recep-Kettle-None-StoveBurner-15/trial_T20190908_082613_079516/game.tw-pddl:0,0,train:154:train/pick_clean_then_place_in_recep-Kettle-None-StoveBurner-15/trial_T20190908_082613_079516/game.tw-pddl:0,7,7,False,2455
Adaptive v1,154,train:154:train/pick_clean_then_place_in_recep-Plate-None-Shelf-7/trial_T20190908_230022_030239/game.tw-pddl:0,0,train:154:train/pick_clean_then_place_in_recep-Plate-None-Shelf-7/trial_T20190908_230022_030239/game.tw-pddl:0,6,6,False,2456
Adaptive v1,154,train:154:train/pick_clean_then_place_in_recep-SoapBar-None-Toilet-408/trial_T20190908_122359_761879/game.tw-pddl:0,0,train:154:train/pick_clean_then_place_in_recep-SoapBar-None-Toilet-408/trial_T20190908_122359_761879/game.tw-pddl:0,16,16,False,2457
Adaptive v1,154,train:154:train/pick_cool_then_place_in_recep-Pot-None-Shelf-7/trial_T20190907_025100_880574/game.tw-pddl:0,0,train:154:train/pick_cool_then_place_in_recep-Pot-None-Shelf-7/trial_T20190907_025100_880574/game.tw-pddl:0,15,30,True,2458
Adaptive v1,154,train:154:train/pick_cool_then_place_in_recep-Potato-None-CounterTop-12/trial_T20190908_070315_146409/game.tw-pddl:0,0,train:154:train/pick_cool_then_place_in_recep-Potato-None-CounterTop-12/trial_T20190908_070315_146409/game.tw-pddl:0,8,8,False,2459
Adaptive v1,154,train:154:train/pick_cool_then_place_in_recep-WineBottle-None-DiningTable-16/trial_T20190906_201936_406112/game.tw-pddl:0,0,train:154:train/pick_cool_then_place_in_recep-WineBottle-None-DiningTable-16/trial_T20190906_201936_406112/game.tw-pddl:0,6,6,False,2460
Adaptive v1,154,train:154:train/pick_heat_then_place_in_recep-Mug-None-CoffeeMachine-24/trial_T20190907_144750_235743/game.tw-pddl:0,0,train:154:train/pick_heat_then_place_in_recep-Mug-None-CoffeeMachine-24/trial_T20190907_144750_235743/game.tw-pddl:0,4,4,False,2461
Adaptive v1,154,train:154:train/pick_heat_then_place_in_recep-Mug-None-CoffeeMachine-3/trial_T20190906_233939_167170/game.tw-pddl:0,0,train:154:train/pick_heat_then_place_in_recep-Mug-None-CoffeeMachine-3/trial_T20190906_233939_167170/game.tw-pddl:0,6,6,False,2462
Adaptive v1,154,train:154:train/pick_heat_then_place_in_recep-Tomato-None-Fridge-7/trial_T20190909_022842_145387/game.tw-pddl:0,0,train:154:train/pick_heat_then_place_in_recep-Tomato-None-Fridge-7/trial_T20190909_022842_145387/game.tw-pddl:0,7,7,False,2463
Adaptive v1,154,train:154:train/pick_two_obj_and_place-Bowl-None-Desk-327/trial_T20190908_040620_961547/game.tw-pddl:0,0,train:154:train/pick_two_obj_and_place-Bowl-None-Desk-327/trial_T20190908_040620_961547/game.tw-pddl:0,10,10,False,2464
Adaptive v1,155,train:155:train/pick_and_place_simple-Candle-None-SideTable-420/trial_T20190907_025635_534669/game.tw-pddl:0,0,train:155:train/pick_and_place_simple-Candle-None-SideTable-420/trial_T20190907_025635_534669/game.tw-pddl:0,4,4,False,2465
Adaptive v1,155,train:155:train/pick_and_place_simple-CellPhone-None-ArmChair-318/trial_T20190909_120136_895030/game.tw-pddl:0,0,train:155:train/pick_and_place_simple-CellPhone-None-ArmChair-318/trial_T20190909_120136_895030/game.tw-pddl:0,6,6,False,2466
Adaptive v1,155,train:155:train/pick_and_place_simple-CreditCard-None-ArmChair-216/trial_T20190909_055028_463314/game.tw-pddl:0,0,train:155:train/pick_and_place_simple-CreditCard-None-ArmChair-216/trial_T20190909_055028_463314/game.tw-pddl:0,11,11,False,2467
Adaptive v1,155,train:155:train/pick_and_place_simple-Laptop-None-Ottoman-203/trial_T20190908_110713_350931/game.tw-pddl:0,0,train:155:train/pick_and_place_simple-Laptop-None-Ottoman-203/trial_T20190908_110713_350931/game.tw-pddl:0,7,7,False,2468
Adaptive v1,155,train:155:train/pick_and_place_simple-Statue-None-CoffeeTable-229/trial_T20190908_132906_260131/game.tw-pddl:0,0,train:155:train/pick_and_place_simple-Statue-None-CoffeeTable-229/trial_T20190908_132906_260131/game.tw-pddl:0,6,6,False,2469
Adaptive v1,155,train:155:train/pick_clean_then_place_in_recep-Mug-None-CoffeeMachine-25/trial_T20190907_224012_058575/game.tw-pddl:0,0,train:155:train/pick_clean_then_place_in_recep-Mug-None-CoffeeMachine-25/trial_T20190907_224012_058575/game.tw-pddl:0,16,30,True,2470
Adaptive v1,155,train:155:train/pick_clean_then_place_in_recep-Tomato-None-GarbageCan-15/trial_T20190908_190007_238896/game.tw-pddl:0,0,train:155:train/pick_clean_then_place_in_recep-Tomato-None-GarbageCan-15/trial_T20190908_190007_238896/game.tw-pddl:0,13,13,False,2471
Adaptive v1,155,train:155:train/pick_cool_then_place_in_recep-Mug-None-CoffeeMachine-7/trial_T20190908_071055_483693/game.tw-pddl:0,0,train:155:train/pick_cool_then_place_in_recep-Mug-None-CoffeeMachine-7/trial_T20190908_071055_483693/game.tw-pddl:0,6,6,False,2472
Adaptive v1,155,train:155:train/pick_cool_then_place_in_recep-Potato-None-Microwave-13/trial_T20190907_200955_697787/game.tw-pddl:0,0,train:155:train/pick_cool_then_place_in_recep-Potato-None-Microwave-13/trial_T20190907_200955_697787/game.tw-pddl:0,9,30,True,2473
Adaptive v1,155,train:155:train/pick_heat_then_place_in_recep-Plate-None-CounterTop-28/trial_T20190907_180239_626804/game.tw-pddl:0,0,train:155:train/pick_heat_then_place_in_recep-Plate-None-CounterTop-28/trial_T20190907_180239_626804/game.tw-pddl:0,7,7,False,2474
Adaptive v1,155,train:155:train/pick_heat_then_place_in_recep-Potato-None-SideTable-28/trial_T20190907_075944_387797/game.tw-pddl:0,0,train:155:train/pick_heat_then_place_in_recep-Potato-None-SideTable-28/trial_T20190907_075944_387797/game.tw-pddl:0,8,8,False,2475
Adaptive v1,155,train:155:train/pick_two_obj_and_place-KeyChain-None-SideTable-326/trial_T20190908_160925_942963/game.tw-pddl:0,0,train:155:train/pick_two_obj_and_place-KeyChain-None-SideTable-326/trial_T20190908_160925_942963/game.tw-pddl:0,12,30,True,2476
Adaptive v1,155,train:155:train/pick_two_obj_and_place-RemoteControl-None-Sofa-206/trial_T20190909_094915_819748/game.tw-pddl:0,0,train:155:train/pick_two_obj_and_place-RemoteControl-None-Sofa-206/trial_T20190909_094915_819748/game.tw-pddl:0,9,9,False,2477
Adaptive v1,155,train:155:train/pick_two_obj_and_place-SoapBar-None-Toilet-412/trial_T20190908_071641_500188/game.tw-pddl:0,0,train:155:train/pick_two_obj_and_place-SoapBar-None-Toilet-412/trial_T20190908_071641_500188/game.tw-pddl:0,15,15,False,2478
Adaptive v1,155,train:155:train/pick_two_obj_and_place-SprayBottle-None-Toilet-422/trial_T20190908_164720_891084/game.tw-pddl:0,0,train:155:train/pick_two_obj_and_place-SprayBottle-None-Toilet-422/trial_T20190908_164720_891084/game.tw-pddl:0,9,9,False,2479
Adaptive v1,155,train:155:train/pick_two_obj_and_place-TissueBox-None-Toilet-426/trial_T20190909_044737_339279/game.tw-pddl:0,0,train:155:train/pick_two_obj_and_place-TissueBox-None-Toilet-426/trial_T20190909_044737_339279/game.tw-pddl:0,15,20,False,2480
Adaptive v1,156,train:156:train/pick_and_place_simple-Candle-None-Toilet-410/trial_T20190908_124744_886566/game.tw-pddl:0,0,train:156:train/pick_and_place_simple-Candle-None-Toilet-410/trial_T20190908_124744_886566/game.tw-pddl:0,4,4,False,2481
Adaptive v1,156,train:156:train/pick_and_place_simple-DishSponge-None-Toilet-403/trial_T20190907_192737_190036/game.tw-pddl:0,0,train:156:train/pick_and_place_simple-DishSponge-None-Toilet-403/trial_T20190907_192737_190036/game.tw-pddl:0,8,8,False,2482
Adaptive v1,156,train:156:train/pick_and_place_simple-RemoteControl-None-Dresser-311/trial_T20190907_154740_977701/game.tw-pddl:0,0,train:156:train/pick_and_place_simple-RemoteControl-None-Dresser-311/trial_T20190907_154740_977701/game.tw-pddl:0,4,4,False,2483
Adaptive v1,156,train:156:train/pick_clean_then_place_in_recep-SoapBar-None-Cabinet-408/trial_T20190908_032441_986952/game.tw-pddl:0,0,train:156:train/pick_clean_then_place_in_recep-SoapBar-None-Cabinet-408/trial_T20190908_032441_986952/game.tw-pddl:0,7,7,False,2484
Adaptive v1,156,train:156:train/pick_clean_then_place_in_recep-SoapBar-None-CounterTop-414/trial_T20190908_215341_036775/game.tw-pddl:0,0,train:156:train/pick_clean_then_place_in_recep-SoapBar-None-CounterTop-414/trial_T20190908_215341_036775/game.tw-pddl:0,6,6,False,2485
Adaptive v1,156,train:156:train/pick_cool_then_place_in_recep-Bowl-None-Cabinet-18/trial_T20190908_031815_585714/game.tw-pddl:0,0,train:156:train/pick_cool_then_place_in_recep-Bowl-None-Cabinet-18/trial_T20190908_031815_585714/game.tw-pddl:0,7,7,False,2486
Adaptive v1,156,train:156:train/pick_cool_then_place_in_recep-Bowl-None-Microwave-25/trial_T20190906_180327_893301/game.tw-pddl:0,0,train:156:train/pick_cool_then_place_in_recep-Bowl-None-Microwave-25/trial_T20190906_180327_893301/game.tw-pddl:0,17,30,True,2487
Adaptive v1,156,train:156:train/pick_cool_then_place_in_recep-Mug-None-Shelf-5/trial_T20190907_210616_427958/game.tw-pddl:0,0,train:156:train/pick_cool_then_place_in_recep-Mug-None-Shelf-5/trial_T20190907_210616_427958/game.tw-pddl:0,7,7,False,2488
Adaptive v1,156,train:156:train/pick_cool_then_place_in_recep-WineBottle-None-CounterTop-16/trial_T20190907_165433_190864/game.tw-pddl:0,0,train:156:train/pick_cool_then_place_in_recep-WineBottle-None-CounterTop-16/trial_T20190907_165433_190864/game.tw-pddl:0,7,7,False,2489
Adaptive v1,156,train:156:train/pick_heat_then_place_in_recep-Mug-None-Cabinet-22/trial_T20190908_073225_811379/game.tw-pddl:0,0,train:156:train/pick_heat_then_place_in_recep-Mug-None-Cabinet-22/trial_T20190908_073225_811379/game.tw-pddl:0,13,30,True,2490
Adaptive v1,156,train:156:train/pick_heat_then_place_in_recep-Mug-None-CoffeeMachine-22/trial_T20190906_184715_596294/game.tw-pddl:0,0,train:156:train/pick_heat_then_place_in_recep-Mug-None-CoffeeMachine-22/trial_T20190906_184715_596294/game.tw-pddl:0,14,30,True,2491
Adaptive v1,156,train:156:train/pick_heat_then_place_in_recep-Potato-None-DiningTable-20/trial_T20190908_001123_581082/game.tw-pddl:0,0,train:156:train/pick_heat_then_place_in_recep-Potato-None-DiningTable-20/trial_T20190908_001123_581082/game.tw-pddl:0,7,9,False,2492
Adaptive v1,156,train:156:train/pick_two_obj_and_place-Book-None-Desk-313/trial_T20190908_125756_350093/game.tw-pddl:0,0,train:156:train/pick_two_obj_and_place-Book-None-Desk-313/trial_T20190908_125756_350093/game.tw-pddl:0,14,14,False,2493
Adaptive v1,156,train:156:train/pick_two_obj_and_place-Book-None-Sofa-209/trial_T20190909_022528_723601/game.tw-pddl:0,0,train:156:train/pick_two_obj_and_place-Book-None-Sofa-209/trial_T20190909_022528_723601/game.tw-pddl:0,9,9,False,2494
Adaptive v1,156,train:156:train/pick_two_obj_and_place-Pen-None-Drawer-307/trial_T20190919_075916_872303/game.tw-pddl:0,0,train:156:train/pick_two_obj_and_place-Pen-None-Drawer-307/trial_T20190919_075916_872303/game.tw-pddl:0,24,30,True,2495
Adaptive v1,156,train:156:train/pick_two_obj_and_place-SprayBottle-None-CounterTop-409/trial_T20190908_131717_174947/game.tw-pddl:0,0,train:156:train/pick_two_obj_and_place-SprayBottle-None-CounterTop-409/trial_T20190908_131717_174947/game.tw-pddl:0,11,11,False,2496
Adaptive v1,157,train:157:train/look_at_obj_in_light-AlarmClock-None-DeskLamp-314/trial_T20190908_042426_942777/game.tw-pddl:0,0,train:157:train/look_at_obj_in_light-AlarmClock-None-DeskLamp-314/trial_T20190908_042426_942777/game.tw-pddl:0,24,30,True,2497
Adaptive v1,157,train:157:train/look_at_obj_in_light-Bowl-None-DeskLamp-304/trial_T20190907_232217_890241/game.tw-pddl:0,0,train:157:train/look_at_obj_in_light-Bowl-None-DeskLamp-304/trial_T20190907_232217_890241/game.tw-pddl:0,4,4,False,2498
Adaptive v1,157,train:157:train/look_at_obj_in_light-CD-None-DeskLamp-323/trial_T20190908_051103_156741/game.tw-pddl:0,0,train:157:train/look_at_obj_in_light-CD-None-DeskLamp-323/trial_T20190908_051103_156741/game.tw-pddl:0,3,3,False,2499
Adaptive v1,157,train:157:train/look_at_obj_in_light-Newspaper-None-DeskLamp-224/trial_T20190909_091712_242922/game.tw-pddl:0,0,train:157:train/look_at_obj_in_light-Newspaper-None-DeskLamp-224/trial_T20190909_091712_242922/game.tw-pddl:0,17,30,True,2500
Adaptive v1,157,train:157:train/pick_and_place_simple-ToiletPaper-None-Shelf-429/trial_T20190908_082604_481663/game.tw-pddl:0,0,train:157:train/pick_and_place_simple-ToiletPaper-None-Shelf-429/trial_T20190908_082604_481663/game.tw-pddl:0,5,5,False,2501
Adaptive v1,157,train:157:train/pick_clean_then_place_in_recep-Ladle-None-Cabinet-2/trial_T20190908_220641_651992/game.tw-pddl:0,0,train:157:train/pick_clean_then_place_in_recep-Ladle-None-Cabinet-2/trial_T20190908_220641_651992/game.tw-pddl:0,8,8,False,2502
Adaptive v1,157,train:157:train/pick_clean_then_place_in_recep-Ladle-None-CounterTop-20/trial_T20190907_130815_667195/game.tw-pddl:0,0,train:157:train/pick_clean_then_place_in_recep-Ladle-None-CounterTop-20/trial_T20190907_130815_667195/game.tw-pddl:0,6,6,False,2503
Adaptive v1,157,train:157:train/pick_clean_then_place_in_recep-Pan-None-DiningTable-17/trial_T20190908_121048_245346/game.tw-pddl:0,0,train:157:train/pick_clean_then_place_in_recep-Pan-None-DiningTable-17/trial_T20190908_121048_245346/game.tw-pddl:0,9,9,False,2504
Adaptive v1,157,train:157:train/pick_cool_then_place_in_recep-Lettuce-None-CounterTop-22/trial_T20190908_084626_474201/game.tw-pddl:0,0,train:157:train/pick_cool_then_place_in_recep-Lettuce-None-CounterTop-22/trial_T20190908_084626_474201/game.tw-pddl:0,6,6,False,2505
Adaptive v1,157,train:157:train/pick_cool_then_place_in_recep-Lettuce-None-DiningTable-27/trial_T20190907_175011_194823/game.tw-pddl:0,0,train:157:train/pick_cool_then_place_in_recep-Lettuce-None-DiningTable-27/trial_T20190907_175011_194823/game.tw-pddl:0,6,6,False,2506
Adaptive v1,157,train:157:train/pick_cool_then_place_in_recep-Pan-None-StoveBurner-16/trial_T20190907_104135_056609/game.tw-pddl:0,0,train:157:train/pick_cool_then_place_in_recep-Pan-None-StoveBurner-16/trial_T20190907_104135_056609/game.tw-pddl:0,9,30,True,2507
Adaptive v1,157,train:157:train/pick_cool_then_place_in_recep-Tomato-None-Microwave-2/trial_T20190908_005640_809681/game.tw-pddl:0,0,train:157:train/pick_cool_then_place_in_recep-Tomato-None-Microwave-2/trial_T20190908_005640_809681/game.tw-pddl:0,12,30,True,2508
Adaptive v1,157,train:157:train/pick_heat_then_place_in_recep-Egg-None-GarbageCan-11/trial_T20190908_220000_908386/game.tw-pddl:0,0,train:157:train/pick_heat_then_place_in_recep-Egg-None-GarbageCan-11/trial_T20190908_220000_908386/game.tw-pddl:0,6,6,False,2509
Adaptive v1,157,train:157:train/pick_heat_then_place_in_recep-Tomato-None-CounterTop-27/trial_T20190906_204127_079628/game.tw-pddl:0,0,train:157:train/pick_heat_then_place_in_recep-Tomato-None-CounterTop-27/trial_T20190906_204127_079628/game.tw-pddl:0,6,6,False,2510
Adaptive v1,157,train:157:train/pick_two_obj_and_place-Pillow-None-ArmChair-217/trial_T20190918_164652_274628/game.tw-pddl:0,0,train:157:train/pick_two_obj_and_place-Pillow-None-ArmChair-217/trial_T20190918_164652_274628/game.tw-pddl:0,11,11,False,2511
Adaptive v1,157,train:157:train/pick_two_obj_and_place-SoapBottle-None-Toilet-403/trial_T20190908_060039_542379/game.tw-pddl:0,0,train:157:train/pick_two_obj_and_place-SoapBottle-None-Toilet-403/trial_T20190908_060039_542379/game.tw-pddl:0,15,30,True,2512
Adaptive v1,158,train:158:train/look_at_obj_in_light-Pillow-None-DeskLamp-216/trial_T20190907_220638_188496/game.tw-pddl:0,0,train:158:train/look_at_obj_in_light-Pillow-None-DeskLamp-216/trial_T20190907_220638_188496/game.tw-pddl:0,10,30,True,2513
Adaptive v1,158,train:158:train/pick_and_place_simple-Box-None-Dresser-224/trial_T20190907_164025_332377/game.tw-pddl:0,0,train:158:train/pick_and_place_simple-Box-None-Dresser-224/trial_T20190907_164025_332377/game.tw-pddl:0,5,5,False,2514
Adaptive v1,158,train:158:train/pick_and_place_simple-CellPhone-None-Dresser-330/trial_T20190909_064424_789194/game.tw-pddl:0,0,train:158:train/pick_and_place_simple-CellPhone-None-Dresser-330/trial_T20190909_064424_789194/game.tw-pddl:0,18,30,True,2515
Adaptive v1,158,train:158:train/pick_and_place_simple-KeyChain-None-Shelf-313/trial_T20190908_071051_432683/game.tw-pddl:0,0,train:158:train/pick_and_place_simple-KeyChain-None-Shelf-313/trial_T20190908_071051_432683/game.tw-pddl:0,4,4,False,2516
Adaptive v1,158,train:158:train/pick_and_place_simple-SprayBottle-None-Drawer-423/trial_T20190909_071924_418051/game.tw-pddl:0,0,train:158:train/pick_and_place_simple-SprayBottle-None-Drawer-423/trial_T20190909_071924_418051/game.tw-pddl:0,6,6,False,2517
Adaptive v1,158,train:158:train/pick_and_place_simple-SprayBottle-None-GarbageCan-421/trial_T20190908_121956_973687/game.tw-pddl:0,0,train:158:train/pick_and_place_simple-SprayBottle-None-GarbageCan-421/trial_T20190908_121956_973687/game.tw-pddl:0,4,4,False,2518
Adaptive v1,158,train:158:train/pick_and_place_simple-SprayBottle-None-Toilet-418/trial_T20190906_190906_143249/game.tw-pddl:0,0,train:158:train/pick_and_place_simple-SprayBottle-None-Toilet-418/trial_T20190906_190906_143249/game.tw-pddl:0,4,4,False,2519
Adaptive v1,158,train:158:train/pick_clean_then_place_in_recep-ButterKnife-None-Drawer-2/trial_T20190908_044255_995925/game.tw-pddl:0,0,train:158:train/pick_clean_then_place_in_recep-ButterKnife-None-Drawer-2/trial_T20190908_044255_995925/game.tw-pddl:0,7,7,False,2520
Adaptive v1,158,train:158:train/pick_clean_then_place_in_recep-SoapBar-None-Drawer-409/trial_T20190907_040400_932831/game.tw-pddl:0,0,train:158:train/pick_clean_then_place_in_recep-SoapBar-None-Drawer-409/trial_T20190907_040400_932831/game.tw-pddl:0,8,8,False,2521
Adaptive v1,158,train:158:train/pick_clean_then_place_in_recep-SoapBar-None-GarbageCan-426/trial_T20190908_060518_031180/game.tw-pddl:0,0,train:158:train/pick_clean_then_place_in_recep-SoapBar-None-GarbageCan-426/trial_T20190908_060518_031180/game.tw-pddl:0,6,6,False,2522
Adaptive v1,158,train:158:train/pick_cool_then_place_in_recep-Cup-None-Shelf-7/trial_T20190906_222229_326451/game.tw-pddl:0,0,train:158:train/pick_cool_then_place_in_recep-Cup-None-Shelf-7/trial_T20190906_222229_326451/game.tw-pddl:0,6,6,False,2523
Adaptive v1,158,train:158:train/pick_heat_then_place_in_recep-Mug-None-CoffeeMachine-11/trial_T20190907_164503_292853/game.tw-pddl:0,0,train:158:train/pick_heat_then_place_in_recep-Mug-None-CoffeeMachine-11/trial_T20190907_164503_292853/game.tw-pddl:0,8,8,False,2524
Adaptive v1,158,train:158:train/pick_heat_then_place_in_recep-Potato-None-GarbageCan-5/trial_T20190908_144220_448097/game.tw-pddl:0,0,train:158:train/pick_heat_then_place_in_recep-Potato-None-GarbageCan-5/trial_T20190908_144220_448097/game.tw-pddl:0,10,10,False,2525
Adaptive v1,158,train:158:train/pick_two_obj_and_place-CellPhone-None-DiningTable-326/trial_T20190907_125916_920981/game.tw-pddl:0,0,train:158:train/pick_two_obj_and_place-CellPhone-None-DiningTable-326/trial_T20190907_125916_920981/game.tw-pddl:0,20,30,True,2526
Adaptive v1,158,train:158:train/pick_two_obj_and_place-SprayBottle-None-Cart-401/trial_T20190906_193356_571004/game.tw-pddl:0,0,train:158:train/pick_two_obj_and_place-SprayBottle-None-Cart-401/trial_T20190906_193356_571004/game.tw-pddl:0,11,11,False,2527
Adaptive v1,158,train:158:train/pick_two_obj_and_place-TissueBox-None-DiningTable-230/trial_T20190909_145505_799057/game.tw-pddl:0,0,train:158:train/pick_two_obj_and_place-TissueBox-None-DiningTable-230/trial_T20190909_145505_799057/game.tw-pddl:0,11,30,True,2528
Adaptive v1,159,train:159:train/look_at_obj_in_light-AlarmClock-None-DeskLamp-320/trial_T20190908_082328_418237/game.tw-pddl:0,0,train:159:train/look_at_obj_in_light-AlarmClock-None-DeskLamp-320/trial_T20190908_082328_418237/game.tw-pddl:0,6,6,False,2529
Adaptive v1,159,train:159:train/look_at_obj_in_light-Pen-None-DeskLamp-320/trial_T20190908_111544_109631/game.tw-pddl:0,0,train:159:train/look_at_obj_in_light-Pen-None-DeskLamp-320/trial_T20190908_111544_109631/game.tw-pddl:0,8,30,True,2530
Adaptive v1,159,train:159:train/pick_and_place_simple-CD-None-Dresser-323/trial_T20190908_005459_168199/game.tw-pddl:0,0,train:159:train/pick_and_place_simple-CD-None-Dresser-323/trial_T20190908_005459_168199/game.tw-pddl:0,4,4,False,2531
Adaptive v1,159,train:159:train/pick_and_place_simple-CD-None-SideTable-329/trial_T20190908_002233_981326/game.tw-pddl:0,0,train:159:train/pick_and_place_simple-CD-None-SideTable-329/trial_T20190908_002233_981326/game.tw-pddl:0,4,4,False,2532
Adaptive v1,159,train:159:train/pick_and_place_simple-KeyChain-None-Sofa-217/trial_T20190908_065504_716374/game.tw-pddl:0,0,train:159:train/pick_and_place_simple-KeyChain-None-Sofa-217/trial_T20190908_065504_716374/game.tw-pddl:0,5,5,False,2533
Adaptive v1,159,train:159:train/pick_and_place_simple-Pencil-None-Dresser-330/trial_T20190909_071051_120393/game.tw-pddl:0,0,train:159:train/pick_and_place_simple-Pencil-None-Dresser-330/trial_T20190909_071051_120393/game.tw-pddl:0,9,9,False,2534
Adaptive v1,159,train:159:train/pick_clean_then_place_in_recep-SoapBar-None-Cabinet-402/trial_T20190908_055202_188428/game.tw-pddl:0,0,train:159:train/pick_clean_then_place_in_recep-SoapBar-None-Cabinet-402/trial_T20190908_055202_188428/game.tw-pddl:0,7,7,False,2535
Adaptive v1,159,train:159:train/pick_clean_then_place_in_recep-SoapBar-None-CounterTop-416/trial_T20190909_032310_871218/game.tw-pddl:0,0,train:159:train/pick_clean_then_place_in_recep-SoapBar-None-CounterTop-416/trial_T20190909_032310_871218/game.tw-pddl:0,14,14,False,2536
Adaptive v1,159,train:159:train/pick_cool_then_place_in_recep-Mug-None-CoffeeMachine-14/trial_T20190906_182835_223211/game.tw-pddl:0,0,train:159:train/pick_cool_then_place_in_recep-Mug-None-CoffeeMachine-14/trial_T20190906_182835_223211/game.tw-pddl:0,6,6,False,2537
Adaptive v1,159,train:159:train/pick_cool_then_place_in_recep-Pan-None-StoveBurner-26/trial_T20190907_103554_499085/game.tw-pddl:0,0,train:159:train/pick_cool_then_place_in_recep-Pan-None-StoveBurner-26/trial_T20190907_103554_499085/game.tw-pddl:0,15,30,True,2538
Adaptive v1,159,train:159:train/pick_heat_then_place_in_recep-Cup-None-Cabinet-15/trial_T20190908_055531_226087/game.tw-pddl:0,0,train:159:train/pick_heat_then_place_in_recep-Cup-None-Cabinet-15/trial_T20190908_055531_226087/game.tw-pddl:0,9,9,False,2539
Adaptive v1,159,train:159:train/pick_two_obj_and_place-CD-None-Shelf-303/trial_T20190907_200550_857444/game.tw-pddl:0,0,train:159:train/pick_two_obj_and_place-CD-None-Shelf-303/trial_T20190907_200550_857444/game.tw-pddl:0,10,30,True,2540
Adaptive v1,159,train:159:train/pick_two_obj_and_place-Cup-None-Shelf-1/trial_T20190908_015241_045631/game.tw-pddl:0,0,train:159:train/pick_two_obj_and_place-Cup-None-Shelf-1/trial_T20190908_015241_045631/game.tw-pddl:0,8,8,False,2541
Adaptive v1,159,train:159:train/pick_two_obj_and_place-HandTowel-None-CounterTop-418/trial_T20190909_102817_744500/game.tw-pddl:0,0,train:159:train/pick_two_obj_and_place-HandTowel-None-CounterTop-418/trial_T20190909_102817_744500/game.tw-pddl:0,8,8,False,2542
Adaptive v1,159,train:159:train/pick_two_obj_and_place-Plate-None-CoffeeTable-218/trial_T20190907_220708_746011/game.tw-pddl:0,0,train:159:train/pick_two_obj_and_place-Plate-None-CoffeeTable-218/trial_T20190907_220708_746011/game.tw-pddl:0,8,8,False,2543
Adaptive v1,159,train:159:train/pick_two_obj_and_place-SprayBottle-None-Cart-401/trial_T20190906_193324_436227/game.tw-pddl:0,0,train:159:train/pick_two_obj_and_place-SprayBottle-None-Cart-401/trial_T20190906_193324_436227/game.tw-pddl:0,11,11,False,2544
Adaptive v1,160,train:160:train/look_at_obj_in_light-Box-None-DeskLamp-205/trial_T20190907_074438_715192/game.tw-pddl:0,0,train:160:train/look_at_obj_in_light-Box-None-DeskLamp-205/trial_T20190907_074438_715192/game.tw-pddl:0,21,30,True,2545
Adaptive v1,160,train:160:train/look_at_obj_in_light-CreditCard-None-DeskLamp-324/trial_T20190910_031358_267252/game.tw-pddl:0,0,train:160:train/look_at_obj_in_light-CreditCard-None-DeskLamp-324/trial_T20190910_031358_267252/game.tw-pddl:0,3,3,False,2546
Adaptive v1,160,train:160:train/pick_and_place_simple-Box-None-DiningTable-223/trial_T20190907_201458_660794/game.tw-pddl:0,0,train:160:train/pick_and_place_simple-Box-None-DiningTable-223/trial_T20190907_201458_660794/game.tw-pddl:0,8,8,False,2547
Adaptive v1,160,train:160:train/pick_and_place_simple-CD-None-DiningTable-311/trial_T20190908_071404_028986/game.tw-pddl:0,0,train:160:train/pick_and_place_simple-CD-None-DiningTable-311/trial_T20190908_071404_028986/game.tw-pddl:0,4,4,False,2548
Adaptive v1,160,train:160:train/pick_and_place_simple-CellPhone-None-Safe-302/trial_T20190908_122723_141074/game.tw-pddl:0,0,train:160:train/pick_and_place_simple-CellPhone-None-Safe-302/trial_T20190908_122723_141074/game.tw-pddl:0,10,10,False,2549
Adaptive v1,160,train:160:train/pick_clean_then_place_in_recep-Pan-None-CounterTop-22/trial_T20190907_060222_263381/game.tw-pddl:0,0,train:160:train/pick_clean_then_place_in_recep-Pan-None-CounterTop-22/trial_T20190907_060222_263381/game.tw-pddl:0,7,7,False,2550
Adaptive v1,160,train:160:train/pick_clean_then_place_in_recep-Plate-None-DiningTable-19/trial_T20190909_045437_991233/game.tw-pddl:0,0,train:160:train/pick_clean_then_place_in_recep-Plate-None-DiningTable-19/trial_T20190909_045437_991233/game.tw-pddl:0,7,7,False,2551
Adaptive v1,160,train:160:train/pick_clean_then_place_in_recep-SoapBar-None-Drawer-409/trial_T20190907_040420_175845/game.tw-pddl:0,0,train:160:train/pick_clean_then_place_in_recep-SoapBar-None-Drawer-409/trial_T20190907_040420_175845/game.tw-pddl:0,7,7,False,2552
Adaptive v1,160,train:160:train/pick_cool_then_place_in_recep-Apple-None-SideTable-21/trial_T20190907_180711_700359/game.tw-pddl:0,0,train:160:train/pick_cool_then_place_in_recep-Apple-None-SideTable-21/trial_T20190907_180711_700359/game.tw-pddl:0,19,30,True,2553
Adaptive v1,160,train:160:train/pick_cool_then_place_in_recep-Bowl-None-CounterTop-17/trial_T20190909_080537_886002/game.tw-pddl:0,0,train:160:train/pick_cool_then_place_in_recep-Bowl-None-CounterTop-17/trial_T20190909_080537_886002/game.tw-pddl:0,13,30,True,2554
Adaptive v1,160,train:160:train/pick_cool_then_place_in_recep-Mug-None-Microwave-20/trial_T20190908_125411_391691/game.tw-pddl:0,0,train:160:train/pick_cool_then_place_in_recep-Mug-None-Microwave-20/trial_T20190908_125411_391691/game.tw-pddl:0,9,30,True,2555
Adaptive v1,160,train:160:train/pick_cool_then_place_in_recep-Pot-None-DiningTable-4/trial_T20190909_025030_569726/game.tw-pddl:0,0,train:160:train/pick_cool_then_place_in_recep-Pot-None-DiningTable-4/trial_T20190909_025030_569726/game.tw-pddl:0,6,6,False,2556
Adaptive v1,160,train:160:train/pick_two_obj_and_place-Book-None-Bed-316/trial_T20190909_032358_551783/game.tw-pddl:0,0,train:160:train/pick_two_obj_and_place-Book-None-Bed-316/trial_T20190909_032358_551783/game.tw-pddl:0,9,9,False,2557
Adaptive v1,160,train:160:train/pick_two_obj_and_place-CellPhone-None-Drawer-324/trial_T20190907_212202_833108/game.tw-pddl:0,0,train:160:train/pick_two_obj_and_place-CellPhone-None-Drawer-324/trial_T20190907_212202_833108/game.tw-pddl:0,9,9,False,2558
Adaptive v1,160,train:160:train/pick_two_obj_and_place-CreditCard-None-Shelf-303/trial_T20190908_062004_513133/game.tw-pddl:0,0,train:160:train/pick_two_obj_and_place-CreditCard-None-Shelf-303/trial_T20190908_062004_513133/game.tw-pddl:0,9,9,False,2559
Adaptive v1,160,train:160:train/pick_two_obj_and_place-KeyChain-None-Shelf-207/trial_T20190909_131732_113671/game.tw-pddl:0,0,train:160:train/pick_two_obj_and_place-KeyChain-None-Shelf-207/trial_T20190909_131732_113671/game.tw-pddl:0,21,30,True,2560
Adaptive v1,161,train:161:train/pick_and_place_simple-Book-None-Sofa-201/trial_T20190908_132554_397223/game.tw-pddl:0,0,train:161:train/pick_and_place_simple-Book-None-Sofa-201/trial_T20190908_132554_397223/game.tw-pddl:0,5,5,False,2561
Adaptive v1,161,train:161:train/pick_and_place_simple-Candle-None-Drawer-411/trial_T20190909_093501_751637/game.tw-pddl:0,0,train:161:train/pick_and_place_simple-Candle-None-Drawer-411/trial_T20190909_093501_751637/game.tw-pddl:0,5,5,False,2562
Adaptive v1,161,train:161:train/pick_and_place_simple-Statue-None-CoffeeTable-227/trial_T20190909_221248_363706/game.tw-pddl:0,0,train:161:train/pick_and_place_simple-Statue-None-CoffeeTable-227/trial_T20190909_221248_363706/game.tw-pddl:0,4,4,False,2563
Adaptive v1,161,train:161:train/pick_and_place_simple-TissueBox-None-Dresser-301/trial_T20190906_221445_679815/game.tw-pddl:0,0,train:161:train/pick_and_place_simple-TissueBox-None-Dresser-301/trial_T20190906_221445_679815/game.tw-pddl:0,17,30,True,2564
Adaptive v1,161,train:161:train/pick_clean_then_place_in_recep-Plate-None-Microwave-7/trial_T20190907_170142_415879/game.tw-pddl:0,0,train:161:train/pick_clean_then_place_in_recep-Plate-None-Microwave-7/trial_T20190907_170142_415879/game.tw-pddl:0,12,30,True,2565
Adaptive v1,161,train:161:train/pick_clean_then_place_in_recep-Potato-None-Microwave-2/trial_T20190908_102103_837124/game.tw-pddl:0,0,train:161:train/pick_clean_then_place_in_recep-Potato-None-Microwave-2/trial_T20190908_102103_837124/game.tw-pddl:0,15,30,True,2566
Adaptive v1,161,train:161:train/pick_cool_then_place_in_recep-Cup-None-Shelf-20/trial_T20190907_155034_140166/game.tw-pddl:0,0,train:161:train/pick_cool_then_place_in_recep-Cup-None-Shelf-20/trial_T20190907_155034_140166/game.tw-pddl:0,15,30,True,2567
Adaptive v1,161,train:161:train/pick_cool_then_place_in_recep-Lettuce-None-GarbageCan-20/trial_T20190907_204404_064165/game.tw-pddl:0,0,train:161:train/pick_cool_then_place_in_recep-Lettuce-None-GarbageCan-20/trial_T20190907_204404_064165/game.tw-pddl:0,6,6,False,2568
Adaptive v1,161,train:161:train/pick_cool_then_place_in_recep-Mug-None-SideTable-21/trial_T20190907_153718_648592/game.tw-pddl:0,0,train:161:train/pick_cool_then_place_in_recep-Mug-None-SideTable-21/trial_T20190907_153718_648592/game.tw-pddl:0,19,30,True,2569
Adaptive v1,161,train:161:train/pick_cool_then_place_in_recep-Pot-None-StoveBurner-17/trial_T20190907_032356_060662/game.tw-pddl:0,0,train:161:train/pick_cool_then_place_in_recep-Pot-None-StoveBurner-17/trial_T20190907_032356_060662/game.tw-pddl:0,13,30,True,2570
Adaptive v1,161,train:161:train/pick_heat_then_place_in_recep-Cup-None-DiningTable-23/trial_T20190908_082118_667858/game.tw-pddl:0,0,train:161:train/pick_heat_then_place_in_recep-Cup-None-DiningTable-23/trial_T20190908_082118_667858/game.tw-pddl:0,15,30,True,2571
Adaptive v1,161,train:161:train/pick_two_obj_and_place-Candle-None-Cabinet-403/trial_T20190909_065744_416414/game.tw-pddl:0,0,train:161:train/pick_two_obj_and_place-Candle-None-Cabinet-403/trial_T20190909_065744_416414/game.tw-pddl:0,12,12,False,2572
Adaptive v1,161,train:161:train/pick_two_obj_and_place-SoapBar-None-Drawer-420/trial_T20190908_124914_469354/game.tw-pddl:0,0,train:161:train/pick_two_obj_and_place-SoapBar-None-Drawer-420/trial_T20190908_124914_469354/game.tw-pddl:0,10,10,False,2573
Adaptive v1,161,train:161:train/pick_two_obj_and_place-SoapBottle-None-CounterTop-412/trial_T20190919_003422_408137/game.tw-pddl:0,0,train:161:train/pick_two_obj_and_place-SoapBottle-None-CounterTop-412/trial_T20190919_003422_408137/game.tw-pddl:0,14,14,False,2574
Adaptive v1,161,train:161:train/pick_two_obj_and_place-TissueBox-None-Cart-430/trial_T20190906_172441_023365/game.tw-pddl:0,0,train:161:train/pick_two_obj_and_place-TissueBox-None-Cart-430/trial_T20190906_172441_023365/game.tw-pddl:0,9,9,False,2575
Adaptive v1,161,train:161:train/pick_two_obj_and_place-TissueBox-None-Drawer-427/trial_T20190909_060953_266728/game.tw-pddl:0,0,train:161:train/pick_two_obj_and_place-TissueBox-None-Drawer-427/trial_T20190909_060953_266728/game.tw-pddl:0,20,30,True,2576
Adaptive v1,162,train:162:train/look_at_obj_in_light-CD-None-DeskLamp-320/trial_T20190907_224502_133384/game.tw-pddl:0,0,train:162:train/look_at_obj_in_light-CD-None-DeskLamp-320/trial_T20190907_224502_133384/game.tw-pddl:0,25,30,True,2577
Adaptive v1,162,train:162:train/pick_and_place_simple-CellPhone-None-DiningTable-329/trial_T20190909_074056_730233/game.tw-pddl:0,0,train:162:train/pick_and_place_simple-CellPhone-None-DiningTable-329/trial_T20190909_074056_730233/game.tw-pddl:0,15,15,False,2578
Adaptive v1,162,train:162:train/pick_and_place_simple-KeyChain-None-SideTable-330/trial_T20190908_132812_060735/game.tw-pddl:0,0,train:162:train/pick_and_place_simple-KeyChain-None-SideTable-330/trial_T20190908_132812_060735/game.tw-pddl:0,18,30,True,2579
Adaptive v1,162,train:162:train/pick_and_place_simple-Laptop-None-Bed-302/trial_T20190908_112436_878411/game.tw-pddl:0,0,train:162:train/pick_and_place_simple-Laptop-None-Bed-302/trial_T20190908_112436_878411/game.tw-pddl:0,4,4,False,2580
Adaptive v1,162,train:162:train/pick_and_place_simple-SoapBottle-None-Toilet-429/trial_T20190911_233539_300314/game.tw-pddl:0,0,train:162:train/pick_and_place_simple-SoapBottle-None-Toilet-429/trial_T20190911_233539_300314/game.tw-pddl:0,4,4,False,2581
Adaptive v1,162,train:162:train/pick_and_place_simple-ToiletPaper-None-ToiletPaperHanger-412/trial_T20190907_181314_264466/game.tw-pddl:0,0,train:162:train/pick_and_place_simple-ToiletPaper-None-ToiletPaperHanger-412/trial_T20190907_181314_264466/game.tw-pddl:0,5,5,False,2582
Adaptive v1,162,train:162:train/pick_clean_then_place_in_recep-Ladle-None-Drawer-16/trial_T20190909_024451_846567/game.tw-pddl:0,0,train:162:train/pick_clean_then_place_in_recep-Ladle-None-Drawer-16/trial_T20190909_024451_846567/game.tw-pddl:0,7,7,False,2583
Adaptive v1,162,train:162:train/pick_clean_then_place_in_recep-SoapBar-None-CounterTop-418/trial_T20190908_225804_452583/game.tw-pddl:0,0,train:162:train/pick_clean_then_place_in_recep-SoapBar-None-CounterTop-418/trial_T20190908_225804_452583/game.tw-pddl:0,6,6,False,2584
Adaptive v1,162,train:162:train/pick_clean_then_place_in_recep-Spatula-None-CounterTop-30/trial_T20190909_050831_328612/game.tw-pddl:0,0,train:162:train/pick_clean_then_place_in_recep-Spatula-None-CounterTop-30/trial_T20190909_050831_328612/game.tw-pddl:0,8,8,False,2585
Adaptive v1,162,train:162:train/pick_cool_then_place_in_recep-Bowl-None-Shelf-1/trial_T20190907_073805_220745/game.tw-pddl:0,0,train:162:train/pick_cool_then_place_in_recep-Bowl-None-Shelf-1/trial_T20190907_073805_220745/game.tw-pddl:0,9,30,True,2586
Adaptive v1,162,train:162:train/pick_cool_then_place_in_recep-Mug-None-CoffeeMachine-6/trial_T20190906_204003_012007/game.tw-pddl:0,0,train:162:train/pick_cool_then_place_in_recep-Mug-None-CoffeeMachine-6/trial_T20190906_204003_012007/game.tw-pddl:0,15,30,True,2587
Adaptive v1,162,train:162:train/pick_cool_then_place_in_recep-Mug-None-Shelf-20/trial_T20190908_121332_701155/game.tw-pddl:0,0,train:162:train/pick_cool_then_place_in_recep-Mug-None-Shelf-20/trial_T20190908_121332_701155/game.tw-pddl:0,7,7,False,2588
Adaptive v1,162,train:162:train/pick_cool_then_place_in_recep-Potato-None-CounterTop-30/trial_T20190908_111640_207484/game.tw-pddl:0,0,train:162:train/pick_cool_then_place_in_recep-Potato-None-CounterTop-30/trial_T20190908_111640_207484/game.tw-pddl:0,11,30,True,2589
Adaptive v1,162,train:162:train/pick_heat_then_place_in_recep-Cup-None-Cabinet-6/trial_T20190908_165456_939103/game.tw-pddl:0,0,train:162:train/pick_heat_then_place_in_recep-Cup-None-Cabinet-6/trial_T20190908_165456_939103/game.tw-pddl:0,15,30,True,2590
Adaptive v1,162,train:162:train/pick_two_obj_and_place-DishSponge-None-Toilet-403/trial_T20190908_024917_909971/game.tw-pddl:0,0,train:162:train/pick_two_obj_and_place-DishSponge-None-Toilet-403/trial_T20190908_024917_909971/game.tw-pddl:0,21,30,True,2591
Adaptive v1,162,train:162:train/pick_two_obj_and_place-KeyChain-None-SideTable-322/trial_T20190909_095643_442738/game.tw-pddl:0,0,train:162:train/pick_two_obj_and_place-KeyChain-None-SideTable-322/trial_T20190909_095643_442738/game.tw-pddl:0,11,30,True,2592
Adaptive v1,163,train:163:train/look_at_obj_in_light-Pencil-None-DeskLamp-328/trial_T20190906_201152_550531/game.tw-pddl:0,0,train:163:train/look_at_obj_in_light-Pencil-None-DeskLamp-328/trial_T20190906_201152_550531/game.tw-pddl:0,3,3,False,2593
Adaptive v1,163,train:163:train/pick_and_place_simple-Book-None-Sofa-229/trial_T20190907_042933_874605/game.tw-pddl:0,0,train:163:train/pick_and_place_simple-Book-None-Sofa-229/trial_T20190907_042933_874605/game.tw-pddl:0,4,4,False,2594
Adaptive v1,163,train:163:train/pick_and_place_simple-CD-None-Shelf-310/trial_T20190908_130024_429688/game.tw-pddl:0,0,train:163:train/pick_and_place_simple-CD-None-Shelf-310/trial_T20190908_130024_429688/game.tw-pddl:0,6,6,False,2595
Adaptive v1,163,train:163:train/pick_and_place_simple-HandTowel-None-Toilet-420/trial_T20190908_120310_753481/game.tw-pddl:0,0,train:163:train/pick_and_place_simple-HandTowel-None-Toilet-420/trial_T20190908_120310_753481/game.tw-pddl:0,4,4,False,2596
Adaptive v1,163,train:163:train/pick_and_place_simple-Laptop-None-Sofa-216/trial_T20190907_014826_706738/game.tw-pddl:0,0,train:163:train/pick_and_place_simple-Laptop-None-Sofa-216/trial_T20190907_014826_706738/game.tw-pddl:0,7,7,False,2597
Adaptive v1,163,train:163:train/pick_clean_then_place_in_recep-Cloth-None-Toilet-415/trial_T20190909_022422_030418/game.tw-pddl:0,0,train:163:train/pick_clean_then_place_in_recep-Cloth-None-Toilet-415/trial_T20190909_022422_030418/game.tw-pddl:0,8,8,False,2598
Adaptive v1,163,train:163:train/pick_clean_then_place_in_recep-Kettle-None-Cabinet-11/trial_T20190908_063358_779789/game.tw-pddl:0,0,train:163:train/pick_clean_then_place_in_recep-Kettle-None-Cabinet-11/trial_T20190908_063358_779789/game.tw-pddl:0,7,7,False,2599
Adaptive v1,163,train:163:train/pick_clean_then_place_in_recep-Spatula-None-DiningTable-24/trial_T20190909_021012_621960/game.tw-pddl:0,0,train:163:train/pick_clean_then_place_in_recep-Spatula-None-DiningTable-24/trial_T20190909_021012_621960/game.tw-pddl:0,9,9,False,2600
Adaptive v1,163,train:163:train/pick_cool_then_place_in_recep-Plate-None-Cabinet-27/trial_T20190906_173151_702668/game.tw-pddl:0,0,train:163:train/pick_cool_then_place_in_recep-Plate-None-Cabinet-27/trial_T20190906_173151_702668/game.tw-pddl:0,15,30,True,2601
Adaptive v1,163,train:163:train/pick_cool_then_place_in_recep-Pot-None-DiningTable-23/trial_T20190909_061357_391676/game.tw-pddl:0,0,train:163:train/pick_cool_then_place_in_recep-Pot-None-DiningTable-23/trial_T20190909_061357_391676/game.tw-pddl:0,18,30,True,2602
Adaptive v1,163,train:163:train/pick_heat_then_place_in_recep-Cup-None-Fridge-18/trial_T20190908_142140_245230/game.tw-pddl:0,0,train:163:train/pick_heat_then_place_in_recep-Cup-None-Fridge-18/trial_T20190908_142140_245230/game.tw-pddl:0,8,8,False,2603
Adaptive v1,163,train:163:train/pick_heat_then_place_in_recep-Tomato-None-GarbageCan-2/trial_T20190908_111801_490050/game.tw-pddl:0,0,train:163:train/pick_heat_then_place_in_recep-Tomato-None-GarbageCan-2/trial_T20190908_111801_490050/game.tw-pddl:0,7,7,False,2604
Adaptive v1,163,train:163:train/pick_two_obj_and_place-SaltShaker-None-Cabinet-3/trial_T20190908_102252_413545/game.tw-pddl:0,0,train:163:train/pick_two_obj_and_place-SaltShaker-None-Cabinet-3/trial_T20190908_102252_413545/game.tw-pddl:0,16,30,True,2605
Adaptive v1,163,train:163:train/pick_two_obj_and_place-SoapBottle-None-CounterTop-411/trial_T20190907_110947_693826/game.tw-pddl:0,0,train:163:train/pick_two_obj_and_place-SoapBottle-None-CounterTop-411/trial_T20190907_110947_693826/game.tw-pddl:0,21,30,True,2606
Adaptive v1,163,train:163:train/pick_two_obj_and_place-SprayBottle-None-Cabinet-417/trial_T20190909_112757_524439/game.tw-pddl:0,0,train:163:train/pick_two_obj_and_place-SprayBottle-None-Cabinet-417/trial_T20190909_112757_524439/game.tw-pddl:0,14,14,False,2607
Adaptive v1,163,train:163:train/pick_two_obj_and_place-SprayBottle-None-Toilet-430/trial_T20190908_124338_554406/game.tw-pddl:0,0,train:163:train/pick_two_obj_and_place-SprayBottle-None-Toilet-430/trial_T20190908_124338_554406/game.tw-pddl:0,19,19,False,2608
Adaptive v1,164,train:164:train/look_at_obj_in_light-Pillow-None-DeskLamp-314/trial_T20190908_115823_954045/game.tw-pddl:0,0,train:164:train/look_at_obj_in_light-Pillow-None-DeskLamp-314/trial_T20190908_115823_954045/game.tw-pddl:0,7,30,True,2609
Adaptive v1,164,train:164:train/pick_and_place_simple-Plate-None-Dresser-218/trial_T20190907_013614_368009/game.tw-pddl:0,0,train:164:train/pick_and_place_simple-Plate-None-Dresser-218/trial_T20190907_013614_368009/game.tw-pddl:0,4,4,False,2610
Adaptive v1,164,train:164:train/pick_and_place_simple-SprayBottle-None-GarbageCan-410/trial_T20190908_122436_280277/game.tw-pddl:0,0,train:164:train/pick_and_place_simple-SprayBottle-None-GarbageCan-410/trial_T20190908_122436_280277/game.tw-pddl:0,21,30,True,2611
Adaptive v1,164,train:164:train/pick_clean_then_place_in_recep-Egg-None-DiningTable-23/trial_T20190908_083733_678856/game.tw-pddl:0,0,train:164:train/pick_clean_then_place_in_recep-Egg-None-DiningTable-23/trial_T20190908_083733_678856/game.tw-pddl:0,7,7,False,2612
Adaptive v1,164,train:164:train/pick_clean_then_place_in_recep-Kettle-None-StoveBurner-15/trial_T20190908_082135_179964/game.tw-pddl:0,0,train:164:train/pick_clean_then_place_in_recep-Kettle-None-StoveBurner-15/trial_T20190908_082135_179964/game.tw-pddl:0,7,7,False,2613
Adaptive v1,164,train:164:train/pick_clean_then_place_in_recep-Lettuce-None-Fridge-13/trial_T20190908_203315_375450/game.tw-pddl:0,0,train:164:train/pick_clean_then_place_in_recep-Lettuce-None-Fridge-13/trial_T20190908_203315_375450/game.tw-pddl:0,9,9,False,2614
Adaptive v1,164,train:164:train/pick_clean_then_place_in_recep-Spatula-None-Drawer-22/trial_T20190907_145107_155555/game.tw-pddl:0,0,train:164:train/pick_clean_then_place_in_recep-Spatula-None-Drawer-22/trial_T20190907_145107_155555/game.tw-pddl:0,13,30,True,2615
Adaptive v1,164,train:164:train/pick_heat_then_place_in_recep-Cup-None-CounterTop-14/trial_T20190908_220006_461458/game.tw-pddl:0,0,train:164:train/pick_heat_then_place_in_recep-Cup-None-CounterTop-14/trial_T20190908_220006_461458/game.tw-pddl:0,6,6,False,2616
Adaptive v1,164,train:164:train/pick_heat_then_place_in_recep-Cup-None-Shelf-1/trial_T20190906_230209_175441/game.tw-pddl:0,0,train:164:train/pick_heat_then_place_in_recep-Cup-None-Shelf-1/trial_T20190906_230209_175441/game.tw-pddl:0,15,30,True,2617
Adaptive v1,164,train:164:train/pick_heat_then_place_in_recep-Mug-None-CoffeeMachine-5/trial_T20190908_003743_285560/game.tw-pddl:0,0,train:164:train/pick_heat_then_place_in_recep-Mug-None-CoffeeMachine-5/trial_T20190908_003743_285560/game.tw-pddl:0,4,4,False,2618
Adaptive v1,164,train:164:train/pick_heat_then_place_in_recep-Plate-None-CounterTop-7/trial_T20190909_100552_124528/game.tw-pddl:0,0,train:164:train/pick_heat_then_place_in_recep-Plate-None-CounterTop-7/trial_T20190909_100552_124528/game.tw-pddl:0,15,15,False,2619
Adaptive v1,164,train:164:train/pick_two_obj_and_place-CreditCard-None-DiningTable-329/trial_T20190918_154254_505630/game.tw-pddl:0,0,train:164:train/pick_two_obj_and_place-CreditCard-None-DiningTable-329/trial_T20190918_154254_505630/game.tw-pddl:0,12,30,True,2620
Adaptive v1,164,train:164:train/pick_two_obj_and_place-Glassbottle-None-Fridge-1/trial_T20190906_210518_664798/game.tw-pddl:0,0,train:164:train/pick_two_obj_and_place-Glassbottle-None-Fridge-1/trial_T20190906_210518_664798/game.tw-pddl:0,15,15,False,2621
Adaptive v1,164,train:164:train/pick_two_obj_and_place-Newspaper-None-ArmChair-216/trial_T20190907_074201_426995/game.tw-pddl:0,0,train:164:train/pick_two_obj_and_place-Newspaper-None-ArmChair-216/trial_T20190907_074201_426995/game.tw-pddl:0,12,12,False,2622
Adaptive v1,164,train:164:train/pick_two_obj_and_place-PepperShaker-None-Cabinet-17/trial_T20190907_145453_471675/game.tw-pddl:0,0,train:164:train/pick_two_obj_and_place-PepperShaker-None-Cabinet-17/trial_T20190907_145453_471675/game.tw-pddl:0,12,30,True,2623
Adaptive v1,164,train:164:train/pick_two_obj_and_place-SprayBottle-None-Toilet-405/trial_T20190907_151208_870860/game.tw-pddl:0,0,train:164:train/pick_two_obj_and_place-SprayBottle-None-Toilet-405/trial_T20190907_151208_870860/game.tw-pddl:0,21,30,True,2624
Adaptive v1,165,train:165:train/look_at_obj_in_light-CD-None-DeskLamp-317/trial_T20190908_032847_688091/game.tw-pddl:0,0,train:165:train/look_at_obj_in_light-CD-None-DeskLamp-317/trial_T20190908_032847_688091/game.tw-pddl:0,4,4,False,2625
Adaptive v1,165,train:165:train/pick_and_place_simple-Cloth-None-Cart-401/trial_T20190909_054512_021256/game.tw-pddl:0,0,train:165:train/pick_and_place_simple-Cloth-None-Cart-401/trial_T20190909_054512_021256/game.tw-pddl:0,5,5,False,2626
Adaptive v1,165,train:165:train/pick_and_place_simple-Cloth-None-Toilet-417/trial_T20190908_163225_559074/game.tw-pddl:0,0,train:165:train/pick_and_place_simple-Cloth-None-Toilet-417/trial_T20190908_163225_559074/game.tw-pddl:0,9,9,False,2627
Adaptive v1,165,train:165:train/pick_and_place_simple-TissueBox-None-CoffeeTable-230/trial_T20190907_144911_476425/game.tw-pddl:0,0,train:165:train/pick_and_place_simple-TissueBox-None-CoffeeTable-230/trial_T20190907_144911_476425/game.tw-pddl:0,4,4,False,2628
Adaptive v1,165,train:165:train/pick_clean_then_place_in_recep-Ladle-None-CounterTop-14/trial_T20190909_114001_668818/game.tw-pddl:0,0,train:165:train/pick_clean_then_place_in_recep-Ladle-None-CounterTop-14/trial_T20190909_114001_668818/game.tw-pddl:0,19,30,True,2629
Adaptive v1,165,train:165:train/pick_clean_then_place_in_recep-Spoon-None-Drawer-24/trial_T20190908_232349_459844/game.tw-pddl:0,0,train:165:train/pick_clean_then_place_in_recep-Spoon-None-Drawer-24/trial_T20190908_232349_459844/game.tw-pddl:0,5,11,False,2630
Adaptive v1,165,train:165:train/pick_clean_then_place_in_recep-Tomato-None-CounterTop-25/trial_T20190909_012502_602477/game.tw-pddl:0,0,train:165:train/pick_clean_then_place_in_recep-Tomato-None-CounterTop-25/trial_T20190909_012502_602477/game.tw-pddl:0,7,11,False,2631
Adaptive v1,165,train:165:train/pick_cool_then_place_in_recep-Bowl-None-Shelf-1/trial_T20190907_073835_452186/game.tw-pddl:0,0,train:165:train/pick_cool_then_place_in_recep-Bowl-None-Shelf-1/trial_T20190907_073835_452186/game.tw-pddl:0,8,8,False,2632
Adaptive v1,165,train:165:train/pick_cool_then_place_in_recep-Mug-None-CoffeeMachine-23/trial_T20190908_035419_625837/game.tw-pddl:0,0,train:165:train/pick_cool_then_place_in_recep-Mug-None-CoffeeMachine-23/trial_T20190908_035419_625837/game.tw-pddl:0,6,6,False,2633
Adaptive v1,165,train:165:train/pick_cool_then_place_in_recep-Potato-None-Microwave-25/trial_T20190908_113515_119158/game.tw-pddl:0,0,train:165:train/pick_cool_then_place_in_recep-Potato-None-Microwave-25/trial_T20190908_113515_119158/game.tw-pddl:0,9,30,True,2634
Adaptive v1,165,train:165:train/pick_heat_then_place_in_recep-Cup-None-Cabinet-3/trial_T20190909_010003_497831/game.tw-pddl:0,0,train:165:train/pick_heat_then_place_in_recep-Cup-None-Cabinet-3/trial_T20190909_010003_497831/game.tw-pddl:0,7,7,False,2635
Adaptive v1,165,train:165:train/pick_heat_then_place_in_recep-Cup-None-Cabinet-6/trial_T20190908_165422_447082/game.tw-pddl:0,0,train:165:train/pick_heat_then_place_in_recep-Cup-None-Cabinet-6/trial_T20190908_165422_447082/game.tw-pddl:0,16,30,True,2636
Adaptive v1,165,train:165:train/pick_heat_then_place_in_recep-Mug-None-Cabinet-6/trial_T20190908_034437_632398/game.tw-pddl:0,0,train:165:train/pick_heat_then_place_in_recep-Mug-None-Cabinet-6/trial_T20190908_034437_632398/game.tw-pddl:0,17,30,True,2637
Adaptive v1,165,train:165:train/pick_heat_then_place_in_recep-Plate-None-CounterTop-28/trial_T20190907_180117_721981/game.tw-pddl:0,0,train:165:train/pick_heat_then_place_in_recep-Plate-None-CounterTop-28/trial_T20190907_180117_721981/game.tw-pddl:0,6,6,False,2638
Adaptive v1,165,train:165:train/pick_two_obj_and_place-AlarmClock-None-Dresser-318/trial_T20190908_032459_936721/game.tw-pddl:0,0,train:165:train/pick_two_obj_and_place-AlarmClock-None-Dresser-318/trial_T20190908_032459_936721/game.tw-pddl:0,8,8,False,2639
Adaptive v1,165,train:165:train/pick_two_obj_and_place-SprayBottle-None-GarbageCan-408/trial_T20190909_033220_609500/game.tw-pddl:0,0,train:165:train/pick_two_obj_and_place-SprayBottle-None-GarbageCan-408/trial_T20190909_033220_609500/game.tw-pddl:0,15,15,False,2640
Adaptive v1,166,train:166:train/look_at_obj_in_light-CD-None-DeskLamp-320/trial_T20190907_224439_174735/game.tw-pddl:0,0,train:166:train/look_at_obj_in_light-CD-None-DeskLamp-320/trial_T20190907_224439_174735/game.tw-pddl:0,25,30,True,2641
Adaptive v1,166,train:166:train/pick_and_place_simple-Candle-None-CounterTop-411/trial_T20190906_200827_470056/game.tw-pddl:0,0,train:166:train/pick_and_place_simple-Candle-None-CounterTop-411/trial_T20190906_200827_470056/game.tw-pddl:0,11,11,False,2642
Adaptive v1,166,train:166:train/pick_and_place_simple-Fork-None-Drawer-12/trial_T20190907_151034_037531/game.tw-pddl:0,0,train:166:train/pick_and_place_simple-Fork-None-Drawer-12/trial_T20190907_151034_037531/game.tw-pddl:0,5,5,False,2643
Adaptive v1,166,train:166:train/pick_and_place_simple-SoapBottle-None-Cart-430/trial_T20190909_100644_741963/game.tw-pddl:0,0,train:166:train/pick_and_place_simple-SoapBottle-None-Cart-430/trial_T20190909_100644_741963/game.tw-pddl:0,4,4,False,2644
Adaptive v1,166,train:166:train/pick_and_place_simple-ToiletPaper-None-Drawer-410/trial_T20190908_162046_046480/game.tw-pddl:0,0,train:166:train/pick_and_place_simple-ToiletPaper-None-Drawer-410/trial_T20190908_162046_046480/game.tw-pddl:0,5,5,False,2645
Adaptive v1,166,train:166:train/pick_cool_then_place_in_recep-Lettuce-None-CounterTop-24/trial_T20190908_015429_749031/game.tw-pddl:0,0,train:166:train/pick_cool_then_place_in_recep-Lettuce-None-CounterTop-24/trial_T20190908_015429_749031/game.tw-pddl:0,6,6,False,2646
Adaptive v1,166,train:166:train/pick_cool_then_place_in_recep-Mug-None-CoffeeMachine-6/trial_T20190906_204100_482606/game.tw-pddl:0,0,train:166:train/pick_cool_then_place_in_recep-Mug-None-CoffeeMachine-6/trial_T20190906_204100_482606/game.tw-pddl:0,16,30,True,2647
Adaptive v1,166,train:166:train/pick_cool_then_place_in_recep-Pan-None-StoveBurner-16/trial_T20190907_103940_774938/game.tw-pddl:0,0,train:166:train/pick_cool_then_place_in_recep-Pan-None-StoveBurner-16/trial_T20190907_103940_774938/game.tw-pddl:0,9,30,True,2648
Adaptive v1,166,train:166:train/pick_heat_then_place_in_recep-Apple-None-CounterTop-5/trial_T20190907_113622_802677/game.tw-pddl:0,0,train:166:train/pick_heat_then_place_in_recep-Apple-None-CounterTop-5/trial_T20190907_113622_802677/game.tw-pddl:0,6,6,False,2649
Adaptive v1,166,train:166:train/pick_heat_then_place_in_recep-Tomato-None-Fridge-24/trial_T20190908_033652_416415/game.tw-pddl:0,0,train:166:train/pick_heat_then_place_in_recep-Tomato-None-Fridge-24/trial_T20190908_033652_416415/game.tw-pddl:0,7,7,False,2650
Adaptive v1,166,train:166:train/pick_two_obj_and_place-Book-None-Dresser-324/trial_T20190908_085544_633388/game.tw-pddl:0,0,train:166:train/pick_two_obj_and_place-Book-None-Dresser-324/trial_T20190908_085544_633388/game.tw-pddl:0,20,30,True,2651
Adaptive v1,166,train:166:train/pick_two_obj_and_place-DishSponge-None-Toilet-403/trial_T20190908_024658_735745/game.tw-pddl:0,0,train:166:train/pick_two_obj_and_place-DishSponge-None-Toilet-403/trial_T20190908_024658_735745/game.tw-pddl:0,12,12,False,2652
Adaptive v1,166,train:166:train/pick_two_obj_and_place-Laptop-None-Desk-307/trial_T20190909_005000_349735/game.tw-pddl:0,0,train:166:train/pick_two_obj_and_place-Laptop-None-Desk-307/trial_T20190909_005000_349735/game.tw-pddl:0,24,30,True,2653
Adaptive v1,166,train:166:train/pick_two_obj_and_place-Pan-None-CounterTop-14/trial_T20190918_175910_161432/game.tw-pddl:0,0,train:166:train/pick_two_obj_and_place-Pan-None-CounterTop-14/trial_T20190918_175910_161432/game.tw-pddl:0,18,30,True,2654
Adaptive v1,166,train:166:train/pick_two_obj_and_place-Spatula-None-Drawer-16/trial_T20190906_235108_616160/game.tw-pddl:0,0,train:166:train/pick_two_obj_and_place-Spatula-None-Drawer-16/trial_T20190906_235108_616160/game.tw-pddl:0,11,30,True,2655
Adaptive v1,166,train:166:train/pick_two_obj_and_place-ToiletPaper-None-Cabinet-412/trial_T20190908_141627_482177/game.tw-pddl:0,0,train:166:train/pick_two_obj_and_place-ToiletPaper-None-Cabinet-412/trial_T20190908_141627_482177/game.tw-pddl:0,10,10,False,2656
Adaptive v1,167,train:167:train/look_at_obj_in_light-Book-None-DeskLamp-316/trial_T20190908_101923_519368/game.tw-pddl:0,0,train:167:train/look_at_obj_in_light-Book-None-DeskLamp-316/trial_T20190908_101923_519368/game.tw-pddl:0,25,30,True,2657
Adaptive v1,167,train:167:train/look_at_obj_in_light-CellPhone-None-DeskLamp-318/trial_T20190909_005934_726946/game.tw-pddl:0,0,train:167:train/look_at_obj_in_light-CellPhone-None-DeskLamp-318/trial_T20190909_005934_726946/game.tw-pddl:0,3,3,False,2658
Adaptive v1,167,train:167:train/pick_and_place_simple-RemoteControl-None-ArmChair-206/trial_T20190909_035950_335914/game.tw-pddl:0,0,train:167:train/pick_and_place_simple-RemoteControl-None-ArmChair-206/trial_T20190909_035950_335914/game.tw-pddl:0,6,6,False,2659
Adaptive v1,167,train:167:train/pick_and_place_simple-SprayBottle-None-GarbageCan-428/trial_T20190909_101548_443245/game.tw-pddl:0,0,train:167:train/pick_and_place_simple-SprayBottle-None-GarbageCan-428/trial_T20190909_101548_443245/game.tw-pddl:0,7,7,False,2660
Adaptive v1,167,train:167:train/pick_and_place_simple-Statue-None-Dresser-319/trial_T20190909_122723_912052/game.tw-pddl:0,0,train:167:train/pick_and_place_simple-Statue-None-Dresser-319/trial_T20190909_122723_912052/game.tw-pddl:0,4,4,False,2661
Adaptive v1,167,train:167:train/pick_clean_then_place_in_recep-ButterKnife-None-DiningTable-4/trial_T20190908_080722_082490/game.tw-pddl:0,0,train:167:train/pick_clean_then_place_in_recep-ButterKnife-None-DiningTable-4/trial_T20190908_080722_082490/game.tw-pddl:0,6,6,False,2662
Adaptive v1,167,train:167:train/pick_clean_then_place_in_recep-Fork-None-Drawer-30/trial_T20190908_030909_087593/game.tw-pddl:0,0,train:167:train/pick_clean_then_place_in_recep-Fork-None-Drawer-30/trial_T20190908_030909_087593/game.tw-pddl:0,11,30,True,2663
Adaptive v1,167,train:167:train/pick_clean_then_place_in_recep-Ladle-None-DiningTable-27/trial_T20190911_131452_462560/game.tw-pddl:0,0,train:167:train/pick_clean_then_place_in_recep-Ladle-None-DiningTable-27/trial_T20190911_131452_462560/game.tw-pddl:0,8,8,False,2664
Adaptive v1,167,train:167:train/pick_cool_then_place_in_recep-Apple-None-Microwave-12/trial_T20190908_221148_854032/game.tw-pddl:0,0,train:167:train/pick_cool_then_place_in_recep-Apple-None-Microwave-12/trial_T20190908_221148_854032/game.tw-pddl:0,9,30,True,2665
Adaptive v1,167,train:167:train/pick_cool_then_place_in_recep-Apple-None-Microwave-22/trial_T20190908_000205_582040/game.tw-pddl:0,0,train:167:train/pick_cool_then_place_in_recep-Apple-None-Microwave-22/trial_T20190908_000205_582040/game.tw-pddl:0,15,30,True,2666
Adaptive v1,167,train:167:train/pick_cool_then_place_in_recep-Potato-None-GarbageCan-18/trial_T20190909_044230_001791/game.tw-pddl:0,0,train:167:train/pick_cool_then_place_in_recep-Potato-None-GarbageCan-18/trial_T20190909_044230_001791/game.tw-pddl:0,6,6,False,2667
Adaptive v1,167,train:167:train/pick_heat_then_place_in_recep-Egg-None-DiningTable-15/trial_T20190908_042125_390836/game.tw-pddl:0,0,train:167:train/pick_heat_then_place_in_recep-Egg-None-DiningTable-15/trial_T20190908_042125_390836/game.tw-pddl:0,6,6,False,2668
Adaptive v1,167,train:167:train/pick_heat_then_place_in_recep-Mug-None-SideTable-3/trial_T20190908_231821_066769/game.tw-pddl:0,0,train:167:train/pick_heat_then_place_in_recep-Mug-None-SideTable-3/trial_T20190908_231821_066769/game.tw-pddl:0,6,6,False,2669
Adaptive v1,167,train:167:train/pick_two_obj_and_place-Book-None-Dresser-317/trial_T20190908_144510_731798/game.tw-pddl:0,0,train:167:train/pick_two_obj_and_place-Book-None-Dresser-317/trial_T20190908_144510_731798/game.tw-pddl:0,14,30,True,2670
Adaptive v1,167,train:167:train/pick_two_obj_and_place-CellPhone-None-Bed-314/trial_T20190909_013318_115630/game.tw-pddl:0,0,train:167:train/pick_two_obj_and_place-CellPhone-None-Bed-314/trial_T20190909_013318_115630/game.tw-pddl:0,8,8,False,2671
Adaptive v1,167,train:167:train/pick_two_obj_and_place-SoapBar-None-Cabinet-428/trial_T20190910_231243_446234/game.tw-pddl:0,0,train:167:train/pick_two_obj_and_place-SoapBar-None-Cabinet-428/trial_T20190910_231243_446234/game.tw-pddl:0,13,30,True,2672
Adaptive v1,168,train:168:train/look_at_obj_in_light-Book-None-DeskLamp-304/trial_T20190908_083358_621419/game.tw-pddl:0,0,train:168:train/look_at_obj_in_light-Book-None-DeskLamp-304/trial_T20190908_083358_621419/game.tw-pddl:0,5,5,False,2673
Adaptive v1,168,train:168:train/look_at_obj_in_light-Book-None-DeskLamp-317/trial_T20190909_201143_217673/game.tw-pddl:0,0,train:168:train/look_at_obj_in_light-Book-None-DeskLamp-317/trial_T20190909_201143_217673/game.tw-pddl:0,23,30,True,2674
Adaptive v1,168,train:168:train/look_at_obj_in_light-Book-None-DeskLamp-324/trial_T20190907_014400_977309/game.tw-pddl:0,0,train:168:train/look_at_obj_in_light-Book-None-DeskLamp-324/trial_T20190907_014400_977309/game.tw-pddl:0,18,30,True,2675
Adaptive v1,168,train:168:train/pick_and_place_simple-Book-None-Desk-304/trial_T20190908_141325_880062/game.tw-pddl:0,0,train:168:train/pick_and_place_simple-Book-None-Desk-304/trial_T20190908_141325_880062/game.tw-pddl:0,10,10,False,2676
Adaptive v1,168,train:168:train/pick_and_place_simple-CD-None-Shelf-330/trial_T20190906_201356_091911/game.tw-pddl:0,0,train:168:train/pick_and_place_simple-CD-None-Shelf-330/trial_T20190906_201356_091911/game.tw-pddl:0,5,5,False,2677
Adaptive v1,168,train:168:train/pick_and_place_simple-CreditCard-None-ArmChair-206/trial_T20190909_023729_905485/game.tw-pddl:0,0,train:168:train/pick_and_place_simple-CreditCard-None-ArmChair-206/trial_T20190909_023729_905485/game.tw-pddl:0,4,4,False,2678
Adaptive v1,168,train:168:train/pick_and_place_simple-ToiletPaper-None-ToiletPaperHanger-420/trial_T20190908_155604_414982/game.tw-pddl:0,0,train:168:train/pick_and_place_simple-ToiletPaper-None-ToiletPaperHanger-420/trial_T20190908_155604_414982/game.tw-pddl:0,4,4,False,2679
Adaptive v1,168,train:168:train/pick_cool_then_place_in_recep-Mug-None-CoffeeMachine-1/trial_T20190907_100811_087784/game.tw-pddl:0,0,train:168:train/pick_cool_then_place_in_recep-Mug-None-CoffeeMachine-1/trial_T20190907_100811_087784/game.tw-pddl:0,5,5,False,2680
Adaptive v1,168,train:168:train/pick_cool_then_place_in_recep-Pot-None-DiningTable-23/trial_T20190909_023542_512588/game.tw-pddl:0,0,train:168:train/pick_cool_then_place_in_recep-Pot-None-DiningTable-23/trial_T20190909_023542_512588/game.tw-pddl:0,17,30,True,2681
Adaptive v1,168,train:168:train/pick_heat_then_place_in_recep-Apple-None-GarbageCan-2/trial_T20190908_203932_323147/game.tw-pddl:0,0,train:168:train/pick_heat_then_place_in_recep-Apple-None-GarbageCan-2/trial_T20190908_203932_323147/game.tw-pddl:0,7,7,False,2682
Adaptive v1,168,train:168:train/pick_heat_then_place_in_recep-Potato-None-Fridge-19/trial_T20190907_235540_283485/game.tw-pddl:0,0,train:168:train/pick_heat_then_place_in_recep-Potato-None-Fridge-19/trial_T20190907_235540_283485/game.tw-pddl:0,13,30,True,2683
Adaptive v1,168,train:168:train/pick_two_obj_and_place-Book-None-Bed-304/trial_T20190908_104725_283867/game.tw-pddl:0,0,train:168:train/pick_two_obj_and_place-Book-None-Bed-304/trial_T20190908_104725_283867/game.tw-pddl:0,25,30,True,2684
Adaptive v1,168,train:168:train/pick_two_obj_and_place-Box-None-CoffeeTable-213/trial_T20190906_200820_481009/game.tw-pddl:0,0,train:168:train/pick_two_obj_and_place-Box-None-CoffeeTable-213/trial_T20190906_200820_481009/game.tw-pddl:0,13,13,False,2685
Adaptive v1,168,train:168:train/pick_two_obj_and_place-Candle-None-Cabinet-412/trial_T20190908_222933_552183/game.tw-pddl:0,0,train:168:train/pick_two_obj_and_place-Candle-None-Cabinet-412/trial_T20190908_222933_552183/game.tw-pddl:0,24,30,True,2686
Adaptive v1,168,train:168:train/pick_two_obj_and_place-Pen-None-Dresser-318/trial_T20190910_101622_375359/game.tw-pddl:0,0,train:168:train/pick_two_obj_and_place-Pen-None-Dresser-318/trial_T20190910_101622_375359/game.tw-pddl:0,8,8,False,2687
Adaptive v1,168,train:168:train/pick_two_obj_and_place-RemoteControl-None-ArmChair-220/trial_T20190906_190318_357577/game.tw-pddl:0,0,train:168:train/pick_two_obj_and_place-RemoteControl-None-ArmChair-220/trial_T20190906_190318_357577/game.tw-pddl:0,10,10,False,2688
Adaptive v1,169,train:169:train/look_at_obj_in_light-TissueBox-None-DeskLamp-301/trial_T20190908_011330_213255/game.tw-pddl:0,0,train:169:train/look_at_obj_in_light-TissueBox-None-DeskLamp-301/trial_T20190908_011330_213255/game.tw-pddl:0,5,5,False,2689
Adaptive v1,169,train:169:train/pick_and_place_simple-Box-None-ArmChair-212/trial_T20190908_032842_573641/game.tw-pddl:0,0,train:169:train/pick_and_place_simple-Box-None-ArmChair-212/trial_T20190908_032842_573641/game.tw-pddl:0,13,13,False,2690
Adaptive v1,169,train:169:train/pick_and_place_simple-CD-None-Shelf-326/trial_T20190910_091735_839703/game.tw-pddl:0,0,train:169:train/pick_and_place_simple-CD-None-Shelf-326/trial_T20190910_091735_839703/game.tw-pddl:0,4,4,False,2691
Adaptive v1,169,train:169:train/pick_and_place_simple-KeyChain-None-Desk-304/trial_T20190907_192658_005358/game.tw-pddl:0,0,train:169:train/pick_and_place_simple-KeyChain-None-Desk-304/trial_T20190907_192658_005358/game.tw-pddl:0,6,6,False,2692
Adaptive v1,169,train:169:train/pick_clean_then_place_in_recep-Pan-None-DiningTable-17/trial_T20190908_032235_090160/game.tw-pddl:0,0,train:169:train/pick_clean_then_place_in_recep-Pan-None-DiningTable-17/trial_T20190908_032235_090160/game.tw-pddl:0,9,9,False,2693
Adaptive v1,169,train:169:train/pick_clean_then_place_in_recep-Pot-None-DiningTable-26/trial_T20190906_210442_771377/game.tw-pddl:0,0,train:169:train/pick_clean_then_place_in_recep-Pot-None-DiningTable-26/trial_T20190906_210442_771377/game.tw-pddl:0,18,30,True,2694
Adaptive v1,169,train:169:train/pick_cool_then_place_in_recep-Apple-None-CounterTop-27/trial_T20190909_083734_958133/game.tw-pddl:0,0,train:169:train/pick_cool_then_place_in_recep-Apple-None-CounterTop-27/trial_T20190909_083734_958133/game.tw-pddl:0,7,7,False,2695
Adaptive v1,169,train:169:train/pick_cool_then_place_in_recep-Bread-None-DiningTable-26/trial_T20190906_184001_800149/game.tw-pddl:0,0,train:169:train/pick_cool_then_place_in_recep-Bread-None-DiningTable-26/trial_T20190906_184001_800149/game.tw-pddl:0,7,7,False,2696
Adaptive v1,169,train:169:train/pick_cool_then_place_in_recep-Mug-None-CoffeeMachine-11/trial_T20190908_225745_649876/game.tw-pddl:0,0,train:169:train/pick_cool_then_place_in_recep-Mug-None-CoffeeMachine-11/trial_T20190908_225745_649876/game.tw-pddl:0,6,6,False,2697
Adaptive v1,169,train:169:train/pick_two_obj_and_place-CreditCard-None-ArmChair-311/trial_T20190908_071805_769128/game.tw-pddl:0,0,train:169:train/pick_two_obj_and_place-CreditCard-None-ArmChair-311/trial_T20190908_071805_769128/game.tw-pddl:0,8,8,False,2698
Adaptive v1,169,train:169:train/pick_two_obj_and_place-Cup-None-CounterTop-4/trial_T20190908_095244_390748/game.tw-pddl:0,0,train:169:train/pick_two_obj_and_place-Cup-None-CounterTop-4/trial_T20190908_095244_390748/game.tw-pddl:0,15,30,True,2699
Adaptive v1,169,train:169:train/pick_two_obj_and_place-Newspaper-None-CoffeeTable-211/trial_T20190907_155539_093189/game.tw-pddl:0,0,train:169:train/pick_two_obj_and_place-Newspaper-None-CoffeeTable-211/trial_T20190907_155539_093189/game.tw-pddl:0,22,30,True,2700
Adaptive v1,169,train:169:train/pick_two_obj_and_place-Newspaper-None-Sofa-212/trial_T20190908_003932_911911/game.tw-pddl:0,0,train:169:train/pick_two_obj_and_place-Newspaper-None-Sofa-212/trial_T20190908_003932_911911/game.tw-pddl:0,11,11,False,2701
Adaptive v1,169,train:169:train/pick_two_obj_and_place-RemoteControl-None-CoffeeTable-202/trial_T20190907_075335_280493/game.tw-pddl:0,0,train:169:train/pick_two_obj_and_place-RemoteControl-None-CoffeeTable-202/trial_T20190907_075335_280493/game.tw-pddl:0,15,15,False,2702
Adaptive v1,169,train:169:train/pick_two_obj_and_place-SoapBottle-None-Cabinet-414/trial_T20190908_044804_530285/game.tw-pddl:0,0,train:169:train/pick_two_obj_and_place-SoapBottle-None-Cabinet-414/trial_T20190908_044804_530285/game.tw-pddl:0,14,20,False,2703
Adaptive v1,169,train:169:train/pick_two_obj_and_place-Vase-None-CoffeeTable-214/trial_T20190909_093918_758122/game.tw-pddl:0,0,train:169:train/pick_two_obj_and_place-Vase-None-CoffeeTable-214/trial_T20190909_093918_758122/game.tw-pddl:0,12,12,False,2704
Adaptive v1,170,train:170:train/look_at_obj_in_light-Newspaper-None-DeskLamp-224/trial_T20190909_091643_467064/game.tw-pddl:0,0,train:170:train/look_at_obj_in_light-Newspaper-None-DeskLamp-224/trial_T20190909_091643_467064/game.tw-pddl:0,9,30,True,2705
Adaptive v1,170,train:170:train/look_at_obj_in_light-Pillow-None-DeskLamp-205/trial_T20190909_014933_134232/game.tw-pddl:0,0,train:170:train/look_at_obj_in_light-Pillow-None-DeskLamp-205/trial_T20190909_014933_134232/game.tw-pddl:0,11,11,False,2706
Adaptive v1,170,train:170:train/pick_and_place_simple-CreditCard-None-ArmChair-202/trial_T20190909_011622_519100/game.tw-pddl:0,0,train:170:train/pick_and_place_simple-CreditCard-None-ArmChair-202/trial_T20190909_011622_519100/game.tw-pddl:0,6,6,False,2707
Adaptive v1,170,train:170:train/pick_and_place_simple-SoapBottle-None-CounterTop-428/trial_T20190909_114314_276834/game.tw-pddl:0,0,train:170:train/pick_and_place_simple-SoapBottle-None-CounterTop-428/trial_T20190909_114314_276834/game.tw-pddl:0,10,10,False,2708
Adaptive v1,170,train:170:train/pick_and_place_simple-SprayBottle-None-GarbageCan-421/trial_T20190908_122008_678340/game.tw-pddl:0,0,train:170:train/pick_and_place_simple-SprayBottle-None-GarbageCan-421/trial_T20190908_122008_678340/game.tw-pddl:0,4,4,False,2709
Adaptive v1,170,train:170:train/pick_and_place_simple-Statue-None-CoffeeTable-227/trial_T20190909_221208_261373/game.tw-pddl:0,0,train:170:train/pick_and_place_simple-Statue-None-CoffeeTable-227/trial_T20190909_221208_261373/game.tw-pddl:0,4,4,False,2710
Adaptive v1,170,train:170:train/pick_clean_then_place_in_recep-Apple-None-Microwave-14/trial_T20190909_120047_598548/game.tw-pddl:0,0,train:170:train/pick_clean_then_place_in_recep-Apple-None-Microwave-14/trial_T20190909_120047_598548/game.tw-pddl:0,15,30,True,2711
Adaptive v1,170,train:170:train/pick_clean_then_place_in_recep-SoapBar-None-Cabinet-408/trial_T20190908_032511_198283/game.tw-pddl:0,0,train:170:train/pick_clean_then_place_in_recep-SoapBar-None-Cabinet-408/trial_T20190908_032511_198283/game.tw-pddl:0,7,7,False,2712
Adaptive v1,170,train:170:train/pick_clean_then_place_in_recep-Tomato-None-GarbageCan-15/trial_T20190908_185947_633737/game.tw-pddl:0,0,train:170:train/pick_clean_then_place_in_recep-Tomato-None-GarbageCan-15/trial_T20190908_185947_633737/game.tw-pddl:0,16,30,True,2713
Adaptive v1,170,train:170:train/pick_cool_then_place_in_recep-Bowl-None-Cabinet-24/trial_T20190909_112647_696205/game.tw-pddl:0,0,train:170:train/pick_cool_then_place_in_recep-Bowl-None-Cabinet-24/trial_T20190909_112647_696205/game.tw-pddl:0,12,30,True,2714
Adaptive v1,170,train:170:train/pick_cool_then_place_in_recep-Lettuce-None-DiningTable-15/trial_T20190909_040930_741345/game.tw-pddl:0,0,train:170:train/pick_cool_then_place_in_recep-Lettuce-None-DiningTable-15/trial_T20190909_040930_741345/game.tw-pddl:0,7,7,False,2715
Adaptive v1,170,train:170:train/pick_heat_then_place_in_recep-Apple-None-Fridge-20/trial_T20190910_105931_762443/game.tw-pddl:0,0,train:170:train/pick_heat_then_place_in_recep-Apple-None-Fridge-20/trial_T20190910_105931_762443/game.tw-pddl:0,7,7,False,2716
Adaptive v1,170,train:170:train/pick_heat_then_place_in_recep-Cup-None-CounterTop-17/trial_T20190908_130923_081236/game.tw-pddl:0,0,train:170:train/pick_heat_then_place_in_recep-Cup-None-CounterTop-17/trial_T20190908_130923_081236/game.tw-pddl:0,14,30,True,2717
Adaptive v1,170,train:170:train/pick_two_obj_and_place-Bowl-None-CoffeeTable-203/trial_T20190907_153529_699181/game.tw-pddl:0,0,train:170:train/pick_two_obj_and_place-Bowl-None-CoffeeTable-203/trial_T20190907_153529_699181/game.tw-pddl:0,8,8,False,2718
Adaptive v1,170,train:170:train/pick_two_obj_and_place-ToiletPaper-None-Shelf-415/trial_T20190908_172037_784467/game.tw-pddl:0,0,train:170:train/pick_two_obj_and_place-ToiletPaper-None-Shelf-415/trial_T20190908_172037_784467/game.tw-pddl:0,21,30,True,2719
Adaptive v1,170,train:170:train/pick_two_obj_and_place-Watch-None-Dresser-301/trial_T20190906_180154_425245/game.tw-pddl:0,0,train:170:train/pick_two_obj_and_place-Watch-None-Dresser-301/trial_T20190906_180154_425245/game.tw-pddl:0,13,13,False,2720
Adaptive v1,171,train:171:train/look_at_obj_in_light-AlarmClock-None-DeskLamp-317/trial_T20190909_070740_947572/game.tw-pddl:0,0,train:171:train/look_at_obj_in_light-AlarmClock-None-DeskLamp-317/trial_T20190909_070740_947572/game.tw-pddl:0,4,4,False,2721
Adaptive v1,171,train:171:train/pick_and_place_simple-CD-None-SideTable-328/trial_T20190907_033353_099987/game.tw-pddl:0,0,train:171:train/pick_and_place_simple-CD-None-SideTable-328/trial_T20190907_033353_099987/game.tw-pddl:0,4,4,False,2722
Adaptive v1,171,train:171:train/pick_and_place_simple-Cloth-None-CounterTop-414/trial_T20190909_065011_738215/game.tw-pddl:0,0,train:171:train/pick_and_place_simple-Cloth-None-CounterTop-414/trial_T20190909_065011_738215/game.tw-pddl:0,10,10,False,2723
Adaptive v1,171,train:171:train/pick_and_place_simple-Newspaper-None-Sofa-211/trial_T20190906_174949_956681/game.tw-pddl:0,0,train:171:train/pick_and_place_simple-Newspaper-None-Sofa-211/trial_T20190906_174949_956681/game.tw-pddl:0,4,4,False,2724
Adaptive v1,171,train:171:train/pick_and_place_simple-Pencil-None-Desk-310/trial_T20190909_142909_426067/game.tw-pddl:0,0,train:171:train/pick_and_place_simple-Pencil-None-Desk-310/trial_T20190909_142909_426067/game.tw-pddl:0,4,4,False,2725
Adaptive v1,171,train:171:train/pick_and_place_simple-SprayBottle-None-GarbageCan-426/trial_T20190908_052109_948840/game.tw-pddl:0,0,train:171:train/pick_and_place_simple-SprayBottle-None-GarbageCan-426/trial_T20190908_052109_948840/game.tw-pddl:0,4,4,False,2726
Adaptive v1,171,train:171:train/pick_clean_then_place_in_recep-Fork-None-DiningTable-15/trial_T20190907_203115_486381/game.tw-pddl:0,0,train:171:train/pick_clean_then_place_in_recep-Fork-None-DiningTable-15/trial_T20190907_203115_486381/game.tw-pddl:0,7,7,False,2727
Adaptive v1,171,train:171:train/pick_clean_then_place_in_recep-Pot-None-StoveBurner-1/trial_T20190908_134303_573708/game.tw-pddl:0,0,train:171:train/pick_clean_then_place_in_recep-Pot-None-StoveBurner-1/trial_T20190908_134303_573708/game.tw-pddl:0,15,30,True,2728
Adaptive v1,171,train:171:train/pick_cool_then_place_in_recep-Lettuce-None-CounterTop-11/trial_T20190908_112954_140832/game.tw-pddl:0,0,train:171:train/pick_cool_then_place_in_recep-Lettuce-None-CounterTop-11/trial_T20190908_112954_140832/game.tw-pddl:0,6,6,False,2729
Adaptive v1,171,train:171:train/pick_cool_then_place_in_recep-Mug-None-CoffeeMachine-30/trial_T20190907_153036_598316/game.tw-pddl:0,0,train:171:train/pick_cool_then_place_in_recep-Mug-None-CoffeeMachine-30/trial_T20190907_153036_598316/game.tw-pddl:0,8,30,True,2730
Adaptive v1,171,train:171:train/pick_heat_then_place_in_recep-Egg-None-Fridge-6/trial_T20190907_184237_946198/game.tw-pddl:0,0,train:171:train/pick_heat_then_place_in_recep-Egg-None-Fridge-6/trial_T20190907_184237_946198/game.tw-pddl:0,11,11,False,2731
Adaptive v1,171,train:171:train/pick_heat_then_place_in_recep-Mug-None-CoffeeMachine-14/trial_T20190907_012116_449794/game.tw-pddl:0,0,train:171:train/pick_heat_then_place_in_recep-Mug-None-CoffeeMachine-14/trial_T20190907_012116_449794/game.tw-pddl:0,5,5,False,2732
Adaptive v1,171,train:171:train/pick_heat_then_place_in_recep-Potato-None-CounterTop-8/trial_T20190906_180641_973990/game.tw-pddl:0,0,train:171:train/pick_heat_then_place_in_recep-Potato-None-CounterTop-8/trial_T20190906_180641_973990/game.tw-pddl:0,7,7,False,2733
Adaptive v1,171,train:171:train/pick_two_obj_and_place-CD-None-Drawer-328/trial_T20190909_041643_301456/game.tw-pddl:0,0,train:171:train/pick_two_obj_and_place-CD-None-Drawer-328/trial_T20190909_041643_301456/game.tw-pddl:0,27,30,True,2734
Adaptive v1,171,train:171:train/pick_two_obj_and_place-CellPhone-None-ArmChair-229/trial_T20190907_082130_368931/game.tw-pddl:0,0,train:171:train/pick_two_obj_and_place-CellPhone-None-ArmChair-229/trial_T20190907_082130_368931/game.tw-pddl:0,12,12,False,2735
Adaptive v1,171,train:171:train/pick_two_obj_and_place-Pot-None-Shelf-1/trial_T20190908_170636_981445/game.tw-pddl:0,0,train:171:train/pick_two_obj_and_place-Pot-None-Shelf-1/trial_T20190908_170636_981445/game.tw-pddl:0,14,30,True,2736
