method,trainer_step,actor/pg_loss,actor/final_loss,actor/ppo_kl,actor/grad_norm,actor/pg_clipfrac,actor/lr,perf/total_num_tokens,sample/model_version/mean,final_loss_rolling_mean_11
Fixed tau=0.1,1,0.1356643489561975,0.1356643484905362,0.0005185366571822669,16.946054458618164,0.0026604679005686194,1e-06,168470.0,0.0,0.06664502796801654
Fixed tau=0.1,2,0.10842733848839999,0.10842733904719352,-0.0001803951354304445,17.391611099243164,0.0034852011827751993,1e-06,180314.0,0.0,0.05990525862984198
Fixed tau=0.1,3,0.04979532596189529,0.04979532561264932,0.0015607645905220124,12.244245529174805,0.0025067688184208237,1e-06,335216.0,2.0,0.05941087229961521
Fixed tau=0.1,4,0.02567047414115884,0.02567047420465811,0.0007772810594443316,10.322063446044922,0.001141382127322934,1e-06,455120.0,2.0,0.055411141089953486
Fixed tau=0.1,5,0.04511301793778936,0.04511301778256893,0.0012102107676683874,12.496160507202148,0.01049215127972679,1e-06,345196.0,3.0,0.05209697849820751
Fixed tau=0.1,6,0.035199662722233266,0.035199662670493126,7.905754803990325e-06,12.012837409973145,0.0018441519932821393,1e-06,375808.0,5.0,0.054482328240579705
Fixed tau=0.1,7,0.01946664267840485,0.019466642600794632,0.001121747572710774,6.715089797973633,0.0019311260984977707,1e-06,487372.0,5.0,0.05122982569283336
Fixed tau=0.1,8,0.05595016818759697,0.05595016798802784,-0.00035262810082973113,13.81391716003418,0.004046140537996378,1e-06,258173.0,6.0,0.04374566942062859
Fixed tau=0.1,9,0.023413291581991045,0.023413291412659666,0.0005746198237995321,10.409658432006836,0.0016668773235075853,1e-06,461133.0,8.0,0.04077636096389309
Fixed tau=0.1,10,0.022269515320658684,0.022269515172493728,0.00279388848205351,7.625553607940674,0.022966267075389624,1e-06,465278.0,8.0,0.0431046002778587
Fixed tau=0.1,11,0.07833582682845493,0.07833582566430171,0.0026036482110309103,13.041596412658691,0.015271763239676753,1e-06,246520.0,9.0,0.04246772829846556
Fixed tau=0.1,12,0.0998868209309876,0.0998868204653263,0.0005658458670950494,19.816804885864258,0.0034122888231649996,1e-06,193994.0,11.0,0.04429796400266463
Fixed tau=0.1,13,0.02610162002965808,0.026101620052941144,0.0005667569108481985,10.659114837646484,0.00336358854547143,1e-06,400462.0,11.0,0.045442184133276775
Fixed tau=0.1,14,0.01713293253564271,0.017132932588558768,0.0005027325847880671,8.956501007080078,0.0020593219563703647,1e-06,460060.0,12.0,0.042320618882379216
Fixed tau=0.1,15,0.05128110712394118,0.051281106658279896,0.0022801137086259715,13.704422950744629,0.004526971174137933,1e-06,270623.0,14.0,0.04184046180296472
Fixed tau=0.1,16,0.03810742611272468,0.03810742600924439,-0.0003060521477083158,12.415879249572754,0.006613794765952561,1e-06,378794.0,14.0,0.04336725241340233
Fixed tau=0.1,17,0.05533225554972887,0.05533225541668279,0.001446708882992555,13.349372863769531,0.0052412264547976,1e-06,260414.0,15.0,0.03921945586043539
Fixed tau=0.1,18,0.032053064115138516,0.032053064037528306,0.0003761658315650291,12.405097961425781,0.0037008496777464948,1e-06,379848.0,17.0,0.03411722917320299
Fixed tau=0.1,19,0.021612950251437724,0.02161295022815466,0.0011674217937979847,8.476295471191406,0.007406734535470605,1e-06,426180.0,17.0,0.03463800762550203
Fixed tau=0.1,20,0.018131563725364685,0.01813156353910017,0.0005624192206141743,10.766127586364746,0.005503606493584811,1e-06,413859.0,19.0,0.0370274765258019
Fixed tau=0.1,21,0.039064211974618956,0.039064211887307465,0.002664900861418573,8.926114082336426,0.011565731780137867,1e-06,324263.0,19.0,0.03342922865873267
Fixed tau=0.1,22,0.03271006386623614,0.03271006358166536,0.0005889133479083992,11.050702095031738,0.01085874461568892,1e-06,361314.0,20.0,0.031498042609063456
Fixed tau=0.1,23,0.043762327205123644,0.04376232690576996,0.00037905418763070235,14.06252670288086,0.0036140484901677284,1e-06,294730.0,22.0,0.02783695901394606
Fixed tau=0.1,24,0.03183018314464587,0.03183018302823055,0.0004726658058239587,15.103222846984863,0.008563274517655373,1e-06,386858.0,22.0,0.027090926163919005
Fixed tau=0.1,25,0.04341709055006504,0.04341709049185738,0.00018603487842483446,13.950610160827637,0.004838551831198856,1e-06,310647.0,23.0,0.02655231389008309
Fixed tau=0.1,26,0.011700380154913793,0.011700380120518357,0.0017564404185618928,6.6424407958984375,0.004237252605062994,1e-06,458610.0,25.0,0.02673935571906338
Fixed tau=0.1,27,0.016864379666609846,0.016864379462883033,0.0019336436953381053,10.326163291931152,0.005754779675044119,1e-06,473146.0,25.0,0.023949174636386995
Fixed tau=0.1,28,0.015060336023848013,0.015060335870391451,4.8940630676952424e-05,9.676422119140625,0.00353682062334635,1e-06,438485.0,26.0,0.02502096857880493
Fixed tau=0.1,29,0.023846703131725502,0.023846702687230638,0.0019683301079412145,11.299901962280273,0.005364616867154837,1e-06,460849.0,28.0,0.02342194678095562
Fixed tau=0.1,30,0.01568821523887891,0.015688215215959644,-0.0003086394281126559,7.919426918029785,0.0014980912674218416,1e-06,389736.0,28.0,0.024614496894847116
Fixed tau=0.1,31,0.020189023703721887,0.020189023657883352,0.0017948855068823377,11.033918380737305,0.006036689132452011,1e-06,425461.0,29.0,0.022696717898985395
Fixed tau=0.1,32,0.008372219963315311,0.008372219977867227,0.0003400218409606026,6.770517826080322,0.0002572016480068366,1e-06,479407.0,31.0,0.02417319133546703
Fixed tau=0.1,33,0.04449979698152414,0.04449979694826262,0.0008686405703234154,12.981317520141602,0.003483689872414938,1e-06,297548.0,31.0,0.027261512401073055
Fixed tau=0.1,34,0.02617308708286146,0.026173087129427584,0.0010798064606660773,14.257858276367188,0.00599005394615233,1e-06,408924.0,32.0,0.026732439653815422
Fixed tau=0.1,35,0.04494823457207531,0.044948234281037,-0.0003595037833292736,18.063711166381836,0.003348502839799039,1e-06,310608.0,34.0,0.025683552227005548
Fixed tau=0.1,36,0.02232152158394456,0.02232152153737843,0.0004587156425259309,10.364477157592773,0.003418313502334058,1e-06,420789.0,34.0,0.026619632127114302
Fixed tau=0.1,37,0.02794158796547208,0.027941587921816335,0.00010617888290198607,13.557496070861816,0.003940761569538154,1e-06,316714.0,35.0,0.02690759207458142
Fixed tau=0.1,38,0.05083591151716454,0.05083591118454933,0.0009679987633717246,21.197294235229492,0.004005273654391723,1e-06,275899.0,37.0,0.030127266304085375
Fixed tau=0.1,39,0.009240535747570297,0.009240535650557527,0.0004954109302831947,6.369184970855713,0.0008740318395818273,1e-06,510741.0,37.0,0.028970375834070895
Fixed tau=0.1,40,0.012308940992321974,0.012308940992321974,0.0004465260675109069,8.792949676513672,0.0021479121642187238,1e-06,489094.0,38.0,0.028752578832114826
Fixed tau=0.1,41,0.025985094128474075,0.02598509411715592,0.0010481468497245158,11.914449691772461,0.002884528392718898,1e-06,363668.0,40.0,0.02585992924616218
Fixed tau=0.1,42,0.023356583173153922,0.023356583080021663,-0.00045789754376528434,11.412814140319824,0.0044767231913283466,1e-06,402259.0,40.0,0.02805251704651033
Fixed tau=0.1,43,0.04378863663545677,0.04378863650241068,0.0007661717596160347,11.40419864654541,0.007638344324992171,1e-06,290560.0,41.0,0.027127009296095052
Fixed tau=0.1,44,0.0317740018654149,0.03177400177810341,-0.0009501618433205294,10.74275016784668,0.0033549542422406375,1e-06,343220.0,43.0,0.02495166390479657
Fixed tau=0.1,45,0.023777320107910782,0.023777320107910782,-0.0005142218124092324,8.252147674560547,0.004980846730177291,1e-06,325972.0,43.0,0.026501648627646344
Fixed tau=0.1,46,0.013129088867935934,0.013129088835557922,0.0015470993492328945,5.22652006149292,0.006244953302666545,1e-06,423627.0,44.0,0.028206487119444453
Fixed tau=0.1,47,0.04643998813948461,0.04643998734120812,0.0014133199574644095,12.424578666687012,0.003382423044448452,1e-06,285825.0,46.0,0.027434775537505895
Fixed tau=0.1,48,0.01776100275455974,0.017761002667248248,0.0001427671988494694,7.997023105621338,0.004280951130203903,1e-06,390424.0,46.0,0.030349215202596015
Fixed tau=0.1,49,0.02690711195787622,0.026907111880266003,0.0004746017495765247,10.732215881347656,0.006595179671421647,1e-06,357275.0,47.0,0.028348832871582873
Fixed tau=0.1,50,0.026290367858018727,0.026290367601905017,0.0009379159705986239,8.732756614685059,0.00745648592710495,1e-06,426863.0,48.0,0.028642685882432104
Fixed tau=0.1,51,0.031062164533068426,0.03106216440210119,0.0009658808512540418,10.901575088500977,0.007876704796217382,1e-06,331269.0,49.0,0.027464144289233272
Fixed tau=0.1,52,0.017496266874579967,0.0174962667158318,0.002295749697209844,9.501526832580566,0.0019155272536657073,1e-06,443595.0,51.0,0.028336829022127683
Fixed tau=0.1,53,0.0554154203661407,0.05541541939601302,0.0001096151633343349,14.06502628326416,0.0053269258157039685,1e-06,215545.0,51.0,0.02791231038515558
Fixed tau=0.1,54,0.021784430913006265,0.02178443086126612,0.00031636829852585733,7.045465469360352,0.003923086708204614,1e-06,384127.0,52.0,0.029094982450647792
Fixed tau=0.1,55,0.0350063854129985,0.03500638489744493,0.0011320087625270908,10.133025169372559,0.004928580036253801,1e-06,298694.0,53.0,0.02850294757461079
Fixed tau=0.1,56,0.010813362485710817,0.010813362582723585,0.0004646245356951795,6.149147033691406,0.002182454976718873,1e-06,481148.0,55.0,0.02779884754024651
Fixed tau=0.1,57,0.022728621048736387,0.022728620897396468,0.00052124710764474,11.833980560302734,0.004440306546166539,1e-06,388812.0,55.0,0.029132286308146883
Fixed tau=0.1,58,0.04177028200189982,0.041770282334515026,0.00018591090858015896,9.390302658081055,0.0064215723458411434,1e-06,286209.0,56.0,0.03107943044702117
Fixed tau=0.1,59,0.030770395416766405,0.030770395387662575,0.0015460979061572289,13.317727088928223,0.004180754971457645,1e-06,334541.0,58.0,0.02809131775772895
Fixed tau=0.1,60,0.0203947282650254,0.020394728243858976,0.0013324933806870831,9.727848052978516,0.003638072553175417,1e-06,467790.0,58.0,0.029169249590058254
Fixed tau=0.1,61,0.01854526730797564,0.018545267223897908,0.0018462384718228957,8.809545516967773,0.0029712747782468796,1e-06,379847.0,60.0,0.026805899440521253
Fixed tau=0.1,62,0.04572999131466661,0.04572999084900532,0.0012707688607146597,15.677699089050293,0.0044771100760304505,1e-06,277455.0,60.0,0.028536715717337482
Fixed tau=0.1,63,0.038914852343233566,0.038914852243449004,0.00039109404243780385,18.454261779785156,0.0029369235105280367,1e-06,260099.0,61.0,0.029261308578601833
Fixed tau=0.1,64,0.02254617993021384,0.022546179813798518,0.00043100123873500705,10.67929458618164,0.004726262134499848,1e-06,408272.0,63.0,0.027703225720353473
Fixed tau=0.1,65,0.03364168116240762,0.03364168101688847,0.0010555806293268688,13.167845726013184,0.00796239878400229,1e-06,326715.0,63.0,0.02761869252410543
Fixed tau=0.1,66,0.009009533291343056,0.009009533252537949,-3.0390098345378647e-05,7.284207820892334,0.0012668425139660637,1e-06,497463.0,64.0,0.02840305412932714
Fixed tau=0.1,67,0.02985234191874042,0.029852341627702117,0.000543858458968316,10.701951026916504,0.003735206584678963,1e-06,321422.0,66.0,0.028774630724176662
Fixed tau=0.1,68,0.030699142283992842,0.030699142371304333,0.000853559884490096,8.264131546020508,0.004821805312531069,1e-06,303789.0,66.0,0.028219919127950775
Fixed tau=0.1,69,0.024631370867912967,0.02463137089378304,-2.6654366390883093e-05,8.988239288330078,0.001451741981630524,1e-06,369581.0,67.0,0.027133978337920736
Fixed tau=0.1,70,0.029840530195672597,0.02984053022893412,0.0006362479263251382,8.483797073364258,0.004075124809917595,1e-06,279580.0,69.0,0.027299514330630655
Fixed tau=0.1,71,0.02902270590129774,0.02902270590129774,0.00013870640884761087,11.45766830444336,0.0022890044492669404,1e-06,329295.0,69.0,0.02942694702363831
Fixed tau=0.1,72,0.02263261005828099,0.022632609767242684,0.00038901595735296723,8.55518627166748,0.0024730308941798285,1e-06,319980.0,70.0,0.03148129809504474
Fixed tau=0.1,73,0.0396281632517154,0.03962816329052051,4.886408714810386e-05,10.413107872009277,0.0032091146179785333,1e-06,235975.0,72.0,0.03117555427052349
Fixed tau=0.1,74,0.026969503494910896,0.026969503553118557,-0.0011923765823667054,8.358832359313965,0.003954276646254584,1e-06,309555.0,72.0,0.032505529871837406
Fixed tau=0.1,75,0.024367075951886363,0.024367075733607635,0.0014290734256974247,11.431827545166016,0.0057215852139052,1e-06,336682.0,73.0,0.031915598173607
Fixed tau=0.1,76,0.057043440919369456,0.05704344063997269,-0.0003575840033590794,11.558647155761719,0.002548603410832584,1e-06,178565.0,75.0,0.03230112706583124
Fixed tau=0.1,77,0.03160739488278826,0.03160739503800869,0.0008429834124399349,11.072030067443848,0.003999584121629596,1e-06,352274.0,75.0,0.0319124594923668
Fixed tau=0.1,78,0.026489159718039446,0.026489159557968378,0.0007134059526379133,11.574936866760254,0.00695220437773969,1e-06,315284.0,76.0,0.03600638786558579
Fixed tau=0.1,79,0.045328874179782964,0.04532887398575743,0.00034357009250622167,11.906280517578125,0.0020056936385420463,1e-06,224927.0,78.0,0.034259266131012926
Fixed tau=0.1,80,0.018142122199151345,0.018142122213248513,0.00023712422898825025,10.208802223205566,0.004155576636549085,1e-06,318692.0,78.0,0.03322617920336294
Fixed tau=0.1,81,0.03408134789788164,0.034081348043400794,0.0009431522162230976,11.509719848632812,0.0054259161406662315,1e-06,332697.0,79.0,0.03408429695216169
Fixed tau=0.1,82,0.02474736253498122,0.024747362593188882,0.0008353839889423398,10.342340469360352,0.004031717267935164,1e-06,309744.0,81.0,0.030739147950683575
Fixed tau=0.1,83,0.06766582233831286,0.06766582187265158,0.0012646179884541198,9.684438705444336,0.005353037384338677,1e-06,170668.0,81.0,0.031780705943294546
Fixed tau=0.1,84,0.020409824370290153,0.020409824210219085,0.001168713181016301,7.0783772468566895,0.0033630184188950807,1e-06,333005.0,82.0,0.030575060164929956
Fixed tau=0.1,85,0.01560554733441677,0.015605547348968685,0.0007047658791634603,6.716536045074463,0.0014401380612980574,1e-06,325771.0,84.0,0.02973515690567519
Fixed tau=0.1,86,0.03380637087060937,0.03380637097039393,0.001144180459440187,10.915596008300781,0.004330497883659389,1e-06,285303.0,84.0,0.029335091218149145
Fixed tau=0.1,87,0.020246801652817226,0.020246801623713395,0.00027339316824281923,9.546271324157715,0.0066511375771369785,1e-06,324933.0,85.0,0.027694317492574946
Fixed tau=0.1,88,0.04306453295672933,0.04306453295672933,0.0001560149660993678,11.819558143615723,0.0033046992029994726,1e-06,237996.0,87.0,0.03136965967020848
Fixed tau=0.1,89,0.013227056007599458,0.013227055995957925,0.0007859546213694557,8.386263847351074,0.0042024993570521476,1e-06,393331.0,87.0,0.02736071704785575
Fixed tau=0.1,90,0.03608993852200607,0.036089938133955,0.0005374985812522937,7.6270060539245605,0.006558089129005869,1e-06,223109.0,88.0,0.026728024449926144
Fixed tau=0.1,91,0.013741399708669633,0.013741399650461972,0.0010786863588236884,6.808647155761719,0.0010671948548406363,1e-06,403476.0,90.0,0.02903796738331826
Fixed tau=0.1,92,0.016032837123202626,0.01603283706208458,0.0004881173255853355,9.027356147766113,0.0034357253462076187,1e-06,401407.0,90.0,0.027215599409379312
Fixed tau=0.1,93,0.0651761264889501,0.06517612654715776,0.0014741316645086044,10.766816139221191,0.0021139650780241936,1e-06,157040.0,91.0,0.026696109439946603
Fixed tau=0.1,94,0.023567453092255164,0.023567453026771545,-2.5646987296568113e-05,8.972649574279785,0.006008892407407984,1e-06,304521.0,93.0,0.02818815829355981
Fixed tau=0.1,95,0.013450205675326288,0.013450205632993444,0.0003709773881465398,7.3866777420043945,0.0024490316652438855,1e-06,444140.0,93.0,0.03205103758073616
Fixed tau=0.1,96,0.041014919290319085,0.04101491961628199,0.00016531779983779414,9.997663497924805,0.006074576079845429,1e-06,206825.0,94.0,0.03257454960663611
Fixed tau=0.1,97,0.01376032328034853,0.013760323257065466,0.0007231963853882917,7.188116073608398,0.001855830568820238,1e-06,403956.0,96.0,0.03697853619162394
Fixed tau=0.1,98,0.01453241186682135,0.014532411959953606,-0.0004705212668341119,7.772914409637451,0.0025683030602522195,1e-06,424808.0,96.0,0.04002618679444474
Fixed tau=0.1,99,0.0594770698226057,0.05947707034647465,0.0009525127461529337,17.19144058227539,0.005607623184914701,1e-06,171339.0,97.0,0.03470946567344468
Fixed tau=0.1,100,0.055718728061765435,0.05571872815489769,0.0005876316624380707,10.50299072265625,0.0020737095968797804,1e-06,183490.0,99.0,0.033352977870749194
Fixed tau=0.1,101,0.04184857072929541,0.04184857041885456,0.00047204643972994137,9.020967483520508,0.0025089266321932278,1e-06,250504.0,99.0,0.03586827134822945
Fixed tau=0.1,102,0.06218525255098939,0.0621852520853281,0.0009734687209856929,14.699014663696289,0.003485878012725152,1e-06,162555.0,100.0,0.034548233584808824
Fixed tau=0.1,103,0.0495569939725101,0.049556993693113324,0.0014521145727485417,13.940881729125977,0.004418742074631154,1e-06,187883.0,102.0,0.03490204509676251
Fixed tau=0.1,104,0.006692194305893888,0.006692194216157077,0.0013006329272684525,4.358331203460693,0.003110474809849014,1e-06,482079.0,102.0,0.035403852556223254
Fixed tau=0.1,105,0.00864608739114677,0.008646087197121233,0.00033398717884362367,6.172064781188965,0.0021921075337255993,1e-06,510197.0,103.0,0.03159568217779284
Fixed tau=0.1,106,0.041118434024974705,0.04111843388527632,0.001715083907765802,10.430642127990723,0.003101846110075712,1e-06,202425.0,105.0,0.03043863359611679
Fixed tau=0.1,107,0.02649450451800866,0.026494504218654975,0.0004818317746477468,10.40298080444336,0.004095135472847947,1e-06,262673.0,105.0,0.02878362465642526
Fixed tau=0.1,108,0.0176522499176599,0.01765224988855607,0.0005181916440051282,7.838575839996338,0.004420236364239827,1e-06,319777.0,106.0,0.026056440110160527
Fixed tau=0.1,109,0.02005229397036601,0.020052294014021754,0.0021766051931422226,8.002959251403809,0.004022239241749048,1e-06,304340.0,108.0,0.02471083457151053
Fixed tau=0.1,110,0.01758719618737814,0.01758719618374016,0.0009618620679248124,8.243032455444336,0.0022787715861340985,1e-06,303841.0,108.0,0.027662853254421613
Fixed tau=0.1,111,0.04299119357019663,0.04299119375646114,0.00020589143387041985,7.333044052124023,0.0037957218009978533,1e-06,175310.0,109.0,0.03078826269451673
Fixed tau=0.1,112,0.023643472148770734,0.02364347208224769,0.0002516770068073778,13.142943382263184,0.003718345093407801,1e-06,298132.0,111.0,0.02872798664019914
Fixed tau=0.1,113,0.032186221703886984,0.03218622207641601,0.0007308459637897613,7.559796333312988,0.0044253068044781685,1e-06,205482.0,111.0,0.02746076613394073
Fixed tau=0.1,114,0.034755332837812604,0.03475533276796341,0.0006316548999166117,7.001195430755615,0.0029740989673882725,1e-06,209937.0,112.0,0.026654523123817896
Fixed tau=0.1,115,0.03916440024040639,0.03916439972817898,0.0010851857136003674,10.733166694641113,0.00327544747851789,1e-06,184207.0,114.0,0.02746571632567814
Fixed tau=0.1,116,0.04302559164352715,0.04302559103816748,0.00017566649621585383,10.552048683166504,0.006235675513744354,1e-06,191262.0,114.0,0.027045023159995518
Fixed tau=0.1,117,0.018455397354305854,0.018455397287782813,0.0012427790102914774,6.336844444274902,0.00252883553704513,1e-06,295973.0,115.0,0.024605201675475672
Fixed tau=0.1,118,0.012555078685383907,0.012555078649812559,-2.528826977747182e-05,7.766592979431152,0.0023584642137090364,1e-06,363169.0,117.0,0.025762493218952152
Fixed tau=0.1,119,0.00878357685128735,0.008783576777204871,0.0007438184825745834,4.8593010902404785,0.002831852232868021,1e-06,442539.0,117.0,0.02684446007324539
Fixed tau=0.1,120,0.028975419447912525,0.028975419234484434,0.0007127865301299607,7.908280849456787,0.0023988051107153296,1e-06,230745.0,118.0,0.027173575149913275
Fixed tau=0.1,121,0.012959571403270174,0.012959571361231307,-0.00048115042874188576,7.022116661071777,0.00477900594058964,1e-06,347561.0,120.0,0.02742200307605267
Fixed tau=0.1,122,0.01615315741219092,0.016153157426742837,0.0019917770009669766,6.080208778381348,0.004983136881492101,1e-06,301404.0,120.0,0.024906597636986504
Fixed tau=0.1,123,0.036373678827658296,0.03637367906048894,6.6703469201456755e-06,9.556129455566406,0.0025024729402503,1e-06,163930.0,122.0,0.02464863241527722
Fixed tau=0.1,124,0.044087857619160786,0.044087857473641634,0.001593419960954634,13.053277015686035,0.006343558867229149,1e-06,155015.0,122.015625,0.027525751408327116
Fixed tau=0.1,125,0.03837559832027182,0.038375598611310124,0.0011814807003247552,6.651888370513916,0.003501160113955848,1e-06,167117.0,123.0,0.029721156644518486
Fixed tau=0.1,126,0.04189710662467405,0.04189710691571236,-0.0005167304807400797,9.182706832885742,0.003278170435805805,1e-06,151777.0,124.0,0.028606456623211585
Fixed tau=0.1,127,0.015356131286049882,0.015356131208439669,0.0006799334910283505,9.331275939941406,0.0052889562988032894,1e-06,360264.0,126.0,0.028626885194909954
Fixed tau=0.1,128,0.015617779878084548,0.015617779848980717,-0.00045630948523012194,8.00814151763916,0.0023310304968617857,1e-06,314450.0,126.0,0.03044459241121358
Fixed tau=0.1,129,0.04420338817872107,0.0442033875733614,0.0015558168131974525,8.163141250610352,0.006135436031036079,1e-06,211464.0,127.0,0.028295179057221675
Fixed tau=0.1,130,0.03293303423561156,0.03293303437530994,5.002903053537011e-05,10.774246215820312,0.002445878623984754,1e-06,202244.0,129.0,0.026727763862635756
Fixed tau=0.1,131,0.0167137191844328,0.01671371900010854,0.0005657488482029294,6.947936534881592,0.00338504312094301,1e-06,217095.0,129.0,0.02433737337904206
Fixed tau=0.1,132,0.013184285715396982,0.013184285649913363,0.00015281200285244267,9.056005477905273,0.005628339044051245,1e-06,334779.0,130.0,0.023620498495108565
Fixed tau=0.1,133,0.036147937085479497,0.03614793680608273,0.0007824429107131436,11.170084953308105,0.0030721933580935,1e-06,176003.0,132.0,0.026292625279916368
Fixed tau=0.1,134,0.012730132291886144,0.012730132166577986,0.00037136100460581173,6.11619758605957,0.0034399891479147803,1e-06,379609.0,132.0,0.02667610634243645
Fixed tau=0.1,135,0.026846290527222056,0.02684629033319652,-0.00010774930645614707,8.03634262084961,0.001484940992668271,1e-06,215019.0,134.0,0.024910138360715938
Fixed tau=0.1,136,0.012081303306331392,0.012081303291779477,9.67122832662426e-05,6.189461708068848,0.0036899088881909847,1e-06,341539.0,134.0,0.02321953741516751
Fixed tau=0.1,137,0.03401148319244385,0.03401148319244385,0.000533461539680502,7.937835693359375,0.0052478615893051025,1e-06,186922.0,135.0,0.023209773719010642
Fixed tau=0.1,138,0.04474952584132552,0.04474952584132552,0.0011373872566764476,8.8311128616333,0.003783185558859259,1e-06,156301.0,137.0,0.024692788908307214
Fixed tau=0.1,139,0.0198360715949093,0.019836071536701638,0.0008958551925388747,6.926597595214844,0.003987078132922761,1e-06,304706.0,137.0,0.025109391119549584
Fixed tau=0.1,140,0.024777739701676182,0.02477773977443576,0.00011558009268242131,7.967033863067627,0.002689239045139402,1e-06,235932.0,138.0,0.02587770371337342
Fixed tau=0.1,141,0.014336424026017388,0.014336423974277245,-0.00031355925057141576,6.657167911529541,0.003031840030517843,1e-06,350356.0,140.0,0.02664240374716004
Fixed tau=0.1,142,0.016606318255071528,0.01660631834238302,0.0007438548586833349,17.03221893310547,0.0044122607505414635,1e-06,317247.0,140.0,0.0286626655536118
Fixed tau=0.1,143,0.029497452825307847,0.029497452732175588,0.0003131476791168097,9.867795944213867,0.005048205517232418,1e-06,176513.0,141.0,0.0266415717375043
Fixed tau=0.1,144,0.04073056112974882,0.04073056112974882,0.0007887829997343943,8.966399192810059,0.0018823463469743729,1e-06,161492.0,143.0,0.02582487295874495
Fixed tau=0.1,145,0.02118157086494778,0.021181570698640177,0.0009523890205725495,7.329806804656982,0.005836813394645495,1e-06,270696.0,143.0,0.02599411490362499
Fixed tau=0.1,146,0.03525799053022638,0.03525799070484936,-5.7093060604529455e-05,9.975149154663086,0.0031409460643772036,1e-06,167554.0,144.0,0.025210621631750533
Fixed tau=0.1,147,0.03430418292991817,0.034304183162748816,-0.0001570921915117651,9.363130569458008,0.002923161676153541,1e-06,198465.0,146.0,0.026555727691285367
Fixed tau=0.1,148,0.01177945114159229,0.01177945121526136,0.0003196051247869036,5.444125652313232,0.0035754779673879966,1e-06,321139.0,146.0,0.02863063575030166
Fixed tau=0.1,149,0.03576583927497268,0.03576583927497268,0.0008771853936195839,6.674281120300293,0.0057284456270281225,1e-06,167016.0,147.0,0.02680549517146239
Fixed tau=0.1,150,0.02169773306619997,0.02169773293038209,0.00011193686320135991,7.084778308868408,0.001632548150761674,1e-06,226805.0,149.0,0.026269004939709996
Fixed tau=0.1,151,0.016159313965715683,0.016159313783816742,4.0768874157492974e-05,5.285196304321289,0.003435719816479832,1e-06,320002.0,149.0,0.025784436479724292
Fixed tau=0.1,152,0.029132590163499117,0.029132590629160404,-0.000547844875836745,7.514510154724121,0.0046269319020211695,1e-06,211164.0,150.0,0.02357073491705406
Fixed tau=0.1,153,0.039430306933354586,0.03943030699156225,0.0004104047166038072,7.31483793258667,0.004586804687278345,1e-06,151624.0,152.0,0.022356560033105932
Fixed tau=0.1,154,0.00942090637949554,0.009420906364943625,0.0012496767952446437,5.111058235168457,0.0036765491952084834,1e-06,345959.0,152.0,0.023262627566558867
Fixed tau=0.1,155,0.03482916851062327,0.03482916858047247,0.0007041525008389726,8.01438045501709,0.005248242081142962,1e-06,179188.0,153.0,0.020506921541874643
Fixed tau=0.1,156,0.0158513176055359,0.015851317638797418,3.058561404551645e-05,6.875870704650879,0.003642158715852669,1e-06,283983.0,155.0,0.020732093807109865
Fixed tau=0.1,157,0.010907273550401442,0.010907273515476846,0.0005041987416916527,5.98264741897583,0.002171556151006371,1e-06,396667.0,155.0,0.020486086191379448
Fixed tau=0.1,158,0.020948259462602436,0.020948259439319373,0.0009205816782923648,5.300310134887695,0.001968981372192502,1e-06,209289.0,156.0,0.01898054750461544
Fixed tau=0.1,159,0.02174619452562183,0.02174619408324361,0.0003853876725770533,5.748557090759277,0.001872506970539689,1e-06,183337.0,158.0,0.01835056469939723
Fixed tau=0.1,160,0.005453073039164606,0.0054530730034462686,-2.582146529758492e-05,5.215036869049072,0.0024666410701518707,1e-06,445372.0,158.0,0.019234523070038406
Fixed tau=0.1,161,0.02417462782468647,0.024174627847969532,0.0007276770600583404,6.86477518081665,0.0038468782091513275,1e-06,183444.0,159.0,0.018398321770040513
Fixed tau=0.1,162,0.013453230112645542,0.013453230010782136,0.0004936617442581337,5.216464042663574,0.002019173640292138,1e-06,310923.0,161.0,0.019345347003670233
Fixed tau=0.1,163,0.012571665214454696,0.012571665074756311,-8.266310728686222e-05,7.507030010223389,0.0025539274327456953,1e-06,413148.0,161.0,0.020777838067117475
Fixed tau=0.1,164,0.032500496265129186,0.03250049613416195,0.0005167816689208848,9.309196472167969,0.0033557241840753704,1e-06,171604.0,162.0,0.01961965658166737
Fixed tau=0.1,165,0.019144448536583997,0.01914444844199655,0.00022041766957651512,6.429860591888428,0.0028143206145614386,1e-06,223707.0,164.0,0.018955451540458704
Fixed tau=0.1,166,0.02563095425721258,0.025630954280495645,0.0006679902244286495,9.668929100036621,0.001489297393709421,1e-06,204774.0,164.0,0.019948312882532272
Fixed tau=0.1,167,0.026268595441554982,0.02626859520872434,0.0007486164298218986,7.519941329956055,0.0032618670569111905,1e-06,221380.0,165.0,0.018845067514405452
Fixed tau=0.1,168,0.026664675446227193,0.02666467521339655,0.0007401976195978932,7.070662021636963,0.0011277924058958888,1e-06,207167.0,167.0,0.019773384494006577
Fixed tau=0.1,169,0.008208263116830494,0.008208263099368196,0.0014147934030916075,6.03516960144043,0.0016025877092033624,1e-06,425530.0,167.0,0.020580222692818242
Fixed tau=0.1,170,0.014439938564464683,0.014439938629948301,0.001541849269415252,5.201544284820557,0.004690677276812494,1e-06,343569.0,168.0,0.018848034762471863
Fixed tau=0.1,171,0.016374547915932323,0.016374547766255482,-0.00023584653406162812,7.963095664978027,0.0024058178366561022,1e-06,273280.0,170.0,0.017902988309824033
Fixed tau=0.1,172,0.012038928922265768,0.012038928798574489,4.549296477307507e-05,5.5190348625183105,0.002674253220902756,1e-06,313542.0,170.0,0.01750515168966662
Fixed tau=0.1,173,0.023664716631174088,0.023664716786394518,-0.0004570332118116009,7.0944623947143555,0.004098361183423549,1e-06,216932.0,171.0,0.01598862474492797
Fixed tau=0.1,174,0.021446885145269334,0.021446885261684655,0.00017066019754565786,6.030158996582031,0.003829327062703669,1e-06,183612.0,173.0,0.01529997455116266
Fixed tau=0.1,175,0.01344642901676707,0.013446428900351748,0.00015990054998837877,7.627452850341797,0.0020794724114239216,1e-06,317794.0,173.0,0.015534135395507753
Fixed tau=0.1,176,0.008748937462870445,0.008748937462870445,0.0008873881177148885,12.703125,0.00464761702136861,1e-06,356214.0,174.0,0.015822147821454777
Fixed tau=0.1,177,0.021254751458764078,0.021254751458764078,0.0005445311006042175,5.675750732421875,0.0018316456582397223,1e-06,208481.0,176.0,0.015883201011496446
Fixed tau=0.1,178,0.009586798765667481,0.009586798816599185,-0.00011619665690432157,4.367781162261963,0.00196462674648501,1e-06,343818.0,176.0,0.016124153962406667
Fixed tau=0.1,179,0.019089523014069226,0.01908952308197816,0.0009811735071707517,5.668938636779785,0.0018097804277203977,1e-06,233457.0,177.0,0.014809485394935595
Fixed tau=0.1,180,0.010784032485389616,0.010784032387164189,0.0002449061103106942,4.911360740661621,0.002565410264651291,1e-06,318461.0,179.0,0.015545511584253803
Fixed tau=0.1,181,0.017608075344469398,0.017608075315365568,0.0006797184473725792,9.380204200744629,0.004672342503909022,1e-06,311579.0,179.0,0.016742307633892877
Fixed tau=0.1,182,0.017046133023021475,0.017046132856713875,0.0003477168169670871,5.554409027099609,0.002537502092309296,1e-06,293058.0,180.0,0.01832439027827065
Fixed tau=0.1,183,0.014689411098515848,0.014689411258586915,0.000261765846516937,7.280222415924072,0.0009048148058354855,1e-06,312816.0,182.0,0.019666499843639756
Fixed tau=0.1,184,0.009203362558764638,0.009203362544212723,0.000753741084736248,4.201115608215332,0.0027413903476877343,1e-06,379873.0,182.0,0.021620337985049923
Fixed tau=0.1,185,0.029543173538210492,0.029543173344184954,0.0003035969014793712,10.220131874084473,0.004992730275262147,1e-06,228401.0,183.0,0.020667841164645304
Fixed tau=0.1,186,0.02661118544638157,0.02661118544638157,0.0005066050260211341,7.47544002532959,0.0015010067960247397,1e-06,207797.0,185.0,0.02195318818494382
Fixed tau=0.1,187,0.02615184657042846,0.02615184655102591,0.0019537320683108796,7.006948471069336,0.006022787245456129,1e-06,232263.0,185.0,0.021555900118764404
Fixed tau=0.1,188,0.036017956444993615,0.03601795667782426,0.0008864354249453754,7.157379627227783,0.0033147487265523523,1e-06,154956.0,186.0,0.022221849557402522
Fixed tau=0.1,189,0.031079018095624633,0.031079018372111022,0.0007024576771073043,6.043447494506836,0.0020119724213145673,1e-06,146178.0,188.0,0.022170545371422185
Fixed tau=0.1,190,0.008612058057527369,0.008612058057527369,0.0005479441390182021,4.499955177307129,0.00247956328611407,1e-06,361896.0,188.0,0.023204087153688314
Fixed tau=0.1,191,0.024922849494032562,0.024922849610447884,0.00032178244364331474,6.074450969696045,0.005547965387813747,1e-06,196384.0,189.0,0.020945582297822285
Fixed tau=0.1,192,0.013237906601943905,0.01323790658739199,0.0002452554163028253,8.232409477233887,0.0023063948756316677,1e-06,304349.0,191.0,0.021429765593028876
Fixed tau=0.1,193,0.02437157668173313,0.02437157668173313,0.00019565631773730275,5.6749701499938965,0.0035959793720394375,1e-06,196543.0,191.0,0.022066729408824075
Fixed tau=0.1,194,0.014125065304272409,0.014125065212803227,-0.0003006220864075918,6.820221424102783,0.0044764389749616385,1e-06,258294.0,192.0,0.019599632595029587
Fixed tau=0.1,195,0.020572322158841416,0.020572322149140138,-0.00013148207108315546,7.187058925628662,0.0031817464235549173,1e-06,220323.0,194.0,0.01961510187357716
Fixed tau=0.1,196,0.00469961990787624,0.004699619929658639,-0.0006841271805569704,3.881657123565674,0.0011462136171758175,1e-06,398050.0,194.0,0.02115102260233012
Fixed tau=0.1,197,0.03193720206618309,0.03193720169365406,0.0016958695763605648,8.014646530151367,0.0027774452930316327,1e-06,183053.0,195.0,0.020044777988564376
Fixed tau=0.1,198,0.03315844846656546,0.03315844852477312,0.0003264728675276274,8.651159286499023,0.001227065280545503,1e-06,161604.0,197.0,0.021267842040413307
Fixed tau=0.1,199,0.008879891735786159,0.00887989172608488,0.00039958090605472936,4.934659004211426,0.003874186012479994,1e-06,360711.0,197.0,0.020948934999987984
Fixed tau=0.1,200,0.031249180377926677,0.03124918043613434,0.0009081522694032174,6.7178239822387695,0.003373573301360011,1e-06,161230.0,198.0,0.021061726161657718
Fixed tau=0.1,201,0.025507186306640506,0.025507186073809862,-0.0002187587924709078,8.692704200744629,0.002104630009853281,1e-06,153633.0,200.0,0.021651136521558388
Fixed tau=0.1,202,0.012754158941788774,0.012754158859024756,0.0005734244948598644,5.8414435386657715,0.003372239079908468,1e-06,315130.0,200.0,0.023414946376961055
Fixed tau=0.1,203,0.026691611361457035,0.026691611157730222,0.00015149048249440966,8.970895767211914,0.0033732242009136826,1e-06,162886.0,201.0,0.02262601066704703
Fixed tau=0.1,204,0.0208635990973562,0.020863599237054588,-0.00013275576202431694,8.957891464233398,0.002124044788070023,1e-06,213385.0,202.0,0.021172425880260307
Fixed tau=0.1,205,0.015365767991170287,0.015365767991170287,0.00078633751157516,5.603682041168213,0.0013471462104159098,1e-06,234457.0,204.0,0.021271652956651947
Fixed tau=0.1,206,0.02705583570059389,0.027055836108047515,0.0002970048153656535,8.374763488769531,0.003074094667681493,1e-06,158962.0,204.0625,0.020464497668912042
Fixed tau=0.1,207,0.024101528571918607,0.024101528339087963,0.0009017726930323988,6.925644874572754,0.003267353167757392,1e-06,172520.0,205.0,0.0197186641516421
Fixed tau=0.1,208,0.023258908878779037,0.023258908884599805,0.0013261463376693428,5.4861531257629395,0.002041940437629819,1e-06,209322.0,206.0,0.020408111137289603
Fixed tau=0.1,209,0.017169016112651054,0.017169015870119136,0.0003624980339130464,4.877349853515625,0.002826298509413997,1e-06,226334.0,208.0,0.018940768934857993
Fixed tau=0.1,210,0.00997138962460061,0.009971389566392949,0.001319882106650362,5.587732791900635,0.005912303148458402,1e-06,351044.0,208.0,0.018538659107979312
Fixed tau=0.1,211,0.022370472270995378,0.022370472270995378,0.0008051056087424513,5.3555684089660645,0.00303109185770154,1e-06,179349.0,209.0,0.018918795303380212
Fixed tau=0.1,212,0.017303017450363507,0.017303017383840467,-1.3090932043269277e-05,7.523220539093018,0.0026221422844433357,1e-06,287089.0,210.0,0.019319558832267394
Fixed tau=0.1,213,0.020338076003827154,0.020338075701147318,0.0004402279344503768,4.553497314453125,0.004708757949993014,1e-06,199138.0,212.0,0.01889375871559112
Fixed tau=0.1,214,0.010550846938258474,0.010550846930982516,1.733786518798297e-05,5.743723392486572,0.004325232788687572,1e-06,306188.0,212.0,0.018489171094721844
Fixed tau=0.1,215,0.0164403912245429,0.016440391141389097,0.0005014245361962821,6.002384185791016,0.0032560047527242985,1e-06,278300.0,213.0,0.01938309150779917
Fixed tau=0.1,216,0.01954726631520316,0.019547266140580177,-2.3903403780423103e-05,11.912857055664062,0.0020733776269480585,1e-06,210154.0,215.0,0.020159543264398335
Fixed tau=0.1,217,0.0314642348093912,0.03146423492580652,-0.0002640475267980946,8.515522956848145,0.0027850375045090914,1e-06,149523.0,215.3125,0.02022346849239531
Fixed tau=0.1,218,0.01941772709445407,0.019417727055648964,0.0005853836804211218,4.971729278564453,0.0031106077755490937,1e-06,228971.0,216.0,0.019792220734441927
Fixed tau=0.1,219,0.01880844539264217,0.01880844505503774,0.0005804482017992996,5.488618850708008,0.0018993089674040676,1e-06,195571.0,217.0,0.019563444995063163
Fixed tau=0.1,220,0.0270021406468004,0.027002140413969755,3.726954855665099e-05,6.90866231918335,0.0005392840539570898,1e-06,155084.0,219.0,0.01950764838380974
Fixed tau=0.1,221,0.018512359040323646,0.018512358888983727,0.00015421451430484013,4.257752418518066,0.0037906334968283773,1e-06,199687.0,219.171875,0.020885273980313673
Fixed tau=0.1,222,0.02307365005835891,0.023073649778962136,0.00042372093885205685,6.625059127807617,0.003309305710718036,1e-06,173731.0,220.0,0.020938431104304708
Fixed tau=0.1,223,0.012559292092919349,0.012559292046353221,0.00043917848806955816,5.909834384918213,0.004328984906896949,1e-06,210121.0,221.0,0.019260528990531437
Fixed tau=0.1,224,0.017821542696401592,0.017821542567980943,0.0002143353791325353,6.317843914031982,0.002233253885060549,1e-06,190211.0,223.0,0.020418369520947718
Fixed tau=0.1,225,0.0099370843199722,0.009937084207194857,0.000566775658626284,3.8517563343048096,0.002208853227784857,1e-06,321718.0,223.0,0.021187004722808277
Fixed tau=0.1,226,0.03159427296486683,0.03159427270293236,0.0006011045188643038,7.083598613739014,0.003396550950128585,1e-06,164649.0,224.0,0.020320296788330392
Fixed tau=0.1,227,0.020131994743132965,0.020131994504481554,0.00044299904257059095,5.264878273010254,0.0013260670006275178,1e-06,176942.0,226.0,0.02051683925218841
Fixed tau=0.1,228,0.01300731158698909,0.013007311674300581,-0.0007663964979656157,6.758396625518799,0.004662778112106025,1e-06,301686.0,226.0,0.019189177055489073
Fixed tau=0.1,229,0.03215397254098207,0.03215397289022803,0.0011965603771386668,6.1790361404418945,0.0035343321796972305,1e-06,137240.0,227.0,0.018343029810486543
Fixed tau=0.1,230,0.02726343198446557,0.027263432275503874,-9.502193825028371e-05,5.527154445648193,0.0021292887104209512,1e-06,170409.0,229.0,0.01871681821083334
Fixed tau=0.1,231,0.017468353159659143,0.017468353134713004,0.0018424315037139291,5.0027360916137695,0.0030451679569003837,1e-06,268400.0,229.0,0.019396277614874904
Fixed tau=0.1,232,0.02067432627081871,0.020674325991421938,0.0013043674840446328,4.752331733703613,0.0025095254415646194,1e-06,194417.0,230.0,0.017247173849135856
Fixed tau=0.1,233,0.008469365651649241,0.008469365615269453,0.0006506645094459529,4.029543399810791,0.0007787287468090653,1e-06,301786.0,232.0,0.0189217667674289
Fixed tau=0.1,234,0.0032516723683026307,0.0032516723513253964,5.69035358353176e-05,2.502591133117676,0.0009413875717048844,1e-06,475444.0,232.0,0.019555653749198505
Fixed tau=0.1,235,0.02193321518134326,0.021933214971795678,0.0004428284701134544,6.3664469718933105,0.004639516235329211,1e-06,196807.0,233.0,0.017133409905831447
Fixed tau=0.1,236,0.01741113772150129,0.017411137651652097,0.0008042166125960648,4.310943126678467,0.0032745416974648833,1e-06,214352.0,235.0,0.015815816333395943
Fixed tau=0.1,237,0.007954131265364595,0.007954131279802823,0.0004910209299850976,4.047214984893799,0.003768759808735922,1e-06,311147.0,235.0,0.016442882963830622
Fixed tau=0.1,238,0.038552516663912684,0.03855251660570502,0.00046623767684650375,7.349431037902832,0.0037572821165667847,1e-06,164522.0,236.0,0.01586848605727699
Fixed tau=0.1,239,0.019980068628986675,0.01998006847376625,0.0005115845694187252,7.63869047164917,0.001044616607638697,1e-06,223098.0,238.0,0.015944525798996037
Fixed tau=0.1,240,0.005509290618481993,0.005509290613190387,-3.4777329512342643e-06,3.7832045555114746,0.0020391624632545495,1e-06,446914.0,238.0,0.017262389786453173
Fixed tau=0.1,241,0.01276990317273885,0.012769902978713313,0.0004361528456987192,4.192256927490234,0.0008051477489061654,1e-06,218571.0,239.0,0.01618475533834963
Fixed tau=0.1,242,0.024366086255759,0.024366086069494485,-0.000311621387663763,9.809638977050781,0.0021724865771830084,1e-06,207457.0,241.0,0.017074019294479856
Fixed tau=0.1,243,0.014355960085855,0.014355960019331957,7.892985636967101e-05,5.9363813400268555,0.0023180347800787005,1e-06,283372.0,241.0,0.01848747894457584
Fixed tau=0.1,244,0.00930580276872206,0.009305802774179028,-0.00010243389442621265,4.703364849090576,0.0022788702335674316,1e-06,306280.0,242.0,0.01624511246212051
Fixed tau=0.1,245,0.017748176504392178,0.017748176213353874,0.0001908572554384591,4.721846580505371,0.0019964666804298758,1e-06,173017.0,244.0,0.015843725173765436
Fixed tau=0.1,246,0.010079236071760533,0.010079236042656703,0.0011905890558665533,5.343767166137695,0.001434920442989096,1e-06,341887.0,244.0,0.016877168629822942
Fixed tau=0.1,247,0.027193041401915252,0.02719304116908461,0.0006162119007058209,4.522188186645508,0.0029317037988221273,1e-06,148625.0,245.0,0.01733353147994623
Fixed tau=0.1,248,0.023502187663689257,0.023502187430858613,0.0002564703667303547,5.998920440673828,0.0025083533255383372,1e-06,190474.0,247.0,0.0164544621562527
Fixed tau=0.1,249,0.013886485186438742,0.013886485298696374,-0.0007063654705104584,6.676937580108643,0.0031163673348990934,1e-06,279993.0,247.0,0.016754248175812808
Fixed tau=0.1,250,0.015564808389171958,0.015564808301860467,0.0005939297952863853,9.980559349060059,0.0049992007843684405,1e-06,301848.0,248.0,0.017995655742751773
Linear anneal,1,0.1356643489561975,0.1356643484905362,0.0005185366571822669,16.946054458618164,0.0026604679005686194,1e-06,168470.0,0.0,0.06664502796801654
Linear anneal,2,0.10842733848839999,0.10842733904719352,-0.0001803951354304445,17.391611099243164,0.0034852011827751993,1e-06,180314.0,0.0,0.05990525862984198
Linear anneal,3,0.04979532596189529,0.04979532561264932,0.0015607645905220124,12.244245529174805,0.0025067688184208237,1e-06,335216.0,2.0,0.05941087229961521
Linear anneal,4,0.02567047414115884,0.02567047420465811,0.0007772810594443316,10.322063446044922,0.001141382127322934,1e-06,455120.0,2.0,0.055411141089953486
Linear anneal,5,0.04511301793778936,0.04511301778256893,0.0012102107676683874,12.496160507202148,0.01049215127972679,1e-06,345196.0,3.0,0.05209697849820751
Linear anneal,6,0.035199662722233266,0.035199662670493126,7.905754803990325e-06,12.012837409973145,0.0018441519932821393,1e-06,375808.0,5.0,0.054482328240579705
Linear anneal,7,0.01946664267840485,0.019466642600794632,0.001121747572710774,6.715089797973633,0.0019311260984977707,1e-06,487372.0,5.0,0.05122982569283336
Linear anneal,8,0.05595016818759697,0.05595016798802784,-0.00035262810082973113,13.81391716003418,0.004046140537996378,1e-06,258173.0,6.0,0.04374566942062859
Linear anneal,9,0.023413291581991045,0.023413291412659666,0.0005746198237995321,10.409658432006836,0.0016668773235075853,1e-06,461133.0,8.0,0.04077636096389309
Linear anneal,10,0.022269515320658684,0.022269515172493728,0.00279388848205351,7.625553607940674,0.022966267075389624,1e-06,465278.0,8.0,0.0431046002778587
Linear anneal,11,0.07833582682845493,0.07833582566430171,0.0026036482110309103,13.041596412658691,0.015271763239676753,1e-06,246520.0,9.0,0.04246772829846556
Linear anneal,12,0.0998868209309876,0.0998868204653263,0.0005658458670950494,19.816804885864258,0.0034122888231649996,1e-06,193994.0,11.0,0.04429796400266463
Linear anneal,13,0.02610162002965808,0.026101620052941144,0.0005667569108481985,10.659114837646484,0.00336358854547143,1e-06,400462.0,11.0,0.045442184133276775
Linear anneal,14,0.01713293253564271,0.017132932588558768,0.0005027325847880671,8.956501007080078,0.0020593219563703647,1e-06,460060.0,12.0,0.042320618882379216
Linear anneal,15,0.05128110712394118,0.051281106658279896,0.0022801137086259715,13.704422950744629,0.004526971174137933,1e-06,270623.0,14.0,0.04184046180296472
Linear anneal,16,0.03810742611272468,0.03810742600924439,-0.0003060521477083158,12.415879249572754,0.006613794765952561,1e-06,378794.0,14.0,0.04336725241340233
Linear anneal,17,0.05533225554972887,0.05533225541668279,0.001446708882992555,13.349372863769531,0.0052412264547976,1e-06,260414.0,15.0,0.03921945586043539
Linear anneal,18,0.032053064115138516,0.032053064037528306,0.0003761658315650291,12.405097961425781,0.0037008496777464948,1e-06,379848.0,17.0,0.03411722917320299
Linear anneal,19,0.021612950251437724,0.02161295022815466,0.0011674217937979847,8.476295471191406,0.007406734535470605,1e-06,426180.0,17.0,0.03463800762550203
Linear anneal,20,0.018131563725364685,0.01813156353910017,0.0005624192206141743,10.766127586364746,0.005503606493584811,1e-06,413859.0,19.0,0.0370274765258019
Linear anneal,21,0.039064211974618956,0.039064211887307465,0.002664900861418573,8.926114082336426,0.011565731780137867,1e-06,324263.0,19.0,0.03342922865873267
Linear anneal,22,0.03271006386623614,0.03271006358166536,0.0005889133479083992,11.050702095031738,0.01085874461568892,1e-06,361314.0,20.0,0.031498042609063456
Linear anneal,23,0.043762327205123644,0.04376232690576996,0.00037905418763070235,14.06252670288086,0.0036140484901677284,1e-06,294730.0,22.0,0.02783695901394606
Linear anneal,24,0.03183018314464587,0.03183018302823055,0.0004726658058239587,15.103222846984863,0.008563274517655373,1e-06,386858.0,22.0,0.027090926163919005
Linear anneal,25,0.04341709055006504,0.04341709049185738,0.00018603487842483446,13.950610160827637,0.004838551831198856,1e-06,310647.0,23.0,0.02655231389008309
Linear anneal,26,0.011700380154913793,0.011700380120518357,0.0017564404185618928,6.6424407958984375,0.004237252605062994,1e-06,458610.0,25.0,0.02673935571906338
Linear anneal,27,0.016864379666609846,0.016864379462883033,0.0019336436953381053,10.326163291931152,0.005754779675044119,1e-06,473146.0,25.0,0.023949174636386995
Linear anneal,28,0.015060336023848013,0.015060335870391451,4.8940630676952424e-05,9.676422119140625,0.00353682062334635,1e-06,438485.0,26.0,0.02502096857880493
Linear anneal,29,0.023846703131725502,0.023846702687230638,0.0019683301079412145,11.299901962280273,0.005364616867154837,1e-06,460849.0,28.0,0.02342194678095562
Linear anneal,30,0.01568821523887891,0.015688215215959644,-0.0003086394281126559,7.919426918029785,0.0014980912674218416,1e-06,389736.0,28.0,0.024614496894847116
Linear anneal,31,0.020189023703721887,0.020189023657883352,0.0017948855068823377,11.033918380737305,0.006036689132452011,1e-06,425461.0,29.0,0.022696717898985395
Linear anneal,32,0.008372219963315311,0.008372219977867227,0.0003400218409606026,6.770517826080322,0.0002572016480068366,1e-06,479407.0,31.0,0.02417319133546703
Linear anneal,33,0.04449979698152414,0.04449979694826262,0.0008686405703234154,12.981317520141602,0.003483689872414938,1e-06,297548.0,31.0,0.027261512401073055
Linear anneal,34,0.02617308708286146,0.026173087129427584,0.0010798064606660773,14.257858276367188,0.00599005394615233,1e-06,408924.0,32.0,0.026732439653815422
Linear anneal,35,0.04494823457207531,0.044948234281037,-0.0003595037833292736,18.063711166381836,0.003348502839799039,1e-06,310608.0,34.0,0.025683552227005548
Linear anneal,36,0.02232152158394456,0.02232152153737843,0.0004587156425259309,10.364477157592773,0.003418313502334058,1e-06,420789.0,34.0,0.026619632127114302
Linear anneal,37,0.02794158796547208,0.027941587921816335,0.00010617888290198607,13.557496070861816,0.003940761569538154,1e-06,316714.0,35.0,0.02690759207458142
Linear anneal,38,0.05083591151716454,0.05083591118454933,0.0009679987633717246,21.197294235229492,0.004005273654391723,1e-06,275899.0,37.0,0.030127266304085375
Linear anneal,39,0.009240535747570297,0.009240535650557527,0.0004954109302831947,6.369184970855713,0.0008740318395818273,1e-06,510741.0,37.0,0.028970375834070895
Linear anneal,40,0.012308940992321974,0.012308940992321974,0.0004465260675109069,8.792949676513672,0.0021479121642187238,1e-06,489094.0,38.0,0.028752578832114826
Linear anneal,41,0.025985094128474075,0.02598509411715592,0.0010481468497245158,11.914449691772461,0.002884528392718898,1e-06,363668.0,40.0,0.02585992924616218
Linear anneal,42,0.023356583173153922,0.023356583080021663,-0.00045789754376528434,11.412814140319824,0.0044767231913283466,1e-06,402259.0,40.0,0.02805251704651033
Linear anneal,43,0.04378863663545677,0.04378863650241068,0.0007661717596160347,11.40419864654541,0.007638344324992171,1e-06,290560.0,41.0,0.027127009296095052
Linear anneal,44,0.0317740018654149,0.03177400177810341,-0.0009501618433205294,10.74275016784668,0.0033549542422406375,1e-06,343220.0,43.0,0.02495166390479657
Linear anneal,45,0.023777320107910782,0.023777320107910782,-0.0005142218124092324,8.252147674560547,0.004980846730177291,1e-06,325972.0,43.0,0.026501648627646344
Linear anneal,46,0.013129088867935934,0.013129088835557922,0.0015470993492328945,5.22652006149292,0.006244953302666545,1e-06,423627.0,44.0,0.028206487119444453
Linear anneal,47,0.04643998813948461,0.04643998734120812,0.0014133199574644095,12.424578666687012,0.003382423044448452,1e-06,285825.0,46.0,0.027434775537505895
Linear anneal,48,0.01776100275455974,0.017761002667248248,0.0001427671988494694,7.997023105621338,0.004280951130203903,1e-06,390424.0,46.0,0.030349215202596015
Linear anneal,49,0.02690711195787622,0.026907111880266003,0.0004746017495765247,10.732215881347656,0.006595179671421647,1e-06,357275.0,47.0,0.028348832871582873
Linear anneal,50,0.026290367858018727,0.026290367601905017,0.0009379159705986239,8.732756614685059,0.00745648592710495,1e-06,426863.0,48.0,0.028642685882432104
Linear anneal,51,0.031062164533068426,0.03106216440210119,0.0009658808512540418,10.901575088500977,0.007876704796217382,1e-06,331269.0,49.0,0.027464144289233272
Linear anneal,52,0.017496266874579967,0.0174962667158318,0.002295749697209844,9.501526832580566,0.0019155272536657073,1e-06,443595.0,51.0,0.028336829022127683
Linear anneal,53,0.0554154203661407,0.05541541939601302,0.0001096151633343349,14.06502628326416,0.0053269258157039685,1e-06,215545.0,51.0,0.02791231038515558
Linear anneal,54,0.021784430913006265,0.02178443086126612,0.00031636829852585733,7.045465469360352,0.003923086708204614,1e-06,384127.0,52.0,0.029094982450647792
Linear anneal,55,0.0350063854129985,0.03500638489744493,0.0011320087625270908,10.133025169372559,0.004928580036253801,1e-06,298694.0,53.0,0.02850294757461079
Linear anneal,56,0.010813362485710817,0.010813362582723585,0.0004646245356951795,6.149147033691406,0.002182454976718873,1e-06,481148.0,55.0,0.02779884754024651
Linear anneal,57,0.022728621048736387,0.022728620897396468,0.00052124710764474,11.833980560302734,0.004440306546166539,1e-06,388812.0,55.0,0.029132286308146883
Linear anneal,58,0.04177028200189982,0.041770282334515026,0.00018591090858015896,9.390302658081055,0.0064215723458411434,1e-06,286209.0,56.0,0.03107943044702117
Linear anneal,59,0.030770395416766405,0.030770395387662575,0.0015460979061572289,13.317727088928223,0.004180754971457645,1e-06,334541.0,58.0,0.02809131775772895
Linear anneal,60,0.0203947282650254,0.020394728243858976,0.0013324933806870831,9.727848052978516,0.003638072553175417,1e-06,467790.0,58.0,0.029169249590058254
Linear anneal,61,0.01854526730797564,0.018545267223897908,0.0018462384718228957,8.809545516967773,0.0029712747782468796,1e-06,379847.0,60.0,0.026805899440521253
Linear anneal,62,0.04572999131466661,0.04572999084900532,0.0012707688607146597,15.677699089050293,0.0044771100760304505,1e-06,277455.0,60.0,0.028536715717337482
Linear anneal,63,0.038914852343233566,0.038914852243449004,0.00039109404243780385,18.454261779785156,0.0029369235105280367,1e-06,260099.0,61.0,0.029261308578601833
Linear anneal,64,0.02254617993021384,0.022546179813798518,0.00043100123873500705,10.67929458618164,0.004726262134499848,1e-06,408272.0,63.0,0.027703225720353473
Linear anneal,65,0.03364168116240762,0.03364168101688847,0.0010555806293268688,13.167845726013184,0.00796239878400229,1e-06,326715.0,63.0,0.02761869252410543
Linear anneal,66,0.009009533291343056,0.009009533252537949,-3.0390098345378647e-05,7.284207820892334,0.0012668425139660637,1e-06,497463.0,64.0,0.02840305412932714
Linear anneal,67,0.02985234191874042,0.029852341627702117,0.000543858458968316,10.701951026916504,0.003735206584678963,1e-06,321422.0,66.0,0.028774630724176662
Linear anneal,68,0.030699142283992842,0.030699142371304333,0.000853559884490096,8.264131546020508,0.004821805312531069,1e-06,303789.0,66.0,0.028219919127950775
Linear anneal,69,0.024631370867912967,0.02463137089378304,-2.6654366390883093e-05,8.988239288330078,0.001451741981630524,1e-06,369581.0,67.0,0.027133978337920736
Linear anneal,70,0.029840530195672597,0.02984053022893412,0.0006362479263251382,8.483797073364258,0.004075124809917595,1e-06,279580.0,69.0,0.027299514330630655
Linear anneal,71,0.02902270590129774,0.02902270590129774,0.00013870640884761087,11.45766830444336,0.0022890044492669404,1e-06,329295.0,69.0,0.02942694702363831
Linear anneal,72,0.02263261005828099,0.022632609767242684,0.00038901595735296723,8.55518627166748,0.0024730308941798285,1e-06,319980.0,70.0,0.03148129809504474
Linear anneal,73,0.0396281632517154,0.03962816329052051,4.886408714810386e-05,10.413107872009277,0.0032091146179785333,1e-06,235975.0,72.0,0.03117555427052349
Linear anneal,74,0.026969503494910896,0.026969503553118557,-0.0011923765823667054,8.358832359313965,0.003954276646254584,1e-06,309555.0,72.0,0.032505529871837406
Linear anneal,75,0.024367075951886363,0.024367075733607635,0.0014290734256974247,11.431827545166016,0.0057215852139052,1e-06,336682.0,73.0,0.031915598173607
Linear anneal,76,0.057043440919369456,0.05704344063997269,-0.0003575840033590794,11.558647155761719,0.002548603410832584,1e-06,178565.0,75.0,0.03170339895377489
Linear anneal,77,0.03160739488278826,0.03160739503800869,0.0008429834124399349,11.072030067443848,0.003999584121629596,1e-06,352274.0,75.0,0.031890411191270056
Linear anneal,78,0.026489159718039446,0.026489159557968378,0.0007134059526379133,11.574936866760254,0.00695220437773969,1e-06,315284.0,76.0,0.03183871983222714
Linear anneal,79,0.045328874179782964,0.04532887398575743,0.00034357009250622167,11.906280517578125,0.0020056936385420463,1e-06,224927.0,78.0,0.03217526602908342
Linear anneal,80,0.018142122199151345,0.018142122213248513,0.00023712422898825025,10.208802223205566,0.004155576636549085,1e-06,318692.0,78.0,0.030866925305483562
Linear anneal,81,0.027506338752573356,0.027506338810781017,0.000975020668192883,11.149216651916504,0.004474254732485861,1e-06,343349.0,80.0,0.031043284080359446
Linear anneal,82,0.031079840813098208,0.031079840513744524,3.1290807133440725e-05,9.324995040893555,0.005100915141935859,1e-06,278240.0,80.0,0.02971074704916316
Linear anneal,83,0.02206400505060123,0.022064004817770586,-8.544828556801399e-05,7.607647895812988,0.005352560637725724,1e-06,381721.0,81.0,0.027793697123256054
Linear anneal,84,0.04333017168877026,0.04333017145593961,0.0012310307368655533,13.96869945526123,0.005875723106631388,1e-06,231851.0,83.0,0.027758779913789302
Linear anneal,85,0.012577755640086253,0.012577755593520123,0.0009601565298908099,7.803521156311035,0.0025760868098586797,1e-06,423461.0,83.0,0.025626762000486615
Linear anneal,86,0.02630702219903469,0.026307022257242352,0.000640253835626936,9.452425956726074,0.004797121917363256,1e-06,320055.0,84.0,0.02487551599324633
Linear anneal,87,0.04238553407291571,0.04238553329681357,0.0017621584556763992,9.974936485290527,0.0041709752404130995,1e-06,241827.0,86.0,0.023764894635361713
Linear anneal,88,0.01051984592711299,0.010519845853030512,0.00010362819987428587,7.3966217041015625,0.0012671867893500762,1e-06,440179.0,86.0,0.022695756302601018
Linear anneal,89,0.02610507025383413,0.02610507025383413,-3.9990000004763715e-05,14.476584434509277,0.006950355629669502,1e-06,317006.0,87.0,0.021552633008709993
Linear anneal,90,0.02187667731777765,0.021876676939427853,0.000511025373270968,7.538053035736084,0.004841349873458967,1e-06,336122.0,89.0,0.01951679354761645
Linear anneal,91,0.009878416218271013,0.009878416133605324,0.0009003578463141986,4.164095878601074,0.004445166517557068,1e-06,457930.0,89.0,0.019465912665458465
Linear anneal,92,0.015289503880517764,0.015289503874050247,0.0014327007827685317,7.614841461181641,0.004107168474648561,1e-06,378417.0,90.0,0.01894374323277098
Linear anneal,93,0.01931931888066174,0.0193193188533769,-0.0009852448019955773,9.774646759033203,0.00395571457920596,1e-06,325437.0,92.0,0.016761307209995188
Linear anneal,94,0.009489648601505574,0.009489648584969307,0.00042422648389652613,6.6993021965026855,0.002320511901581829,1e-06,431872.0,92.0,0.017405519640756734
Linear anneal,95,0.020935937427566387,0.02093593738391064,-0.0014018002325428824,9.633268356323242,0.0059484335070010275,1e-06,325050.0,94.0,0.01714088026017122
Linear anneal,96,0.012018065947989954,0.012018065889782293,0.0006429132902667333,9.354729652404785,0.002053016284480691,1e-06,405741.0,94.0,0.01773717261412606
Linear anneal,97,0.020563158701406792,0.02056315849767998,0.0007104126187869042,9.524493217468262,0.004234248786815442,1e-06,341879.0,95.0,0.017496888063145147
Linear anneal,98,0.018378737220902823,0.01837873704627984,0.00015221970332075015,7.7980570793151855,0.005331015188453926,1e-06,351710.0,97.0,0.017899325409030747
Linear anneal,99,0.017606182731105945,0.01760618259140756,4.534510549092374e-05,9.7623929977417,0.004131094866897911,1e-06,392257.0,97.0,0.017553854656251443
Linear anneal,100,0.023194037170873746,0.023194037067393463,0.000926305777587307,11.72513198852539,0.004039117755989234,1e-06,355761.0,98.0,0.018036892556935354
Linear anneal,101,0.028435892949346453,0.02843589283293113,0.0015748367750347825,10.762990951538086,0.005019038158934563,1e-06,343005.0,100.0,0.01805945666342391
Linear anneal,102,0.007235286242960753,0.007235286072815283,0.0010046394661633084,5.594492435455322,0.0028747260534706023,1e-06,538553.0,100.0,0.018446781482028874
Linear anneal,103,0.01971631466585677,0.019716314678791806,0.001432622195150341,7.037784099578857,0.0064606979334106045,1e-06,377446.0,101.0,0.017524939086681648
Linear anneal,104,0.015519140546934472,0.015519140572804544,0.00011702132481635393,12.150084495544434,0.001111834335865246,1e-06,383321.0,103.0,0.019017070907966036
Linear anneal,105,0.014803065492492351,0.014803065492492351,0.00017627420257326776,7.2139787673950195,0.0038873464334756138,1e-06,413025.0,103.0,0.018523207704237436
Linear anneal,106,0.021184142569836695,0.02118414255528478,0.000613672353210859,7.779010772705078,0.0037630808947142214,1e-06,342450.0,104.0,0.017548908167227876
Linear anneal,107,0.01627863895264454,0.01627863889443688,0.00102393310808111,6.836009502410889,0.0036331840325146913,1e-06,409947.0,106.0,0.019102121100004536
Linear anneal,108,0.010422892170026898,0.010422892148860476,0.0007853896195229026,4.996881484985352,0.002662700960751284,1e-06,430197.0,106.0,0.01974965965265559
Linear anneal,109,0.03479218678936983,0.034792187080408134,0.0018732121825451031,10.1010160446167,0.003984437809170534,1e-06,249870.0,107.0,0.018678792572537743
Linear anneal,110,0.012173687405366864,0.012173687350392962,-0.00010458034163699874,6.257138252258301,0.0018555971845570537,1e-06,343970.0,109.0,0.020037096253760673
Linear anneal,111,0.012476742288345121,0.012476742160288268,0.0011434845951043826,6.418001651763916,0.0028327686013653874,1e-06,404848.0,109.0,0.020734426598097176
Linear anneal,112,0.0455212352972012,0.04552123509347439,0.0006151280740596121,9.036463737487793,0.0034722018899628893,1e-06,135429.0,110.0,0.019779469495306658
Linear anneal,113,0.014358210111231529,0.01435821015197689,0.00018939270503324224,9.043012619018555,0.0029987960122525694,1e-06,401548.0,112.0,0.01927848525450593
Linear anneal,114,0.007936776760454284,0.007936776797495522,0.001301414181150242,5.480165481567383,0.0023031980222599072,1e-06,438179.0,112.0,0.022136757226928445
Linear anneal,115,0.030460481199302843,0.03046048106625676,0.0003052007159567438,9.996369361877441,0.0031596519485382096,1e-06,295658.0,113.0,0.019697647682334864
Linear anneal,116,0.022473699396609197,0.022473699280193875,0.0006875603702220749,8.325601577758789,0.0035294287538688096,1e-06,280133.0,115.0,0.02001767352112579
Linear anneal,117,0.010679614324342564,0.01067961442458909,-0.0004942189164770147,5.886804103851318,0.0015655867755413055,1e-06,374292.0,115.0,0.019628097097708637
Linear anneal,118,0.010767812316771597,0.0107678122456289,0.0005179738331611992,5.486899375915527,0.002941692377337151,1e-06,356869.0,116.0,0.018458644682211624
Linear anneal,119,0.04186388412490487,0.0418638838455081,9.942253527697175e-05,9.784204483032227,0.0022198912920430303,1e-06,211545.0,118.0,0.018174026686452353
Linear anneal,120,0.007961982156023789,0.00796198208987872,0.0006224020314117789,4.9041218757629395,0.0045997129160572185,1e-06,431978.0,118.0,0.021029046398492072
Linear anneal,121,0.01569397157709318,0.01569397157709318,0.0002447410379318171,6.950732707977295,0.0054282828932628036,1e-06,318715.0,119.0,0.02089587641875209
Linear anneal,122,0.008191401517251506,0.008191401502699591,-0.0007137114931538236,3.874523878097534,0.0025998498778790234,1e-06,392603.0,120.0,0.02103944015761593
Linear anneal,123,0.032657259182694055,0.032657258523007236,0.0014679511902310576,12.788887023925781,0.00312796700745821,1e-06,219700.0,122.0,0.021574560527483598
Linear anneal,124,0.011227412302105222,0.011227412198624935,0.000859615368704504,7.600620746612549,0.0018687615843696727,1e-06,348271.0,122.0,0.022484110654047387
Linear anneal,125,0.03934199376963079,0.039341993629932404,0.000951922655076487,13.078388214111328,0.003815622767433524,1e-06,172449.0,123.0,0.01966181162800149
Linear anneal,126,0.02899561112280935,0.028995611289116954,0.0004144311101949175,10.533646583557129,0.0027232555938618524,1e-06,291863.0,125.0,0.021324296562173287
Linear anneal,127,0.024052900524111465,0.024052900407696143,0.0013671038291249715,7.533100605010986,0.005374727275921032,1e-06,336506.0,125.0,0.02250123923117025
Linear anneal,128,0.016565938577211153,0.01656593849313342,0.0009529178496450186,9.43049144744873,0.003925190695251028,1e-06,375109.0,126.0,0.022439486284379355
Linear anneal,129,0.020772863676029374,0.020772863637830596,0.0004892994210194956,7.409757137298584,0.0015705064433859661,1e-06,336907.0,128.0,0.022849993291345152
Linear anneal,130,0.010818594611919252,0.010818594559003197,0.0004070975502889434,7.760793209075928,0.00390113693323325,1e-06,456499.0,128.0,0.024191876162268887
Linear anneal,131,0.02624931630756085,0.02624931636576851,0.0006372735879267566,9.490922927856445,0.003549484555454304,1e-06,221084.0,129.0,0.022597275586135578
Linear anneal,132,0.02864034110098146,0.028640340936059754,0.0002618078627468397,7.931063175201416,0.0020293707881743708,1e-06,234544.0,131.0,0.021453652578392938
Linear anneal,133,0.007512119099595793,0.007512119087999735,0.0008117940496504162,5.431586265563965,0.0014264620374888181,1e-06,416513.0,131.0,0.022391804409687095
Linear anneal,134,0.037172835972160104,0.03717283559963107,0.0012679372478487494,7.3990702629089355,0.005706327105872333,1e-06,178476.0,132.0,0.024299741467859463
Linear anneal,135,0.025988124011616622,0.02598812377878598,0.00032450870016223883,7.158261775970459,0.004840696396838341,1e-06,299045.0,133.0,0.0246657170233115
Linear anneal,136,0.021801387442142835,0.021801387292465994,0.00042886645834577005,7.924561500549316,0.004219566322197872,1e-06,282343.0,135.0,0.025799172162671927
Linear anneal,137,0.01641575813118834,0.016415758203947917,-0.00023260271109393216,7.786048889160156,0.0014432069147005677,1e-06,314733.0,135.0,0.024623967675163273
Linear anneal,138,0.03437257064506412,0.03437257055193186,0.0017436567082768305,9.800551414489746,0.004979434632696211,1e-06,183331.0,136.0,0.022976319272001357
Linear anneal,139,0.037553246645256874,0.03755324613302946,0.0008429563706158661,7.589865684509277,0.004021084192208946,1e-06,194215.0,138.0,0.025731913741298854
Linear anneal,140,0.024798594980633686,0.024798594747803042,0.0007534724806776337,6.630783557891846,0.006247483759320208,1e-06,300663.0,138.0,0.024259818154636983
Linear anneal,141,0.023286601062864065,0.023286601091967896,0.0012943689071107656,8.718952178955078,0.0022349934733938426,1e-06,311775.0,139.0,0.0228147120675901
Linear anneal,142,0.013322067070475896,0.013322067003173288,0.0010067768970998259,6.404923915863037,0.0033849954197648913,1e-06,342555.0,141.0,0.02464943653795836
Linear anneal,143,0.01051620853302831,0.010516208501278677,0.00031039182216442316,6.044591903686523,0.002180400431494821,1e-06,431160.0,141.0,0.026121202837759306
Linear anneal,144,0.03782365838997066,0.03782365825027227,0.0014936486099031755,7.500285625457764,0.004219389846548438,1e-06,179764.0,142.0,0.023740993935423158
Linear anneal,145,0.020979784312658012,0.02097978414635041,0.00033086512537140934,7.327683448791504,0.002678919949435762,1e-06,264778.0,144.0,0.023043784046184627
Linear anneal,146,0.010091956830971563,0.010091956821270287,0.000273501904707195,6.598198890686035,0.0030381027867810596,1e-06,381064.0,144.0,0.022041821462766294
Linear anneal,147,0.04198335652472451,0.04198335646651685,-1.723506284179166e-05,9.925518989562988,0.004333592441980727,1e-06,158475.0,145.0,0.02113324220081396
Linear anneal,148,0.03260518761817366,0.03260518750175834,0.00041146371222566813,10.079586029052734,0.0027599756334287426,1e-06,217223.0,147.0,0.021985548481533747
Linear anneal,149,0.008190272719366476,0.00819027262623422,1.4685376663692296e-05,4.408358097076416,0.002520582266151905,1e-06,423708.0,147.0,0.023894484766942423
Linear anneal,150,0.029883937118574976,0.02988393735140562,0.00047695396060589703,8.199007034301758,0.003715556114912033,1e-06,185759.0,148.0,0.021283017585094217
Linear anneal,151,0.013777006264717784,0.013777006330201402,0.001160143126071489,5.1267523765563965,0.0021440460404846817,1e-06,312483.0,150.0,0.022460499697622757
Linear anneal,152,0.013292229290527757,0.013292229210492224,0.0003437589548411779,6.21339225769043,0.004917187601677142,1e-06,343800.0,150.0,0.022810324118931604
Linear anneal,153,0.022697436274029315,0.022697436091090952,0.00043297303948617937,6.510637283325195,0.004429866326972842,1e-06,264110.0,151.0,0.019656774757901493
Linear anneal,154,0.031514508028825126,0.03151450764077405,-0.00013108073846979096,9.085883140563965,0.003906551263450335,1e-06,228047.0,153.0,0.017938047637533854
Linear anneal,155,0.009097519346513845,0.009097519249942045,0.0012356145408292914,5.324231147766113,0.0028870749202641573,1e-06,447117.0,153.0,0.018530893355550363
Linear anneal,156,0.03393208789639175,0.03393208738416433,0.0006391291244653985,23.59842300415039,0.004374608537182212,1e-06,174846.0,154.0,0.016846417402254763
Linear anneal,157,0.013940025382908061,0.013940025455667637,0.0002608388532792105,7.138606548309326,0.0031227361760102212,1e-06,330383.0,156.0,0.017118024940737372
Linear anneal,158,0.0072943135417517626,0.007294313495185634,-4.731827684736345e-05,5.8369855880737305,0.0008862870978191495,1e-06,403735.0,156.0,0.01698117086329673
Linear anneal,159,0.013699189315957483,0.013699189177714288,-0.00023289594037123607,5.991308689117432,0.0035165612353011966,1e-06,319515.0,157.0,0.015643300610083975
Linear anneal,160,0.01471157552441582,0.01471157552441582,0.0006364128457789775,7.30590295791626,0.0024257383338408545,1e-06,303756.0,159.0,0.01440464101313933
Linear anneal,161,0.011354701871621527,0.011354701865154007,0.0005421085176446164,8.616744041442871,0.003943324761672152,1e-06,385555.0,159.0,0.015290165306108312
Linear anneal,162,0.01676468927014087,0.016764689253510108,0.0009155474264324377,6.220828056335449,0.002840281613836331,1e-06,285371.0,160.0,0.012963256915903254
Linear anneal,163,0.011786834300437476,0.011786834358645137,0.000849355099035165,5.712916374206543,0.0018773543124552816,1e-06,318380.0,162.0,0.014120564040398843
Linear anneal,164,0.007980863382478921,0.007980863305750641,0.000612214535398049,6.548363208770752,0.00354374828748405,1e-06,460943.0,162.0,0.01577957788973072
Linear anneal,165,0.01788925205983105,0.017889252074382966,0.0007925385652924888,6.856551170349121,0.004715327886515297,1e-06,314581.0,163.0,0.0151509266499088
Linear anneal,166,0.018838286385289393,0.018838286472600885,0.00010275209569954313,8.695891380310059,0.003236482516513206,1e-06,306653.0,165.0,0.01494038298673133
Linear anneal,167,0.008336095126833244,0.008336095091908646,0.0003120239970485272,5.7893829345703125,0.004707563784904778,1e-06,394398.0,165.0,0.01600100641184679
Linear anneal,168,0.02667040399974212,0.02667040382511914,0.0010254459630232304,9.899624824523926,0.0028138045221567155,1e-06,188567.0,166.0,0.015845888588991438
Linear anneal,169,0.02554346576798707,0.025543465837836267,0.0006787418387830257,6.921871662139893,0.002639081561937928,1e-06,190495.0,168.0,0.01592822040438728
Linear anneal,170,0.006784025669427744,0.006784025539673166,-0.0009472955216551782,5.645728588104248,0.0032438928804670772,1e-06,495545.0,168.0,0.01703143914325086
Linear anneal,171,0.012395595273119397,0.012395595229463652,0.0010249587939625826,6.123696804046631,0.0035124790301779285,1e-06,313244.0,169.0,0.01655364254174213
Linear anneal,172,0.023021559871267527,0.023021559541424114,-5.68916827129821e-06,6.322666645050049,0.0038859008927829564,1e-06,251942.0,171.0,0.015837358728824278
Linear anneal,173,0.015058393215036226,0.015058393202101191,0.0003494625594208224,5.378722667694092,0.004689425023065673,1e-06,366319.0,171.0,0.016884426514768323
Linear anneal,174,0.012692484488070477,0.01269248432799941,0.0003950909103878075,4.531604290008545,0.0036624860658776015,1e-06,304327.0,172.0,0.01607077371599298
Linear anneal,175,0.020116269782495994,0.02011626943325003,0.0014240506737526932,7.437313079833984,0.004226844078705956,1e-06,242802.0,173.0,0.014517008545441652
Linear anneal,176,0.012633489470721947,0.01263348945778691,8.581116657700881e-05,7.932862758636475,0.00621335053195556,1e-06,348819.0,175.0,0.015181918238803865
Linear anneal,177,0.010959164569794667,0.010959164530504495,0.0011142956000185222,5.501591682434082,0.004474328551441431,1e-06,395391.0,175.0,0.015916371670403603
Linear anneal,178,0.01985384081490338,0.019853840737293165,0.0005249506575637497,6.27714729309082,0.004111841320991516,1e-06,248384.0,176.0,0.01520466370414254
Linear anneal,179,0.017720223221528743,0.01772022303859038,3.6600453313440084e-05,5.16239070892334,0.001649040196623121,1e-06,271941.0,178.0,0.014687528052828249
Linear anneal,180,0.008452048864758884,0.008452048961771652,0.00044171882427690434,11.313283920288086,0.0032561877742409706,1e-06,500885.0,178.0,0.016187440494160692
Linear anneal,181,0.014098032213951228,0.014098032166657504,-0.00038346970177371986,6.6077399253845215,0.0021900530700804666,1e-06,329278.0,179.0,0.016811138551203073
Linear anneal,182,0.02047458296043,0.02047458297706076,-0.000444622256119536,5.104968070983887,0.0029324948388550964,1e-06,299202.0,180.0,0.016808556485271308
Linear anneal,183,0.015192772295059902,0.015192771912552416,0.0017802963640341268,10.235358238220215,0.0016014109132811427,1e-06,297193.0,182.0,0.017766974572585446
Linear anneal,184,0.009369900953639775,0.009369901037644013,0.0005625093604273636,6.006414890289307,0.002303704555908387,1e-06,453156.0,182.0,0.017447767507600635
Linear anneal,185,0.029191521636676043,0.029191521182656287,0.0004834199731703848,5.713322639465332,0.0031332917977124454,1e-06,201287.0,183.0,0.016641731012758197
Linear anneal,186,0.026976947847288102,0.026976948060716193,0.001337319383187226,7.443110466003418,0.003763609779222558,1e-06,229136.0,185.0,0.016702128078108645
Linear anneal,187,0.012605086808207489,0.012605086732537529,0.001133800024832965,6.701807498931885,0.004531001043505967,1e-06,396749.0,185.0,0.016854492586913128
Linear anneal,188,0.021501763673898364,0.021501763490960002,0.00010171548638027161,7.751882553100586,0.004323647091431277,1e-06,296820.0,186.0,0.015922371698543398
Linear anneal,189,0.01634256313887558,0.016342563022460257,0.0007518069989081207,6.378443241119385,0.0023609979543834925,1e-06,298525.0,188.0,0.015391489062317137
Linear anneal,190,0.008853821614241041,0.008853821595323552,-0.00031924273062031714,9.866538047790527,0.0021934178890660404,1e-06,403941.0,188.0,0.016069238043271563
Linear anneal,191,0.009116416603016356,0.009116416680626571,-0.00016417094391524896,4.5813069343566895,0.0019245247951605255,1e-06,355532.0,189.0,0.014028153371647393
Linear anneal,192,0.015774041778058745,0.01577404176350683,0.000700321618523958,5.440482139587402,0.002961107747978531,1e-06,337566.0,191.0,0.012719936915362334
Linear anneal,193,0.010221253272902686,0.010221253204993749,0.0003016275850313832,6.3666558265686035,0.00401420152047649,1e-06,475477.0,191.0,0.015256768206088204
Linear anneal,194,0.009353062926998569,0.009353062914063534,0.00038261905845299933,5.722227096557617,0.0018330883596920306,1e-06,350678.0,192.0,0.014421194683121509
Linear anneal,195,0.016825139882712392,0.01682513982814271,0.0006213548722371343,6.024304389953613,0.0020687170181190595,1e-06,336754.0,194.0,0.014176935226803782
Linear anneal,196,0.00673958984241484,0.0067395897947903904,0.000857124662672313,4.923874378204346,0.004179611188274893,1e-06,431269.0,194.0,0.014694554448708241
Linear anneal,197,0.012586567012476735,0.012586567041580565,0.0001351144746877253,5.069417953491211,0.004321365908253938,1e-06,326801.0,195.0,0.015208443576462555
Linear anneal,198,0.04051023087231442,0.040510230930522084,0.0006116357035352848,5.69121789932251,0.004269472468877211,1e-06,160579.0,197.0,0.017012025380414984
Linear anneal,199,0.012310454693053745,0.01231045473832637,-0.0007666699707947879,7.892455101013184,0.00307792073322667,1e-06,362390.0,197.0,0.017210301367853096
Linear anneal,200,0.013655709052857543,0.013655709002965264,-0.0009418545523658395,5.130967617034912,0.002214654897605734,1e-06,295076.0,198.0,0.017314904496295566
Linear anneal,201,0.0145476330362726,0.0145476330362726,0.00027403237436374184,5.953180313110352,0.002313153992872685,1e-06,317523.0,200.0,0.017212109284263376
Linear anneal,202,0.01476919727348205,0.014769197085924033,0.0001663368618917755,5.786894798278809,0.005029050723856522,1e-06,347119.0,200.0,0.01843107688067638
Linear anneal,203,0.03561344163608737,0.03561344160698354,0.0011231547978240997,8.512744903564453,0.003962757240515202,1e-06,163485.0,201.0,0.018955866112616092
Linear anneal,204,0.012402289044985082,0.012402289066812955,0.00019047613022848964,5.829786777496338,0.0032187029428314418,1e-06,342349.0,203.0,0.017461585994967523
Linear anneal,205,0.010503697414242197,0.010503697326930706,0.00042011075202026406,5.4316182136535645,0.003912766394205391,1e-06,399145.0,203.0,0.0177027424190246
Linear anneal,206,0.01569439256854821,0.015694392495788634,0.0002631450734043028,5.922183036804199,0.0049527877126820385,1e-06,328984.0,204.0,0.01754698621089657
Linear anneal,207,0.02014823350085256,0.020148233355333407,0.0002745648865432789,6.8100385665893555,0.0020919874659739435,1e-06,229550.0,206.0,0.017307867704516047
Linear anneal,208,0.01835924857628665,0.018359248592917408,0.0006143444805794778,7.070197105407715,0.00512407929636538,1e-06,265325.0,206.0,0.017068557794736674
Linear anneal,209,0.02407314970623702,0.024073149636387826,-0.00011685681529343128,7.76244592666626,0.0010688460431993007,1e-06,181597.0,207.0,0.01672648186586033
Linear anneal,210,0.014963175626083588,0.01496317540295422,0.00021245889608204985,7.630361080169678,0.00284921086858958,1e-06,231681.0,209.0,0.017792357334265544
Linear anneal,211,0.011942390618969512,0.01194239071355696,0.0004073409434113273,5.895415306091309,0.0033719229395501316,1e-06,332455.0,209.0,0.01841914406252282
Linear anneal,212,0.011917329487914685,0.011917329466086812,0.0008016188355668419,7.568662643432617,0.0025090496201300994,1e-06,305862.0,211.0,0.019067577132051997
Linear anneal,213,0.01213678804342635,0.012136788078350946,0.00156222239456838,7.28908634185791,0.005224355508107692,1e-06,392987.0,211.0,0.019432431619388492
Linear anneal,214,0.03185060624964535,0.03185060638934374,-0.0002351361734326929,5.585407257080078,0.00431948914192617,1e-06,202334.0,212.0,0.018444059306382384
Linear anneal,215,0.024126919161062688,0.02412691921927035,-0.0007437834465235937,6.466238021850586,0.0038808000972494483,1e-06,158794.0,214.0,0.018280323857068268
Linear anneal,216,0.01739835137102221,0.017398351337760687,0.0010011344490651805,7.159809112548828,0.003313740748646004,1e-06,286282.0,214.0,0.0193697972813783
Linear anneal,217,0.022827156510902568,0.022827156260609625,-4.855800989389536e-05,5.100614547729492,0.0034342849161475898,1e-06,174593.0,215.0,0.019276559341835878
Linear anneal,218,0.024161632580216974,0.02416163271603485,0.00038720747541750217,6.087903022766113,0.0022731459078689418,1e-06,230492.0,217.0,0.019549168838834553
Linear anneal,219,0.007487153180500172,0.007487153149850201,0.0013973428511235397,4.277705192565918,0.0019656278192996977,1e-06,421591.0,217.0,0.019515322606259457
Linear anneal,220,0.022272059926763177,0.022272059693932533,0.001065601450682152,4.848311901092529,0.0032244658563286067,1e-06,189685.0,218.0,0.018202515852648433
Linear anneal,221,0.026947383109169703,0.026947383070364594,0.0004665638025471708,8.156124114990234,0.0031690572116834423,1e-06,233098.0,220.0,0.018800691468906002
Linear anneal,222,0.010916773482070615,0.010916773378590329,0.0002259382902896808,5.093663692474365,0.0023189168164713513,1e-06,358325.0,220.0,0.019146037890006105
Linear anneal,223,0.0149160340661183,0.014916033933072217,0.00107222162166311,5.019343376159668,0.0025382495784599867,1e-06,285241.0,222.0,0.018654690653419088
Linear anneal,224,0.011764479505472991,0.011764479520024906,-0.00014116774218564387,5.264929294586182,0.0030229981639422476,1e-06,319749.0,222.0,0.01922127893775399
Linear anneal,225,0.01740973220439628,0.017409732099622488,0.0010400816012406723,4.659608364105225,0.0026032111840322615,1e-06,210945.0,223.0,0.02036841347381107
Linear anneal,226,0.030706851091235877,0.030706850998103618,-0.00047250455972971397,9.110343933105469,0.00324896234087646,1e-06,186096.0,225.0,0.01905584425714392
Linear anneal,227,0.021197161936600293,0.021197161969861815,0.0007341819374622511,7.240529537200928,0.0040155136957764626,1e-06,290772.0,225.015625,0.0175944449008778
Linear anneal,228,0.01742233692978819,0.017422336658152442,-0.0006486172751465347,5.146879196166992,0.0029740254394710064,1e-06,237863.0,226.0,0.017680918673912662
Linear anneal,229,0.030394103727303445,0.030394103843718767,0.00010925427341135219,5.995972156524658,0.004690830974141136,1e-06,140975.0,227.0,0.01654576149735909
Linear anneal,230,0.02010563318617642,0.020105633046478034,0.0004599777661496773,4.687037467956543,0.002112682303413749,1e-06,214775.0,229.0,0.017278860864525916
Linear anneal,231,0.007833798380443114,0.00783379831059392,0.0005339371258770598,4.760577201843262,0.0039030996384099128,1e-06,392097.0,229.0,0.01650546181398578
Linear anneal,232,0.010871990109860365,0.010871990151437265,0.0009658789027266071,3.8226234912872314,0.003203710457975311,1e-06,278967.0,230.0,0.014261508443128595
Linear anneal,233,0.011867984914715635,0.011867984881973825,0.000809005166956922,5.232118606567383,0.002271690551424399,1e-06,301759.0,232.0,0.014897604796251147
Linear anneal,234,0.002429304993408247,0.002429304990982928,-0.000436719348878493,2.277846097946167,0.0028635275278550885,1e-06,493146.0,232.0,0.014415059602305198
Linear anneal,235,0.019828572558859985,0.019828572558859985,-0.00018144104675836084,6.7205305099487305,0.003808700906423231,1e-06,240474.0,233.0,0.012493670293032071
Linear anneal,236,0.008902342527512196,0.00890234254368099,0.0006777856050474737,4.887480735778809,0.002873991486719913,1e-06,349342.0,235.0,0.011745315603003592
Linear anneal,237,0.006023363955674457,0.0060233639186745595,-0.0003046052548928525,2.8563239574432373,0.0029257213993167334,1e-06,443713.0,235.0,0.01299063286510439
Linear anneal,238,0.028194221993908287,0.0281942218542099,0.0006693235773127526,7.108511447906494,0.0049067075364291664,1e-06,180199.0,236.0,0.014321670102691498
Linear anneal,239,0.012114339479012415,0.012114339524747006,0.0007016804676303374,6.063896179199219,0.002687929364453469,1e-06,285242.0,238.0,0.014319684351930168
Linear anneal,240,0.009258821506389521,0.00925882144171434,0.0007077631104645358,6.303853988647461,0.0015222319505280918,1e-06,345965.0,238.0,0.01676630937405718
Linear anneal,241,0.011873731547633984,0.011873731456164802,1.0863092809034112e-05,5.51406192779541,0.0030953818266945226,1e-06,266476.0,239.0,0.015786788229003375
Linear anneal,242,0.0215322885022033,0.021532288193702696,0.0007103068346623331,6.189066410064697,0.0020979029592126607,1e-06,191822.0,241.0,0.017643726274075254
Linear anneal,243,0.02551339960191399,0.025513399764895438,-0.0009342582484350714,7.444218635559082,0.0044762729434296485,1e-06,205661.0,241.0,0.018292440037770256
Linear anneal,244,0.011846141552918457,0.011846141623599189,0.00024083325531267161,5.614328861236572,0.002148635685443878,1e-06,279685.0,242.0,0.016853426804065597
Linear anneal,245,0.02934218013251666,0.029342180234380066,-0.00043557472235988826,5.042488098144531,0.0031070965924300253,1e-06,166130.0,244.0,0.01712910953988487
Linear anneal,246,0.009053840066454459,0.00905383996326815,0.0008097647349297239,5.380328178405762,0.004174533765763044,1e-06,463382.0,244.0,0.017916138349701922
Linear anneal,247,0.029328660952160135,0.029328661039471626,0.0005312437715474516,4.681466579437256,0.003262373502366245,1e-06,147901.0,245.0,0.018587516893428267
Linear anneal,248,0.013159215377527289,0.013159215319319628,0.0011630664612312103,4.477311611175537,0.0023969154863152653,1e-06,321666.0,247.0,0.018219420480893964
Linear anneal,249,0.01236507628345862,0.01236507628345862,0.0014585607548269763,5.11002779006958,0.00309948725043796,1e-06,312920.0,247.0,0.017177423440322328
Linear anneal,250,0.015146849749726243,0.015146849618759006,0.0007165501679082809,8.374434471130371,0.002926938876044005,1e-06,303745.0,248.0,0.018065970409776182
Immediate Vanilla,1,0.1356643489561975,0.1356643484905362,0.0005185366571822669,16.946054458618164,0.0026604679005686194,1e-06,168470.0,0.0,0.06664502796801654
Immediate Vanilla,2,0.10842733848839999,0.10842733904719352,-0.0001803951354304445,17.391611099243164,0.0034852011827751993,1e-06,180314.0,0.0,0.05990525862984198
Immediate Vanilla,3,0.04979532596189529,0.04979532561264932,0.0015607645905220124,12.244245529174805,0.0025067688184208237,1e-06,335216.0,2.0,0.05941087229961521
Immediate Vanilla,4,0.02567047414115884,0.02567047420465811,0.0007772810594443316,10.322063446044922,0.001141382127322934,1e-06,455120.0,2.0,0.055411141089953486
Immediate Vanilla,5,0.04511301793778936,0.04511301778256893,0.0012102107676683874,12.496160507202148,0.01049215127972679,1e-06,345196.0,3.0,0.05209697849820751
Immediate Vanilla,6,0.035199662722233266,0.035199662670493126,7.905754803990325e-06,12.012837409973145,0.0018441519932821393,1e-06,375808.0,5.0,0.054482328240579705
Immediate Vanilla,7,0.01946664267840485,0.019466642600794632,0.001121747572710774,6.715089797973633,0.0019311260984977707,1e-06,487372.0,5.0,0.05122982569283336
Immediate Vanilla,8,0.05595016818759697,0.05595016798802784,-0.00035262810082973113,13.81391716003418,0.004046140537996378,1e-06,258173.0,6.0,0.04374566942062859
Immediate Vanilla,9,0.023413291581991045,0.023413291412659666,0.0005746198237995321,10.409658432006836,0.0016668773235075853,1e-06,461133.0,8.0,0.04077636096389309
Immediate Vanilla,10,0.022269515320658684,0.022269515172493728,0.00279388848205351,7.625553607940674,0.022966267075389624,1e-06,465278.0,8.0,0.0431046002778587
Immediate Vanilla,11,0.07833582682845493,0.07833582566430171,0.0026036482110309103,13.041596412658691,0.015271763239676753,1e-06,246520.0,9.0,0.04246772829846556
Immediate Vanilla,12,0.0998868209309876,0.0998868204653263,0.0005658458670950494,19.816804885864258,0.0034122888231649996,1e-06,193994.0,11.0,0.04429796400266463
Immediate Vanilla,13,0.02610162002965808,0.026101620052941144,0.0005667569108481985,10.659114837646484,0.00336358854547143,1e-06,400462.0,11.0,0.045442184133276775
Immediate Vanilla,14,0.01713293253564271,0.017132932588558768,0.0005027325847880671,8.956501007080078,0.0020593219563703647,1e-06,460060.0,12.0,0.042320618882379216
Immediate Vanilla,15,0.05128110712394118,0.051281106658279896,0.0022801137086259715,13.704422950744629,0.004526971174137933,1e-06,270623.0,14.0,0.04184046180296472
Immediate Vanilla,16,0.03810742611272468,0.03810742600924439,-0.0003060521477083158,12.415879249572754,0.006613794765952561,1e-06,378794.0,14.0,0.04336725241340233
Immediate Vanilla,17,0.05533225554972887,0.05533225541668279,0.001446708882992555,13.349372863769531,0.0052412264547976,1e-06,260414.0,15.0,0.03921945586043539
Immediate Vanilla,18,0.032053064115138516,0.032053064037528306,0.0003761658315650291,12.405097961425781,0.0037008496777464948,1e-06,379848.0,17.0,0.03411722917320299
Immediate Vanilla,19,0.021612950251437724,0.02161295022815466,0.0011674217937979847,8.476295471191406,0.007406734535470605,1e-06,426180.0,17.0,0.03463800762550203
Immediate Vanilla,20,0.018131563725364685,0.01813156353910017,0.0005624192206141743,10.766127586364746,0.005503606493584811,1e-06,413859.0,19.0,0.0370274765258019
Immediate Vanilla,21,0.039064211974618956,0.039064211887307465,0.002664900861418573,8.926114082336426,0.011565731780137867,1e-06,324263.0,19.0,0.03342922865873267
Immediate Vanilla,22,0.03271006386623614,0.03271006358166536,0.0005889133479083992,11.050702095031738,0.01085874461568892,1e-06,361314.0,20.0,0.031498042609063456
Immediate Vanilla,23,0.043762327205123644,0.04376232690576996,0.00037905418763070235,14.06252670288086,0.0036140484901677284,1e-06,294730.0,22.0,0.02783695901394606
Immediate Vanilla,24,0.03183018314464587,0.03183018302823055,0.0004726658058239587,15.103222846984863,0.008563274517655373,1e-06,386858.0,22.0,0.027090926163919005
Immediate Vanilla,25,0.04341709055006504,0.04341709049185738,0.00018603487842483446,13.950610160827637,0.004838551831198856,1e-06,310647.0,23.0,0.02655231389008309
Immediate Vanilla,26,0.011700380154913793,0.011700380120518357,0.0017564404185618928,6.6424407958984375,0.004237252605062994,1e-06,458610.0,25.0,0.02673935571906338
Immediate Vanilla,27,0.016864379666609846,0.016864379462883033,0.0019336436953381053,10.326163291931152,0.005754779675044119,1e-06,473146.0,25.0,0.023949174636386995
Immediate Vanilla,28,0.015060336023848013,0.015060335870391451,4.8940630676952424e-05,9.676422119140625,0.00353682062334635,1e-06,438485.0,26.0,0.02502096857880493
Immediate Vanilla,29,0.023846703131725502,0.023846702687230638,0.0019683301079412145,11.299901962280273,0.005364616867154837,1e-06,460849.0,28.0,0.02342194678095562
Immediate Vanilla,30,0.01568821523887891,0.015688215215959644,-0.0003086394281126559,7.919426918029785,0.0014980912674218416,1e-06,389736.0,28.0,0.024614496894847116
Immediate Vanilla,31,0.020189023703721887,0.020189023657883352,0.0017948855068823377,11.033918380737305,0.006036689132452011,1e-06,425461.0,29.0,0.022696717898985395
Immediate Vanilla,32,0.008372219963315311,0.008372219977867227,0.0003400218409606026,6.770517826080322,0.0002572016480068366,1e-06,479407.0,31.0,0.02417319133546703
Immediate Vanilla,33,0.04449979698152414,0.04449979694826262,0.0008686405703234154,12.981317520141602,0.003483689872414938,1e-06,297548.0,31.0,0.027261512401073055
Immediate Vanilla,34,0.02617308708286146,0.026173087129427584,0.0010798064606660773,14.257858276367188,0.00599005394615233,1e-06,408924.0,32.0,0.026732439653815422
Immediate Vanilla,35,0.04494823457207531,0.044948234281037,-0.0003595037833292736,18.063711166381836,0.003348502839799039,1e-06,310608.0,34.0,0.025683552227005548
Immediate Vanilla,36,0.02232152158394456,0.02232152153737843,0.0004587156425259309,10.364477157592773,0.003418313502334058,1e-06,420789.0,34.0,0.026619632127114302
Immediate Vanilla,37,0.02794158796547208,0.027941587921816335,0.00010617888290198607,13.557496070861816,0.003940761569538154,1e-06,316714.0,35.0,0.02690759207458142
Immediate Vanilla,38,0.05083591151716454,0.05083591118454933,0.0009679987633717246,21.197294235229492,0.004005273654391723,1e-06,275899.0,37.0,0.030127266304085375
Immediate Vanilla,39,0.009240535747570297,0.009240535650557527,0.0004954109302831947,6.369184970855713,0.0008740318395818273,1e-06,510741.0,37.0,0.028970375834070895
Immediate Vanilla,40,0.012308940992321974,0.012308940992321974,0.0004465260675109069,8.792949676513672,0.0021479121642187238,1e-06,489094.0,38.0,0.028752578832114826
Immediate Vanilla,41,0.025985094128474075,0.02598509411715592,0.0010481468497245158,11.914449691772461,0.002884528392718898,1e-06,363668.0,40.0,0.02585992924616218
Immediate Vanilla,42,0.023356583173153922,0.023356583080021663,-0.00045789754376528434,11.412814140319824,0.0044767231913283466,1e-06,402259.0,40.0,0.02805251704651033
Immediate Vanilla,43,0.04378863663545677,0.04378863650241068,0.0007661717596160347,11.40419864654541,0.007638344324992171,1e-06,290560.0,41.0,0.027127009296095052
Immediate Vanilla,44,0.0317740018654149,0.03177400177810341,-0.0009501618433205294,10.74275016784668,0.0033549542422406375,1e-06,343220.0,43.0,0.02495166390479657
Immediate Vanilla,45,0.023777320107910782,0.023777320107910782,-0.0005142218124092324,8.252147674560547,0.004980846730177291,1e-06,325972.0,43.0,0.026501648627646344
Immediate Vanilla,46,0.013129088867935934,0.013129088835557922,0.0015470993492328945,5.22652006149292,0.006244953302666545,1e-06,423627.0,44.0,0.028206487119444453
Immediate Vanilla,47,0.04643998813948461,0.04643998734120812,0.0014133199574644095,12.424578666687012,0.003382423044448452,1e-06,285825.0,46.0,0.027434775537505895
Immediate Vanilla,48,0.01776100275455974,0.017761002667248248,0.0001427671988494694,7.997023105621338,0.004280951130203903,1e-06,390424.0,46.0,0.030349215202596015
Immediate Vanilla,49,0.02690711195787622,0.026907111880266003,0.0004746017495765247,10.732215881347656,0.006595179671421647,1e-06,357275.0,47.0,0.028348832871582873
Immediate Vanilla,50,0.026290367858018727,0.026290367601905017,0.0009379159705986239,8.732756614685059,0.00745648592710495,1e-06,426863.0,48.0,0.028642685882432104
Immediate Vanilla,51,0.031062164533068426,0.03106216440210119,0.0009658808512540418,10.901575088500977,0.007876704796217382,1e-06,331269.0,49.0,0.027464144289233272
Immediate Vanilla,52,0.017496266874579967,0.0174962667158318,0.002295749697209844,9.501526832580566,0.0019155272536657073,1e-06,443595.0,51.0,0.028336829022127683
Immediate Vanilla,53,0.0554154203661407,0.05541541939601302,0.0001096151633343349,14.06502628326416,0.0053269258157039685,1e-06,215545.0,51.0,0.02791231038515558
Immediate Vanilla,54,0.021784430913006265,0.02178443086126612,0.00031636829852585733,7.045465469360352,0.003923086708204614,1e-06,384127.0,52.0,0.029094982450647792
Immediate Vanilla,55,0.0350063854129985,0.03500638489744493,0.0011320087625270908,10.133025169372559,0.004928580036253801,1e-06,298694.0,53.0,0.02850294757461079
Immediate Vanilla,56,0.010813362485710817,0.010813362582723585,0.0004646245356951795,6.149147033691406,0.002182454976718873,1e-06,481148.0,55.0,0.02779884754024651
Immediate Vanilla,57,0.022728621048736387,0.022728620897396468,0.00052124710764474,11.833980560302734,0.004440306546166539,1e-06,388812.0,55.0,0.029132286308146883
Immediate Vanilla,58,0.04177028200189982,0.041770282334515026,0.00018591090858015896,9.390302658081055,0.0064215723458411434,1e-06,286209.0,56.0,0.03107943044702117
Immediate Vanilla,59,0.030770395416766405,0.030770395387662575,0.0015460979061572289,13.317727088928223,0.004180754971457645,1e-06,334541.0,58.0,0.02809131775772895
Immediate Vanilla,60,0.0203947282650254,0.020394728243858976,0.0013324933806870831,9.727848052978516,0.003638072553175417,1e-06,467790.0,58.0,0.029169249590058254
Immediate Vanilla,61,0.01854526730797564,0.018545267223897908,0.0018462384718228957,8.809545516967773,0.0029712747782468796,1e-06,379847.0,60.0,0.026805899440521253
Immediate Vanilla,62,0.04572999131466661,0.04572999084900532,0.0012707688607146597,15.677699089050293,0.0044771100760304505,1e-06,277455.0,60.0,0.028536715717337482
Immediate Vanilla,63,0.038914852343233566,0.038914852243449004,0.00039109404243780385,18.454261779785156,0.0029369235105280367,1e-06,260099.0,61.0,0.029261308578601833
Immediate Vanilla,64,0.02254617993021384,0.022546179813798518,0.00043100123873500705,10.67929458618164,0.004726262134499848,1e-06,408272.0,63.0,0.027703225720353473
Immediate Vanilla,65,0.03364168116240762,0.03364168101688847,0.0010555806293268688,13.167845726013184,0.00796239878400229,1e-06,326715.0,63.0,0.02761869252410543
Immediate Vanilla,66,0.009009533291343056,0.009009533252537949,-3.0390098345378647e-05,7.284207820892334,0.0012668425139660637,1e-06,497463.0,64.0,0.02840305412932714
Immediate Vanilla,67,0.02985234191874042,0.029852341627702117,0.000543858458968316,10.701951026916504,0.003735206584678963,1e-06,321422.0,66.0,0.028774630724176662
Immediate Vanilla,68,0.030699142283992842,0.030699142371304333,0.000853559884490096,8.264131546020508,0.004821805312531069,1e-06,303789.0,66.0,0.028219919127950775
Immediate Vanilla,69,0.024631370867912967,0.02463137089378304,-2.6654366390883093e-05,8.988239288330078,0.001451741981630524,1e-06,369581.0,67.0,0.027133978337920736
Immediate Vanilla,70,0.029840530195672597,0.02984053022893412,0.0006362479263251382,8.483797073364258,0.004075124809917595,1e-06,279580.0,69.0,0.027299514330630655
Immediate Vanilla,71,0.02902270590129774,0.02902270590129774,0.00013870640884761087,11.45766830444336,0.0022890044492669404,1e-06,329295.0,69.0,0.02942694702363831
Immediate Vanilla,72,0.02263261005828099,0.022632609767242684,0.00038901595735296723,8.55518627166748,0.0024730308941798285,1e-06,319980.0,70.0,0.03148129809504474
Immediate Vanilla,73,0.0396281632517154,0.03962816329052051,4.886408714810386e-05,10.413107872009277,0.0032091146179785333,1e-06,235975.0,72.0,0.03117555427052349
Immediate Vanilla,74,0.026969503494910896,0.026969503553118557,-0.0011923765823667054,8.358832359313965,0.003954276646254584,1e-06,309555.0,72.0,0.032505529871837406
Immediate Vanilla,75,0.024367075951886363,0.024367075733607635,0.0014290734256974247,11.431827545166016,0.0057215852139052,1e-06,336682.0,73.0,0.031915598173607
Immediate Vanilla,76,0.057043440919369456,0.05704344063997269,-0.0003575840033590794,11.558647155761719,0.002548603410832584,1e-06,178565.0,75.0,0.03133838232476564
Immediate Vanilla,77,0.03160739488278826,0.03160739503800869,0.0008429834124399349,11.072030067443848,0.003999584121629596,1e-06,352274.0,75.0,0.02969449020198958
Immediate Vanilla,78,0.026489159718039446,0.026489159557968378,0.0007134059526379133,11.574936866760254,0.00695220437773969,1e-06,315284.0,76.0,0.029711593783592005
Immediate Vanilla,79,0.045328874179782964,0.04532887398575743,0.00034357009250622167,11.906280517578125,0.0020056936385420463,1e-06,224927.0,78.0,0.027154501744254114
Immediate Vanilla,80,0.018142122199151345,0.018142122213248513,0.00023712422898825025,10.208802223205566,0.004155576636549085,1e-06,318692.0,78.0,0.027006510200406727
Immediate Vanilla,81,0.02349115600809455,0.023491155891679227,0.0009652145556174219,11.441161155700684,0.0053720077965408565,1e-06,390644.0,80.0,0.02704483705590162
Immediate Vanilla,82,0.01093989256134426,0.01093989255076105,0.00048339026001155037,5.6545281410217285,0.0024143924132328143,1e-06,457256.0,80.0,0.023262682263583932
Immediate Vanilla,83,0.022820749164869387,0.022820749164869387,0.0008500060810345329,10.21871566772461,0.004361074288479156,1e-06,367539.0,82.0,0.022297109212934166
Immediate Vanilla,84,0.011500150867504999,0.011500150857803723,0.0018291639656429954,6.962280750274658,0.008824421965982765,1e-06,474911.0,82.0,0.022693098980739075
Immediate Vanilla,85,0.025341596541693434,0.025341596570797265,0.0005182776476431172,11.146195411682129,0.0050259931304026395,1e-06,324191.0,83.0,0.01953557709903589
Immediate Vanilla,86,0.024788671158603393,0.024788671144051477,-0.00012185558489363757,11.009113311767578,0.003498182268231176,1e-06,313882.0,85.0,0.019231352283097913
Immediate Vanilla,87,0.015439737937413156,0.015439737924478121,0.0001757107782193796,5.858638763427734,0.0050735613072497975,1e-06,371526.0,85.0,0.018901546926835683
Immediate Vanilla,88,0.02098609154553641,0.02098609148086123,0.0013611061018410611,14.687408447265625,0.004036498540598486,1e-06,371184.0,86.0,0.018865109543005874
Immediate Vanilla,89,0.03084504697471857,0.0308450470038224,0.00093129787160251,9.649445533752441,0.004120035155210644,1e-06,321836.0,88.0,0.018901796098403215
Immediate Vanilla,90,0.010596133321417834,0.010596133287022398,0.0004659219324490881,8.752243995666504,0.0008573584808883342,1e-06,437148.0,88.0,0.022597077188928505
Immediate Vanilla,91,0.014795649325242266,0.014795649237930775,0.0009203861605783459,7.48763370513916,0.005550668365322054,1e-06,414494.0,89.0,0.02150132307451613
Immediate Vanilla,92,0.01986329707627495,0.019863296972794667,0.0011311108525357365,9.644686698913574,0.003673671693023708,1e-06,346838.0,91.0,0.021020598216057382
Immediate Vanilla,93,0.010539081349799579,0.010539081328633156,0.0007007327241643162,5.267004013061523,0.0026396480177275157,1e-06,446603.0,91.0,0.02144295492749321
Immediate Vanilla,94,0.023224301143272896,0.023224301274240133,0.0014558747880357714,7.519527912139893,0.004464059034944512,1e-06,321081.0,92.0,0.020603377277673172
Immediate Vanilla,95,0.05214824262075126,0.052148242853581904,3.8727256469428537e-05,11.111802101135254,0.0027629173593595622,1e-06,181355.0,94.0,0.01989243762519621
Immediate Vanilla,96,0.013288301341364987,0.013288301312261157,0.00039752421515812684,5.7229084968566895,0.0023135917726904154,1e-06,379618.0,94.0,0.020966637942802322
Immediate Vanilla,97,0.019500697664625477,0.019500697701005265,0.000964350147114601,9.963732719421387,0.005327718739863485,1e-06,331030.0,95.0,0.021351263668286023
Immediate Vanilla,98,0.020085661895791418,0.020085661750272266,0.0005479984695568874,11.014303207397461,0.0021454572706716135,1e-06,304872.0,97.0,0.02114645319800924
Immediate Vanilla,99,0.011750737385227694,0.011750737332840799,-0.0005877502433804694,5.672150611877441,0.0024397845729254184,1e-06,414974.0,97.0,0.02152740464755172
Immediate Vanilla,100,0.023024710797471926,0.023024710826575756,0.00034730768470581097,9.220723152160645,0.006261009955778718,1e-06,315655.0,98.0,0.021485015630236057
Immediate Vanilla,101,0.022412336838897318,0.022412336780689657,0.0010936619719359442,8.137818336486816,0.005419904147856869,1e-06,307237.0,100.0,0.017952807259175245
Immediate Vanilla,102,0.019026532160043845,0.019026532218251506,-0.0004817418769865374,7.829836368560791,0.0030083352725745905,1e-06,366777.0,100.0,0.017609150504169183
Immediate Vanilla,103,0.017610381927806885,0.01761038179975003,0.0015691021049860864,10.125192642211914,0.003355654771439731,1e-06,405166.0,101.0,0.017126614667248765
Immediate Vanilla,104,0.014729547414026456,0.014729547273600475,0.0007507995837386261,6.546811103820801,0.0024716653395444156,1e-06,398421.0,102.0,0.016617531177747998
Immediate Vanilla,105,0.022758022233444666,0.022758022083767822,0.0002024971888334091,7.821439743041992,0.0024005287227087785,1e-06,300731.0,104.0,0.017554891055219776
Immediate Vanilla,106,0.013293950796651188,0.013293950771912932,0.00035348986384633465,6.211400985717773,0.0030061783036217093,1e-06,404165.0,104.0,0.019143454219069215
Immediate Vanilla,107,0.009508076986821833,0.009508077007194516,0.000505991700629238,10.320977210998535,0.0038426847895607352,1e-06,427579.0,105.0,0.01885732559761605
Immediate Vanilla,108,0.014192803559555815,0.014192803494880637,-0.0002588685634792556,15.908407211303711,0.002481321700745159,1e-06,344245.0,107.0,0.020709800889883823
Immediate Vanilla,109,0.014485743503345557,0.014485743365763814,4.7916816005123444e-05,8.74463939666748,0.005329901606521823,1e-06,440625.0,107.0,0.019972308794048675
Immediate Vanilla,110,0.022061696101445705,0.022061695985030383,0.00022868706219014712,10.572787284851074,0.00581000889360439,1e-06,327622.0,108.0,0.019844981292084344
Immediate Vanilla,111,0.04049890567548573,0.0404989056289196,-4.208092432236299e-05,10.774422645568848,0.0038243353832513095,1e-06,209132.0,110.0,0.019085093863250382
Immediate Vanilla,112,0.019264921991270965,0.01926492194470484,0.0010865999782481595,7.628592491149902,0.004304334730841219,1e-06,397374.0,110.0,0.019442779816798386
Immediate Vanilla,113,0.039403761131688954,0.03940376043319702,0.00029462613456416876,11.818631172180176,0.0046370811061933635,1e-06,207132.0,111.0,0.019895793887606813
Immediate Vanilla,114,0.009497968765936093,0.009497968745563412,0.0002674787392606959,6.0839948654174805,0.0032094132853671908,1e-06,408776.0,113.0,0.021778095673990704
Immediate Vanilla,115,0.013328944728709758,0.013328944751992821,0.0010941002188246784,7.977196216583252,0.0013973971595987677,1e-06,403851.0,113.0,0.0219202854813825
Immediate Vanilla,116,0.014399260407016199,0.014399260366594212,0.00032633215677277703,7.836482524871826,0.005869888778155048,1e-06,360470.0,114.0,0.021134288953018967
Immediate Vanilla,117,0.017228496421012096,0.01722849626094103,0.0013595652394542412,8.320011138916016,0.0030044011073186994,1e-06,326666.0,116.0,0.0183529226699767
Immediate Vanilla,118,0.014491231890860944,0.014491231786087156,0.0005114466592203825,11.158186912536621,0.004356500646099448,1e-06,423887.0,116.0,0.019229624663325874
Immediate Vanilla,119,0.034898122865706684,0.03489812314510345,0.0009705728894914501,6.969151020050049,0.004855666449293495,1e-06,182634.0,117.0,0.017504357807363227
Immediate Vanilla,120,0.016049831436248496,0.016049831247073598,0.00014072592784941662,7.072969913482666,0.0027846978919114918,1e-06,342267.0,119.0,0.02098570824136271
Immediate Vanilla,121,0.013415734203590546,0.013415734173031523,0.0008701815037056804,7.59078311920166,0.0033800517208874225,1e-06,421353.0,119.0,0.021080550819816482
Immediate Vanilla,122,0.00990387655692757,0.009903876515454612,0.0004287824488073966,5.774809837341309,0.0036364232888445257,1e-06,387926.0,120.0,0.02066787675207109
Immediate Vanilla,123,0.028908643890948344,0.02890864387154579,0.0002281300985487178,7.799078464508057,0.0027184580879596374,1e-06,253926.0,122.0,0.020436857750426477
Immediate Vanilla,124,0.02042582509521809,0.020425825017607875,0.0012619525567869358,18.110605239868164,0.004095085586110751,1e-06,360666.0,122.0,0.021429097456717294
Immediate Vanilla,125,0.047792823635973036,0.047792823519557714,0.0008177553645509761,9.352853775024414,0.004317889921367168,1e-06,141949.0,123.0,0.01980151833486686
Immediate Vanilla,126,0.014372213184833527,0.014372213114984333,0.0007711559612289421,8.856240272521973,0.0023766941158100963,1e-06,423856.0,125.0,0.02069962612143449
Immediate Vanilla,127,0.009859845685423353,0.009859845621394924,-3.698468653965392e-05,5.6125712394714355,0.0021025253226980567,1e-06,399443.0,125.0,0.020635082163199717
Immediate Vanilla,128,0.014687287228298374,0.014687287242850289,0.0006925639036126086,6.3407745361328125,0.0032493155886186287,1e-06,343614.0,126.0,0.020869928877078357
Immediate Vanilla,129,0.02540586860517838,0.0254058685552861,0.001011509463881209,10.07923412322998,0.0023218943471355097,1e-06,272474.0,128.0,0.01920168966868785
Immediate Vanilla,130,0.01699475290661212,0.016994752804748714,0.0002122072974088951,11.604020118713379,0.0024360363313462585,1e-06,314484.0,128.0,0.020488677543420025
Immediate Vanilla,131,0.02592901715543121,0.0259290168993175,0.0004736526679721464,6.746623992919922,0.0045351733453571795,1e-06,190446.0,129.0,0.018345697885803897
Immediate Vanilla,132,0.012705750748864375,0.012705750632449053,-8.533662435183942e-05,9.363272666931152,0.0029505896382033825,1e-06,321949.0,131.0,0.0186649964884862
Immediate Vanilla,133,0.01248719043796882,0.012487190368119627,-0.0001364847288641613,7.479534149169922,0.005260522500611842,1e-06,389684.0,131.0,0.0198759686550565
Immediate Vanilla,134,0.010558012621583079,0.010558012579250235,0.0016628929753840732,10.716719627380371,0.004345570881427689,1e-06,466840.0,132.0,0.019614544902312205
Immediate Vanilla,135,0.03458269175607711,0.03458269163966179,0.000549791047887993,7.169098377227783,0.003774620615877211,1e-06,199571.0,134.0,0.020669837125057825
Immediate Vanilla,136,0.02422004718876754,0.02422004728578031,-0.000471878599152357,11.67979621887207,0.003942776354961097,1e-06,215606.0,134.0,0.02047718457070074
Immediate Vanilla,137,0.01788449770447187,0.017884497744489636,0.000739483762117743,6.652329444885254,0.004617749887984246,1e-06,322042.0,135.0,0.019157274936747338
Immediate Vanilla,138,0.023180539362199073,0.023180539453668252,0.00035168653162794987,10.650750160217285,0.0032259904047740357,1e-06,287093.0,137.0,0.01900162550803376
Immediate Vanilla,139,0.011811626027338207,0.011811625962663028,0.0005067838363983254,6.70645809173584,0.00506022981264525,1e-06,350114.0,137.0,0.01969259465141711
Immediate Vanilla,140,0.03701408309862018,0.03701408300548792,0.0001387241660268046,8.790328025817871,0.0028566053370013833,1e-06,199115.0,138.0,0.01962247492404828
Immediate Vanilla,141,0.014875574670440983,0.014875574706820771,-0.0003341793091067302,6.013874053955078,0.0025994886527769268,1e-06,329112.0,140.0,0.020004388095621398
Immediate Vanilla,142,0.011410011015787414,0.01141001092583012,-0.0005117065767825062,7.578988075256348,0.0025421839884736323,1e-06,444790.0,140.0,0.019042731272575872
Immediate Vanilla,143,0.01099360689331661,0.010993606916599674,0.00027947776034125126,5.87838077545166,0.003978045983240008,1e-06,400191.0,141.0,0.018610559473639623
Immediate Vanilla,144,0.02008785117816712,0.020087850945336477,0.0004689116792308466,7.219475746154785,0.0020246628472315414,1e-06,265826.0,143.0,0.01825001574588582
Immediate Vanilla,145,0.009786695557026675,0.009786695578193096,0.00024324818415069868,6.2707839012146,0.0022778641009195285,1e-06,434972.0,143.0,0.019365595826339163
Immediate Vanilla,146,0.03878373629413545,0.038783736526966095,0.0003428030672694149,6.641815185546875,0.005120187212014571,1e-06,168544.0,144.0,0.01671029938575373
Immediate Vanilla,147,0.013641822245163995,0.013641822232279487,-0.00041836697184610076,9.389175415039062,0.0032050118833366367,1e-06,375338.0,146.0,0.01728707818317945
Immediate Vanilla,148,0.013130607956196628,0.013130607956190943,-0.00014977261344029102,6.306969165802002,0.0040263531263917685,1e-06,402695.0,146.0,0.019280747401871304
Immediate Vanilla,149,0.01921455845669178,0.0192145584483764,0.0005987595785492365,8.636662483215332,0.0041341073145823816,1e-06,284005.0,147.0,0.021390516046272536
Immediate Vanilla,150,0.0240830069873482,0.024083006847649812,0.00027488159394124524,5.101682662963867,0.0029856252716854216,1e-06,212665.0,149.0,0.021632806732024144
Immediate Vanilla,151,0.007805822240538873,0.007805822159048148,-0.00041540817601344316,5.85625696182251,0.0028624316677451135,1e-06,388196.0,149.0,0.022672855356819017
Immediate Vanilla,152,0.02122014164342545,0.021220141478503745,0.0011518335644116935,6.665287494659424,0.005150110422012706,1e-06,254389.0,150.0,0.02066813075765199
Immediate Vanilla,153,0.03334037233144045,0.03334037233144045,0.0009341580065665766,8.249516487121582,0.003235455765388906,1e-06,177686.0,152.0,0.020008346856035756
Immediate Vanilla,154,0.034201062272768465,0.03420106200501323,0.0003458590936531891,9.549226760864258,0.0038129180669784547,1e-06,214810.0,152.0625,0.019717194124037433
Immediate Vanilla,155,0.02275304838881961,0.022753048488604172,0.000627668400154237,7.513635158538818,0.0028812882623502185,1e-06,258266.0,153.0,0.020313320908039476
Immediate Vanilla,156,0.02122723065050585,0.021227230450936725,0.00040840968514593054,7.613149642944336,0.0031475110611479196,1e-06,290416.0,154.0,0.019041977104815748
Immediate Vanilla,157,0.016731765943404753,0.016731765936128795,0.0009888103932098602,10.958065032958984,0.00224910702672787,1e-06,328921.0,156.0,0.019285940217267053
Immediate Vanilla,158,0.006384199373921244,0.006384199314500923,0.0008014120530290825,4.224667072296143,0.002076756558381021,1e-06,480324.0,156.0,0.018329792225229225
Immediate Vanilla,159,0.009927927912940504,0.009927927904209355,0.0013295224642206449,4.447870254516602,0.002819888829253614,1e-06,425325.0,157.0,0.01617704261175146
Immediate Vanilla,160,0.025771953212097288,0.0257719530723989,0.0005224077758612111,9.47020149230957,0.002700945851393044,1e-06,209365.0,159.0,0.01489097727599908
Immediate Vanilla,161,0.01009822499472648,0.010098225012188777,0.001027334646005329,7.259467124938965,0.0027125236578285695,1e-06,428507.0,159.0,0.014481233793485992
Immediate Vanilla,162,0.010489416352356784,0.01048941639601253,0.0004393400840854156,4.807640075683594,0.001680877321632579,1e-06,302409.0,160.0,0.013530573097961589
Immediate Vanilla,163,0.010702513507879985,0.010702513566087646,1.4670762809032567e-05,7.215883731842041,0.0028128507547080517,1e-06,311597.0,162.0,0.015321362932354608
Immediate Vanilla,164,0.009660126562018624,0.009660126583185047,0.0006620126977478238,5.3028740882873535,0.00252870070240037,1e-06,466318.0,162.0,0.01606189345997328
Immediate Vanilla,165,0.020054343505762517,0.020054343311736982,-7.780581654515117e-06,8.40812873840332,0.001971370967415472,1e-06,240378.0,163.0,0.01565417343897687
Immediate Vanilla,166,0.018245870380529335,0.018245870180960213,0.00019532779853242182,7.961397647857666,0.002932300857667412,1e-06,260570.0,165.0,0.01477565259777459
Immediate Vanilla,167,0.010769962902031693,0.010769962800168287,3.520797702094569e-05,8.844337463378906,0.002967025712132454,1e-06,420579.0,165.0,0.015683100726580777
Immediate Vanilla,168,0.0364304538234137,0.036430454114452004,0.0005198759135964792,5.624255180358887,0.003248534514568746,1e-06,158474.0,166.0,0.01572875312606859
Immediate Vanilla,169,0.014530035159883223,0.014530035118306322,-0.0003173673862225509,6.060256481170654,0.00404471589718014,1e-06,297943.0,168.0,0.0158106754096326
Immediate Vanilla,170,0.005443007713266597,0.0054430076732488305,0.000360848370912043,3.8802363872528076,0.0010501264848492362,1e-06,445276.0,168.0,0.016781314991212992
Immediate Vanilla,171,0.016108223862829618,0.016108223819173872,0.0003393744954109934,7.21494722366333,0.005062991956947371,1e-06,342854.0,169.0,0.015940759067389062
Immediate Vanilla,172,0.020080154503895237,0.020080154429056814,7.823868924918185e-06,5.996845245361328,0.004973987533178713,1e-06,266279.0,171.0,0.01555286386668514
Immediate Vanilla,173,0.01099159283694462,0.01099159279037849,0.00037141148786759006,7.155043601989746,0.0015878322534263133,1e-06,394650.0,171.0,0.01658129778038574
Immediate Vanilla,174,0.011603658710353355,0.011603658685291722,0.001623927139715104,5.308173656463623,0.003059348143223259,1e-06,367195.0,172.0,0.01416995847758132
Immediate Vanilla,175,0.020337162143550813,0.02033716198056936,0.0007860969875764567,10.284199714660645,0.0012271126499399543,1e-06,210220.0,174.0,0.013524595487141682
Immediate Vanilla,176,0.010808228253154084,0.010808228149673797,0.00035744404966761876,5.35085916519165,0.0051160371319080395,1e-06,356782.0,174.0,0.013919516255146674
Immediate Vanilla,177,0.01397902303506271,0.01397902297321707,5.5515532949357294e-05,6.127116680145264,0.00530267134308815,1e-06,327221.0,175.0,0.01339518131861694
Immediate Vanilla,178,0.02208273601718247,0.022082735850874866,-0.00025419373092258217,10.106539726257324,0.003354802561391677,1e-06,273389.0,177.0,0.013158939585082557
Immediate Vanilla,179,0.009905721835343526,0.009905721783603383,0.00035901154257760796,4.640836238861084,0.002568028996595078,1e-06,360214.0,177.0,0.015225841834845665
Immediate Vanilla,180,0.007431042252574116,0.007431042223470285,0.0007992090984771493,4.302055835723877,0.0019645752385258675,1e-06,409505.0,178.0,0.014805468668403836
Immediate Vanilla,181,0.009787136104023375,0.009787136121303774,0.00010832187302867169,5.703214645385742,0.004677491000620648,1e-06,320580.0,180.0,0.016563686795367998
Immediate Vanilla,182,0.01034053958428558,0.010340539517346769,0.0014352986290759873,5.920320510864258,0.0042701053200289605,1e-06,410467.0,180.0,0.018138953017444753
Immediate Vanilla,183,0.017481495310286328,0.017481495360178605,0.00040419409716767926,6.897678852081299,0.005870803026482463,1e-06,280763.0,181.0,0.01856833377246056
Immediate Vanilla,184,0.0337275177706033,0.03372751753777266,0.0003789526934269816,6.720192909240723,0.0010884940391406416,1e-06,214285.0,183.0,0.017817802801370023
Immediate Vanilla,185,0.006979553865014829,0.006979553854431619,0.0009086385226427493,4.8037824630737305,0.0008931475776163014,1e-06,449989.0,183.0,0.018037550967760288
Immediate Vanilla,186,0.03967756172642112,0.03967756137717515,0.0005648249534715433,8.098669052124023,0.0038855788588989526,1e-06,152841.0,184.0,0.018260597255241793
Immediate Vanilla,187,0.028136156452819704,0.028136156592518093,7.43646734918002e-05,5.977033615112305,0.0017323348438367248,1e-06,210156.0,186.0,0.01860241552499672
Immediate Vanilla,188,0.01870221140312164,0.01870221127839094,0.0004824326149121459,8.436306953430176,0.0037196578424690025,1e-06,297375.0,186.0,0.01878444496630972
Immediate Vanilla,189,0.013826895175346484,0.013826895168878965,-0.00014815768039018926,7.350806713104248,0.006353441884534227,1e-06,353880.0,187.0,0.01805585735672264
Immediate Vanilla,190,0.01232295165755204,0.012322951613896294,0.0003006034560257831,5.236586093902588,0.002733542845817283,1e-06,326290.0,189.0,0.01573316821116062
Immediate Vanilla,191,0.009884551473078318,0.009884551385766827,0.0010665338442777284,6.448197364807129,0.001849520904943347,1e-06,404901.0,189.0,0.016988102376127648
Immediate Vanilla,192,0.013547137117711827,0.013547137088607997,0.0005013298550693435,7.570939540863037,0.0022158182109706104,1e-06,301496.0,190.0,0.014587789261020416
Immediate Vanilla,193,0.012342863336218417,0.012342863371789766,0.0001773332757642897,5.8279805183410645,0.0022333449063201747,1e-06,351540.0,191.0,0.013018589912022977
Immediate Vanilla,194,0.009467031654720712,0.009467031654720712,0.001170687253761571,4.194960594177246,0.0023092124611139297,1e-06,350476.0,193.0,0.01387576043218483
Immediate Vanilla,195,0.008177936888965964,0.008177936936590413,0.0004922966067665998,5.99605131149292,0.0035156291189857507,1e-06,439444.0,193.0,0.013628107430220759
Immediate Vanilla,196,0.020783829735592008,0.020783829669068967,0.001837213195228417,7.541487693786621,0.006376267676906926,1e-06,297682.0,194.0,0.014834261049326537
Immediate Vanilla,197,0.013274117118271533,0.013274117110995576,0.00027685222630680073,6.808173179626465,0.0049170576385222375,1e-06,335259.0,196.0,0.017075205196404774
Immediate Vanilla,198,0.010874963701806135,0.010874963753546277,0.0005246794674652241,6.019590854644775,0.003089651918142206,1e-06,351895.0,196.0,0.0173939214712755
Immediate Vanilla,199,0.028131087116586666,0.028131087000171345,-0.0002229007902011896,7.548964023590088,0.002291547270336499,1e-06,233461.0,198.0,0.01824707829345523
Immediate Vanilla,200,0.011102712150912138,0.011102712147274159,0.0003613280544717175,4.976716041564941,0.003998373091841738,1e-06,382941.0,198.0,0.01891343839821986
Immediate Vanilla,201,0.02559064165689051,0.025590641424059868,0.0008171579160261899,7.0747904777526855,0.0016076324507594108,1e-06,210057.0,199.0,0.020742096178385485
Immediate Vanilla,202,0.03453493659617379,0.03453493700362742,0.00023211197230921243,7.731428146362305,0.003648772311862558,1e-06,150471.0,201.0,0.019913857893385796
Immediate Vanilla,203,0.01705301615220378,0.017053016112186015,0.0018621640338096768,7.281840801239014,0.0041397072782274336,1e-06,343001.0,201.0,0.021138821309583052
Immediate Vanilla,204,0.021727588541883353,0.021727588415766757,0.0014190735643448231,9.571653366088867,0.0033533527748659253,1e-06,225932.0,202.0,0.021688799268829623
Immediate Vanilla,205,0.016796992781261604,0.016796992807131674,0.000666325535146623,6.271833896636963,0.0035011882945481273,1e-06,350696.0,203.0,0.02004879163111095
Immediate Vanilla,206,0.028293172809450578,0.028293172518412273,0.00034932203561766073,8.777503967285156,0.0039600314339622855,1e-06,227523.0,205.0,0.021571871456476266
Immediate Vanilla,207,0.011673208559942496,0.011673208534072424,-4.9816982937045395e-05,5.6671953201293945,0.002703538785378138,1e-06,355449.0,205.0,0.02084018570579392
Immediate Vanilla,208,0.026748714339919388,0.026748714689165353,0.00041335689311381427,7.673607349395752,0.003701506904326379,1e-06,190685.0,206.0,0.01851585588488785
Immediate Vanilla,209,0.016924721572043683,0.016924721305258572,0.000949714087691215,5.919517993927002,0.0018696494516916573,1e-06,239606.0,208.0,0.018810267962631078
Immediate Vanilla,210,0.010091003017603524,0.010091002985265933,9.869765199255198e-05,5.686255931854248,0.006480163144361641,1e-06,353956.0,208.0,0.019759321613804535
Immediate Vanilla,211,0.027856590040028096,0.02785659022629261,0.0014152009185636415,5.790830612182617,0.004717164859175682,1e-06,210063.0,209.0,0.019748904784582435
Immediate Vanilla,212,0.01754209793372346,0.017542098166554103,-0.0007795971153581961,5.741474628448486,0.0029937722720205784,1e-06,289561.0,211.0,0.018945445935896504
Immediate Vanilla,213,0.008967309049330652,0.008967308973660692,0.00038655527278024237,5.650999069213867,0.0028224124340340494,1e-06,398534.0,211.0,0.02067887698464643
Immediate Vanilla,214,0.020291549130342902,0.02029154896736145,0.0005384034855524078,4.080554008483887,0.004185613919980824,1e-06,190895.0,212.0,0.019521281572687406
Immediate Vanilla,215,0.032167178724193946,0.03216717857867479,0.0005549651887122309,7.613903045654297,0.0025839153968263417,1e-06,165967.0,214.0,0.02048159874843811
Immediate Vanilla,216,0.016682407835365405,0.016682407685688565,0.0018482077342533948,5.905696392059326,0.0038693595810660292,1e-06,297047.0,214.0,0.021975966740487293
Immediate Vanilla,217,0.01945512546226382,0.01945512518286705,8.888731790648307e-05,5.15974235534668,0.0029070884454995395,1e-06,204866.0,215.0,0.020513312302321174
Immediate Vanilla,218,0.030740950326435267,0.03074095007032156,0.0004017407140054274,5.415252208709717,0.0041023736586794255,1e-06,193373.0,217.0,0.0211881308700714
Immediate Vanilla,219,0.01401516523245456,0.014015165157616138,0.00023433557310324562,4.482593536376953,0.004838592406096203,1e-06,259063.0,217.0,0.022715721886405457
Immediate Vanilla,220,0.0274882102094125,0.02748821023851633,0.00010662159911589697,6.193459987640381,0.0028851649549324065,1e-06,171679.0,218.0,0.02161152810493433
Immediate Vanilla,221,0.026529051014222205,0.026529050897806883,0.0010615565061016241,6.446976184844971,0.002030759723857045,1e-06,176751.0,220.0,0.019847410213650937
Immediate Vanilla,222,0.011767391435569152,0.011767391406465322,0.0001904348155221669,3.8949074745178223,0.0038419604243244976,1e-06,319050.0,220.0,0.02003974717022824
Immediate Vanilla,223,0.024965102411806585,0.024965102411806585,0.0013369670312386006,5.994451999664307,0.0038760592928156258,1e-06,175913.0,221.0,0.01902295192548325
Immediate Vanilla,224,0.025770810281392185,0.025770810153335332,0.0009357561764772981,5.65786075592041,0.003997798962518573,1e-06,206532.0,223.0,0.018110730218079588
Immediate Vanilla,225,0.008145417374089447,0.008145417371179065,0.00032902684906730426,4.663837909698486,0.00490655938629061,1e-06,398548.0,223.0,0.019677116163638816
Immediate Vanilla,226,0.01276188190760357,0.012761881774557489,0.00010100974074183406,4.9665632247924805,0.0010810274231646741,1e-06,282348.0,224.0,0.01821297799169104
Immediate Vanilla,227,0.018798114251694642,0.018798114208038896,0.0009638294568503625,7.618130683898926,0.0024006634776014835,1e-06,338225.0,226.0,0.017639549749816356
Immediate Vanilla,228,0.008270377604441654,0.008270377490672135,-0.00016033248241662724,8.377619743347168,0.004078227074139498,1e-06,448582.0,226.0,0.017781028898097875
Immediate Vanilla,229,0.0207065112888813,0.0207065112888813,0.0006407965382095426,5.712724685668945,0.002132462407462299,1e-06,199617.0,227.0,0.016577386926133062
Immediate Vanilla,230,0.031245410471456125,0.031245410558767617,-6.6371831053402275e-06,7.017427444458008,0.0028813804674427956,1e-06,141525.0,229.0,0.015098629596049644
Immediate Vanilla,231,0.011382690463506151,0.01138269034709083,-0.0002473221975378692,5.41513729095459,0.0030245077796280384,1e-06,308872.0,229.0,0.016433330275396528
Immediate Vanilla,232,0.02022134053792494,0.02022134023718536,1.9151771994074807e-05,9.814226150512695,0.0048570476938039064,1e-06,240814.0,230.0,0.015870652401833045
Immediate Vanilla,233,0.013323662120715849,0.013323662037562047,0.0008358953524033755,5.839116096496582,0.003451458893583289,1e-06,268551.0,232.0,0.01571800276497491
Immediate Vanilla,234,0.011725040749297477,0.011725040720193647,0.0005515625089174137,5.403756618499756,0.0022349143837345764,1e-06,310563.0,232.0,0.016389252110814663
Immediate Vanilla,235,0.00950447957646767,0.009504479522417699,0.00037798910411116334,4.364169120788574,0.004043750065777983,1e-06,271619.0,233.0,0.015538806311588493
Immediate Vanilla,236,0.022827124868247967,0.022827124843994778,0.0009564572004213309,6.821304798126221,0.0022744900973824165,1e-06,223725.0,235.0,0.013631439457806694
Immediate Vanilla,237,0.006572425188642228,0.006572425165359164,4.4730587069352624e-05,3.8586959838867188,0.002782634040340781,1e-06,391806.0,235.0,0.01396265379098733
Immediate Vanilla,238,0.017118968319014778,0.017118968202599456,0.0005205882189329714,7.595856666564941,0.0030367470047037515,1e-06,285647.0,236.0,0.013453958491549152
Immediate Vanilla,239,0.015654120265805562,0.015654120294909393,0.000589490614532094,5.33338737487793,0.0021601992359917077,1e-06,289884.0,238.0,0.013643299128650909
Immediate Vanilla,240,0.011351607613808786,0.011351607497393465,8.152608117800103e-05,4.903310298919678,0.0054784034145995975,1e-06,351471.0,238.0,0.013563910815514868
Immediate Vanilla,241,0.010264375254479319,0.010264375167167827,0.0008632875848775257,3.8272669315338135,0.0035949704179074615,1e-06,302851.0,239.0,0.013449859087776244
Immediate Vanilla,242,0.015026048175059259,0.015026048012077808,-0.000397851227899082,4.422307014465332,0.0025178447598591448,1e-06,183916.0,241.0,0.013544611144497953
Immediate Vanilla,243,0.014625691972469212,0.014625691943365382,0.0002172168608467473,6.462362766265869,0.004012398305349052,1e-06,322012.0,241.0,0.015350218032329877
Immediate Vanilla,244,0.015406409012419837,0.015406409045681357,0.00038444838355644606,5.843258380889893,0.0030553425063512157,1e-06,299588.0,242.0,0.014773643093377536
Immediate Vanilla,245,0.010851769317274116,0.010851769275697214,0.0006972803145929772,5.043576717376709,0.0033027802793575184,1e-06,264119.0,244.0,0.014665087173086993
Immediate Vanilla,246,0.008249910617337264,0.008249910517292847,0.000149558561588492,4.146281719207764,0.0043457944702822715,1e-06,320485.0,244.0,0.014996435140656347
Immediate Vanilla,247,0.023869397336966358,0.023869397467933595,-0.0006000054672767874,6.579920291900635,0.002451017207931727,1e-06,153527.0,245.0,0.015522219582155071
Immediate Vanilla,248,0.026434100858750753,0.02643410093151033,-2.571575350884814e-06,5.9144158363342285,0.0022653701016679406,1e-06,152712.0,247.0,0.015584241028414728
Immediate Vanilla,249,0.010776643919396318,0.010776643874123693,-0.0009572996075601421,4.20710563659668,0.006467242039636605,1e-06,346402.0,247.0,0.015721176611993206
Immediate Vanilla,250,0.014460005193541292,0.01446000517171342,0.00017453242026022053,6.170866012573242,0.00429254662594758,1e-06,324537.0,248.0,0.01577363787304518
