relative_turn,delta_teacher_entropy,task_success,model_version
-8,-0.08319920029382788,False,0
-7,-0.11970444142314607,False,0
-6,0.14670215553410704,False,0
-5,0.12299787610516877,False,0
-4,0.18485992755955727,False,0
-3,0.2040335301067694,False,0
-2,0.08702785652521261,False,0
-1,0.18645688060278587,False,0
0,0.35086498990310233,False,0
1,0.12342206095068853,False,0
2,0.09271674482228454,False,0
3,0.148879522344725,False,0
4,0.04726186669430987,False,0
-8,-0.002769668333523434,False,0
-7,-0.013242652562729273,False,0
-6,0.11029718907870761,False,0
-5,0.0274309657110679,False,0
-4,0.0999965098244548,False,0
-3,0.0683410055059892,False,0
-2,0.19124876266610508,False,0
-1,0.20447528570718115,False,0
0,0.2272670326440977,False,0
1,0.3967913914942433,False,0
2,0.37206435720993253,False,0
3,0.42598967024012485,False,0
-8,0.08624357232676394,False,0
-7,-0.07038087161934248,False,0
-6,-0.015862700707421462,False,0
-5,0.08753712505840722,False,0
-4,0.039730864691963075,False,0
-3,0.04808367682392889,False,0
-2,0.09346160773289064,False,0
-1,0.3735003330531314,False,0
0,0.561065795867342,False,0
1,0.30600178866943245,False,0
2,0.13654409450117005,False,0
3,0.32138310227927286,False,0
4,0.2633979982602575,False,0
5,0.02319112645343624,False,0
6,0.29166136084688205,False,0
7,0.4581314915423816,False,0
8,0.28813064803256244,False,0
9,0.2859306945377776,False,0
10,0.4073941665992881,False,0
11,0.15645404618122588,False,0
12,0.3549636046990909,False,0
13,0.39244354950102084,False,0
-8,0.07851359782800837,False,0
-7,-0.1842686390030247,False,0
-6,0.056789107647172155,False,0
-5,0.016860770023729765,False,0
-4,-0.028780455865967114,False,0
-3,0.02072156431265204,False,0
-2,0.3065630376043321,False,0
-1,0.1923059637126131,False,0
0,0.24029815792488896,False,0
1,0.14734437571065195,False,0
2,0.13436744034015968,False,0
3,0.27548776238842554,False,0
4,-0.18362391813359957,False,0
-8,-0.013102651980582913,False,0
-7,-0.0039684003424868,False,0
-6,-0.2955618858525082,False,0
-5,-0.036895629913361094,False,0
-4,0.13540048375384006,False,0
-3,0.06003010408407172,False,0
-2,0.13264375298342101,False,0
-1,0.2719306247864385,False,0
0,0.19649717648385734,False,0
1,0.06692547849136166,False,0
2,0.13331500245284233,False,0
3,0.01729185656443155,False,0
4,0.22879466055142184,False,0
-8,0.06733209902689918,False,0
-7,0.10572750043306789,False,0
-6,-0.01879960307504447,False,0
-5,0.1159541537836406,False,0
-4,0.07458985879545332,False,0
-3,0.06217536316978112,False,0
-2,0.1483694124171855,False,0
-1,0.30174893284803384,False,0
0,0.4657189269788119,False,0
-5,0.16666355938034166,False,0
-4,-0.20024546605048388,False,0
-3,0.033581906670142325,False,0
-2,0.1036395129830821,False,0
-1,0.3576974763779965,False,0
0,0.06854786317878275,False,0
1,-0.06826637615602615,False,0
2,0.02474329976304096,False,0
3,0.18121041032763313,False,0
4,0.15117785720333837,False,0
5,0.2571550886500263,False,0
6,0.37986680053588145,False,0
7,0.20462549078905584,False,0
8,0.3104137900895974,False,0
9,0.17164536784591428,False,0
10,0.3283688848845238,False,0
11,0.24410376628121727,False,0
-4,-0.06994940506925212,False,0
-3,-0.16274019254603075,False,0
-2,0.2326895976152828,False,0
-1,0.1553489311858795,False,0
0,0.19101322482131416,False,0
1,0.32614378868437516,False,0
2,0.2221911935236051,False,0
3,0.008600264936224344,False,0
4,-0.014400751121188882,False,0
5,0.1514889045425281,False,0
6,0.2010959752363763,False,0
7,0.3044121748376238,False,0
8,0.21517602956146636,False,0
9,0.2146468584040681,False,0
10,0.08052938020539457,False,0
11,0.35332004920809906,False,0
12,0.213022616788549,False,0
13,0.3358424672729346,False,0
14,-0.00522662757904474,False,0
-4,0.1687412460103791,True,1
-3,-0.09533709488657852,True,1
-2,-0.07340415112380058,True,1
-1,0.540137000278154,True,1
0,0.46532547901334487,True,1
1,0.5238269696445284,True,1
2,0.49271026007457597,True,1
3,0.40880255136164345,True,1
4,0.34178118790334333,True,1
-8,-0.11950086415095867,True,1
-7,0.03688710161930375,True,1
-6,0.0287261976364942,True,1
-5,0.19547296638162254,True,1
-4,-0.0003397887502759045,True,1
-3,-0.013093143733398649,True,1
-2,0.22566034336515056,True,1
-1,0.23637193766021608,True,1
0,0.22712413631310097,True,1
1,0.2060059922552852,True,1
2,0.015695348329153647,True,1
-7,0.08502199841590236,False,1
-6,-0.07949180754803792,False,1
-5,-0.005530190867864382,False,1
-4,-0.11988524851859728,False,1
-3,-0.045809418170280225,False,1
-2,0.18640197643504836,False,1
-1,0.16972417181531513,False,1
0,0.21181730245959002,False,1
1,-0.0810368745471684,False,1
2,-0.10868844746085815,False,1
3,0.16678806449184486,False,1
4,0.16180808962828458,False,1
5,0.22235094574590647,False,1
6,0.2952787674641611,False,1
7,0.14384244899681747,False,1
-7,0.01873431816913329,False,1
-6,0.014578575119398862,False,1
-5,-0.03331289328853204,False,1
-4,-0.11493908523728147,False,1
-3,0.09055328858047862,False,1
-2,0.22962556906202958,False,1
-1,0.12783505346784652,False,1
0,0.19925816431974486,False,1
1,0.12840425819064105,False,1
2,-0.29919517293988285,False,1
3,-0.16911318120168833,False,1
4,-0.10501057784705481,False,1
5,-0.20193591529316407,False,1
6,-0.23802758953836767,False,1
-6,0.0975569101564352,False,1
-5,6.172343321164675e-05,False,1
-4,-0.09761863358964706,False,1
-3,0.06409333788646565,False,1
-2,0.19845314362015198,False,1
-1,0.03907853305720532,False,1
0,0.30247524469181997,False,1
1,-0.0034582034228407554,False,1
2,-0.025706404540231098,False,1
3,0.016562243820493205,False,1
4,0.018092280624858348,False,1
5,-0.02981694737201923,False,1
6,0.11260234552047987,False,1
7,0.01616562591627324,False,1
8,-0.0836367897098812,False,1
9,0.01791296028898315,False,1
10,0.14045551871564177,False,1
11,-0.10821155689910866,False,1
12,0.03510564114429893,False,1
-8,0.045810556816491266,False,1
-7,-0.06858392164136923,False,1
-6,0.022773364824878073,False,1
-5,-0.013154869681083259,False,1
-4,0.032076383122051744,False,1
-3,0.011835571096432296,False,1
-2,0.16794093116157854,False,1
-1,0.15559976150956673,False,1
0,0.22846315051706473,False,1
1,0.22947824394707356,False,1
2,0.18143351493444587,False,1
3,0.2516905120869221,False,1
4,0.11739401325424498,False,1
5,0.10721361929350409,False,1
6,0.11697437470750399,False,1
7,0.29661168489833506,False,1
8,0.330600790262452,False,1
-7,-0.021501898885044612,False,1
-6,-0.028994946263428134,False,1
-5,0.050496845148472524,False,1
-4,0.2151190770397372,False,1
-3,0.14291080867305705,False,1
-2,0.00747324956465778,False,1
-1,0.2534720842067565,False,1
0,0.3519301205681905,False,1
1,0.08025261466011724,False,1
2,0.10837953454440419,False,1
3,0.021193117365303604,False,1
4,-0.11341640531125147,False,1
5,0.09868496883028666,False,1
6,0.18024373684729855,False,1
7,0.19773930036360343,False,1
-4,0.11810651334555278,False,1
-3,-0.16511641182395193,False,1
-2,0.047009898478399204,False,1
-1,0.39825642565153474,False,1
0,0.1786746429564836,False,1
1,0.1538689412785751,False,1
2,0.08065897342458916,False,1
3,0.2132958582416199,False,1
4,0.129858224491753,False,1
5,0.03163215707694211,False,1
6,0.10616841863682558,False,1
7,0.15996259442514926,False,1
8,0.19572093361318843,False,1
9,0.24581189892047006,False,1
-6,0.057864804305425066,False,1
-5,0.034133410130651964,False,1
-4,-0.09199821443607692,False,1
-3,0.11356645151239408,False,1
-2,0.14538484846410693,False,1
-1,0.19796778105561774,False,1
0,0.24920776975269576,False,1
1,-0.081675812160108,False,1
2,-0.06755455475356725,False,1
3,-0.04701248850881462,False,1
4,-0.04263644049996895,False,1
5,-0.09582993465264233,False,1
6,-0.30255086026545874,False,1
7,0.1104596781713465,False,1
8,0.14373301850091913,False,1
9,0.17250033780274632,False,1
10,0.09857503141848545,False,1
11,0.2238441135445981,False,1
-5,0.0847239601345518,False,3
-4,-0.011104480254138016,False,3
-3,-0.07361947988041379,False,3
-2,0.2060092964623041,False,3
-1,0.19593736890422347,False,3
0,0.3837781772896052,False,3
1,0.3200496335991139,False,3
2,0.08166179554693354,False,3
3,0.20817426531825617,False,3
4,0.2607210321003986,False,3
5,0.2073733076100544,False,3
6,0.15941156177413224,False,3
7,0.28787356887466825,False,3
8,0.09035960314482838,False,3
9,0.15784813122331792,False,3
10,-0.05121917197017101,False,3
11,0.17465440714173203,False,3
12,0.30176522733125904,False,3
13,0.3758927459443678,False,3
14,-0.12717788306375172,False,3
15,0.21884701970892412,False,3
-8,0.12156266124071263,False,3
-7,-0.1494697563742508,False,3
-6,0.027907095133538118,False,3
-5,0.1481167533419087,False,3
-4,-0.02694476538949636,False,3
-3,-0.13164693748724876,False,3
-2,0.09507120350713033,False,3
-1,0.3753078242630106,False,3
0,0.19562088458043786,False,3
1,0.030432498428224375,False,3
2,0.07752569705380091,False,3
3,0.3463811621940907,False,3
4,0.048934359784438775,False,3
5,0.08118065123056656,False,3
6,0.2799562670188562,False,3
7,0.06328657838694135,False,3
-8,-0.0468298698757475,False,3
-7,-0.051259295967493346,False,3
-6,-0.14890311525373207,False,3
-5,0.043514916804245185,False,3
-4,-0.13699759529890781,False,3
-3,0.09518108382643758,False,3
-2,-0.12898976214451308,False,3
-1,0.18116582669437847,False,3
0,0.5458929216094257,False,3
1,0.3799108831386481,False,3
2,0.31197998608424754,False,3
-8,-0.2465015733314452,False,3
-7,0.07649140937001875,False,3
-6,-0.1193796010634866,False,3
-5,0.15643999142978338,False,3
-4,-0.08269394182027245,False,3
-3,-0.1091367922548595,False,3
-2,0.3772754361384162,False,3
-1,0.03410857914185672,False,3
0,0.16084135492872587,False,3
1,-0.15061861276246774,False,3
-8,-0.090294236979172,False,3
-7,0.011029290357177812,False,3
-6,-0.1679006114258496,False,3
-5,0.021477692345104882,False,3
-4,0.29156483464071314,False,3
-3,0.07273589073343889,False,3
-2,-0.09077646717146304,False,3
-1,0.2626410987605289,False,3
0,0.4181722781300027,False,3
1,0.23348625381767685,False,3
2,0.2786676909153484,False,3
-8,0.1903210192049249,False,3
-7,-0.12590571140136553,False,3
-6,-0.06441530780355942,False,3
-5,-0.13402983324451528,False,3
-4,0.030976413973208994,False,3
-3,0.17095029082118535,False,3
-2,-0.031612208160329947,False,3
-1,0.3370303494977272,False,3
0,0.4115301532113604,False,3
1,0.28508677379592867,False,3
2,0.1567318007270489,False,3
3,0.13905740118837534,False,3
4,0.18798388284674777,False,3
5,0.14270005031742244,False,3
6,0.39281046054264573,False,3
7,0.3889520472349974,False,3
8,0.20677495590482248,False,3
9,0.12488976118664036,False,3
-6,0.2222657502662299,False,3
-5,-0.09120231415872676,False,3
-4,-0.13106343610750315,False,3
-3,-0.16137517352513353,False,3
-2,0.24153845546977287,False,3
-1,0.24674814542726925,False,3
0,0.14312608458868298,False,3
1,0.07808816486203807,False,3
2,-0.18015843701853174,False,3
3,-0.04504979957676036,False,3
4,0.23739863134310651,False,3
5,0.10155352997697831,False,3
6,0.181496648927214,False,3
7,0.11018013288405881,False,3
8,-0.1193872735367359,False,3
9,0.22993832255599683,False,3
10,0.17953232467890273,False,3
11,0.32447719909438827,False,3
12,0.24136905038650674,False,3
-8,-0.17173833337372021,False,3
-7,-0.07563187062134313,False,3
-6,-0.0775495137953715,False,3
-5,0.08658049350894242,False,3
-4,0.2551199367858415,False,3
-3,0.024285541454436677,False,3
-2,0.11057104840524196,False,3
-1,0.33312479320070093,False,3
0,0.23905570874903187,False,3
1,-0.051087427881695124,False,3
2,0.1931721376080177,False,3
3,-0.044556565658165626,False,3
4,0.03910554114898879,False,3
5,0.008348200636141223,False,3
6,0.07980527434590895,False,3
-8,-0.08301563832486747,False,3
-7,0.13108070760060458,False,3
-6,0.2421383738005402,False,3
-5,0.0563339822063485,False,3
-4,0.15754465122136257,False,3
-3,-0.022396259105613214,False,3
-2,0.22779788463665035,False,3
-1,0.18903067663255618,False,3
0,0.12203766350975409,False,3
1,0.0421130721048818,False,3
2,0.030666521050337847,False,3
3,-0.11115255377815325,False,3
4,-0.09692056124015597,False,3
-5,0.21835027078748392,False,4
-4,-0.21092843050116855,False,4
-3,-0.007421840286315096,False,4
-2,0.3613650311931592,False,4
-1,0.12035386287083905,False,4
0,0.20658988122393163,False,4
1,0.20340724317834002,False,4
2,0.11017964247887813,False,4
3,-0.029425323630334566,False,4
4,0.16527709174662597,False,4
5,0.07083605033807105,False,4
6,0.20268592529734364,False,4
7,0.27140074688898974,False,4
8,0.04146780845076903,False,4
-7,0.11724660304238066,False,4
-6,-0.04962354030096883,False,4
-5,-0.06762306274141172,False,4
-4,-0.06231873575795538,False,4
-3,-0.009264847260140596,False,4
-2,0.4302692695082925,False,4
-1,0.09970492908306938,False,4
0,0.4984617126716875,False,4
1,0.3139989177868441,False,4
2,0.06891972353157078,False,4
3,0.060235020195683664,False,4
4,0.0004071790237005768,False,4
5,0.36576180535208935,False,4
6,0.26735767589374804,False,4
7,0.03101317908417789,False,4
8,0.23108509940956734,False,4
-8,-0.030864848554543634,False,4
-7,-0.05361619888035346,False,4
-6,-0.0973047318994506,False,4
-5,-0.03238048941184973,False,4
-4,0.2765535089269809,False,4
-3,-0.1535849113110595,False,4
-2,0.2515839023683792,False,4
-1,0.33149057955015654,False,4
0,0.22353548298983644,False,4
1,0.2483130247688437,False,4
2,0.2348074695903361,False,4
3,0.08268689964775638,False,4
4,0.10863373092565937,False,4
5,0.18407708883548707,False,4
6,0.08654505539444507,False,4
7,0.11985924367656708,False,4
8,0.27823417097447406,False,4
-8,0.09926025797408777,False,4
-7,-0.038514487795920094,False,4
-6,0.01136497802215497,False,4
-5,-0.10517268507679206,False,4
-4,-0.05632138122060165,False,4
-3,-0.23028200888530181,False,4
-2,-0.03563971845920261,False,4
-1,0.25255014035551504,False,4
0,0.3943448069075055,False,4
1,0.056178388583084604,False,4
2,0.3877569379028981,False,4
3,0.256102876810281,False,4
4,0.26777630904612904,False,4
5,0.32002172943008267,False,4
6,0.46533876355409076,False,4
7,0.258516326714755,False,4
-8,0.13350564824945205,False,4
-7,-0.039688806110318,False,4
-6,-0.09381684213913394,False,4
-5,0.24626566637021524,False,4
-4,0.07164020137217403,False,4
-3,0.06824021502924726,False,4
-2,0.18008730996669647,False,4
-1,0.1922763502826586,False,4
0,0.1894008625633637,False,4
1,-0.10210220931175551,False,4
2,0.17749868660085028,False,4
3,0.19039419881277336,False,4
4,0.11498082803528692,False,4
5,0.21774916497264568,False,4
6,0.2861864149803138,False,4
-6,-0.0415814083638828,False,4
-5,-0.048837784682379204,False,4
-4,0.09041919304626189,False,4
-3,-0.05149506456640518,False,4
-2,0.1679416927345243,False,4
-1,0.18364320368091747,False,4
0,0.20809130581914814,False,4
1,0.4355331742228452,False,4
2,0.22948637025776197,False,4
3,0.19405465283227152,False,4
4,0.1142608922502234,False,4
5,0.1804854941586903,False,4
6,0.1560326036608901,False,4
7,0.114155562273216,False,4
8,0.0035413344109244127,False,4
9,-0.1075863277386011,False,4
10,-0.12847942968647968,False,4
11,0.14146327822126348,False,4
-8,-0.08025107377262664,False,4
-7,0.04147901985282526,False,4
-6,-0.20125860319791616,False,4
-5,-0.04382231405954712,False,4
-4,-0.026278683485855214,False,4
-3,-0.02184767455600134,False,4
-2,0.07400155004795356,False,4
-1,0.135055836839234,False,4
-7,0.043949170595192766,False,4
-6,0.02684717463761155,False,4
-5,-0.07079634523280443,False,4
-4,0.013514883564422653,False,4
-3,-0.07491246099493393,False,4
-2,0.05583288555222754,False,4
-1,0.18960043566699458,False,4
0,0.29077890959570485,False,4
1,0.14548632261627747,False,4
2,-0.01515248807168923,False,4
3,0.25408326889788635,False,4
4,0.16024366044596994,False,4
5,0.23714189404607378,False,4
6,0.1794624473006936,False,4
7,0.20568435564451915,False,4
8,0.0007174343673890804,False,4
9,0.2135316628553482,False,4
10,0.3790337211967483,False,4
11,0.3526015375214938,False,4
-8,0.08630395116768258,False,6
-7,0.02751901512403604,False,6
-6,0.06150592159094287,False,6
-5,0.07158057582861038,False,6
-4,-0.014907869981662658,False,6
-3,0.0758764394599773,False,6
-2,0.1366127728819107,False,6
-1,0.30067931116334007,False,6
0,0.3041497148979268,False,6
1,0.09049785027742957,False,6
2,0.05843453763125267,False,6
3,-0.05966134420340041,False,6
4,-0.15851493373153286,False,6
-4,-0.07366010064762793,False,6
-3,0.08456521392212879,False,6
-2,-0.010905113274500833,False,6
-1,0.2979289127100529,False,6
0,0.3486203543974536,False,6
1,0.4505364541295736,False,6
2,0.16186776703780692,False,6
3,0.2876703253708058,False,6
4,0.30265533208057444,False,6
5,0.2692526457547421,False,6
6,0.33934614719814343,False,6
7,0.30986820069966375,False,6
8,0.2174930459840943,False,6
-8,0.08187975646632512,False,6
-7,0.006918968071825238,False,6
-6,-0.0887987245381503,False,6
-5,-0.15902827254203844,False,6
-4,-0.097401025179631,False,6
-3,-0.19230182169603474,False,6
-2,0.2381526355109006,False,6
-1,0.19658301944072254,False,6
0,0.5223260345100974,False,6
1,0.4878287545896922,False,6
2,0.446263429237466,False,6
3,0.6383368118873702,False,6
4,0.4139422146933466,False,6
-4,-0.07581993855742225,False,6
-3,-0.11635204194110937,False,6
-2,0.19217198049853162,False,6
-1,0.15525235524064945,False,6
0,0.30603337469871833,False,6
1,0.3822296403276219,False,6
2,0.2930140788514602,False,6
3,0.3863255018285942,False,6
4,0.297181846534374,False,6
5,0.21175831949272977,False,6
6,0.07419244368043532,False,6
7,0.14954244014467816,False,6
8,-0.0023269797941690706,False,6
9,0.1378207511956409,False,6
10,0.1718427312706931,False,6
11,0.046619490675496034,False,6
12,0.047789399393576903,False,6
-5,0.0826530362137578,False,6
-4,0.01461167756118853,False,6
-3,-0.09726471377494647,False,6
-2,0.10703491331791637,False,6
-1,0.23964465044338973,False,6
0,0.3111845406090516,False,6
1,0.18368131486966366,False,6
2,0.23516316479457317,False,6
3,0.2658515848463288,False,6
4,0.2452031284080523,False,6
5,0.3381613465161361,False,6
6,0.19762964958186852,False,6
7,0.18935937052937923,False,6
8,0.3637666292388922,False,6
9,0.14023998357854284,False,6
10,0.16867310883089393,False,6
11,0.1563321653055953,False,6
12,0.4922793136561691,False,6
13,0.31286196365087154,False,6
-8,-0.0019340907746326352,False,6
-7,0.18021377830757568,False,6
-6,0.1128626944156057,False,6
-5,0.2259221377595807,False,6
-4,0.1767427218566473,False,6
-3,0.09903570448575855,False,6
-2,0.08518805539636792,False,6
-1,0.1639307526137439,False,6
0,0.33536678986661794,False,6
1,0.23543284909172724,False,6
2,0.2688173493588858,False,6
3,0.1366901278493715,False,6
4,0.1921575985853209,False,6
5,0.3247510087924258,False,6
6,0.21547359891246043,False,6
-4,0.09050212526680163,False,6
-3,-0.1718348454999529,False,6
-2,0.0813327202331513,False,6
-1,0.301397195950779,False,6
0,0.30444250449830995,False,6
1,0.3548659868598855,False,6
2,0.18017675416063833,False,6
3,0.17042398739837866,False,6
4,0.22065029999122826,False,6
5,0.140519309360643,False,6
6,-0.0524827427468445,False,6
7,0.09633675161611199,False,6
8,-0.06915175305941512,False,6
9,0.11902496521165135,False,6
10,0.0075550353122434966,False,6
11,-0.06657501718043463,False,6
12,0.013294486808274775,False,6
13,0.2222035788981101,False,6
14,0.17664358957742105,False,6
15,0.3254941870182992,False,6
-8,0.08724467514777884,False,6
-7,0.21841448535347824,False,6
-6,0.01032581381313985,False,6
-5,0.057552417168356684,False,6
-4,-0.024837131645684574,False,6
-3,-0.1423994828901376,False,6
-2,0.3806496584315127,False,6
-1,0.14090001688152337,False,6
0,0.288644347660365,False,6
1,0.3367367677403578,False,6
2,0.09869069061823071,False,6
3,0.45794126448714106,False,6
4,0.1492489115559899,False,6
5,0.31177951859701064,False,6
-4,-0.037032366288190066,False,6
-3,-0.13356591787353742,False,6
-2,0.1705982841617275,False,6
-1,0.15570982432759062,False,6
0,0.4339032586306176,False,6
1,0.27281988515071387,False,6
2,0.31958617572462256,False,6
3,0.296313474019943,False,6
4,0.11764590508199829,False,6
5,0.33107314334093574,False,6
6,0.4202629241872099,False,6
7,0.13288263695138958,False,6
8,-0.013700312328176478,False,6
9,-0.04844270970436709,False,6
10,0.1496556965552167,False,6
-5,0.30477300773860955,False,6
-4,-0.16287805276785575,False,6
-3,-0.14189495497075372,False,6
-2,0.16994931493938203,False,6
-1,0.2467368492987672,False,6
0,0.17685195638905915,False,6
1,0.16803484116522271,False,6
2,0.1904320934733354,False,6
3,0.30000039371023707,False,6
4,0.359070012544583,False,6
5,0.08129740451858258,False,6
6,0.07745219768249911,False,6
7,0.2268959219380619,False,6
8,0.1194902588086072,False,6
9,0.23675126270719,False,6
10,0.22432004832886604,False,6
11,0.09349114895661487,False,6
12,0.10002849842190148,False,6
13,0.14640590584140523,False,6
14,0.06258828742903577,False,6
-8,-0.23047635577628806,False,6
-7,-0.014426669288165272,False,6
-6,-0.07692917152478618,False,6
-5,-0.061437928787864526,False,6
-4,0.11878428511892092,False,6
-3,0.20001432143058062,False,6
-2,0.1874648818356307,False,6
-1,0.071534628226738,False,6
0,0.34761502778915965,False,6
1,0.1958218069394727,False,6
2,0.2702337002789359,False,6
3,0.6350872155972747,False,6
4,0.2602892523302148,False,6
-5,0.27874572852069096,True,7
-4,-0.2045199880584973,True,7
-3,-0.07422574046219366,True,7
-2,0.13976276784925007,True,7
-1,0.27887691765934536,True,7
0,0.16802401094089808,True,7
1,0.17949043658338532,True,7
2,0.2463105253308599,True,7
3,0.1203802228434318,True,7
4,0.10893905539201848,True,7
5,-0.03452110675124276,True,7
6,-0.22862111062655294,True,7
-8,0.16964878631814284,True,7
-7,0.11184592178267866,True,7
-6,0.22742468330599963,True,7
-5,0.1710891290075241,True,7
-4,0.05942860782324738,True,7
-3,-0.07427114826003359,True,7
-2,-0.08555713595852993,True,7
-1,0.4355703148692599,True,7
0,0.19165744146164537,True,7
1,0.1369318381341746,True,7
2,0.4075622720875596,True,7
3,0.24339072083114022,True,7
4,0.032762140654318705,True,7
-5,-0.005839644862136895,False,7
-4,0.05722216862900098,False,7
-3,-0.05138252376686411,False,7
-2,0.22823206030493892,False,7
-1,0.18027168871553273,False,7
0,0.19920994465802144,False,7
1,-0.005153429980556512,False,7
2,0.1498080582903895,False,7
3,0.14059950562939683,False,7
4,0.10154987483079014,False,7
5,0.24869082690615374,False,7
6,0.05583758615322493,False,7
7,0.18803586546172307,False,7
8,0.1869361787855725,False,7
9,0.27110066760507734,False,7
10,0.16483833663972214,False,7
11,0.1741523034319571,False,7
12,0.1788726175972256,False,7
13,0.31198471939399186,False,7
14,0.07447314885054745,False,7
15,0.3132748339928586,False,7
-8,-0.018562345708808714,False,7
-7,-0.10011161356709714,False,7
-6,-0.20953891555342757,False,7
-5,-0.1820531584241679,False,7
-4,0.05791420214249515,False,7
-3,0.12693981604154175,False,7
-2,0.25738918060506427,False,7
-1,0.10660379828687744,False,7
0,0.1825209457297738,False,7
1,0.08087353697544031,False,7
2,0.06401653475937163,False,7
3,0.11432252897005996,False,7
4,-0.036628266515662145,False,7
5,0.2082550720297543,False,7
6,0.2672023048788879,False,7
7,0.020738644126211125,False,7
8,0.25972411868604656,False,7
-8,0.20755894822711346,False,7
-7,0.09074877668925424,False,7
-6,0.12597117261621177,False,7
-5,0.15007144879615936,False,7
-4,-0.2508178723886524,False,7
-3,-0.14892181300184582,False,7
-2,0.19969897959986532,False,7
-1,0.1461882622902781,False,7
0,0.24090046195832432,False,7
1,0.22678586173003362,False,7
2,0.1477996332238169,False,7
3,0.06800213252780857,False,7
4,-0.05773908324687338,False,7
5,0.121098601739065,False,7
6,0.14974498250254215,False,7
-6,-0.052899850257292214,False,7
-5,0.16557606929604052,False,7
-4,-0.11267621903874833,False,7
-3,-0.05280399231696753,False,7
-2,0.11789733495875654,False,7
-1,0.2624760604825054,False,7
0,0.18790713222074773,False,7
1,0.30025552001851463,False,7
2,0.25715171456085417,False,7
3,0.40718203415206167,False,7
4,0.3655787670367485,False,7
5,0.23115716964220945,False,7
6,-0.01060775577376638,False,7
7,0.0361732841577192,False,7
8,-0.08033717538625657,False,7
9,0.006127556612283758,False,7
10,-0.09591069010343628,False,7
-8,0.029152059933854113,False,7
-7,-0.046534493492211504,False,7
-6,0.01738243355835717,False,7
-5,-0.031133533720831053,False,7
-4,-0.12568869107920566,False,7
-3,-0.1687582876215578,False,7
-2,0.38430992088997146,False,7
-1,0.2437273847524754,False,7
0,0.31174141249848036,False,7
1,0.1707164917924074,False,7
2,0.1695827426116277,False,7
3,0.10240546319131721,False,7
4,0.060751574185424206,False,7
5,0.0490833041399395,False,7
6,0.003496690147204662,False,7
7,0.20324398950266914,False,7
8,0.15307289261422147,False,7
9,-0.12672038335496932,False,7
10,0.1056076001166662,False,7
11,0.35703101090485684,False,7
-8,0.08754562216814954,False,7
-7,0.11798550612275682,False,7
-6,-0.05542415893295044,False,7
-5,-0.058986782228558854,False,7
-4,-0.05448084591805691,False,7
-3,0.06845883193472058,False,7
-2,0.19472274220529207,False,7
-1,0.1612777757578483,False,7
0,0.20419358594330694,False,7
-8,-0.13294373412201893,False,7
-7,-0.14172140946322398,False,7
-6,-0.1220198178617849,False,7
-5,-0.15825143184800372,False,7
-4,0.07429384175297421,False,7
-3,0.007090653866737517,False,7
-2,0.19153686965865308,False,7
-1,0.19412675698213483,False,7
0,0.29826740508488675,False,7
1,0.040289388647397006,False,7
2,0.11827157043802267,False,7
3,-0.01858564368547999,False,7
4,0.38448661074559004,False,7
5,0.1494789724075582,False,7
6,0.005408146160866656,False,7
7,-0.06874940822568681,False,7
-6,0.221979469578994,False,7
-5,-0.09332418145016202,False,7
-4,-0.12865528812883203,False,7
-3,0.0867470542663048,False,7
-2,0.0524230008161109,False,7
-1,0.22538889301221193,False,7
0,0.3605511342032581,False,7
1,0.28353222308672493,False,7
2,-0.005562569441729892,False,7
3,0.09426863988606088,False,7
4,-0.01048332543106889,False,7
5,0.06034675930091393,False,7
6,0.07028173959047435,False,7
7,0.008616208845119377,False,7
8,-0.047026068759329076,False,7
9,-0.10619790754232472,False,7
10,-0.011127108222530158,False,7
-6,0.05191627358396417,False,7
-5,-0.10287230297845784,False,7
-4,0.050956029394493674,False,7
-3,-0.026562391409657493,False,7
-2,0.30366341841739936,False,7
-1,0.024651742336812887,False,7
0,0.2702099253779842,False,7
1,0.17170154792611642,False,7
2,0.18671447442783778,False,7
3,0.035512266749736676,False,7
4,-0.03745580442045576,False,7
5,-0.005321603419258525,False,7
6,-0.05580692959657735,False,7
7,0.06790660926202724,False,7
8,0.1706476864275112,False,7
9,0.1513813509969268,False,7
10,0.1571671044380662,False,7
11,0.04017082654682119,False,7
12,-0.01956537092322308,False,7
-6,0.009494462496038136,False,7
-5,0.0006258143651134973,False,7
-4,-0.010120276861151689,False,7
-3,-0.08451578022652037,False,7
-2,0.24278322189405555,False,7
-1,0.27722780953897774,False,7
0,0.0522713691780749,False,7
1,-0.012378995519145453,False,7
2,0.18558349838064692,False,7
3,0.2484369079818709,False,7
4,0.2629664115205741,False,7
5,0.37164939878234715,False,7
6,0.3155325725845324,False,7
7,0.3286340379314817,False,7
8,0.37115789883551054,False,7
9,0.45655834494940783,False,7
-7,0.1864803984791542,False,7
-6,-0.10929046519653979,False,7
-5,-0.07718993328261442,False,7
-4,-0.12820365256053273,False,7
-3,0.1122238416974699,False,7
-2,-0.012785815708858339,False,7
-1,0.3141094127261961,False,7
0,0.2807097197202253,False,7
1,0.16149561371595855,False,7
2,0.13188993359477652,False,7
3,-0.038900678476654016,False,7
4,0.11432834437173,False,7
5,0.1317197281962591,False,7
6,0.2631348389568504,False,7
7,0.36175715150807475,False,7
8,0.39016257295876045,False,7
9,0.300238662081193,False,7
10,0.05490242865489908,False,7
11,0.3076488762927464,False,7
-8,0.20840410235224743,True,9
-7,-0.026894799008038428,True,9
-6,-0.08991618847342808,True,9
-5,0.2739892838688281,True,9
-4,0.07965216214904841,True,9
-3,0.008951155280809753,True,9
-2,0.15196235998362312,True,9
-1,0.29650431236927605,True,9
0,0.2066527480183254,True,9
1,-0.14814412129322457,True,9
2,-0.009563171494762601,True,9
-8,0.09561250136321642,False,9
-7,-0.07167848713144953,False,9
-6,0.15603455385647214,False,9
-5,0.214805634675877,False,9
-4,0.0070157075374001066,False,9
-3,0.05786004879291107,False,9
-2,0.26154486001305266,False,9
-1,0.20368769290735667,False,9
0,0.15786239052734252,False,9
1,0.10792490497769125,False,9
2,0.024110905283557527,False,9
3,0.04986638742045868,False,9
4,0.1812173990832041,False,9
-5,0.1323954049398467,False,9
-4,-0.05502812140850036,False,9
-3,-0.07736728353134628,False,9
-2,0.07282334229197285,False,9
-1,0.17043118237432764,False,9
0,0.38715228743238433,False,9
1,0.23228977723631777,False,9
2,0.11418265263159022,False,9
3,0.21412071657473442,False,9
4,0.3459394442333586,False,9
5,0.39322888909100157,False,9
6,0.2899526812729976,False,9
7,0.08703637107454165,False,9
8,0.20447971920158148,False,9
9,0.24569933783578374,False,9
10,-0.012003885064874431,False,9
11,0.03774610063472489,False,9
12,0.0550115796941536,False,9
13,-0.07657527834226072,False,9
-8,0.021192142992489005,False,10
-7,-0.1190831820583334,False,10
-6,0.3141783680414819,False,10
-5,0.22239381026952976,False,10
-4,-0.040910475295879184,False,10
-3,-0.03000063480302112,False,10
-2,0.38086850885209544,False,10
-1,0.1652281209823328,False,10
0,0.26827015594887216,False,10
1,-0.02818619784716836,False,10
-8,-0.25933718667344996,False,10
-7,0.0271311778571644,False,10
-6,-0.06750893903364821,False,10
-5,0.03791862657498074,False,10
-4,-0.008511759624842963,False,10
-3,-0.0792700203155029,False,10
-2,0.1288666624658037,False,10
-1,0.31204421214283873,False,10
0,0.2746698006587662,False,10
1,0.04014657610219158,False,10
2,0.09276378474552283,False,10
-8,-0.03216960944210823,False,10
-7,-0.2975507417136889,False,10
-6,-0.04333891979504828,False,10
-5,-0.3404147107704315,False,10
-4,-0.13076787569108606,False,10
-3,-0.09785193539601417,False,10
-2,0.16029998876123658,False,10
-1,0.2546849565691934,False,10
0,0.2797439083348137,False,10
1,0.2236801956603826,False,10
2,0.3163268126382987,False,10
3,0.30174720007584604,False,10
4,0.22142826625788709,False,10
5,0.15025705671303252,False,10
-4,0.007548417812632047,False,10
-3,0.08268721069345458,False,10
-2,-0.0902356285060868,False,10
-1,0.28091345493196757,False,10
0,0.3360870526018502,False,10
1,0.2605169195780899,False,10
2,0.16961834856920194,False,10
3,-0.04524159161364827,False,10
4,0.31784734184837155,False,10
5,-0.10471305497069872,False,10
6,-0.0042115631209725946,False,10
7,-0.10302204073816851,False,10
8,0.12224542907041597,False,10
9,0.21272263539898734,False,10
10,0.08717536855779617,False,10
11,0.19555969734369477,False,10
-8,-0.008820241904028275,False,10
-7,-0.15117155672730936,False,10
-6,0.25883799265925944,False,10
-5,0.03641976260481264,False,10
-4,0.12291300822031861,False,10
-3,-0.10902774164720813,False,10
-2,0.0568527819245809,False,10
-1,0.2078386105962944,False,10
0,0.3530844433363045,False,10
1,0.2659655998193271,False,10
2,0.10877618025953842,False,10
3,0.3016980208842398,False,10
4,0.06945409040399711,False,10
5,0.23997926112329418,False,10
6,0.2386219921855047,False,10
7,0.20359384079129486,False,10
8,-0.05079050522105044,False,10
9,-0.03352552764446651,False,10
10,0.1320700508100606,False,10
11,0.0018892358695306866,False,10
12,0.3675551526874319,False,10
-8,0.022099315556128485,False,11
-7,-0.03453189761054165,False,11
-6,-0.22119472084963943,False,11
-5,-0.18062786982079596,False,11
-4,-0.1129171091370674,False,11
-3,-0.25845470347756755,False,11
-2,0.3381547729385551,False,11
-1,0.357600378929978,False,11
0,0.22237697515191324,False,11
1,0.17627743689190783,False,11
-8,0.0069291792077317005,False,11
-7,-0.00027779316191914316,False,11
-6,-0.020355770227550363,False,11
-5,-0.03289679180701982,False,11
-4,-0.07097521290942357,False,11
-3,0.19881062857253354,False,11
-2,0.12461048780354297,False,11
-1,0.062145473338236584,False,11
0,0.4285979226889842,False,11
1,0.5186875715776208,False,11
2,0.29370999346662663,False,11
3,0.22740650250618247,False,11
4,0.14998824005089592,False,11
5,0.13254215043463394,False,11
6,0.2620164398282726,False,11
-8,-0.009099497023700803,False,11
-7,0.005352306814123103,False,11
-6,-0.11378468136244227,False,11
-5,-0.11234577142572692,False,11
-4,-0.11763710321554799,False,11
-3,-0.12502337043920042,False,11
-2,0.0663457174463338,False,11
-1,0.2943811178347615,False,11
0,0.3217834398645699,False,11
1,0.3728372090649984,False,11
-8,0.21726560934856554,False,11
-7,0.06291611691572596,False,11
-6,-0.2801817262642915,False,11
-5,-0.05587297306420058,False,11
-4,-0.10444009290328593,False,11
-3,-0.09045931649654759,False,11
-2,0.04312627785079315,False,11
-1,0.33131567559314556,False,11
0,0.2018243125635143,False,11
1,0.09042359987897153,False,11
2,0.14202890593269724,False,11
3,0.18317016224232274,False,11
4,0.05063351125073645,False,11
5,0.07906700670140432,False,11
6,0.14569435170134737,False,11
7,0.07035444371714838,False,11
8,-0.10552332469243386,False,11
9,-0.3117538193741693,False,11
10,0.07972364571247059,False,11
11,0.0918913581119224,False,11
12,0.12867186292784627,False,11
13,0.051373687312053606,False,11
14,0.08766876198463491,False,11
-8,-0.14687328532818095,False,11
-7,-0.16528253738091384,False,11
-6,0.26374097182923223,False,11
-5,0.06425038386676007,False,11
-4,0.10269034884997169,False,11
-3,-0.13497909390879553,False,11
-2,0.2672466206094398,False,11
-1,0.11247937415015513,False,11
0,0.30799309017481624,False,11
1,0.3906189036468468,False,11
2,0.2860392234246626,False,11
3,0.42359257779570003,False,11
4,0.32279428812476263,False,11
5,0.33242491676058006,False,11
6,0.27713506011538913,False,11
7,0.11201504826204184,False,11
-8,0.007082525254202415,False,11
-7,0.0031850454232331404,False,11
-6,-0.010267570677435611,False,11
-5,-0.09749437794529522,False,11
-4,-0.032916430774882266,False,11
-3,-0.04431974181401682,False,11
-2,0.020555179794602252,False,11
-1,0.20498838465603958,False,11
0,0.33160245750722905,False,11
1,0.2652358469156971,False,11
2,0.2037663557910691,False,11
3,0.27780834845373503,False,11
4,0.22325122353766486,False,11
5,0.3568808366014594,False,11
6,0.2734519296613287,False,11
7,0.09348307926276911,False,11
8,0.4430465440888789,False,11
9,0.2651921479021849,False,11
-7,-0.030765862160048896,False,11
-6,-0.08518468632602863,False,11
-5,0.11595054848607755,False,11
-4,-0.0045249617527274855,False,11
-3,-0.14325142083083162,False,11
-2,0.37670609327323606,False,11
-1,0.2130826589696579,False,11
0,0.1817840929796038,False,11
1,0.3143220485730814,False,11
2,0.21475494689134828,False,11
3,0.21904455650863802,False,11
4,0.29463308833118534,False,11
5,0.29167253800733134,False,11
6,0.24392633205580921,False,11
7,0.25035992528226897,False,11
8,0.4001162108273703,False,11
-8,-0.04468478120081487,False,11
-7,-0.08414645791718905,False,11
-6,0.08462962580992606,False,11
-5,0.010290062524084487,False,11
-4,0.018224986201800797,False,11
-3,0.019889424716512782,False,11
-2,-0.01743673997660955,False,11
-1,0.35012963267357966,False,11
0,0.31592209864933196,False,11
1,0.2448377437356346,False,11
2,0.47036430670249085,False,11
3,0.2664208493537701,False,11
4,0.3597097059406392,False,11
5,0.2996347312936277,False,11
6,0.2816575401412317,False,11
7,0.12901238130687864,False,11
8,0.17295171103144558,False,11
-4,0.16417973959307877,False,11
-3,-0.034558674941756656,False,11
-2,-0.12962106465132212,False,11
-1,0.36549595065623697,False,11
0,0.387692508775906,False,11
1,0.33841245599866965,False,11
2,0.2557006741470127,False,11
3,0.233493780701699,False,11
4,0.4128382264328564,False,11
5,0.4899813860108342,False,11
6,0.29125930674427913,False,11
7,0.29276634919326805,False,11
8,0.3993852336668613,False,11
9,0.35680986150842575,False,11
10,0.41632414787434624,False,11
11,0.28428481965832497,False,11
12,0.2226393514237359,False,11
13,0.2737617513525663,False,11
14,0.17824044177317214,False,11
15,0.038362220383584805,False,11
-7,0.1633354523094151,False,13
-6,-0.07931428048477612,False,13
-5,-0.08402117182463881,False,13
-4,-0.02361512433862184,False,13
-3,0.11889954578868078,False,13
-2,0.20153560718393576,False,13
-1,0.1896150769974418,False,13
0,0.17724988835838312,False,13
1,0.11243086521634371,False,13
2,0.08907372373954903,False,13
3,0.21556516963387723,False,13
4,-0.06432139686760491,False,13
5,-0.049382914205567896,False,13
6,-0.065949692951976,False,13
7,0.20751223190047724,False,13
8,0.07549035985144537,False,13
9,-0.02152562021459531,False,13
-8,0.10540475150201303,False,13
-7,-0.07132182198267398,False,13
-6,-0.034082929519339056,False,13
-5,-0.004011727700793416,False,13
-4,-0.07294278633979198,False,13
-3,0.2394144090212654,False,13
-2,-0.00029037314312041484,False,13
-1,0.19199545009638533,False,13
0,0.36099960479102344,False,13
1,0.4568374670439287,False,13
2,0.4464933587258808,False,13
3,0.2014647671684567,False,13
4,0.1895790207557976,False,13
-8,-0.11409514710369192,False,13
-7,-0.2199473407751448,False,13
-6,-0.17861019900491718,False,13
-5,-0.3107139311233075,False,13
-4,-0.06491007709239521,False,13
-3,-0.10855613060242633,False,13
-2,0.264015952294923,False,13
-1,0.10227950200993458,False,13
-8,0.10913537722089722,False,13
-7,0.19016697253712245,False,13
-6,0.030099317362726863,False,13
-5,0.01864009583989762,False,13
-4,0.08689994425000391,False,13
-3,0.16488338628187782,False,13
-2,0.04499028694190671,False,13
-1,0.18304677177295775,False,13
0,0.3074330121863244,False,13
1,0.21807112886989688,False,13
2,0.17411491606674157,False,13
3,0.1226069667223072,False,13
4,0.08023939339396113,False,13
5,0.08180384266339302,False,13
6,0.06434172335168986,False,13
7,0.05602235262784405,False,13
8,0.07977836590782722,False,13
9,-0.029815925379392566,False,13
-8,-0.17994062813071693,False,13
-7,0.10810131117157395,False,13
-6,0.04170294187553597,False,13
-5,0.08895780184823793,False,13
-4,0.028397521790270108,False,13
-3,-0.008619989307150688,False,13
-2,0.14010401531407324,False,13
-1,0.21010081685787574,False,13
0,0.32260704571170074,False,13
1,0.37227517026530965,False,13
2,0.20006473314768958,False,13
3,0.19135674636833971,False,13
4,0.3958617862095605,False,13
5,0.3443903922354744,False,13
-5,0.00826906138265246,False,14
-4,0.011786666874636503,False,14
-3,-0.02005572825728902,False,14
-2,0.08526990423005806,False,14
-1,0.26198419539815054,False,14
0,0.2137238392060323,False,14
1,0.2401505777279457,False,14
2,0.5054844342292825,False,14
3,0.0908853094922357,False,14
4,0.25951649283964995,False,14
5,0.10061072556700942,False,14
6,0.12213916559954066,False,14
7,-0.03084354399983502,False,14
8,0.1159756211155469,False,14
-8,-0.10846206439456317,False,14
-7,-0.10540574897078997,False,14
-6,-0.06104053432841666,False,14
-5,-0.0645254356510451,False,14
-4,-0.13882521521874766,False,14
-3,0.04898660128389226,False,14
-2,0.2995332549165505,False,14
-1,0.1254506386003746,False,14
0,0.15389634417893677,False,14
1,0.32468210788613383,False,14
2,0.3548151578773342,False,14
3,0.36473802464542393,False,14
4,0.40723389369311314,False,14
5,0.2738178804065138,False,14
6,0.43315264093318284,False,14
7,0.26782157286437297,False,14
8,0.20200005398283705,False,14
9,0.04381030292572563,False,14
10,0.22696241377943815,False,14
11,0.07841396078322849,False,14
-8,-0.07694958387716985,False,14
-7,0.06893301967179166,False,14
-6,0.0457719552999617,False,14
-5,-0.08985938085894207,False,14
-4,-0.008650652321206653,False,14
-3,0.015246612116190383,False,14
-2,0.29899810737982613,False,14
-1,0.11648113366021973,False,14
0,0.1345094697253577,False,14
1,0.035822217027571546,False,14
2,0.23283037231508175,False,14
3,0.13905502002756287,False,14
4,0.1385574225374689,False,14
5,-0.00011848064889674603,False,14
6,-0.024988418979542182,False,14
7,0.15530401516550846,False,14
8,-0.1019964539771033,False,14
9,0.28713968080773933,False,14
10,-0.07975484757641627,False,14
11,0.23191345784502326,False,14
12,0.16754716543274256,False,14
-8,-0.09167773697788517,False,16
-7,-0.19840425436366235,False,16
-6,0.13352949748283224,False,16
-5,0.14161104601926341,False,16
-4,-0.09920257867096494,False,16
-3,0.018660171928364416,False,16
-2,0.1243176475527403,False,16
-1,0.34038017179280144,False,16
-8,-0.22222494828764586,False,16
-7,-0.18089881859209794,False,16
-6,-0.0482907171748474,False,16
-5,-0.05967751061616838,False,16
-4,0.04258168885652769,False,16
-3,0.0495446902551846,False,16
-7,-0.024819333437041124,False,16
-6,-0.07221847865494091,False,16
-5,0.09703781209198203,False,16
-4,-0.10361476767217928,False,16
-3,-0.051827270828067984,False,16
-2,0.1866644464632713,False,16
-1,0.31103530786380673,False,16
0,0.15266127791832707,False,16
1,0.13121662864282124,False,16
2,0.023385157837279902,False,16
3,0.08108659772943905,False,16
4,0.18898988118925608,False,16
5,0.5272427398000954,False,16
6,0.3548458578919561,False,16
7,0.30292798032078816,False,16
-5,0.10648474854839823,False,16
-4,-0.01998153713096873,False,16
-3,-0.0865032114174295,False,16
-2,0.1312947079614748,False,16
-1,0.26926330160310735,False,16
0,0.3273637371890845,False,16
1,0.24472626121914803,False,16
2,0.03028117529411592,False,16
3,-0.011786834978843336,False,16
4,0.11181319241795978,False,16
5,0.1785891605369821,False,16
6,0.21797864854688487,False,16
7,0.39920479238588025,False,16
8,0.24460100378630178,False,16
9,-0.08191186229093105,False,16
10,0.3023908955281426,False,16
11,0.4401808026276166,False,16
12,0.19089602242860176,False,16
13,0.018157626962234802,False,16
14,0.16211310607184432,False,16
15,0.06550902136863734,False,16
-8,0.1362860565088707,False,16
-7,-0.17915752781465388,False,16
-6,0.04287147130578317,False,16
-5,0.029375944541954913,False,16
-4,0.13983117049339566,False,16
-3,-0.02672353366131952,False,16
-2,0.07699550560786972,False,16
-1,0.06671079866845075,False,16
0,0.38361890765157747,False,16
1,0.171681654683427,False,16
2,0.01722284153367193,False,16
3,0.2593737243808907,False,16
4,0.45522107172621484,False,16
5,0.3251157069888315,False,16
6,-0.019397535316606596,False,16
7,0.0500401047457133,False,16
8,0.01842259150638048,False,16
9,0.2190529316978893,False,16
10,0.14422896157154264,False,16
11,0.09621863839067557,False,16
-6,0.20840480642366233,False,16
-5,-0.11277454073519547,False,16
-4,-0.095630265688467,False,16
-3,0.09107638738589618,False,16
-2,0.11331848063539335,False,16
-1,0.2656041695562273,False,16
0,0.18799321020925336,False,16
1,0.17574549411593798,False,16
2,0.08742018296251636,False,16
3,0.08908784821092924,False,16
4,0.06262443156343539,False,16
5,-0.08777675822611228,False,16
6,-0.06966317960912502,False,16
7,-0.20601588070065058,False,16
8,-0.22582342001947472,False,16
9,-0.24837041081080308,False,16
10,-0.2561689436607357,False,16
11,-0.26329670266697913,False,16
12,-0.26286621733308274,False,16
13,-0.25167454559729824,False,16
14,-0.16842851131974407,False,16
15,-0.24067709575820545,False,16
-5,0.036003385703245364,True,17
-4,-0.004786908047265559,True,17
-3,-0.031216477655979805,True,17
-2,0.1115508774028895,True,17
-1,0.29068537075510026,True,17
0,0.32509553248308465,True,17
1,0.21254528272539036,True,17
2,0.22721750704056554,True,17
3,0.37681166458404125,True,17
4,0.441850515111215,True,17
5,0.14942779725269534,True,17
6,0.037087730759950796,True,17
7,0.05194747636914114,True,17
-5,0.0068759559547751925,False,17
-4,-0.13080124222332895,False,17
-3,0.12392528626855381,False,17
-2,0.1518820278732071,False,17
-1,0.16296955765419802,False,17
0,0.2547460277509851,False,17
1,0.05014261834577993,False,17
2,0.23866267363280413,False,17
3,0.2753888032503924,False,17
4,0.3935822360423018,False,17
5,0.32464110808133406,False,17
6,0.37784875213229274,False,17
7,0.21988337445136885,False,17
8,0.25012606270040694,False,17
9,0.32982482224304666,False,17
10,0.17206014980758516,False,17
11,0.162169977369283,False,17
12,0.15062103452583542,False,17
13,0.09926762272982437,False,17
14,0.18404925368933295,False,17
15,0.09375806061870728,False,17
-8,-0.10744956667968704,True,17
-7,0.047361498439506405,True,17
-6,0.05325043841618074,True,17
-5,0.007484544966528367,True,17
-4,-0.16188224868697682,True,17
-3,-0.1510678253244463,True,17
-2,0.17341020739520033,True,17
-1,0.19308836270623983,True,17
0,0.19015647793325427,True,17
1,0.10915913200476687,True,17
2,-0.009273105342848392,True,17
3,-0.09184767885282896,True,17
4,-0.0910565077452716,True,17
5,0.05480996578716582,True,17
6,-0.08865745968186917,True,17
7,0.009508555987972817,True,17
-8,-0.040803703538595415,False,17
-7,-0.1298191931582701,False,17
-6,0.12643939416904243,False,17
-5,-0.10784122808761853,False,17
-4,-0.06590718015289149,False,17
-3,-0.1902107913393456,False,17
-2,0.14717134823844585,False,17
-1,-0.005515618706528669,False,17
0,0.43592437385591387,False,17
1,0.14319630677962342,False,17
-8,-0.1524760303727455,False,17
-7,-0.1661305406842353,False,17
-6,-0.12471893828115582,False,17
-5,-0.09895883959556512,False,17
-4,0.056733697741227274,False,17
-3,0.14894554226248508,False,17
-2,0.04286183372727442,False,17
-1,0.17220890744212775,False,17
0,0.3799497901605711,False,17
1,-0.13335558904922973,False,17
2,0.16949638728735983,False,17
3,-0.03200865173367662,False,17
-6,0.08533250563885231,True,19
-5,-0.041867460886234636,True,19
-4,-0.043465044752617726,True,19
-3,-0.018306996209767556,True,19
-2,0.25804879769736105,True,19
-1,0.25918614142086505,True,19
0,0.15822383652221378,True,19
1,0.14231011319447773,True,19
2,-0.040064033871241134,True,19
3,0.2284383631922196,True,19
-8,0.07298144046532146,False,20
-7,0.0676732396973792,False,20
-6,0.19105974405675824,False,20
-5,0.05885312558021455,False,20
-4,0.029801224137194493,False,20
-3,-0.15146887910360624,False,20
-2,0.24939625123275927,False,20
-1,0.25726286801021053,False,20
0,0.11798542545739737,False,20
1,0.04785685993297878,False,20
-8,-0.029678473900080604,False,20
-7,-0.07710939589757992,False,20
-6,-0.1002671658659345,False,20
-5,0.042366300958837866,False,20
-4,0.12647745584172443,False,20
-3,0.06896870712579584,False,20
-2,0.13920253305770347,False,20
-1,0.2817371911220965,False,20
0,0.3241163019375124,False,20
1,0.18776904952391993,False,20
2,0.1066993843081267,False,20
3,0.03326946289644511,False,20
-8,-0.047475843676466664,False,20
-7,0.09982512283189687,False,20
-6,0.0012174083974994532,False,20
-5,-0.0778082116670873,False,20
-4,0.1971171713603081,False,20
-3,0.0898489719278053,False,20
-2,0.17106103983878634,False,20
-1,0.24362495616837654,False,20
0,0.3156459853993826,False,20
1,0.15862535906806802,False,20
2,0.25867228925517427,False,20
3,0.2101310777358511,False,20
4,0.14527514360048233,False,20
5,0.18623849590980363,False,20
6,0.10859184021686924,False,20
7,-0.005714938256084351,False,20
8,0.021318575883934016,False,20
9,0.08001560818533049,False,20
10,0.04363480977785983,False,20
11,0.09591047776439343,False,20
-8,0.0059980036243705015,True,22
-7,-0.12571057218540163,True,22
-6,-0.13793355724259243,True,22
-5,-0.12800570405882694,True,22
-4,-0.19902439423657792,True,22
-3,0.03391534571374591,True,22
-2,0.2352940745873725,True,22
-1,0.128422836981764,True,22
0,0.29349341768589077,True,22
1,-0.03670383327517526,True,22
2,0.1448346246437191,True,22
3,0.1371383532494843,True,22
4,0.06360053951734146,True,22
5,0.15869520927971786,True,22
6,0.08941790693909568,True,22
7,0.1874029001607776,True,22
8,-0.043283668052955554,True,22
-8,0.0697530554240528,False,22
-7,0.011862364593849706,False,22
-6,-0.0910779930878357,False,22
-5,-0.007772495743794794,False,22
-4,0.03280443627601909,False,22
-3,-0.05502243758020969,False,22
-2,0.24863206205966354,False,22
-1,0.19828497288098418,False,22
0,0.09293613002447043,False,22
1,0.14125399610574246,False,22
2,0.09989427556553382,False,22
3,0.16576976006681882,False,22
4,0.047231842890782416,False,22
5,0.01095525835673744,False,22
6,-0.05983602588539555,False,22
7,-0.14799261090728405,False,22
-8,0.11483304202209935,False,22
-7,-0.039778389148582755,False,22
-6,-0.08726479646561697,False,22
-5,-0.11345518369071927,False,22
-4,-0.11953637065447957,False,22
-3,0.15574882091738348,False,22
-2,0.04019314492461315,False,22
-1,0.1895955337418814,False,22
0,0.3238970623498769,False,22
1,0.3138474555771019,False,22
2,0.3309597345478429,False,22
3,0.2995012772241815,False,22
4,0.12421305710894112,False,22
5,0.15915754716234978,False,22
6,0.2799188132636803,False,22
-6,0.04789610942290065,False,22
-5,0.0013972485612589736,False,22
-4,-0.0492933579841596,False,22
-3,0.019079571593911604,False,22
-2,0.15012036528614234,False,22
-1,0.17650389337656328,False,22
0,0.2006110046564836,False,22
1,0.09849006082489373,False,22
2,0.0646244289355151,False,22
3,0.0440715106913912,False,22
4,-0.005588004051248374,False,22
5,-0.10867664858757678,False,22
6,-0.05695052261276809,False,22
7,-0.0995572526046704,False,22
8,-0.10780222261580416,False,22
9,0.018117193352007233,False,22
10,0.05540620053711198,False,22
11,-0.01647250307179235,False,22
12,-0.0868399098661798,False,22
13,0.17365367147108848,False,22
14,0.10798725242980636,False,22
-8,0.04045732673276403,False,22
-7,0.09670591921563099,False,22
-6,-0.11226380417335563,False,22
-5,-0.18928706073556756,False,22
-4,-0.03860254211934794,False,22
-3,-0.0026882823689775015,False,22
-2,0.1988355493927958,False,22
-1,0.16838181393538187,False,22
0,0.2224956685925663,False,22
1,0.1480726618715253,False,22
2,0.2182781344917588,False,22
-8,0.03918169664214208,False,22
-7,0.022216248370692138,False,22
-6,-0.06139794501283419,False,22
-5,-0.03709878601977881,False,22
-4,0.10212361561623146,False,22
-3,0.2502860679970247,False,22
-2,-0.017486775179694214,False,22
-1,0.1748061136551696,False,22
0,0.3824214455920856,False,22
1,0.1837807028681301,False,22
2,0.03428153215543281,False,22
3,0.10762172834270212,False,22
4,0.01996492510088224,False,22
5,0.13338303304932939,False,22
6,0.10131393489935236,False,22
7,0.5564745851095273,False,22
8,0.4429582162802401,False,22
9,0.08612061736318158,False,22
10,0.32979606007506634,False,22
11,0.32394985548650024,False,22
12,0.06692898460940341,False,22
-8,0.128291200825946,False,22
-7,0.02884676912426365,False,22
-6,0.19091585150335286,False,22
-5,0.09205565999167056,False,22
-4,0.09618904108244394,False,22
-3,0.03909445228995792,False,22
-2,0.010636871796043751,False,22
-1,0.24013857131048347,False,22
0,0.3793290215049071,False,22
1,0.26894528508661597,False,22
2,0.13995422284143058,False,22
3,0.15222799558311548,False,22
4,0.1310236456432793,False,22
5,0.006464452554633099,False,22
6,-0.09323926406865203,False,22
7,0.036841053293997256,False,22
8,-0.09993741164999624,False,22
9,-0.07142780791531776,False,22
10,0.04402133935444916,False,22
-5,0.04342110927258114,False,23
-4,-0.0440700980501976,False,23
-3,0.0006489887776164327,False,23
-2,0.3195752124508655,False,23
-1,0.17755589254065582,False,23
0,0.2892419785635656,False,23
1,0.055754005381495025,False,23
2,0.1813835043992252,False,23
3,-0.04893162659364629,False,23
4,-0.015288519540078538,False,23
5,-0.01602172461887394,False,23
6,-0.07472601103615374,False,23
7,-0.03974345712784379,False,23
8,0.07131014910893332,False,23
9,0.06693086103785481,False,23
10,0.06263840471192869,False,23
11,0.07199706603108813,False,23
12,-0.002486266161643741,False,23
13,0.17013894635022989,False,23
14,-0.0055851056928611365,False,23
15,-0.010553260170334255,False,23
-7,-0.07401654319720419,False,25
-6,-0.13193857758050787,False,25
-5,0.20595512077771203,False,25
-4,0.0948717894294305,False,25
-3,0.11330211908356844,False,25
-2,0.20898285265069158,False,25
-1,0.13292716608357577,False,25
0,0.2089019035982879,False,25
1,0.06630414920772823,False,25
2,0.0006165773317843293,False,25
3,-0.07822190327456427,False,25
4,-0.14762738135116488,False,25
5,-0.1610278526839556,False,25
6,-0.16088574229212416,False,25
7,-0.16377994934304663,False,25
8,-0.1621131050842769,False,25
9,-0.16483905047683095,False,25
10,-0.16183459513436071,False,25
11,-0.1635525318841846,False,25
12,-0.16386347155324843,False,25
13,-0.16480413152481535,False,25
14,-0.16903367083680854,False,25
15,-0.17660512536253187,False,25
-8,-0.09104474881781147,False,25
-7,-0.17563012972734926,False,25
-6,-0.11787765683048279,False,25
-5,0.21418785410618213,False,25
-4,0.1327547523560067,False,25
-3,-0.17537533499644117,False,25
-2,0.21423075946744907,False,25
-1,0.14735785301502202,False,25
0,0.16887901673640682,False,25
1,0.16280174527762847,False,25
2,0.1398531392750494,False,25
3,0.03843656286781655,False,25
4,0.18270971008578485,False,25
5,0.21945474844679147,False,25
6,-0.07353266123003083,False,25
7,-0.007747593721291024,False,25
8,0.07513381272944203,False,25
-8,0.014310454158182329,True,26
-7,-0.09481946911047255,True,26
-6,0.1970623242752561,True,26
-5,0.03317709385544035,True,26
-4,-0.07930937743643626,True,26
-3,0.1752887367590497,True,26
-2,0.030216448882356806,True,26
-1,0.26376012554442513,True,26
0,0.2848467504130081,True,26
1,0.14655696310873323,True,26
2,0.048568545273998426,True,26
3,0.19681944825732312,True,26
4,-0.029890104982860044,True,26
5,0.21257633580413998,True,26
6,0.13942387295307107,True,26
-8,0.05075525278312021,False,26
-7,-0.04031215072408975,False,26
-6,0.1723613018549719,False,26
-5,0.09282900380738618,False,26
-4,0.14766948630467686,False,26
-3,0.1614965016066407,False,26
-2,0.05629531006699651,False,26
-1,0.23453614720262195,False,26
0,0.3030017636806467,False,26
1,0.10518171822486078,False,26
-8,-0.02439604996010314,False,26
-7,-0.06149387468308326,False,26
-6,0.07507615887901961,False,26
-5,0.21649140830879252,False,26
-4,0.16596058180942383,False,26
-3,-0.08143763221873204,False,26
-2,0.1332484494274617,False,26
-1,0.1828598986198445,False,26
0,0.22298179436241403,False,26
1,0.1809300914771482,False,26
2,0.07195389960276297,False,26
3,0.12574612801588173,False,26
4,0.13095675305441437,False,26
5,0.05081128586972175,False,26
-8,0.10969556669120525,False,26
-7,-0.0635389536084693,False,26
-6,-0.12307588604189794,False,26
-5,-0.09640518127450995,False,26
-4,0.06647875962703251,False,26
-3,0.019727309320133002,False,26
-2,0.25259157052578995,False,26
-1,0.129198046827648,False,26
0,0.1726935433550941,False,26
1,0.028149126696261795,False,26
2,-0.05124154854272314,False,26
3,-0.08702703147126908,False,26
4,-0.10426432977864374,False,26
-5,0.07062727704294036,False,26
-4,0.0010744193776240363,False,26
-3,-0.0717016964205644,False,26
-2,0.1797403031401365,False,26
-1,0.2389713034049779,False,26
0,0.2621989924316559,False,26
1,0.23198995020798174,False,26
2,0.2585489881474005,False,26
3,0.23935143543857673,False,26
4,0.21467324943940785,False,26
5,0.2960655860218563,False,26
6,0.21315793186757925,False,26
7,0.2381294745156915,False,26
8,0.23571312774165293,False,26
9,0.32528279574471386,False,26
10,0.25848173930523244,False,26
11,0.17358849921363345,False,26
12,0.1156006799087933,False,26
13,0.07038158033928668,False,26
14,0.23748769379182494,False,26
15,0.20022163197749088,False,26
-8,-0.004991530084475226,False,28
-7,-0.12708756611651328,False,28
-6,-0.1421726538443793,False,28
-5,-0.09060684119239659,False,28
-4,-0.13775121757947661,False,28
-3,0.11650050240464346,False,28
-2,0.18916544545534295,False,28
-1,0.19812302087635394,False,28
0,0.20613172262021448,False,28
1,-0.06372242866275402,False,28
2,-0.032752526505801155,False,28
3,-0.15680343914491313,False,28
4,-0.20213248658950272,False,28
5,-0.21101713849476805,False,28
6,-0.21301422294972477,False,28
-7,0.13922276606644565,False,28
-6,-0.05274803166010501,False,28
-5,-0.08647473440634061,False,28
-4,0.061919303782270896,False,28
-3,0.12570804461544718,False,28
-2,0.10618869775666681,False,28
-1,0.1955781436233955,False,28
0,0.26803357040583786,False,28
1,0.20198989110189677,False,28
2,0.05129415337490642,False,28
3,0.16605299525457898,False,28
4,0.10050679596310988,False,28
5,0.18173073334556564,False,28
6,0.07124743364201414,False,28
7,0.053905541676674384,False,28
8,0.08431796170428887,False,28
9,0.03493856267413925,False,28
10,-0.044630888228877716,False,28
11,-0.10323971711500465,False,28
12,-0.11810814671761498,False,28
13,-0.11641507229617368,False,28
14,-0.11988079353190531,False,28
15,-0.1169537710863404,False,28
-5,0.054888568974429425,False,28
-4,-0.01213646598044342,False,28
-3,-0.042752102993986005,False,28
-2,0.13193683619211424,False,28
-1,0.2632952512024289,False,28
0,0.2535000668986932,False,28
1,0.18293797577204887,False,28
2,0.08117365634412183,False,28
3,0.036255977149255686,False,28
4,0.15998580467905874,False,28
5,0.08835010699246307,False,28
6,0.1259154623733513,False,28
7,0.10096300922432513,False,28
8,0.10305042226262892,False,28
9,0.08181916861934155,False,28
10,0.08521795746150085,False,28
11,-0.016391044238669564,False,28
12,-0.024687584435683557,False,28
13,-0.07697515535038198,False,28
14,-0.10065565939419244,False,28
15,-0.0883227627715091,False,28
-7,-0.06229030955290785,False,28
-6,0.02891546691077304,False,28
-5,0.03337484264213478,False,28
-4,0.0819384169770736,False,28
-3,0.05977460847089361,False,28
-2,0.1649647973434834,False,28
-1,0.15268882719796822,False,28
0,0.33497563682115195,False,28
1,0.1271564949125117,False,28
2,0.1824039044113674,False,28
3,0.172163712273119,False,28
4,0.12001722313855412,False,28
5,0.1344139054678019,False,28
6,0.05299334937214273,False,28
7,0.0015893827890242351,False,28
8,0.13318713979657143,False,28
9,0.19984343622312423,False,28
10,0.16611428085044688,False,28
11,0.19505801291938252,False,28
12,0.030154070062508143,False,28
13,0.1791810891023145,False,28
14,0.19269624719663286,False,28
15,0.34987540835239994,False,28
-8,0.10345212979968291,True,29
-7,0.04283448105420004,True,29
-6,-0.10897312350678881,True,29
-5,-0.12792998629725838,True,29
-4,-0.04346972176200564,True,29
-3,-0.04749711387489772,True,29
-2,0.2584435084042306,True,29
-1,0.14617194065773928,True,29
0,0.16868475896478077,True,29
1,0.03081862447087655,True,29
-8,-0.2018400032479804,False,29
-7,-0.11253483317815918,False,29
-6,-0.10806884895639371,False,29
-5,-0.1935541207923941,False,29
-4,0.07862096906040056,False,29
-3,0.01984150576509991,False,29
-2,0.022137054537711254,False,29
-6,0.021134672046926373,False,31
-5,0.01012419283256677,False,31
-4,-0.03125886487949317,False,31
-3,0.028448811749978126,False,31
-2,0.010357999942823354,False,31
-1,0.3746827442305407,False,31
0,0.3087637239758939,False,31
1,0.18999567657726738,False,31
2,0.20387438062286586,False,31
3,0.27234728524677676,False,31
4,0.22981176679306628,False,31
5,0.1729409792217209,False,31
6,0.08471034362188881,False,31
7,0.23524096675783854,False,31
8,0.15660316307667307,False,31
9,0.2790188176988363,False,31
-8,0.0020022862015789955,False,31
-7,-0.2520627906673774,False,31
-6,-0.08120291294921103,False,31
-5,-0.24987644079182952,False,31
-4,-0.18397285105335737,False,31
-3,-0.2531566032760705,False,31
-2,-0.09353929197674982,False,31
-8,-0.012108498873828435,False,31
-7,0.17976391409515557,False,31
-6,0.05540216572556081,False,31
-5,0.033532835207232825,False,31
-4,0.07747157095755092,False,31
-3,0.0030692833165708866,False,31
-2,0.04320041738982636,False,31
-1,0.11729755338673628,False,31
0,0.4012922215492699,False,31
1,0.4998692782572537,False,31
2,0.24773877967977642,False,31
3,0.16762980977125042,False,31
-8,0.06482147716729089,False,31
-7,-0.04091032074875922,False,31
-6,0.024198605171148108,False,31
-5,0.04643369305295231,False,31
-4,0.06121622558183537,False,31
-3,-0.023414690431544788,False,31
-2,0.22843288570905554,False,31
-1,0.1750232985655347,False,31
0,0.1697390556404655,False,31
1,0.1959752386604938,False,31
2,0.07629717516926268,False,31
-8,0.007857852979361035,False,31
-7,-0.021068192420623466,False,31
-6,0.06802735154034034,False,31
-5,-0.08010099616446816,False,31
-4,-0.0797017284972245,False,31
-3,0.10148943152436443,False,31
-2,0.1294238003466159,False,31
-1,0.24111701892617657,False,31
0,0.1812730223733113,False,31
1,0.2046935967285015,False,31
2,0.2338025709166531,False,31
3,0.21896047764572488,False,31
4,0.22118012169615733,False,31
5,0.2577526721953628,False,31
6,0.1694076311900494,False,31
7,-0.035546594136707854,False,31
8,-0.001418518877462277,False,31
-5,0.031703731809008553,True,32
-4,-0.001289477022697355,True,32
-3,-0.03041425478631117,True,32
-2,0.16560873287496508,True,32
-1,0.29181286308750476,True,32
0,0.4271355997254231,True,32
1,0.2110655188880965,True,32
2,0.08396704649811478,True,32
3,0.21620920415512518,True,32
4,0.17446178144566316,True,32
5,0.02636491222331784,True,32
6,0.3277219146526019,True,32
-6,0.1697148858049456,False,32
-5,-0.056033645842735014,False,32
-4,-0.11368123996221055,False,32
-3,-0.14530385062344817,False,32
-2,0.12355402249172087,False,32
-1,0.25472376589897,False,32
0,0.21064540815225224,False,32
1,0.279879710912401,False,32
2,0.22617707525877445,False,32
3,0.013639247659612608,False,32
4,0.12181584875755924,False,32
5,-0.0011637317175464679,False,32
6,-0.09385899447794602,False,32
7,-0.16117117304480233,False,32
8,-0.19077759786350415,False,32
9,-0.1898201714950309,False,32
10,-0.20307804733148604,False,32
11,-0.20836631606585465,False,32
12,-0.21542397723080148,False,32
13,-0.21655927666093364,False,32
14,-0.21780508013986083,False,32
15,-0.22272429497581178,False,32
-8,0.019577016911777795,False,32
-7,-0.033944239390494596,False,32
-6,-0.12366515638110105,False,32
-5,-0.15034145272679836,False,32
-4,-0.11184852997558534,False,32
-3,0.01713566226759594,False,32
-2,0.1253253883895362,False,32
-1,0.18733810056984682,False,32
0,0.21822285120724647,False,32
1,0.23168825308446925,False,32
2,0.22456941541543288,False,32
3,0.035208701575515255,False,32
4,-0.09666538676933936,False,32
5,-0.011942500447210541,False,32
6,0.09259379209902982,False,32
7,0.09044220494311364,False,32
8,-0.05806786562808508,False,32
9,-0.017337691158939073,False,32
10,0.16902635126851703,False,32
11,0.0019244256079522237,False,32
12,-0.013934530432939657,False,32
13,-0.06728242423252373,False,32
14,-0.09493586673592878,False,32
-8,0.11090258809391751,False,34
-7,0.17877515580007614,False,34
-6,0.05729500419665187,False,34
-5,0.02528369267996597,False,34
-4,-0.07614767635199093,False,34
-3,-0.12139041576393399,False,34
-2,0.116129465737904,False,34
-1,0.2773007371238138,False,34
0,0.28321922969142854,False,34
1,0.32613420449304525,False,34
2,0.29380941555098167,False,34
3,0.09897847183659886,False,34
4,0.19759689958649534,False,34
5,0.08080839247159377,False,34
6,0.17574282026229116,False,34
7,0.12530674942760772,False,34
8,0.03948406373675256,False,34
9,-0.06158026133949161,False,34
10,-0.10956078486924081,False,34
11,-0.04471471526166772,False,34
-6,0.11352784571814534,False,34
-5,-0.00890535007595103,False,34
-4,-0.10462249564219425,False,34
-3,-0.037219889687786056,False,34
-2,0.1774649215666398,False,34
-1,0.23152639432078082,False,34
0,0.15238391486096653,False,34
1,0.27935395607091096,False,34
2,-0.07839920571187431,False,34
3,-0.15577976223276851,False,34
4,-0.17075939980419558,False,34
5,-0.18342401818449353,False,34
6,-0.18751288301657654,False,34
7,-0.18986155854850248,False,34
8,-0.19250912135831233,False,34
9,-0.18995651299174177,False,34
10,-0.20531575522711532,False,34
11,-0.20362940630116383,False,34
12,-0.21362490489806807,False,34
13,-0.21163480391300712,False,34
14,-0.21728654968599806,False,34
15,-0.21914212970998628,False,34
-8,0.06319051101029047,False,34
-7,-0.028380805342537785,False,34
-6,-0.08786931666157521,False,34
-5,-0.03791813446806572,False,34
-4,-0.04215614366836026,False,34
-3,-0.13312205601995653,False,34
-2,0.20567933500447425,False,34
-1,0.27602945400358014,False,34
0,0.17218665355849463,False,34
1,0.2152776359226604,False,34
2,0.11109299771317258,False,34
3,0.0614480029787591,False,34
4,0.02670675140711598,False,34
5,0.18845570308948076,False,34
6,0.2976029833654139,False,34
7,0.2943478121895412,False,34
-8,-0.17992638008873507,False,34
-7,-0.0672679648147309,False,34
-6,-0.1821735821035333,False,34
-5,-0.12838531669503417,False,34
-4,-0.13194217746853576,False,34
-3,0.044048638484513486,False,34
-2,0.06513648265642752,False,34
-1,0.2347014247669144,False,34
0,0.33647398414168816,False,34
1,0.25026182041701545,False,34
2,0.10597160846551901,False,34
3,0.044977070963899274,False,34
4,-0.09043315916456114,False,34
5,-0.00461882580138151,False,34
6,0.0876894353668825,False,34
7,0.08947380020403173,False,34
-8,-0.004515060257145487,True,35
-7,-0.036090962486233086,True,35
-6,-0.02052090748195398,True,35
-5,0.07710503221297357,True,35
-4,-0.01057508430783527,True,35
-3,-0.07389581333912501,True,35
-2,0.2264667297111539,True,35
-1,0.30857485765380677,True,35
0,0.15412520251356393,True,35
1,0.19335584035581538,True,35
2,0.16845599018567342,True,35
-8,-0.06959356035306954,False,35
-7,-0.05928908608042466,False,35
-6,0.130478196370061,False,35
-5,-0.02390630866983523,False,35
-4,-0.033539814362145315,False,35
-3,-0.04135564154132074,False,35
-2,0.1675882264893623,False,35
-1,0.0652034182239368,False,35
0,0.304930749119542,False,35
1,0.24682359299523135,False,35
2,-0.03383996256220462,False,35
3,0.12990163709933242,False,35
4,0.12998644347749091,False,35
5,-0.003726272919684831,False,35
6,0.09777466186952263,False,35
7,-0.13363935787199543,False,35
8,-0.008543525264691154,False,35
9,0.12970666814771084,False,35
10,0.04624312207073342,False,35
-8,-0.13713587991315992,False,35
-7,-0.018739791723289045,False,35
-6,0.055137342361863795,False,35
-5,0.09737606031357379,False,35
-4,0.10003248384061272,False,35
-3,0.1552329471235094,False,35
-2,0.09731054421489613,False,35
-1,0.13840951169489943,False,35
0,0.30425910210919516,False,35
1,0.23489567736811232,False,35
2,0.16954098210214133,False,35
3,0.12563308102101747,False,35
4,0.1361099643098956,False,35
-8,0.02436318013372621,False,37
-7,0.07742223885921001,False,37
-6,0.05256610733322445,False,37
-5,-0.019405336164811382,False,37
-4,-0.08638391794689641,False,37
-3,-0.062138093391620935,False,37
-2,0.10965388242775806,False,37
-1,0.08555123472211851,False,37
0,0.34533940605541236,False,37
1,0.17881478460677722,False,37
2,0.13671418822039075,False,37
3,0.15993801365772917,False,37
4,0.37643808555375935,False,37
5,0.2694116116675611,False,37
-8,-0.26938583435831054,False,37
-7,-0.21983420232797773,False,37
-6,-0.16083199200288875,False,37
-5,-0.23225941933688268,False,37
-4,-0.1920198245054645,False,37
-3,-0.2095037949931762,False,37
-8,-0.32860344958809656,False,37
-7,-0.2995353423367443,False,37
-6,-0.3286283815385642,False,37
-5,-0.3277471638708932,False,37
-4,-0.2924388668151223,False,37
-3,-0.2599011481335744,False,37
-2,-0.28643708814177526,False,37
-8,-0.036292753025713886,False,37
-7,0.01601162050426702,False,37
-6,-0.051108575535037226,False,37
-5,-0.05802658939072225,False,37
-4,0.06856280126210546,False,37
-3,0.08221527254969385,False,37
-2,0.1331596562718816,False,37
-1,0.2703932953829074,False,37
0,0.1372163135136446,False,37
1,0.04092848244009756,False,37
2,0.007139680002225979,False,37
3,-0.09824157782783455,False,37
4,-0.15250078145799428,False,37
5,-0.171979283939668,False,37
6,-0.17619924985103647,False,37
7,-0.19509968236166358,False,37
8,-0.20033834916581528,False,37
-8,-0.14718929837386027,True,38
-7,-0.04049504919114276,True,38
-6,-0.07985608590111701,True,38
-5,-0.07499889683998047,True,38
-4,-0.027027684523947604,True,38
-3,0.17043404853704566,True,38
-2,0.15088752512113848,True,38
-1,0.15900646837097296,True,38
0,0.3109646514561565,True,38
1,0.329874677214939,True,38
2,0.19765465166779841,True,38
3,0.19270833038054055,True,38
4,0.15521717583318853,True,38
5,0.0569538709779312,True,38
-8,-0.08212020466104192,False,40
-7,-0.05908529100153079,False,40
-6,-0.1816353236116542,False,40
-5,-0.002471177633056987,False,40
-4,0.057064502479960866,False,40
-3,0.004762269219395099,False,40
-2,0.1648840054476332,False,40
-1,0.2514185562035253,False,40
0,0.14394377411709497,False,40
1,0.08970075812550421,False,40
2,0.2502121581724744,False,40
3,0.13868939941882613,False,40
-8,-0.03418069577090696,False,40
-7,-0.0014022189478973823,False,40
-6,-0.0442830436673661,False,40
-5,0.04390820601940412,False,40
-4,-0.06527117796102538,False,40
-3,-0.08480412833271136,False,40
-2,0.1511598020736856,False,40
-1,0.20782698661383528,False,40
0,0.1967052887332644,False,40
1,0.14617115145790563,False,40
-8,-0.17306815800867326,False,42
-7,-0.2349725912555257,False,42
-6,-0.17268157925255087,False,42
-5,0.10174474798559005,False,42
-4,0.26192390603243576,False,42
-3,-0.01131674549252945,False,42
-2,-0.14383261200563086,False,42
-1,-0.11264008196088116,False,42
-8,0.00324333231105578,False,42
-7,-0.10422558013824226,False,42
-6,0.031219438841928848,False,42
-5,-0.04729113996947132,False,42
-4,-0.05558986305528654,False,42
-3,-0.22116811604380265,False,42
-2,0.0388802212590551,False,42
-1,0.023625555761703387,False,42
-8,-0.008038001457905564,False,42
-7,-0.034420838590110664,False,42
-6,-0.07098329971559428,False,42
-5,-0.08047991828988929,False,42
-4,-0.05947199886673318,False,42
-3,-0.017392847244272203,False,42
-2,0.2513789822204764,False,42
-1,0.2778782929077559,False,42
0,0.11662037074215822,False,42
-8,-0.0378352619660699,False,42
-7,-0.02484030765712683,False,42
-6,0.05247296913977417,False,42
-5,0.19372191294051863,False,42
-4,-0.013589813141850565,False,42
-3,0.21336275677742925,False,42
-2,0.12453399085940417,False,42
-1,0.13264601645781907,False,42
0,0.26885380262529324,False,42
1,0.1361215157024582,False,42
2,0.14742199116948554,False,42
3,0.05879302281908372,False,42
4,-0.017489549384528597,False,42
5,-0.0486287157441916,False,42
6,-0.07466049758888517,False,42
7,-0.08926050915816065,False,42
8,-0.11346249149140963,False,42
9,-0.1345265426917543,False,42
-8,0.08996193389274337,False,43
-7,-0.013966530011663147,False,43
-6,-0.07281244932979344,False,43
-5,-0.1291594683712196,False,43
-4,0.14431762754986155,False,43
-3,0.11718935234321765,False,43
-2,-0.01121999566087728,False,43
-1,0.3527739235466898,False,43
0,0.21927277720617472,False,43
1,0.10738617877014656,False,43
2,-0.09789270484798997,False,43
3,-0.0032459802591527365,False,43
-7,0.01919005094031684,False,43
-6,0.019105185915704925,False,43
-5,-0.038295236856021805,False,43
-4,0.009802715879716456,False,43
-3,-0.005180085240255289,False,43
-2,0.1440072179047919,False,43
-1,0.21280622961629667,False,43
0,0.1922820582640357,False,43
1,0.04966638448539534,False,43
2,0.12356502826693125,False,43
3,0.007877430120804635,False,43
4,0.03628230235938154,False,43
5,0.035259089486487705,False,43
6,0.13732080390136883,False,43
7,0.24512481090106122,False,43
8,0.1109804485187382,False,43
9,0.07847212927562505,False,43
10,0.11809505210695334,False,43
11,0.013576221191144794,False,43
12,0.007999233787510357,False,43
-7,0.0717150924682421,True,44
-6,-0.032418142113252335,True,44
-5,-0.03929695035498981,True,44
-4,0.23961550247958885,True,44
-3,0.12948545305766002,True,44
-2,0.12856502209854354,True,44
-1,0.22263890854861917,True,44
0,0.30386317661100876,True,44
1,0.051616503649390064,True,44
-8,-0.11583008371308662,False,44
-7,-0.20793360827230525,False,44
-6,-0.2364045885748167,False,44
-5,-0.027445403361122056,False,44
-4,-0.22638786219785803,False,44
-3,0.11267827431400074,False,44
-2,0.12351969872701868,False,44
-1,0.05663167933311253,False,44
-8,-0.006433047530818414,False,44
-7,0.13253317235439693,False,44
-6,0.11960847257518031,False,44
-5,-0.0030526808009077033,False,44
-4,0.057730157221406425,False,44
-3,-0.011373539115067166,False,44
-2,0.2175390118120979,False,44
-1,0.18669318394641066,False,44
0,0.15002328216611355,False,44
1,0.20845190790511542,False,44
2,0.1751416572953487,False,44
3,0.2772662105930532,False,44
4,0.05795302409544012,False,44
5,-0.0010366496972852024,False,44
6,0.03014452368505066,False,44
7,-0.009523908734819536,False,44
-5,0.09686569207883822,False,44
-4,-0.027796621904192076,False,44
-3,-0.06906907017464617,False,44
-2,0.21352050309078932,False,44
-1,0.28259322121308106,False,44
0,0.3525256341708003,False,44
1,0.13242674985224787,False,44
2,0.15613992990008987,False,44
3,0.17366090844534846,False,44
4,0.1693405374873365,False,44
5,0.03917260620713395,False,44
6,0.04673761078597405,False,44
7,0.1774254167263901,False,44
8,0.16214682906530478,False,44
9,0.19095381657921587,False,44
10,0.037627173292263255,False,44
11,0.12690311763178566,False,44
12,0.16498954259707807,False,44
13,-0.01975663232382943,False,44
14,-0.08738939586162581,False,44
15,0.0794415753400945,False,44
-8,0.0942980990224255,False,46
-7,0.15536908429094773,False,46
-6,0.1423010571049411,False,46
-5,0.036856287716993924,False,46
-4,-0.08335575797815636,False,46
-3,-0.03929320124194735,False,46
-2,0.1399847219765483,False,46
-1,0.22969968561313334,False,46
0,0.39049897293634817,False,46
1,0.14650478754223697,False,46
2,-0.06924173882899748,False,46
3,0.06185106668799903,False,46
4,-0.1355400253460466,False,46
5,-0.18135786599707046,False,46
6,-0.1799978420072463,False,46
-8,0.05581449012659756,False,46
-7,-0.029299451305451724,False,46
-6,-0.027006479287677826,False,46
-5,0.0772159773772533,False,46
-4,-0.103233933790946,False,46
-3,-0.07490867471037459,False,46
-2,0.07591077719465586,False,46
-1,0.2722321216899748,False,46
0,0.31709881284276464,False,46
1,0.1899110219591663,False,46
2,0.04488917847367946,False,46
3,0.14486370691829778,False,46
4,0.134203653385809,False,46
5,-0.011579788339618258,False,46
6,0.055043044506088296,False,46
7,0.1591190171207197,False,46
8,0.1750022114168093,False,46
9,0.0790657827863657,False,46
10,-0.011994746173212972,False,46
11,-0.1323782501644203,False,46
12,-0.14906878620775335,False,46
13,-0.15976136801776275,False,46
-4,0.017923414733279852,False,47
-3,-0.017319516807669633,False,47
-2,-0.000603897925610164,False,47
-1,0.19135781240685798,False,47
0,0.3499495749080508,False,47
1,0.1982790645436577,False,47
2,0.08654678225873855,False,47
3,0.014833262976272577,False,47
4,-0.06685249535305983,False,47
5,-0.08479100208793726,False,47
6,-0.09145235675868722,False,47
7,-0.09529313881051188,False,47
8,-0.09522467363380441,False,47
9,-0.0968324242167817,False,47
10,-0.09953892120802141,False,47
11,-0.09960916926360289,False,47
12,-0.09866439156784958,False,47
13,-0.0977688607952596,False,47
14,-0.10138334087188784,False,47
15,-0.10214370935133851,False,47
-6,0.04618310735349823,False,47
-5,0.013270753880954556,False,47
-4,-0.05945386123445276,False,47
-3,0.0004168195647199502,False,47
-2,0.2124059040345808,False,47
-1,0.20454023569091676,False,47
0,0.189577112101368,False,47
1,0.21499542572368083,False,47
2,0.3041284295988569,False,47
3,0.20891278477879113,False,47
4,0.06483795986667223,False,47
5,-0.0016756729051594366,False,47
6,-0.06503278301796035,False,47
7,-0.09357030193315463,False,47
8,-0.0985210976827742,False,47
9,-0.10488335912814492,False,47
10,-0.11447115129785485,False,47
11,-0.12636143381161355,False,47
12,-0.13292092419018578,False,47
13,-0.13541569046496016,False,47
14,-0.13622467254245862,False,47
-8,0.05826697881200371,False,47
-7,-0.030718296182711297,False,47
-6,-0.027548682629292387,False,47
-5,-0.11076001268809618,False,47
-4,-0.0580526723812137,False,47
-3,0.15676172920695824,False,47
-2,0.1301671138455972,False,47
-1,0.23132268551193907,False,47
0,0.17759850103014113,False,47
1,-0.029781514114837065,False,47
2,0.1287203462547019,False,47
3,0.026458067416498532,False,47
4,0.23001710993393382,False,47
5,0.07887896043088977,False,47
6,0.14698423963793583,False,47
7,0.14912561882358094,False,47
8,0.015554756031150696,False,47
9,-0.01593047913834214,False,47
10,-0.17818642827823108,False,47
11,-0.21442227698154376,False,47
12,-0.22646717666063665,False,47
-6,-0.005613582418424218,False,49
-5,0.0500789850116882,False,49
-4,-0.04446540259326401,False,49
-3,-0.10186851075154857,False,49
-2,0.23768670794791422,False,49
-1,0.23858616370461252,False,49
0,0.05584742862136957,False,49
1,-0.014674594661035045,False,49
2,-0.10460971606584679,False,49
3,-0.11615405910096503,False,49
4,-0.13028162667718202,False,49
5,-0.07388084172170759,False,49
6,-0.15156366845837066,False,49
7,-0.18365937417664044,False,49
8,-0.17750268585854118,False,49
9,-0.17931771141319935,False,49
10,-0.1862234147270917,False,49
11,-0.1923271992874687,False,49
12,-0.14005040167658525,False,49
13,-0.17429672456647313,False,49
14,-0.1595640124071033,False,49
15,-0.18521394935350602,False,49
-8,-0.015596442450767994,False,50
-7,0.0550592072666867,False,50
-6,-0.03946276481591876,False,50
-5,-0.003298986671314924,False,50
-4,-0.022068663599353416,False,50
-3,-0.01599504483442471,False,50
-2,0.17607300238091353,False,50
-1,0.26574306278970516,False,50
0,0.24343501756324606,False,50
1,0.20509735899164813,False,50
2,0.23297962501542027,False,50
3,0.10956888772848258,False,50
4,0.07719565944363199,False,50
5,-0.06448961614226398,False,50
6,-0.11595143263279803,False,50
7,-0.12910610988158505,False,50
8,-0.1400455989909889,False,50
9,-0.1427637078669293,False,50
10,-0.14366081896074068,False,50
11,-0.14736385732962548,False,50
12,-0.1485848142612174,False,50
13,-0.1450013395798706,False,50
-8,-0.02442036711800047,False,52
-7,0.14772673617720433,False,52
-6,0.14587151633941714,False,52
-5,0.03307152324881507,False,52
-4,0.10385184560078509,False,52
-3,0.0827158629569767,False,52
-2,0.2214074354558367,False,52
-1,0.08524740159179894,False,52
0,0.22065710795182802,False,52
1,0.297181275230989,False,52
2,0.4458832760529121,False,52
3,0.140716299469478,False,52
4,0.03946602235729793,False,52
5,-0.03111689760508385,False,52
6,0.04332525605533624,False,52
7,0.019187801314326847,False,52
8,0.020317935928436864,False,52
9,0.08532122821930294,False,52
-8,-0.38755628125342073,False,52
-7,-0.32860339726121746,False,52
-6,-0.22275623842360917,False,52
-5,-0.30231874932175834,False,52
-4,-0.22299454478158012,False,52
-3,-0.12655967103249138,False,52
-7,0.049793562592849366,False,53
-6,-0.019655209324503653,False,53
-5,-0.030138353268345824,False,53
-4,-0.08816051537509066,False,53
-3,-0.07819586861301027,False,53
-2,0.25970893978472454,False,53
-1,0.19190682805195255,False,53
0,0.10735057476207147,False,53
1,0.33824470256133876,False,53
2,0.22592034969367195,False,53
3,0.08444246708489869,False,53
4,-0.05400266408074522,False,53
5,-0.11536070159173395,False,53
6,-0.13688686664957836,False,53
7,-0.1454709448281983,False,53
-8,-0.06920539285758222,False,53
-7,-0.08216423679577005,False,53
-6,0.03003093522416128,False,53
-5,-0.01510440882646491,False,53
-4,-0.11503604772257332,False,53
-3,-0.16660942160789152,False,53
-2,0.16611556773284702,False,53
-1,0.10216208622376988,False,53
0,0.408881910488869,False,53
1,0.15893396096174278,False,53
2,0.12124997095907686,False,53
3,-0.08783881280808802,False,53
4,-0.1444507477519245,False,53
5,-0.1617981049226587,False,53
6,-0.16914211986867966,False,53
7,-0.17205780665943443,False,53
8,-0.17339889886119553,False,53
9,-0.1734459815130049,False,53
10,-0.173700371484603,False,53
-8,-0.031220407226858427,False,53
-7,0.16826795305730294,False,53
-6,-0.02187532649655405,False,53
-5,0.057556797298143614,False,53
-4,-0.03222328878419113,False,53
-3,-0.04387338857453628,False,53
-2,0.17877601780398208,False,53
-1,0.24481569395844763,False,53
0,0.20558986704427165,False,53
1,0.15310268016413273,False,53
2,0.24975272709179044,False,53
3,0.16408918649061374,False,53
4,0.12635580351838874,False,53
5,0.14140107129744087,False,53
6,0.07786924135151868,False,53
7,0.013474446271588614,False,53
8,-0.07626589624405292,False,53
9,-0.04475009525890182,False,53
-8,-0.006196452784137774,False,55
-7,-0.020823137177756718,False,55
-6,0.08779434514847517,False,55
-5,-0.12339402785905107,False,55
-4,-0.09591856109301414,False,55
-3,0.11568058147572058,False,55
-2,0.12176164549704149,False,55
-1,0.2456362130707257,False,55
0,0.18765229994097488,False,55
-8,-0.26063075389672613,False,55
-7,-0.17500045185806212,False,55
-6,-0.2607215615519524,False,55
-5,-0.03997650577786008,False,55
-4,-0.12423748420235362,False,55
-3,-0.11734150298348447,False,55
-2,-0.11774543199649612,False,55
-8,0.042591780961480974,False,55
-7,-0.07680660412512001,False,55
-6,-0.04635588410165392,False,55
-5,0.026014410434431506,False,55
-4,0.04703435392708363,False,55
-3,0.08409866976816732,False,55
-2,0.122364451556501,False,55
-1,0.15801776024684056,False,55
0,0.2736855034717584,False,55
1,0.11962797935434172,False,55
2,-0.0009972422789069624,False,55
3,0.06284359129046127,False,55
4,0.0789173494947693,False,55
5,-0.047661431641564805,False,55
-8,-0.0024238428750695262,False,56
-7,-0.011243018005495958,False,56
-6,-0.07966615060047205,False,56
-5,0.05040312924850168,False,56
-4,0.0014141241597425969,False,56
-3,-0.006506078827675621,False,56
-2,0.16567892420959981,False,56
-1,0.1394342680424682,False,56
0,0.32777571893071833,False,56
1,0.1336770894748527,False,56
2,0.18348905704529814,False,56
3,0.23561071995156932,False,56
4,0.02092384172112524,False,56
5,-0.0034302031159871293,False,56
6,0.029288285999056862,False,56
7,-0.016806210668787264,False,56
8,-0.06790921460888899,False,56
9,0.020689732010850836,False,56
10,-0.032963918831022204,False,56
11,-0.099697678222388,False,56
12,-0.00819853869518039,False,56
13,-0.11743721529840954,False,56
14,-0.12428396321084614,False,56
-8,-0.04353842299986092,False,59
-7,-0.10692227514898008,False,59
-6,-0.10873716056095581,False,59
-5,-0.08462258106015758,False,59
-4,-0.10562600878201746,False,59
-3,-0.10289805387352247,False,59
-2,0.36827472005964423,False,59
-1,-0.03161392178095493,False,59
0,0.2566144497630588,False,59
-8,-0.07542028762720171,False,59
-7,0.0980908866128756,False,59
-6,-0.022670598985673862,False,59
-5,-0.03509248376843002,False,59
-4,0.04139924356508737,False,59
-3,-0.12615182869237956,False,59
-2,0.09138407157838566,False,59
-1,0.28743618670907245,False,59
0,0.27735510905560545,False,59
1,0.18742235333998905,False,59
2,0.055269253950528924,False,59
3,-0.05490022856208915,False,59
4,-0.009137546698180454,False,59
5,-0.034529791218042144,False,59
6,-0.07340554019302248,False,59
7,-0.053487731008858924,False,59
8,-0.060944484412294914,False,59
9,-0.09355185224951014,False,59
-8,0.08038714008857184,False,59
-7,0.05998101250503718,False,59
-6,0.0375316966583219,False,59
-5,-0.08490093146635899,False,59
-4,-0.16286817250723906,False,59
-3,-0.2026117365643646,False,59
-2,-0.23216783822115783,False,59
-8,-0.10959134108051066,False,59
-7,0.005439493438098769,False,59
-6,-0.04287059782757169,False,59
-5,-0.11254807045227498,False,59
-4,0.018792589232352358,False,59
-3,0.09702100567918501,False,59
-2,0.21978991405924295,False,59
-1,0.18471934433286133,False,59
0,0.1708932491876213,False,59
1,0.12372311681710699,False,59
2,0.16808075850531543,False,59
3,0.1784546383343912,False,59
-8,0.023838993961702415,False,59
-7,0.0023573966191642315,False,59
-6,-0.02619639058086666,False,59
-5,-0.035766290243097215,False,59
-4,-0.007333351722072806,False,59
-3,-0.0470254959760963,False,59
-2,0.15549204353453908,False,59
-1,0.4105266466810522,False,59
0,0.38558569518778785,False,59
1,0.0808437109084536,False,59
2,0.0880551897738692,False,59
3,0.08849599372827668,False,59
4,0.14228416902323074,False,59
5,0.01165182062843656,False,59
6,-0.0007414650277188795,False,59
7,-0.05834273399126745,False,59
8,-0.10400008287814634,False,59
9,-0.056651578565539484,False,59
10,-0.006120086081372711,False,59
11,-0.0668092071247376,False,59
12,-0.1267058674473574,False,59
13,-0.08486764689711056,False,59
14,-0.1334557723977786,False,59
-7,-0.03210003883775231,False,59
-6,-0.005225369013370451,False,59
-5,0.03732540785112276,False,59
-4,0.09157769442567662,False,59
-3,0.1720738162551316,False,59
-2,0.20413865105105547,False,59
-1,0.13245884726672694,False,59
0,0.19728079969744575,False,59
1,0.06271998163870371,False,59
2,0.020605098212840706,False,59
3,-0.09678893688596972,False,59
4,-0.024251259902735883,False,59
5,-0.07460703216390169,False,59
6,-0.12255242855789852,False,59
-8,0.007086058624966252,False,61
-7,-0.007017555006632731,False,61
-6,0.059744058813809425,False,61
-5,0.010772412983002105,False,61
-4,-0.00021057874999641513,False,61
-3,-0.0711896983230055,False,61
-2,0.30850360550577105,False,61
-1,0.20313169144383117,False,61
0,0.26016654881507784,False,61
1,0.27798147532804474,False,61
2,0.13244593270783708,False,61
-4,0.022605661316828368,False,61
-3,-0.020264850054702424,False,61
-2,-0.002340811262125958,False,61
-1,0.2971567067691449,False,61
0,0.24086326880141118,False,61
1,0.31017124262409246,False,61
2,0.3238517561219299,False,61
3,0.2816457895718716,False,61
4,0.2514213225256742,False,61
5,0.10042002672682611,False,61
6,0.00977600628883378,False,61
7,-0.008342683847089569,False,61
8,-0.019273170682602293,False,61
9,0.015067496660103444,False,61
10,-0.027394785376954348,False,61
11,-0.04420586475205965,False,61
12,-0.006359270950315021,False,61
13,-0.03708648894204552,False,61
14,-0.04199334904277644,False,61
15,-0.032179343861039725,False,61
-7,0.06652712767301436,False,62
-6,-0.015481646107338098,False,62
-5,-0.051045481565676246,False,62
-4,0.11713748803253107,False,62
-3,0.08700785159588292,False,62
-2,0.2979764306256183,False,62
-1,0.11141726564660917,False,62
0,0.15707004275033745,False,62
1,0.11755124453397917,False,62
2,0.16035672770176715,False,62
3,0.19369590081445223,False,62
4,0.0419379782496454,False,62
5,-0.004907259446210843,False,62
6,-0.010625790916606953,False,62
7,0.02783414176897367,False,62
-8,-0.15124295593824644,False,62
-7,-0.14883936869019765,False,62
-6,0.12592094117234665,False,62
-5,0.22112964516731343,False,62
-4,0.02269816214713466,False,62
-3,0.03287715894110149,False,62
-2,-0.0034481853567330245,False,62
-1,0.12261485515150672,False,62
-8,0.0877543984375414,False,62
-7,-0.006268308982279702,False,62
-6,-0.16336153917325036,False,62
-5,0.07288521224645517,False,62
-4,-0.1096245802635058,False,62
-3,-0.015507171091946048,False,62
-2,0.323590602410376,False,62
-1,0.195040897117226,False,62
0,0.06439109566741463,False,62
1,-0.06565887884998514,False,62
-8,0.055298706278362475,False,64
-7,-0.06181762194648664,False,64
-6,-0.01975410392134941,False,64
-5,-0.019551388363670125,False,64
-4,-0.01129436276607973,False,64
-3,-0.03970607734891726,False,64
-2,0.2077515448752556,False,64
-1,0.2925134044255788,False,64
0,0.11882380303169449,False,64
1,-0.05420801777165549,False,64
2,-0.1003872341903875,False,64
3,-0.12082993134938566,False,64
4,-0.13603601105920532,False,64
5,-0.14762249144740305,False,64
6,-0.1536710910820244,False,64
7,-0.15962554419304326,False,64
8,-0.16551899488270788,False,64
9,-0.16794128936597089,False,64
10,-0.16662258877990183,False,64
-8,-0.17856958955354194,False,64
-7,0.10426011400972957,False,64
-6,0.07980900869671698,False,64
-5,-0.1731082287198136,False,64
-4,-0.15601436734883672,False,64
-3,-0.02279877241158712,False,64
-2,0.14728178025820948,False,64
-1,0.12533713739201152,False,64
0,0.36048218123172154,False,64
1,0.2805336953272784,False,64
2,0.26714190671429067,False,64
3,0.01745209718009466,False,64
-8,-0.060861540955963994,False,65
-7,0.018395543490310584,False,65
-6,-0.06785796657774372,False,65
-5,-0.09056337721296484,False,65
-4,-0.03906712731489956,False,65
-3,-0.06436367234316939,False,65
-2,0.19869897978406334,False,65
-1,0.21669769534329328,False,65
0,0.2347105639296632,False,65
1,0.05253533492288778,False,65
2,0.14429656911105707,False,65
3,0.4311238814441646,False,65
-8,-0.04424480474314646,False,67
-7,-0.057772389134032875,False,67
-6,0.2008804473594769,False,67
-5,-0.10676300437721363,False,67
-4,0.003314444741532474,False,67
-3,0.041635521234752004,False,67
-2,0.1536520260765155,False,67
-1,0.3024475693890073,False,67
0,0.18560363945644714,False,67
1,0.02130598082183152,False,67
2,0.22578436625749554,False,67
3,0.14636785941942998,False,67
-8,0.003912927677986608,False,67
-7,7.246994300726117e-05,False,67
-6,-0.003985397620993869,False,67
-5,0.0532519794559899,False,67
-4,-0.0058693408570384825,False,67
-3,-0.08536360111757699,False,67
-2,0.18625206988094245,False,67
-1,0.24408576051866265,False,67
0,0.1839687250905978,False,67
1,0.47156544854401844,False,67
2,0.23996685755955222,False,67
3,0.11410901264684127,False,67
4,0.1345752494154917,False,67
5,0.07177138248363273,False,67
6,0.049982822780894845,False,67
7,-0.01789416358551006,False,67
-8,0.03128079339263039,False,67
-7,0.03892643890944021,False,67
-6,-0.07020723230207063,False,67
-5,0.0818916571127375,False,67
-4,0.033506797368443406,False,67
-3,0.028529823107158778,False,67
-2,0.0723928213021535,False,67
-1,0.283213031165097,False,67
0,0.21926296077943197,False,67
1,0.210866329806779,False,67
2,0.03357519362426577,False,67
3,0.16847443388254918,False,67
-5,-0.01805695934956561,True,68
-4,-0.025522458951261623,True,68
-3,0.04357941830082723,True,68
-2,0.2465150789901874,True,68
-1,0.17163641401468335,True,68
0,0.1274243832516214,True,68
-8,0.12314900807200851,False,68
-7,0.229374080211161,False,68
-6,0.08486760578254102,False,68
-5,0.04611585206772878,False,68
-4,-0.04012269720603828,False,68
-3,0.006190791363494541,False,68
-2,0.0930638347489362,False,68
-1,0.20929985925169858,False,68
-8,-0.054330963039261826,False,68
-7,-0.10294824055907723,False,68
-6,-0.04798617599447316,False,68
-5,0.0235869554011994,False,68
-4,-0.05832140215584497,False,68
-3,-0.0027193059840198985,False,68
-2,0.22296780869055075,False,68
-1,0.25658724176665737,False,68
0,0.07693582710580535,False,68
1,0.12946838417377368,False,68
2,-0.09406166000846132,False,68
3,-0.07658756507386616,False,68
-5,-0.00571632715200282,False,68
-4,0.06474915750080054,False,68
-3,-0.05903283034879778,False,68
-2,0.1641817090926362,False,68
-1,0.23410725877875835,False,68
0,0.247970848510602,False,68
1,0.169893229123342,False,68
2,0.185499404739105,False,68
3,0.23733922250762876,False,68
4,0.04108994725240184,False,68
5,0.013650276603049905,False,68
6,-0.08361677808905064,False,68
7,0.18638452791380974,False,68
8,0.1325738062231234,False,68
-5,0.032248789323183064,False,70
-4,0.00019776315142908119,False,70
-3,-0.032446552474612145,False,70
-2,0.24101697320339538,False,70
-1,0.25832186207152563,False,70
0,0.21529235096424237,False,70
1,0.07908957240747083,False,70
2,0.06535753650397705,False,70
3,0.006548838789140754,False,70
4,0.026376579159387403,False,70
5,0.18431347600493359,False,70
6,0.24314548158646482,False,70
7,-0.02174616943467597,False,70
8,0.07244874541601079,False,70
9,-0.05323303439163138,False,70
-8,-0.021546312793563158,False,70
-7,-0.07125321353219896,False,70
-6,-0.019128050467465074,False,70
-5,0.07248469140249582,False,70
-4,-0.043772930139844096,False,70
-3,-0.06004620653819549,False,70
-2,0.30654131357724296,False,70
-1,0.13023552702741564,False,70
0,0.23342146113860984,False,70
1,0.23013431975197957,False,70
2,0.15928562671871005,False,70
3,0.12474464252855923,False,70
4,0.00015161208477872112,False,70
5,-0.04597780505588728,False,70
6,-0.08594610607971949,False,70
7,-0.0977392635873583,False,70
8,-0.10421324677374501,False,70
9,-0.1043573500673513,False,70
10,-0.10925885373857404,False,70
11,-0.11032107617286092,False,70
12,-0.1127696032219175,False,70
13,-0.11252090662417363,False,70
14,-0.11219850603191452,False,70
-7,-0.01377590723024591,False,70
-6,0.0076009143376727095,False,70
-5,0.0061749928925732,False,70
-4,-0.06397617104332601,False,70
-3,-0.005012590070651385,False,70
-2,0.17437586518059617,False,70
-1,0.32868379772084627,False,70
0,0.04193579335880475,False,70
1,-0.023054756634298013,False,70
2,-0.09100299750235244,False,70
3,-0.10538340908530656,False,70
4,-0.10751344014767686,False,70
5,-0.11065541708326947,False,70
6,-0.11092979830724305,False,70
7,-0.11007379011284019,False,70
8,-0.10992061702680639,False,70
9,-0.11204608003808678,False,70
10,-0.11228801515230771,False,70
11,-0.11233283123490663,False,70
-8,-0.20821261432637883,False,70
-7,-0.005727721444303363,False,70
-6,-0.052405981768389204,False,70
-5,-0.1645906191808988,False,70
-4,-0.11052793939037135,False,70
-3,-0.21651414829417895,False,70
-2,-0.14276694644312776,False,70
-8,-0.09429591577293597,False,71
-7,0.060597137011191154,False,71
-6,0.04083661147662082,False,71
-5,-0.10805734283880028,False,71
-4,-0.14518835529528107,False,71
-3,-0.0885262911369063,False,71
-2,0.14601392750701483,False,71
-1,0.055663248574804286,False,71
0,0.37545974075783783,False,71
1,0.175610945919751,False,71
2,0.1294427784649029,False,71
3,-0.0349032791569584,False,71
4,-0.12752943921753848,False,71
5,-0.1651802732606371,False,71
6,-0.17373308983613223,False,71
7,-0.17912031416958246,False,71
8,-0.1863107146244679,False,71
9,-0.19146514034943832,False,71
10,-0.19182441894022287,False,71
-6,-0.024719993082704575,False,71
-5,0.02544502824084141,False,71
-4,-0.000725035158136822,False,71
-3,0.07065982419018879,False,71
-2,-0.04917287073741349,False,71
-1,0.3419851591110489,False,71
0,0.2969394073460876,False,71
1,0.1544419491946727,False,71
2,0.012539798187574003,False,71
3,-0.0428941157056779,False,71
4,-0.07536939556098224,False,71
5,-0.08330903452114775,False,71
6,-0.08980904209491664,False,71
7,-0.09187313522608263,False,71
8,-0.0895527327607449,False,71
9,-0.09129846585861126,False,71
10,-0.09345605676427018,False,71
11,-0.09440178640909183,False,71
12,-0.09578814938611294,False,71
13,-0.09597783167254964,False,71
14,-0.09661065116862266,False,71
15,-0.09821998381404144,False,71
-8,-0.01835103990796183,False,73
-7,-0.043049507055813244,False,73
-6,0.15993794387893942,False,73
-5,0.1950717103765998,False,73
-4,-0.008028550457294031,False,73
-3,0.11438429485730847,False,73
-2,0.06550447979624124,False,73
-1,0.30951537887764546,False,73
0,0.2708734171041912,False,73
1,0.20876635005976543,False,73
2,0.1564591312979208,False,73
3,0.09246517025862333,False,73
4,0.14849979119518283,False,73
-8,-0.06912625141640327,False,73
-7,-0.1296262210057788,False,73
-6,0.027232884254490164,False,73
-5,-0.12388500446603885,False,73
-4,0.015800614184372896,False,73
-3,-0.08079324824224951,False,73
-2,0.2178735573573132,False,73
-1,0.2138041563113203,False,73
0,0.10439275215090385,False,73
1,-0.008946593155419513,False,73
2,-0.05516672933145747,False,73
3,-0.0997300735798812,False,73
4,-0.12698274609524027,False,73
5,-0.13171839462477056,False,73
6,-0.13649395690767083,False,73
-6,-0.009616210356788502,False,74
-5,0.007970624805674481,False,74
-4,0.0016455855511140205,False,74
-3,-0.018459750525493535,False,74
-2,0.2686431352833486,False,74
-1,0.23132537192027405,False,74
0,0.07329342828648044,False,74
1,0.09804107974736234,False,74
2,0.2268290123040189,False,74
3,0.024691871040079583,False,74
4,0.016005378321669206,False,74
5,-0.09864434111316686,False,74
6,-0.06901912598258325,False,74
7,-0.025872386176684248,False,74
8,0.12203027418928777,False,74
9,0.0026421560055868154,False,74
10,-0.08529330865826734,False,74
11,-0.09949574922011813,False,74
12,-0.10569651719754142,False,74
13,-0.10825635014167496,False,74
14,-0.11095293695442435,False,74
-8,0.036085443208517226,True,76
-7,-0.06751613683579297,True,76
-6,-0.03740946264434512,True,76
-5,-0.0634738420098172,True,76
-4,-0.11340057562631052,True,76
-3,0.16097718718226672,True,76
-2,0.08209126888939206,True,76
-1,0.21719858648233314,True,76
0,0.3266414759429695,True,76
1,0.1375498543022438,True,76
2,0.24923612956352775,True,76
3,0.22486023411108946,True,76
4,0.24444715689359015,True,76
5,0.008575782165877094,True,76
-7,-0.009388509630224473,False,76
-6,-0.009296456867342706,False,76
-5,0.01868496649756718,False,76
-4,-0.0827393401141822,False,76
-3,0.10899997344926479,False,76
-2,0.14376079947562384,False,76
-1,0.19921369387967838,False,76
0,0.35661437597922707,False,76
1,0.11893510943022514,False,76
2,0.12831846247232873,False,76
3,0.07875248986423541,False,76
4,-0.07520920554806831,False,76
5,-0.11660400140961905,False,76
6,-0.13311819892244364,False,76
7,-0.14404344160876978,False,76
-8,0.010646607104416117,False,77
-7,0.20027702093072844,False,77
-6,0.027672694429883127,False,77
-5,-0.008072059837822582,False,77
-4,0.10032883676746157,False,77
-3,0.0109835897339976,False,77
-6,-0.01727176791186101,False,77
-5,0.0006894898999553062,False,77
-4,0.01658227801190569,False,77
-3,-0.019366829742300598,False,77
-2,0.16892264233001103,False,77
-1,0.11525369783540894,False,77
0,0.26247184323390466,False,77
1,0.2766126803780427,False,77
2,0.19142277241611133,False,77
3,0.19030125719648966,False,77
4,0.14671181564827035,False,77
5,0.11738463214772478,False,77
6,0.06991611654147521,False,77
7,0.01238804017710439,False,77
-6,0.02373168872161517,False,77
-5,0.011559569197846967,False,77
-4,-0.035291257919462124,False,77
-3,0.011710229606231123,False,77
-2,0.19898767281880747,False,77
-1,0.24909624004055442,False,77
0,0.16487146114555423,False,77
1,0.020705813833005862,False,77
2,-0.012895746005378836,False,77
3,-0.07129134741249171,False,77
4,-0.08183394663141738,False,77
5,-0.08840507017042594,False,77
6,-0.09283000597767936,False,77
7,-0.09894047363953573,False,77
8,-0.1006331763228682,False,77
9,-0.10229615455577488,False,77
10,-0.10518292605875483,False,77
-7,-0.01516874946145419,False,79
-6,0.014577995721132372,False,79
-5,0.0005907537403218449,False,79
-4,0.03681932936994979,False,79
-3,-0.014594819871263362,False,79
-2,0.2075029847175664,False,79
-1,0.20867419532032178,False,79
0,0.22195238927645894,False,79
1,0.3505589943041726,False,79
2,0.2814811581441222,False,79
3,0.1427483453237926,False,79
4,0.07099669338577323,False,79
5,-0.028508688682834744,False,79
6,-0.04967784814511761,False,79
7,-0.059587273078657216,False,79
8,-0.06277654938836283,False,79
9,-0.0684337228605138,False,79
10,-0.0698100371435231,False,79
11,-0.0698358751289756,False,79
12,-0.07002237679597106,False,79
13,-0.07279500234835239,False,79
14,-0.07461029082332926,False,79
15,-0.07555110628898143,False,79
-8,0.017955471077668678,False,79
-7,0.05052506723037256,False,79
-6,0.05245450378671124,False,79
-5,0.013554919657717296,False,79
-4,-0.041278382373177366,False,79
-3,-0.09277717548154386,False,79
-2,0.1867823459339509,False,79
-1,0.23083155828500526,False,79
0,0.27183607795109643,False,79
1,0.2500797852327782,False,79
2,0.19563287667558724,False,79
3,0.14531315809824416,False,79
4,0.013202217022183743,False,79
5,-0.05881178437466446,False,79
6,-0.10820518505584092,False,79
7,-0.12763601988636375,False,79
8,-0.13175782018606716,False,79
9,-0.13530547910845714,False,79
10,-0.13533202135708833,False,79
11,-0.1362702670319935,False,79
12,-0.13743079289726887,False,79
13,-0.1394821034537836,False,79
14,-0.1389615104090431,False,79
15,-0.1394895011432074,False,79
-8,0.00705929464012503,False,79
-7,-0.12853096879000003,False,79
-6,-0.09444388773022536,False,79
-5,0.014618874258530146,False,79
-4,-0.006391959731091551,False,79
-3,-0.06498884267013366,False,79
-2,0.3319157694807586,False,79
-1,0.2335924291792218,False,79
0,0.21401224843351224,False,79
1,0.1791247755123438,False,79
2,0.11353571213268987,False,79
3,0.02604851084258944,False,79
4,0.03094764047416712,False,79
5,0.08454769173172139,False,79
6,-0.0009394039284570943,False,79
-8,-0.0087332859003654,False,80
-7,-0.007917952558099545,False,80
-6,-0.10141798086419629,False,80
-5,-0.027502097725638303,False,80
-4,-0.10074437238546081,False,80
-3,0.026779644831730537,False,80
-2,-0.07216031432137286,False,80
-1,0.33983366873034637,False,80
0,0.3342119417246332,False,80
1,0.005188451507019354,False,80
2,-0.043282631983407455,False,80
3,-0.12257950636556153,False,80
4,0.17419881163762044,False,80
-8,0.040084690054517896,False,80
-7,0.024661415187671842,False,80
-6,-0.010781526950022324,False,80
-5,-0.04159413886051053,False,80
-4,-0.0028320395252127706,False,80
-3,0.013862408587962144,False,80
-2,0.26890458740504797,False,80
-1,0.18301841711978903,False,80
0,0.11264942891168148,False,80
1,0.244182213577432,False,80
2,0.19844916335005977,False,80
-8,0.03223004627570489,False,80
-7,-0.07813598426038186,False,80
-6,-0.05291642535830071,False,80
-5,-0.029782258651831525,False,80
-4,0.026798314857808148,False,80
-3,-0.0563818482960297,False,80
-2,0.22963040663338896,False,80
-1,0.2248630909227906,False,80
0,0.13063208128785553,False,80
1,0.135466656285177,False,80
2,0.04643477728005457,False,80
3,-0.05497846789797858,False,80
-8,-0.03135635957161763,False,82
-7,0.022127270572426527,False,82
-6,0.009229088999191115,False,82
-5,-0.07571934501423412,False,82
-4,0.06992483014767667,False,82
-3,-0.011158735220035881,False,82
-2,0.18125753087201119,False,82
-1,0.20268853321980096,False,82
0,0.22979517389576387,False,82
1,0.1114361199764709,False,82
2,0.044801037959451784,False,82
3,-0.00280985800528763,False,82
4,0.1128064018920264,False,82
5,-0.005442252310877277,False,82
6,-0.07358293408917507,False,82
7,-0.0029349803201866587,False,82
8,0.07013518762892829,False,82
-8,-0.010705295211405064,False,82
-7,0.10285761206211878,False,82
-6,0.11189011616491866,False,82
-5,0.13213732787756527,False,82
-4,0.020680509325217686,False,82
-3,-0.015215435503646332,False,82
-2,0.3004229083119312,False,82
-1,0.18279809889022192,False,82
0,0.16418139323991887,False,82
1,0.21962856935271097,False,82
2,0.07665637871486887,False,82
3,-0.025914639975849654,False,82
4,-0.02079380213270647,False,82
5,0.01556364181113394,False,82
6,-0.06700043148026343,False,82
7,0.017520400108504877,False,82
8,0.12960419166661813,False,82
9,-0.07689299176958413,False,82
-6,-0.015518122147776509,False,83
-5,0.021711620216219307,False,83
-4,-0.0061934980684428265,False,83
-3,-0.05370770509240749,False,83
-2,0.14888583177175496,False,83
-1,0.2465349993739977,False,83
0,0.18071209299979968,False,83
1,0.07260771663459673,False,83
2,0.016899369339527986,False,83
3,0.03430171662410472,False,83
4,-0.030599882335826528,False,83
5,-0.07370178808864876,False,83
6,-0.0992609274831105,False,83
-8,0.011026761895876813,False,83
-7,-0.013413159190031665,False,83
-6,0.016349136024441685,False,83
-5,-0.02565089327397388,False,83
-4,-0.034827511212629475,False,83
-3,-0.0816458481586248,False,83
-2,0.22726101187584946,False,83
-1,0.2128972993039428,False,83
0,0.22844742885405545,False,83
1,0.1754833635696446,False,83
2,0.19192130817647018,False,83
3,0.029153419610183223,False,83
4,-0.047753515306630315,False,83
5,-0.06849415000895055,False,83
6,-0.09281606185207746,False,83
7,-0.09494040402054205,False,83
-8,0.03429462401592012,False,85
-7,-0.003734408129522221,False,85
-6,-0.025718689516026655,False,85
-5,0.0010496057563514627,False,85
-4,0.03715299457219076,False,85
-3,-0.05905505675081406,False,85
-2,0.18891876799776885,False,85
-1,0.18493982224801608,False,85
0,0.19985388113739866,False,85
1,0.3244985326985574,False,85
2,0.2771732362701759,False,85
3,0.03955609883740974,False,85
4,0.14186148789192832,False,85
-7,-0.007340932039652845,False,85
-6,0.004838054533712222,False,85
-5,0.0025028775059405817,False,85
-4,-0.017246434433067434,False,85
-3,-0.026377570300753078,False,85
-2,0.17242344991893171,False,85
-1,0.2966591873793289,False,85
0,0.2750776115010231,False,85
1,0.173320464599939,False,85
2,0.10156378691600086,False,85
3,0.04128998571683111,False,85
4,-0.04152672531854779,False,85
5,-0.03018948488290356,False,85
6,-0.03359833292468875,False,85
7,-0.0706089639680336,False,85
8,-0.05504109766995084,False,85
9,-0.06546868378995005,False,85
10,-0.08367870868538785,False,85
11,-0.0720092510697387,False,85
-8,-0.06905313400037313,False,86
-7,-0.07252035244790855,False,86
-6,0.124317471079933,False,86
-5,0.18433075020732465,False,86
-4,0.1298393575154882,False,86
-3,0.053912006304647556,False,86
-2,0.1948916769631004,False,86
-1,0.1920479129525417,False,86
0,0.23778397574497462,False,86
1,0.10269142683014558,False,86
2,0.08665398359858485,False,86
3,-0.01760596671391587,False,86
4,-0.03290749477116542,False,86
5,-0.04496566482188062,False,86
6,-0.12175301995218278,False,86
7,-0.11413527351830226,False,86
8,-0.11233163593365735,False,86
9,-0.10794667703937857,False,86
-5,-0.02730062932712568,False,88
-4,-0.028086080144168316,False,88
-3,0.055386709471293954,False,88
-2,0.1737722158757875,False,88
-1,0.1679934459053533,False,88
0,0.19261135640750643,False,88
1,0.060733601702181866,False,88
2,0.039125392783596835,False,88
3,-0.09233850641707889,False,88
4,-0.003921609499919265,False,88
5,-0.13052470727245297,False,88
6,-0.08693914707681262,False,88
7,-0.14616083926143433,False,88
8,-0.09482370248283734,False,88
9,-0.029707910218271627,False,88
-8,-0.03791954441513801,False,88
-7,-0.02611951683898603,False,88
-6,-0.007106968067399647,False,88
-5,0.1917642468404261,False,88
-4,0.18584589476458696,False,88
-3,0.06835299511245461,False,88
-2,0.24346238805584147,False,88
-1,0.08802740190705814,False,88
0,0.25490256098813313,False,88
1,0.07874157973308875,False,88
2,-0.04167764107504417,False,88
3,-0.08473503497488079,False,88
4,-0.09807555683518944,False,88
5,-0.10367661018297122,False,88
6,-0.10600488510241915,False,88
7,-0.10813953653703759,False,88
8,-0.10944115497523368,False,88
9,-0.11220131550321459,False,88
10,-0.1125816721379025,False,88
11,-0.1134949569026122,False,88
12,-0.1142452198614686,False,88
-8,-0.05110397545503659,False,88
-7,-0.06032436562169159,False,88
-6,0.09538511853655438,False,88
-5,0.09316826547761545,False,88
-4,0.12416880801970939,False,88
-3,0.1348384893031533,False,88
-2,0.143347466016052,False,88
-1,0.20403450104853352,False,88
0,0.21527407645239602,False,88
1,0.15704243746678023,False,88
2,0.06197907685334217,False,88
3,-0.00485740238124685,False,88
4,0.11550377294297878,False,88
-8,0.060432461965864104,False,89
-7,0.0315963470872125,False,89
-6,0.07189726955294995,False,89
-5,0.08105636968242846,False,89
-4,-0.0032160715862240286,False,89
-3,-0.05024408325055102,False,89
-2,0.07197802173600856,False,89
-1,0.2517292237215347,False,89
0,0.21939512774907596,False,89
1,0.021039871316109446,False,89
2,0.14468998030328023,False,89
3,-0.008058876839378656,False,89
4,-0.05713658305387939,False,89
5,-0.06737611602442117,False,89
6,-0.0710702668844615,False,89
7,-0.07057164730923078,False,89
-8,0.04012405472348844,False,91
-7,0.11390211807498611,False,91
-6,-0.06610308156652925,False,91
-5,-0.014248094116387555,False,91
-4,-0.09336187368117163,False,91
-3,0.16373091299038833,False,91
-2,0.16126049750904747,False,91
-1,0.066327839316326,False,91
0,0.3151721836615536,False,91
1,0.023921555867008407,False,91
2,-0.03311295967298265,False,91
3,0.06255395595147427,False,91
4,-0.006394562493579031,False,91
5,-0.06760913010778827,False,91
6,-0.04228774460587098,False,91
7,-0.07164080436424135,False,91
8,-0.05522960486084885,False,91
-6,-0.028138492740109614,False,91
-5,-0.015768029650625875,False,91
-4,0.043906522390735475,False,91
-3,0.07189023479211798,False,91
-2,0.19612654758422216,False,91
-1,0.24194471871467016,False,91
0,0.23041511006933735,False,91
1,0.1654183998446377,False,91
2,0.14530337204069094,False,91
3,-0.017269606353009226,False,91
4,-0.007019507551534784,False,91
5,-0.08740597369669427,False,91
6,-0.06301769235861143,False,91
7,-0.11229628658010424,False,91
8,-0.09496270648756017,False,91
9,-0.11651122838629123,False,91
10,-0.11040467982723783,False,91
11,-0.11808913449795258,False,91
12,-0.11561420330281343,False,91
13,-0.1191860445579297,False,91
14,-0.11589449243681126,False,91
-8,0.010171045343677146,False,92
-7,0.057803220315579745,False,92
-6,0.060134985794159296,False,92
-5,0.010293907661208676,False,92
-4,-0.044584792418729424,False,92
-3,-0.0020256144514261415,False,92
-2,0.2516229549163711,False,92
-1,0.22928292758056212,False,92
0,0.2090744152110795,False,92
1,0.2190211949259973,False,92
2,0.28677870394377347,False,92
3,0.31645904029033073,False,92
4,0.30860368934231547,False,92
-5,0.027468189887867228,True,94
-4,0.009492730073337022,True,94
-3,-0.036960919961204236,True,94
-2,0.3102748332331508,True,94
-1,0.2192045141757727,True,94
0,0.2371169071888915,True,94
1,0.03734671042976326,True,94
2,0.015551460115509286,True,94
3,-0.05615391244394924,True,94
-8,0.06062931684980889,False,94
-7,0.13884847875176481,False,94
-6,0.1073589237088338,False,94
-5,0.004349424872266527,False,94
-4,0.05572818783517626,False,94
-3,0.18941974943985318,False,94
-2,0.1878398262987105,False,94
-1,0.1158781121914222,False,94
0,0.3648196186867472,False,94
1,0.16167940753373483,False,94
2,0.20528993428443204,False,94
3,0.021017782562521195,False,94
4,0.165715563591112,False,94
5,-0.05640093886933451,False,94
6,-0.08570044103559997,False,94
7,-0.0910302805454078,False,94
8,-0.09479920279183478,False,94
9,-0.0980104549832786,False,94
10,-0.10012957427545427,False,94
11,-0.0991425163663992,False,94
-8,0.009936989904094987,False,94
-7,0.003703004443142338,False,94
-6,-0.013639994347237283,False,94
-5,0.022424173049176946,False,94
-4,0.0010288880651113802,False,94
-3,-0.09450856469809187,False,94
-2,0.2218919969776741,False,94
-1,0.21234952447781247,False,94
0,0.28890188697727975,False,94
1,0.1971325191097274,False,94
2,0.24755139626732608,False,94
3,0.21336961749658012,False,94
4,-0.024142616673255415,False,94
5,-0.08349307227995402,False,94
6,-0.09507292048391973,False,94
7,-0.10297914356619484,False,94
8,-0.10830916781954067,False,94
9,-0.10938669233247708,False,94
10,-0.11051217273103446,False,94
11,-0.10997591118347731,False,94
12,-0.11106721408876727,False,94
13,-0.11380856525907589,False,94
14,-0.11489996832630724,False,94
15,-0.11490782701114807,False,94
-7,-0.020133455931641953,False,94
-6,-0.0475766786558534,False,94
-5,0.06771013458749536,False,94
-4,-0.03278933709864355,False,94
-3,-0.022114020985941882,False,94
-2,0.17161620373398903,False,94
-1,0.2292532929746994,False,94
0,0.19937020643306272,False,94
1,0.18430940268465337,False,94
2,0.3414092190406085,False,94
3,0.2345287913437268,False,94
4,0.25505615908842805,False,94
5,0.05184000998537905,False,94
6,0.07962534946725269,False,94
7,0.08105985040294642,False,94
8,0.002415164848596718,False,94
9,-0.0010628374734511503,False,94
10,-0.049708231959720614,False,94
11,-0.05779591832347153,False,94
12,-0.023922435685078194,False,94
13,-0.06447664049009152,False,94
14,-0.05703806440716058,False,94
15,-0.07313503708035135,False,94
-8,-0.026857274589479452,False,95
-7,0.006336683178549074,False,95
-6,-0.052046093676169816,False,95
-5,0.013700151683934653,False,95
-4,-0.09437485790896832,False,95
-3,-0.02865050639216496,False,95
-2,0.1533007510752369,False,95
-1,0.28191368814919393,False,95
0,0.3076323441341562,False,95
1,0.13938012827675603,False,95
2,0.09380068160296628,False,95
3,0.12434855289138311,False,95
4,-0.05306908304194008,False,95
5,-0.11448593683504585,False,95
6,-0.12407556300698015,False,95
-8,-0.16555174802282,True,97
-7,-0.12472752989911269,True,97
-6,-0.18524835121506508,True,97
-5,-0.1380025507353413,True,97
-4,-0.1858748569690806,True,97
-3,-0.05168462197406817,True,97
-2,0.14760545402994465,True,97
-1,0.12067336169527429,True,97
0,0.2637680461889671,True,97
1,0.1494990030187184,True,97
2,-0.06574924149883787,True,97
3,-0.1383416939485021,True,97
4,-0.10198030972290353,True,97
5,-0.05762536144446212,True,97
-8,0.003366078980011067,False,97
-7,-0.006343557580043957,False,97
-6,0.0029774786000329456,False,97
-5,-0.15317106213782666,False,97
-4,-0.15471286053905509,False,97
-3,0.09290311617720576,False,97
-2,0.16748819854705788,False,97
-1,0.14380025655752282,False,97
0,0.34485356525874344,False,97
1,0.20894641898037825,False,97
2,0.09794037730442345,False,97
3,-0.1053054582548685,False,97
4,0.017287270260672255,False,97
5,0.15055738313830086,False,97
6,0.12663432819628756,False,97
7,0.15266067471891404,False,97
-8,-0.04970358651073843,False,97
-7,0.09304407130340576,False,97
-6,0.06490842782571614,False,97
-5,-0.057512529619258186,False,97
-4,-0.059497674577839846,False,97
-3,0.14811321375830921,False,97
-2,0.07689516104069662,False,97
-1,0.25817397625555505,False,97
0,0.2681184343156517,False,97
1,0.20484170596234758,False,97
2,0.038583421089489575,False,97
3,0.008674410930266468,False,97
4,0.06869293136010717,False,97
5,0.017465263259200406,False,97
6,-0.03782776511580162,False,97
7,0.05918582812168911,False,97
8,0.033805000823674644,False,97
-8,0.0010365632432785543,False,97
-7,-0.0344688427978808,False,97
-6,-0.059646431428325444,False,97
-5,0.06484668985591058,False,97
-4,0.155140652321899,False,97
-3,0.004284865588256734,False,97
-2,0.298661761459535,False,97
-1,0.15591060558416364,False,97
0,0.18157803522231264,False,97
1,0.15935045816346394,False,97
2,0.05462215024934558,False,97
3,-0.016946385592319757,False,97
-8,-0.01690727657493879,False,97
-7,0.10383336041516984,False,97
-6,0.1561935046384299,False,97
-5,0.009084247182970906,False,97
-4,0.20392620010024592,False,97
-3,-0.02141447200909259,False,97
-2,0.3125175247024122,False,97
-1,0.14490229744368077,False,97
0,0.2065901049029043,False,97
1,0.029094106719914817,False,97
2,-0.04765663770286165,False,97
3,0.16983988119131738,False,97
4,0.22189477500008503,False,97
5,0.1993220998355008,False,97
6,0.05685830698111814,False,97
-8,-0.027180814412689415,False,97
-7,0.025747036360622658,False,97
-6,-0.04835917807948206,False,97
-5,-0.02740741287417508,False,97
-4,-0.04049015535995081,False,97
-3,-0.062254981450441185,False,97
-2,0.15783331623813662,False,97
-1,0.11821465493474441,False,97
0,0.2628560230737988,False,97
1,0.17989067272997344,False,97
2,0.05215515298193822,False,97
3,-0.004653356054120941,False,97
4,-0.0257359982157037,False,97
5,-0.04444543631465594,False,97
6,-0.05515975856891513,False,97
7,-0.0321789274234231,False,97
8,-0.05659480946783417,False,97
9,-0.07183079626615288,False,97
10,-0.07096447207007302,False,97
-8,-0.0028089771119365198,True,98
-7,-0.023773085984060763,True,98
-6,-0.05883892592232354,True,98
-5,0.02718504925837502,True,98
-4,-0.05467128837786067,True,98
-3,-0.08796479663533568,True,98
-2,0.1117514571855902,True,98
-1,0.21854567440590167,True,98
0,0.27047950027320866,True,98
-8,-0.07217618758028502,False,98
-7,-0.01609029149334021,False,98
-6,0.04431404775911303,False,98
-5,-0.08161896521718878,False,98
-4,-0.049414588886986355,False,98
-3,-0.07946693290234767,False,98
-2,0.14813782969439254,False,98
-1,0.2860328348366134,False,98
0,0.11434647743854036,False,98
1,0.0984137115451676,False,98
-8,0.07902554353175173,True,100
-7,-0.00358052338622572,True,100
-6,-0.061858410347290366,True,100
-5,-0.10968992460511894,True,100
-4,-0.11382716931203891,True,100
-3,0.1510715500026488,True,100
-2,0.1395283463769532,True,100
-1,0.17841995851846623,True,100
0,0.21582247296045634,True,100
1,0.08583120356442678,True,100
2,0.004583540049922619,True,100
3,0.03324458955893306,True,100
4,-0.0057511824804162,True,100
5,0.00027431856658099996,True,100
6,-0.038552118905846464,True,100
7,0.01802020164761986,True,100
8,-0.04368266939906071,True,100
-8,0.04914726887916945,False,100
-7,0.019093355921451435,False,100
-6,-0.04743507244297106,False,100
-5,-0.022658170114982376,False,100
-4,-0.02217625828777399,False,100
-3,0.025608435576188665,False,100
-2,0.24242493260037,False,100
-1,0.19784592453405025,False,100
0,0.09394919544060737,False,100
1,0.06086658665844655,False,100
-8,-0.003771315645518483,False,100
-7,-0.028190584120299622,False,100
-6,-0.021035988089069008,False,100
-5,0.032656840340477916,False,100
-4,0.020417727448986386,False,100
-3,-0.03577326675567241,False,100
-2,0.21682000681150815,False,100
-1,0.20628122044506492,False,100
0,0.24174284362764664,False,100
1,0.16033386862454424,False,100
2,0.09409102734960939,False,100
3,0.17555391473259735,False,100
4,0.14616092349563078,False,100
5,0.15249672725691005,False,100
6,0.23073557925133448,False,100
7,0.2410538656136182,False,100
8,-0.00968014269014185,False,100
9,-0.0789418541339993,False,100
10,-0.09151099082609644,False,100
11,-0.0930112700691119,False,100
-8,-0.017534274711000192,False,101
-7,0.05952551100681562,False,101
-6,-0.06224585895694534,False,101
-5,-0.042533507169808304,False,101
-4,-0.05020379617937168,False,101
-3,0.029777100516284585,False,101
-2,0.18119305062633273,False,101
-1,0.31033998598829465,False,101
0,0.37321510292296406,False,101
1,0.22904033443612465,False,101
2,0.11320838829522918,False,101
3,0.07765994118035639,False,101
4,0.00787458000088663,False,101
5,0.11585847436532982,False,101
6,-0.03976078336549127,False,101
-8,0.03467339545721329,False,103
-7,-0.017222794047807077,False,103
-6,0.018042036157349367,False,103
-5,-0.0010931364533845467,False,103
-4,0.0003314989182953698,False,103
-3,-0.10074546982648463,False,103
-2,0.23309088462751226,False,103
-1,0.11063196812439621,False,103
0,0.2737781558160962,False,103
1,0.1366030278629889,False,103
2,0.11457735479533254,False,103
3,-0.023258624956675022,False,103
4,-0.06128387200330303,False,103
5,-0.08979788311170017,False,103
6,-0.11174448960203125,False,103
-7,-0.03029520992330166,False,103
-6,0.007767243963499676,False,103
-5,0.02252796595980197,False,103
-4,-0.02111791791292611,False,103
-3,-0.016983465800321285,False,103
-2,0.26840495233277123,False,103
-1,0.0864971562221247,False,103
0,0.3205405360441047,False,103
1,-0.02457061326772672,False,103
2,-0.004373067957672144,False,103
3,0.05557229289785395,False,103
4,-0.054779086825283485,False,103
5,0.014000589809983949,False,103
-8,-0.04991207630207675,False,104
-7,-0.010611154907370343,False,104
-6,-0.05275592398627414,False,104
-5,-0.09010666534145109,False,104
-4,-0.024714795352699576,False,104
-3,-0.091530291542894,False,104
-2,0.24497206430466387,False,104
-1,0.33872467076299695,False,104
0,0.2521992639485636,False,104
1,0.10850283120344248,False,104
2,-0.03487212665312439,False,104
-8,-0.022866925031557697,False,104
-7,0.0004005777145473788,False,104
-6,0.022466347317010277,False,104
-5,-0.04624446478169966,False,104
-4,-0.031592152771781595,False,104
-3,-0.06193991366735378,False,104
-2,0.2094721771466443,False,104
-1,0.17499674757013955,False,104
0,0.26303036710879535,False,104
1,0.16497448062133785,False,104
2,0.12679743582505287,False,104
3,0.18202969887972276,False,104
4,0.05356544833178434,False,104
5,0.03199116969809779,False,104
6,-0.008036564707326208,False,104
7,-0.05576162042354768,False,104
8,-0.010624141986777802,False,104
-8,0.21252941528879465,False,106
-7,0.11420842990344338,False,106
-6,-0.059487099808229055,False,106
-5,0.021726931395465915,False,106
-4,0.14643896627210845,False,106
-3,0.17034388359172475,False,106
-2,0.11547701191698256,False,106
-1,0.15300203171111748,False,106
0,0.35460490825963636,False,106
1,0.10955129242023087,False,106
2,-0.0036337460588048154,False,106
3,-0.04059825790818837,False,106
4,-0.0903285538041223,False,106
-8,-0.01865137285912921,False,106
-7,0.03949219993360577,False,106
-6,0.023230059285849355,False,106
-5,-0.04906406739336339,False,106
-4,-0.029589048866129078,False,106
-3,-0.08968780668267665,False,106
-2,0.12019953184976982,False,106
-1,0.2950089906910922,False,106
0,0.19771030643853954,False,106
1,0.3095219263323632,False,106
2,0.13981554303238036,False,106
3,0.028062839964542022,False,106
4,-0.06603991748052078,False,106
-7,-0.03409006293221872,False,107
-6,0.09660571966788747,False,107
-5,-0.06251565673566879,False,107
-4,-0.11415627243510398,False,107
-3,-0.0072673761884606836,False,107
-2,0.22481960788799374,False,107
-1,0.19831441309521883,False,107
0,0.11063676408609338,False,107
1,0.10355163687699695,False,107
2,0.16069924811667244,False,107
3,0.13222417388318428,False,107
4,0.145958365927821,False,107
5,0.1025843932027711,False,107
6,-0.05267842530424767,False,107
7,-0.11831487460730228,False,107
8,0.011983439485042935,False,107
9,-0.12166340751043997,False,107
10,-0.10133752968966062,False,107
11,-0.14592649471593322,False,107
12,-0.1335319114666007,False,107
13,-0.16188982971479576,False,107
14,-0.14316917241442811,False,107
15,-0.1589443740844337,False,107
-8,0.17867948804712686,True,109
-7,0.10945556629336525,True,109
-6,-0.0110791808016735,True,109
-5,0.04166981490658733,True,109
-4,0.017081640340331924,True,109
-3,0.179547272291794,True,109
-2,0.07964888200859205,True,109
-1,0.22083531118993954,True,109
0,0.23070826315807402,True,109
1,0.08694028335985876,True,109
-8,0.059171061971448224,True,110
-7,-0.09988549932954174,True,110
-6,-0.003378025466421797,True,110
-5,-0.03806919657738475,True,110
-4,-0.0349540875945087,True,110
-3,-0.029382826652512933,True,110
-2,0.17743974663059542,True,110
-1,0.19928271283373117,True,110
0,0.21791646387767188,True,110
-8,-0.0637205575184102,False,110
-7,-0.03121320231349696,False,110
-6,0.03133997646423317,False,110
-5,-0.08012239094123963,False,110
-4,-0.038477392900654175,False,110
-3,-0.07490727796157451,False,110
-2,0.15669010657073826,False,110
-1,0.15277697320566327,False,110
0,0.21837570549510874,False,110
1,0.39593425801516047,False,110
2,0.5018517338409235,False,110
3,0.17366740826258467,False,110
-8,-0.04020153959910441,False,110
-7,-0.04064725612217168,False,110
-6,0.05422229094696386,False,110
-5,0.04991236031350203,False,110
-4,0.1815128975392858,False,110
-3,-0.06190302945761161,False,110
-2,0.18705214614041166,False,110
-1,0.20616976383449948,False,110
0,0.14303743795157303,False,110
1,0.07345799078652084,False,110
-8,0.10034071480246995,False,110
-7,0.03803487622770402,False,110
-6,-0.00552938489020742,False,110
-5,0.0006941066753749642,False,110
-4,-0.03716908594849108,False,110
-3,-0.0847897181031309,False,110
-2,0.10765787313691688,False,110
-1,0.15774048612647212,False,110
0,0.293874427516364,False,110
1,0.19770315062069782,False,110
2,0.0042006126122839105,False,110
3,-0.05312834590706891,False,110
4,-0.0812956000155353,False,110
5,-0.09053590416538183,False,110
6,-0.0941892409443079,False,110
7,-0.09826265526661504,False,110
8,-0.09894678940116154,False,110
9,-0.09915799077806392,False,110
10,-0.09902624393610118,False,110
-8,-0.08058055468593106,False,112
-7,0.10329083430449951,False,112
-6,0.10457215012749277,False,112
-5,0.18671919202430154,False,112
-4,0.13685140617178218,False,112
-3,-0.03008007963740604,False,112
-2,0.109157785117619,False,112
-1,0.1815824772454987,False,112
0,0.2785436178173754,False,112
1,0.20061045618943107,False,112
2,0.13042802555592545,False,112
3,0.1393823284010324,False,112
4,0.10520213994482672,False,112
5,0.13454944617746334,False,112
6,-0.001681798286851971,False,112
7,-0.023597066011827678,False,112
-7,-0.047128163816772664,False,112
-6,0.018958013115192573,False,112
-5,0.02817015070158005,False,112
-4,-0.0045554680640685075,False,112
-3,-0.006504835393019104,False,112
-2,0.21944692942153393,False,112
-1,0.1781888937717238,False,112
0,0.2047358669887196,False,112
1,0.18387455499475697,False,112
2,0.045160331402208986,False,112
3,-0.01542523775060857,False,112
4,-0.06750161818341874,False,112
5,-0.11139471139764988,False,112
6,-0.07516686248590648,False,112
7,-0.09641081465074877,False,112
8,-0.11880962240051726,False,112
-8,0.07232123817069228,False,113
-7,-0.04133268761789534,False,113
-6,-0.01999459397789949,False,113
-5,-0.016204145382117924,False,113
-4,-0.04727646166708503,False,113
-3,-0.13800769296237997,False,113
-2,-0.0930721486048079,False,113
-1,0.366148057770739,False,113
0,0.2898274720758578,False,113
-8,0.016063196132826335,False,113
-7,-0.005290472650255507,False,113
-6,-0.010772723482570856,False,113
-5,0.02731898327281515,False,113
-4,0.04255631430037499,False,113
-3,-0.04530674979383875,False,113
-2,0.22662305429934732,False,113
-1,0.23616386340391643,False,113
0,0.08611736491297989,False,113
1,0.14188594327536674,False,113
2,0.17081477592102678,False,113
3,0.12932191520841307,False,113
4,0.11086179795601037,False,113
5,0.12566469628872134,False,113
6,0.049249546884602924,False,113
7,-0.02200258154518908,False,113
8,-0.06794711172047674,False,113
9,-0.1031870868258079,False,113
-8,-0.0048695500670217495,False,113
-7,-0.028824254524593737,False,113
-6,-0.0691930828345704,False,113
-5,-0.006107600706051292,False,113
-4,0.029150644031176967,False,113
-3,-0.08718642639807823,False,113
-2,0.07037649889987176,False,113
-1,0.36016608641159675,False,113
0,0.26799788710391037,False,113
1,0.055371081374694556,False,113
2,0.3122632191041979,False,113
3,0.06874247460909662,False,113
4,-0.03104730201864482,False,113
5,-0.061796038313293014,False,113
6,-0.0842384691389715,False,113
-8,-0.004381793305604731,True,115
-7,0.005975975486107857,True,115
-6,-0.0015941821805031536,True,115
-5,-0.03139462247094904,True,115
-4,0.015416958185559645,True,115
-3,-0.07074463414344356,True,115
-2,0.1250329020174903,True,115
-1,0.30865639715274784,True,115
0,0.1682092579662618,True,115
1,0.3083193440899044,True,115
2,0.3536288739203741,True,115
3,0.08514881736542461,True,115
4,-0.050074620600198114,True,115
5,0.15210346663094548,True,115
-8,-0.019159892158621697,True,115
-7,-0.07801275852170322,True,115
-6,0.07199283866604589,True,115
-5,0.06975781187726779,True,115
-4,-0.05431371487879365,True,115
-3,-0.11204785207021074,True,115
-2,0.23426949123795646,True,115
-1,0.29104462082215676,True,115
0,0.24854385644039137,True,115
1,0.03880503310578054,True,115
2,0.03959078414892567,True,115
3,-0.07889325044033951,True,115
4,-0.04297688573443423,True,115
5,-0.07306470053572,True,115
6,-0.08194062495568569,True,115
7,-0.01025943941181437,True,115
8,-0.10061080027969085,True,115
9,-0.1300689397223744,True,115
-8,-0.07090330097792141,False,115
-7,0.02280518938139861,False,115
-6,0.0744477908891466,False,115
-5,0.13303237466641807,False,115
-4,0.22574683268866533,False,115
-3,0.13339286696070038,False,115
-2,0.09871604420834088,False,115
-1,0.1878642249327158,False,115
0,0.23909859942619907,False,115
1,0.16880192217209725,False,115
2,0.03874844012144085,False,115
3,-0.03607186951921672,False,115
4,0.09344209144249882,False,115
5,0.0984331795274542,False,115
6,0.09330666681044086,False,115
7,-0.12553612673867953,False,115
8,-0.08421607213293905,False,115
9,-0.09598095008401841,False,115
10,-0.11745549838126892,False,115
-8,0.01743833612076781,False,115
-7,-0.053402231781358694,False,115
-6,0.03256639786191795,False,115
-5,-0.05866476452606803,False,115
-4,-0.06517299548705241,False,115
-3,0.008476835185317583,False,115
-2,-0.048661090436993557,False,115
-1,0.34860142262253774,False,115
0,0.253610408781517,False,115
1,0.16737002581049432,False,115
2,0.09974929565004362,False,115
3,0.1548605221942569,False,115
4,0.143911544394898,False,115
5,-0.0354482405410345,False,115
6,-0.05692023676550348,False,115
7,-0.03355006022426592,False,115
8,0.05411548734711591,False,115
9,0.1112635029010629,False,115
10,0.1568458915940204,False,115
11,0.1483592670022938,False,115
-8,-0.00590291021304995,False,115
-7,0.2445823045994448,False,115
-6,0.03214746959321273,False,115
-5,-0.057976995172171746,False,115
-4,0.05166319859256903,False,115
-3,0.013560959518090956,False,115
-2,0.08032372966162314,False,115
-1,0.29706799784322946,False,115
0,0.2661902600112486,False,115
1,0.18491372011285984,False,115
2,0.06995725496149598,False,115
3,0.1785805861873293,False,115
4,0.13590770595429374,False,115
5,0.09037624263168521,False,115
-8,-0.0848161897297185,False,118
-7,0.06786363744085988,False,118
-6,0.05908925093562442,False,118
-5,0.015386819067850388,False,118
-4,0.007703204340568509,False,118
-3,1.609648325137658e-05,False,118
-2,0.2692997524542155,False,118
-1,0.21375228850905598,False,118
0,0.15810682107332075,False,118
1,0.22671748926515983,False,118
2,0.27475030716041465,False,118
3,0.1571266954990138,False,118
4,0.009553856528490862,False,118
5,-0.0180940315187436,False,118
6,0.00646955803428928,False,118
-7,-0.05178391711657926,False,119
-6,0.057876888876350174,False,119
-5,-0.006092971759770915,False,119
-4,0.015616844733070512,False,119
-3,-0.1041812341505053,False,119
-2,0.01704733396014846,False,119
-1,0.27365404383737973,False,119
0,0.2544229212261282,False,119
1,0.10777972496318361,False,119
2,-0.07020203225709834,False,119
3,-0.07452224522945933,False,119
-8,-0.022165870115995398,False,119
-7,-0.048751444154405646,False,119
-6,0.07091731427040104,False,119
-5,-0.07551911502659539,False,119
-4,-0.08598182408823409,False,119
-3,0.166599190917603,False,119
-2,0.10667751683362248,False,119
-1,0.2480707115688514,False,119
0,0.19614461011593848,False,119
1,0.19544403365362473,False,119
2,-0.0504520624807015,False,119
3,-0.09428886889718746,False,119
-8,-0.022052336035428055,False,121
-7,-0.013812685250630091,False,121
-6,0.09941199699488439,False,121
-5,0.06125158013787656,False,121
-4,-0.04569171054763972,False,121
-3,0.22624261332467777,False,121
-2,0.118510327854091,False,121
-1,0.17679774623454914,False,121
0,0.25417119328399906,False,121
1,0.3799642659017485,False,121
2,0.14598921561234823,False,121
3,0.08222476347373374,False,121
4,-0.04430168781140231,False,121
-7,-0.00763336343233878,False,122
-6,0.01282803978767888,False,122
-5,-0.005194676355340128,False,122
-4,-0.02682973280658109,False,122
-3,-0.08948879644573393,False,122
-2,0.18732589078747505,False,122
-1,0.2124948311370329,False,122
0,0.21403258519938992,False,122
1,0.18514845468266036,False,122
2,-0.04236589851262679,False,122
3,0.2645810685327066,False,122
4,-0.006433723939635899,False,122
5,-0.003074397333996559,False,122
6,0.14361499425309895,False,122
7,0.16141454773295125,False,122
8,0.10919357743110655,False,122
9,0.055749906872998745,False,122
10,0.1232154214961412,False,122
-8,-0.0009406104418286931,False,124
-7,-0.013412031056396406,False,124
-6,0.0143526414982251,False,124
-5,-0.06961101886290935,False,124
-4,-0.001193719871738469,False,124
-3,-0.09804029378426773,False,124
-2,0.17632922419187738,False,124
-1,0.1913517714275665,False,124
0,0.2560092961964471,False,124
1,0.24323394422917807,False,124
2,0.3243866269443384,False,124
3,0.16507007009405436,False,124
4,0.03588807966408103,False,124
5,0.12136204904321068,False,124
6,0.050013866950047337,False,124
-7,0.014244772222470115,False,125
-6,0.06969208946690328,False,125
-5,-0.08393686168937341,False,125
-4,0.010039985533131762,False,125
-3,0.19456573065566554,False,125
-2,0.2188152337521325,False,125
-1,0.08453984237261167,False,125
0,0.30939866823778284,False,125
1,0.286448787188495,False,125
2,0.26986236878296266,False,125
3,-0.07262529245472549,False,125
4,-0.09286454520133951,False,125
5,0.2001858649739053,False,125
6,0.16265744670686835,False,125
7,-0.012483924899486576,False,125
8,-0.047620314455314366,False,125
9,-0.03900886629651021,False,125
10,-0.1195097770932273,False,125
11,-0.15017064965334548,False,125
12,-0.16457168695280652,False,125
13,-0.16310905938805134,False,125
14,-0.17029241492285874,False,125
-8,0.17727967664014407,False,125
-7,0.05700335044524882,False,125
-6,-0.12893989458510827,False,125
-5,0.0315465130828739,False,125
-4,-0.13091027348755027,False,125
-3,-0.044213090360296844,False,125
-2,0.06205458735391503,False,125
-1,0.34636759510554715,False,125
0,0.12637381004090661,False,125
1,0.022672650346495765,False,125
2,-0.06757635290127047,False,125
3,-0.10436170413768203,False,125
4,0.37222778706784454,False,125
-8,-0.08035299718620607,False,125
-7,-0.08272863390759441,False,125
-6,-0.10384618428715284,False,125
-5,-0.0921709641098237,False,125
-4,-0.09796782969568052,False,125
-3,-0.08460409446727438,False,125
-2,-0.10072529175086944,False,125
-8,0.007067938051587702,False,128
-7,0.0030720881825442303,False,128
-6,-0.08118312738104007,False,128
-5,-0.09193789306492675,False,128
-4,-0.12006407174121178,False,128
-3,-0.06989393046971878,False,128
-2,0.24985169689693246,False,128
-1,0.14493053491266902,False,128
0,0.17916819719643587,False,128
1,0.025160901828699372,False,128
2,-0.15221545262755437,False,128
3,-0.17153527426390008,False,128
4,0.011534768196200224,False,128
5,0.1729676957359497,False,128
-8,0.1936879598358408,False,128
-7,0.11168568338847235,False,128
-6,0.025900807669480885,False,128
-5,0.011623593380922725,False,128
-4,-0.09464528905753805,False,128
-3,-0.1058200464616214,False,128
-2,0.12183761494573592,False,128
-1,0.2180566307276453,False,128
0,0.31333794221712086,False,128
1,0.3668994764058737,False,128
2,0.3046446569876413,False,128
3,0.26008406557771885,False,128
4,0.30350646490858,False,128
5,0.2815385320432682,False,128
-8,-0.012395795822995992,False,128
-7,0.014961105393097668,False,128
-6,0.00716170889437745,False,128
-5,-0.07774968732686914,False,128
-4,-0.03756847630772861,False,128
-3,0.16127692994178458,False,128
-2,0.21685939566264897,False,128
-1,0.04778466601673731,False,128
0,0.2702866567663388,False,128
1,0.041714179245578686,False,128
2,-0.026265525651368013,False,128
3,0.14442421113597506,False,128
4,-0.029190301704132754,False,128
5,-0.02607144778590169,False,128
6,-0.13870091272905666,False,128
7,-0.09503714206406269,False,128
-8,-0.07538104560971837,False,130
-7,0.10551230477087695,False,130
-6,0.01575638803094731,False,130
-5,-0.0037737473108513664,False,130
-4,-0.09550256893439842,False,130
-3,-0.05288224890666836,False,130
-2,0.2928195462606977,False,130
-1,0.21204037324127425,False,130
-8,-0.01609880659643187,False,130
-7,-0.025550477560501272,False,130
-6,0.04164928415693313,False,130
-5,0.21069266529991149,False,130
-4,-0.017151316444595763,False,130
-3,0.016240081926219715,False,130
-2,0.19009539166734774,False,130
-1,0.20822267493175112,False,130
0,0.20892313092506792,False,130
1,0.2410737317098256,False,130
2,0.15316953493072655,False,130
3,0.1756894854849942,False,130
4,0.19252862061466813,False,130
5,-0.0283180871260928,False,130
6,0.06176657436808557,False,130
7,-0.011563150250205198,False,130
8,-0.015662532678685323,False,130
9,-0.0004719183829569873,False,130
10,-0.0742314865228786,False,130
-8,-1.0530131200614523e-06,False,130
-7,0.027987686142037296,False,130
-6,-0.02798663312891725,False,130
-5,0.04900570707676001,False,130
-4,-0.02267842976432835,False,130
-3,-0.07568884038529905,False,130
-2,0.26772852655614293,False,130
-1,0.18115061640877994,False,130
0,0.14840311467182382,False,130
1,0.05986352705570776,False,130
2,0.05581720270896422,False,130
3,0.0382383599153784,False,130
4,0.21526941287758866,False,130
5,0.2211599591590605,False,130
-6,0.051661420260517746,False,131
-5,-0.018951588321902232,False,131
-4,-0.03270983193861554,False,131
-3,-0.06337658970894139,False,131
-2,0.19846861620173556,False,131
-1,0.19745029212427778,False,131
0,0.2245322831753111,False,131
1,0.19586736420493073,False,131
2,0.12244702523509625,False,131
3,0.12749117607209315,False,131
4,-0.04422476365150924,False,131
5,-0.0740808197026048,False,131
6,-0.07699969492180632,False,131
7,-0.07694487434908823,False,131
8,-0.07669618176236812,False,131
9,-0.07717746317960675,False,131
10,-0.07797221683013257,False,131
11,-0.07861424904280037,False,131
12,-0.07834016090191566,False,131
13,-0.07777913979179352,False,131
14,-0.07975941638563462,False,131
15,-0.08031232986554235,False,131
-7,0.032556166489246655,False,131
-6,-0.02025253811468468,False,131
-5,-0.012303628374562017,False,131
-4,0.026350666867759012,False,131
-3,0.035258016968408204,False,131
-2,0.09663092288929191,False,131
-1,0.12336982412210139,False,131
0,0.3503415431413001,False,131
1,0.34209084898044073,False,131
2,0.2666675126571229,False,131
3,0.2598131126626026,False,131
4,0.2300112492983324,False,131
5,0.2989342085846838,False,131
6,0.336471173208583,False,131
7,0.14010784413113547,False,131
8,0.1730006516569168,False,131
9,0.04642752601770479,False,131
10,0.0666874337036384,False,131
11,-0.006115225827356366,False,131
12,-0.027857220706992578,False,131
-8,-0.06432157618069595,True,133
-7,-0.014334247599143313,True,133
-6,-0.02323035994839852,True,133
-5,0.1347055099363268,True,133
-4,0.05627953559516079,True,133
-3,0.06300379367283108,True,133
-2,0.14196045023924742,True,133
-1,0.2924041848073905,True,133
0,0.10183864295069751,True,133
1,0.0060734397426596,True,133
2,0.07702114807925388,True,133
-8,-0.08688108083741108,False,133
-7,-0.060379932878559826,False,133
-6,0.011679506528891243,False,133
-5,-0.023067218613858714,False,133
-4,-0.00012112025769722701,False,133
-3,-0.06186367931510228,False,133
-2,0.14510122354838662,False,133
-1,0.2355243673438735,False,133
0,0.38951726989792196,False,133
1,0.09306456220169987,False,133
2,0.06532423812249527,False,133
3,-0.01223825509697185,False,133
4,-0.07252426199748913,False,133
5,-0.09617025689902714,False,133
-8,0.0035472840788090265,False,133
-7,0.004297095369774073,False,133
-6,-0.007844379448583086,False,133
-5,-0.061796018786709095,False,133
-4,0.08438895216031209,False,133
-3,-0.030344605059107577,False,133
-2,0.2124953388178924,False,133
-1,0.06379601586165004,False,133
0,0.2609823562237214,False,133
1,0.17799968343581385,False,133
2,0.13266368386919755,False,133
3,-0.03571988882779577,False,133
4,-0.0067177582885542125,False,133
5,-0.08877729515752962,False,133
6,-0.06796920008265535,False,133
7,-0.09501515410435953,False,133
-8,0.041084368802790844,False,136
-7,-0.02980499885569704,False,136
-6,-0.031167186837712857,False,136
-5,0.0019228131473440768,False,136
-4,-0.06911294105877769,False,136
-3,0.1622782585690164,False,136
-2,0.111188269325107,False,136
-1,0.18913718869254026,False,136
0,0.34008355371834864,False,136
1,0.2330938466519507,False,136
2,0.07813697463545041,False,136
3,0.057051970694251775,False,136
4,-0.03333275173305869,False,136
5,0.2261959469128057,False,136
6,0.12496514727773836,False,136
-8,0.01500818932502783,False,136
-7,-0.030883548463141453,False,136
-6,-0.045702489422810105,False,136
-5,-0.08302625393215952,False,136
-4,0.03397279107115235,False,136
-3,0.00015169771331426107,False,136
-2,0.24667281835318589,False,136
-1,0.20162209028292055,False,136
0,0.1158399087544814,False,136
1,0.14072966213111932,False,136
2,0.2832964271761807,False,136
3,0.21797898631346724,False,136
4,0.14683824864907818,False,136
5,0.20268836295143255,False,136
6,0.22328543747299168,False,136
7,0.13858514425173069,False,136
8,0.31128321530501535,False,136
-8,0.07317068938604995,False,139
-7,-0.03147453335276808,False,139
-6,-0.042015735161217274,False,139
-5,0.0019082854503650881,False,139
-4,-0.03372062104629926,False,139
-3,-0.03578475873463023,False,139
-2,0.11326811811760737,False,139
-1,0.15648171239108946,False,139
0,0.306415082408349,False,139
1,0.2516268887802485,False,139
2,0.21874263385860945,False,139
3,0.08159960916134215,False,139
4,-0.032412309069023176,False,139
5,0.020183351137280148,False,139
6,0.19302126019595187,False,139
7,0.26481624467347065,False,139
8,-0.03601368253719389,False,139
9,0.20874526438378035,False,139
10,0.08553385469106056,False,139
11,-0.015002409004413964,False,139
12,0.06580642387292657,False,139
-8,-0.0020846804731708135,True,140
-7,0.00775624287928077,True,140
-6,-0.0056715624061099285,True,140
-5,-0.06322669291009672,True,140
-4,-0.05140443585015764,True,140
-3,-0.05049696776695893,True,140
-2,0.24061974789228913,True,140
-1,0.20905244426804054,True,140
0,0.13676588203685697,True,140
-8,-0.008999369938016172,False,142
-7,0.044557084227414556,False,142
-6,0.05093984779815014,False,142
-5,0.1045430183532591,False,142
-4,0.14903643028860453,False,142
-3,-0.11932347696526813,False,142
-2,0.20975554732569257,False,142
-1,0.20941444180135255,False,142
0,0.127384485819372,False,142
1,0.14383917790644635,False,142
2,0.05067062202931091,False,142
3,0.023543780270576048,False,142
4,-0.0026930080695724556,False,142
5,-0.010931698812895851,False,142
6,-0.08091037387381647,False,142
7,-0.011496552218846712,False,142
8,0.059876065701885806,False,142
9,-0.08867623661029138,False,142
10,-0.12379179678404117,False,142
-6,-0.0023262402289750267,False,142
-5,0.020454456926957285,False,142
-4,-0.01812821669798223,False,142
-3,-0.09105943155569209,False,142
-2,0.2353109244345653,False,142
-1,0.15520285155201613,False,142
0,0.30279473621872766,False,142
1,0.3019098632809952,False,142
2,0.2716916882797877,False,142
3,0.12429175231605209,False,142
4,0.11461335432261162,False,142
5,-0.005961237235071207,False,142
6,-0.03880799228916902,False,142
7,-0.025859804215688884,False,142
8,-0.06447442530466001,False,142
9,-0.053925185399781105,False,142
10,-0.08137854203973456,False,142
11,-0.09545341131877108,False,142
12,-0.06859423130485684,False,142
13,-0.08391886957924087,False,142
14,-0.08976556566438956,False,142
15,-0.10023491107615025,False,142
-8,-0.05089832173471498,False,143
-7,0.07501425713950872,False,143
-6,-0.054230532140024795,False,143
-5,-0.06071412377802337,False,143
-4,-0.08092787601061108,False,143
-3,-0.021633766815212993,False,143
-2,0.21326710406387556,False,143
-1,0.11798274061140994,False,143
0,0.251246795180693,False,143
1,0.20389637141754785,False,143
-7,0.013393617326774437,True,145
-6,-0.012148301409494591,True,145
-5,-0.0012453159172798461,True,145
-4,-0.05378864464189569,True,145
-3,-0.027720383783624694,True,145
-2,0.16229038711745464,True,145
-1,0.2086175174833943,True,145
0,0.3048895680690608,True,145
1,-0.015302137496476312,True,145
-8,0.012170743339263435,True,145
-7,0.02410403100482847,True,145
-6,-0.036274774344091903,True,145
-5,-0.06384767014035045,True,145
-4,-0.01118483152099313,True,145
-3,0.17276203295882975,True,145
-2,0.20279419766468793,True,145
-1,0.0958176551214309,True,145
0,0.38300695772063253,True,145
1,0.31628835318827536,True,145
2,0.1628018132334328,True,145
3,0.20849613133608552,True,145
4,0.1506503977956029,True,145
-8,-0.06000190663837568,False,146
-7,-0.04212065973180351,False,146
-6,0.12226109414251735,False,146
-5,0.06089961686802145,False,146
-4,-0.0720726579862621,False,146
-3,0.13154208733444284,False,146
-2,0.1638163160844356,False,146
-1,0.1632910221679848,False,146
0,0.2440455151306693,False,146
1,0.01925487933297257,False,146
-8,-0.0244788566885792,True,148
-7,0.00490899040377879,True,148
-6,0.019569866284800383,True,148
-5,-0.013453913754465016,True,148
-4,-0.07334360698444665,True,148
-3,-0.021519787871635387,True,148
-2,0.09108840291274342,True,148
-1,0.25235751639933535,True,148
0,0.18543483632946384,True,148
1,0.014977760548495464,True,148
2,0.0561433179177844,True,148
3,-0.015374443258994813,True,148
4,-0.025000037186577853,True,148
5,-0.0568746056094668,True,148
6,-0.09074902872244073,True,148
-8,0.0035366022637163264,False,148
-7,0.008670774486835425,False,148
-6,-0.022356325207438826,False,148
-5,-0.05886569624215915,False,148
-4,-0.056608977706623154,False,148
-3,-0.08326799784544753,False,148
-2,0.09485338412476704,False,148
-1,0.17630152964269416,False,148
0,0.35307991254514015,False,148
1,0.2907256757938801,False,148
2,0.17178847759274243,False,148
3,0.2295983217508001,False,148
4,0.09929094718093653,False,148
-8,-0.02757547495025843,False,148
-7,0.021584268858998848,False,148
-6,0.005991206091259554,False,148
-5,-0.031185101596520062,False,148
-4,0.018633167058017416,False,148
-3,-0.0687735731749224,False,148
-2,0.19595524384126745,False,148
-1,0.2883649321013972,False,148
0,0.22769827067713444,False,148
1,0.28618406165530713,False,148
2,0.26685306905861006,False,148
3,0.027426486455301116,False,148
4,-0.051938435748069486,False,148
5,-0.08287859769210328,False,148
6,-0.09755841123177197,False,148
7,-0.10117887751639888,False,148
8,-0.10221305004956154,False,148
-6,0.028166253913694178,False,149
-5,-0.01698009800582992,False,149
-4,-0.011186155907864252,False,149
-3,-0.050551771563346,False,149
-2,0.2518760146750067,False,149
-1,0.25778040705253363,False,149
0,0.15381689756282263,False,149
1,0.30526499594233447,False,149
2,0.10902947430323709,False,149
3,-0.05175759116469843,False,149
4,-0.06653296701331388,False,149
5,-0.06838473709738722,False,149
6,-0.0690447665156897,False,149
7,-0.06907656729242218,False,149
8,-0.06973604032469956,False,149
9,-0.06943651125604079,False,149
10,-0.07032798719093855,False,149
11,-0.07102858147040002,False,149
12,-0.0714025116997046,False,149
13,-0.07205074458223922,False,149
14,-0.0721425246308843,False,149
15,-0.07223282833442618,False,149
-8,0.10772278931801571,True,152
-7,-0.12432690619046952,True,152
-6,0.015311514667542547,True,152
-5,-0.12019398244398652,True,152
-4,-0.0360634289235916,True,152
-3,-0.1810040986476425,True,152
-2,0.1284274114537728,True,152
-1,0.31593999976301457,True,152
0,0.10698385866501875,True,152
1,-0.08952092891623986,True,152
2,-0.09376832535925549,True,152
3,-0.06473025266267274,True,152
4,-0.12372952017452493,True,152
-6,0.009094639854199144,False,152
-5,0.02677066196362718,False,152
-4,-0.03586530181782627,False,152
-3,-0.03917619954682221,False,152
-2,0.14945197855508366,False,152
-1,0.2785689842621135,False,152
0,0.10900383770698013,False,152
1,0.04575665441758314,False,152
2,0.23614347202588012,False,152
3,-0.019334004403919608,False,152
4,-0.005257279852217661,False,152
5,0.15864775976136444,False,152
6,0.1255417003972447,False,152
7,-0.002263012294956346,False,152
8,-0.08223823085924264,False,152
9,-0.07191170809376855,False,152
10,-0.019790732927872604,False,152
11,0.36873775723206204,False,152
12,0.17495418609327254,False,152
13,0.08148160245866765,False,152
14,0.18644119435628656,False,152
15,0.015042002042257863,False,152
-8,0.07296096791211017,False,152
-7,-0.01888554959155106,False,152
-6,-0.025979930480899444,False,152
-5,0.20025121821034725,False,152
-4,0.07260940924431987,False,152
-3,0.1872807294018251,False,152
-2,0.007154013362809408,False,152
-1,0.274646747314341,False,152
0,0.28890560504331136,False,152
1,-0.052552749497309315,False,152
2,0.06300245615217119,False,152
3,0.12665092177869064,False,152
4,0.17626032559057092,False,152
-6,-0.013967437665689239,False,154
-5,0.007913558646735208,False,154
-4,0.006053879018954031,False,154
-3,-0.0284942255672231,False,154
-2,0.25375790102585466,False,154
-1,0.15775222810984113,False,154
0,0.20205846186035104,False,154
1,0.16871971601102564,False,154
2,0.14737386376363287,False,154
3,0.16245951647367263,False,154
4,0.07726776118971118,False,154
5,0.0534732780992902,False,154
6,0.03970265993152419,False,154
7,-0.07226857434326249,False,154
8,-0.03663177208465212,False,154
9,-0.04227651565538613,False,154
10,-0.08308441846114216,False,154
11,-0.06680668348712164,False,154
12,-0.06864834982873977,False,154
13,-0.08906411670114034,False,154
14,-0.07806097876523298,False,154
-8,0.0077255589294858845,False,154
-7,-0.008002687881076165,False,154
-6,0.0002771289515902664,False,154
-5,-0.049442088059732804,False,154
-4,-0.0031044677729007014,False,154
-3,0.024824906144333594,False,154
-2,0.2394394829890127,False,154
-1,0.2075869883980312,False,154
0,0.17985746813085696,False,154
1,0.15916712059338206,False,154
2,0.09441687675044023,False,154
3,0.11707893938125737,False,154
4,0.008766520721348939,False,154
5,0.025500631730072762,False,154
6,-0.008690307562292165,False,154
7,0.16926254564154752,False,154
8,-0.006317700360155554,False,154
9,-0.0858929066974351,False,154
10,-0.02893069427675786,False,154
11,-0.0720670659105289,False,154
-8,-0.013190228075095442,False,155
-7,0.007754926669879314,False,155
-6,0.03592860771434028,False,155
-5,-0.05824741510188,False,155
-4,-0.07708449394077219,False,155
-3,-0.0853345240941639,False,155
-2,0.179871661590057,False,155
-1,0.10711393248679102,False,155
0,0.27406153124311516,False,155
1,0.1459817098260567,False,155
2,-0.010247773460959161,False,155
3,-0.10559345385167618,False,155
4,-0.11474155123672228,False,155
-8,0.024901758079746913,False,155
-7,0.005058037619513567,False,155
-6,-0.02995979569926048,False,155
-5,-0.016911522148799735,False,155
-4,-0.03600707209482028,False,155
-3,-0.05198404204860731,False,155
-2,0.29749057338473545,False,155
-1,0.19658780540218435,False,155
0,0.239466844875398,False,155
1,0.13798653033621533,False,155
2,0.011681156129062772,False,155
3,0.1571353149616193,False,155
4,0.07971305398659088,False,155
5,0.13264423408273923,False,155
6,0.04013773463490462,False,155
7,0.05563411637797029,False,155
8,0.10759287638467134,False,155
-8,0.0013388965847233175,False,155
-7,0.05257744509318557,False,155
-6,-0.05391634167790887,False,155
-5,-0.024057564455828045,False,155
-4,-0.03684528469098891,False,155
-3,-0.008060844401445832,False,155
-2,0.26286803896682676,False,155
-1,0.12859424278109238,False,155
0,0.23317182400040365,False,155
1,0.14683697460573897,False,155
2,0.1783438219734691,False,155
3,0.146392006048977,False,155
4,0.04988038579325621,False,155
5,0.03454720742420056,False,155
6,0.2240256056350277,False,155
7,0.16296743248842732,False,155
8,0.08829963487861825,False,155
9,0.03311261045865013,False,155
10,0.013688747487813915,False,155
11,0.0013492912194604384,False,155
12,-0.02909270974691798,False,155
13,-0.04281479220323407,False,155
14,-0.06030341913155325,False,155
15,-0.0711483845744967,False,155
-8,0.08057950854432441,False,157
-7,0.07205080852067436,False,157
-6,0.21766274383304332,False,157
-5,-0.08352310306277891,False,157
-4,0.16922338721053584,False,157
-3,-0.07922552758292534,False,157
-2,0.08330173980839803,False,157
-6,0.02521133858885205,False,157
-5,0.007696848213490204,False,157
-4,-0.03290818680234227,False,157
-3,-0.04921598991654744,False,157
-2,0.17657886492507976,False,157
-1,0.17334703470857768,False,157
0,0.27208047452492046,False,157
1,0.21931894502720198,False,157
2,0.24127644853341088,False,157
3,0.21001843453720057,False,157
4,-0.0889524165756663,False,157
5,0.04277701994786526,False,157
6,-0.0002629796281304053,False,157
7,-0.08781093174009505,False,157
-8,-0.1711742847089262,False,158
-7,-0.17403318142150376,False,158
-6,0.04378745931423991,False,158
-5,0.1564526335931887,False,158
-4,0.17468946487553813,False,158
-3,0.15567716691616754,False,158
-2,0.11598218741327562,False,158
-8,0.16736727400580165,False,158
-7,0.03737152318219966,False,158
-6,0.007048451492380078,False,158
-5,0.001300304472610092,False,158
-4,-0.06490235622255479,False,158
-3,-0.024498516819748378,False,158
-2,0.03183579157899141,False,158
-1,0.05182866052697735,False,158
0,0.46581279389802344,False,158
1,0.20751475978236544,False,158
2,0.04573582806482304,False,158
3,0.05999425776977926,False,158
-8,0.007146390799780786,False,158
-7,0.08909469373952024,False,158
-6,0.09495316203606553,False,158
-5,0.19239090451100854,False,158
-4,-0.027472684375357083,False,158
-3,-0.048377281711012014,False,158
-2,0.22325577551380993,False,158
-1,0.14994706393829382,False,158
0,0.15665703606634446,False,158
1,0.08355107791491805,False,158
2,0.017515456654409775,False,158
3,-0.0674272148280173,False,158
4,-0.07435452759489415,False,158
5,-0.005771676707122919,False,158
6,-0.021703963211115243,False,158
7,-0.054561339990013925,False,158
8,-0.060225457139985075,False,158
-8,0.0007636540119622393,False,160
-7,0.15664968800549325,False,160
-6,0.1289775323118257,False,160
-5,-0.023139985864161244,False,160
-4,0.034091177801606726,False,160
-3,0.09223559653707206,False,160
-2,0.20793204172926497,False,160
-1,0.16847945536234896,False,160
0,0.3801023740307158,False,160
1,0.3010935369553086,False,160
-8,0.013178312702207179,False,161
-7,-0.0639256350671739,False,161
-6,0.05074732236496671,False,161
-5,-0.008773425187415959,False,161
-4,-0.003184095450827873,False,161
-3,0.06897941852809217,False,161
-2,0.2311392129812117,False,161
-1,0.1257471821423513,False,161
0,0.22904111571792835,False,161
1,0.1276278415238698,False,161
2,0.15421075704097725,False,161
3,0.016419954070290843,False,161
-8,-0.07821946061614903,False,161
-7,0.028373829073213522,False,161
-6,0.07670405230694492,False,161
-5,-0.01090189950365121,False,161
-4,-0.03524838500072813,False,161
-3,-0.03654492127016494,False,161
-2,0.18067618662853585,False,161
-1,0.21681349360039964,False,161
0,0.27279782453329554,False,161
1,0.2521990727685073,False,161
2,0.24099856654492513,False,161
-7,-0.03463429648509031,False,161
-6,0.03354236129352978,False,161
-5,0.0010919351915605058,False,161
-4,-0.01972558940019059,False,161
-3,-0.05065208580166393,False,161
-2,0.299377453217041,False,161
-1,0.15904510532003815,False,161
0,0.15477765627150505,False,161
1,0.1809596747441404,False,161
2,0.07349949869809708,False,161
3,0.05300319837635778,False,161
4,0.005897919731177481,False,161
5,0.02165811975600626,False,161
6,-0.047199629435578316,False,161
7,-0.07687201859553011,False,161
8,-0.09744494358550743,False,161
9,-0.11674518813646444,False,161
-8,-4.675979163878963e-05,False,163
-7,-0.02057593980046589,False,163
-6,0.020622699592104693,False,163
-5,0.03730113091206541,False,163
-4,0.024205632181890396,False,163
-3,-0.127989885444169,False,163
-2,0.11507815019558884,False,163
-1,0.3317782310478363,False,163
0,0.2538233109275705,False,163
1,0.198994458904362,False,163
2,0.13838964349786811,False,163
3,-0.046887460566262834,False,163
4,0.08312314806434254,False,163
5,0.1486319235695384,False,163
6,-0.03856548893796703,False,163
7,-0.07836291272613485,False,163
-8,0.03113311278796957,True,164
-7,0.12072984399661477,True,164
-6,0.048987754250632204,True,164
-5,0.048365177454768704,True,164
-4,0.08502925242399081,True,164
-3,-0.023540043749382455,True,164
-2,-0.0037683925386910455,True,164
-1,0.30557253144368013,True,164
0,0.24410439305022638,True,164
1,0.020167289404808775,True,164
2,-0.03418753103762735,True,164
3,0.07039304274490368,True,164
4,0.0616695480569584,True,164
5,-0.03367700672328881,True,164
-7,0.019535464423001095,False,164
-6,-0.020267437310440062,False,164
-5,0.0007319728874389392,False,164
-4,0.019646219121026084,False,164
-3,-0.07178304161592694,False,164
-2,0.22645306322233133,False,164
-1,0.12406507211190025,False,164
0,0.19393430366676756,False,164
1,-0.011566808380277085,False,164
2,-0.08536350569813714,False,164
3,-0.10737321576978201,False,164
4,-0.11171295956081195,False,164
5,-0.112873065803752,False,164
6,-0.1132594430119119,False,164
7,-0.11427462053046097,False,164
8,-0.11524257245293826,False,164
9,-0.11616178243276067,False,164
-5,-0.007930688792452373,False,166
-4,0.002656236556851266,False,166
-3,0.005274452235601107,False,166
-2,0.038929027775464586,False,166
-1,0.17650358391672996,False,166
0,0.4123699953194362,False,166
1,0.2856800829249143,False,166
2,0.1243396708743548,False,166
3,-0.030878064556034257,False,166
4,-0.10877573069705587,False,166
5,0.17098575554323794,False,166
6,0.09501911486698653,False,166
7,0.043751002333083044,False,166
8,0.09026477652980572,False,166
-8,0.20983374221304768,False,166
-7,0.024165590265690637,False,166
-6,-0.04487290857150292,False,166
-5,0.020657355022942428,False,166
-4,0.06850933673897601,False,166
-3,0.13485727545414622,False,166
-2,0.26039849864413267,False,166
-1,0.10512709101846744,False,166
0,0.2510028373176173,False,166
1,0.10975959357447933,False,166
2,0.04929878334363193,False,166
3,0.027078956592503964,False,166
4,-0.006275923766634134,False,166
5,-0.09916615979232699,False,166
6,-0.10919874116168417,False,166
7,-0.11444964621172345,False,166
-8,0.033795442297603895,False,167
-7,-0.02964740841630359,False,167
-6,-0.020076947164200054,False,167
-5,-0.019708347503471474,False,167
-4,-0.13383716588121228,False,167
-3,-0.12559871269733006,False,167
-2,0.18138304059776106,False,167
-1,0.2729300369802834,False,167
0,0.07426661040481664,False,167
1,0.10556621942298933,False,167
2,0.006899355368810728,False,167
3,-0.13583098662133322,False,167
4,-0.08370867276526867,False,167
5,-0.07780570379791753,False,167
-8,-0.0674848586479718,False,169
-7,-0.01757617111177602,False,169
-6,0.032718887342980715,False,169
-5,-0.035015051332565494,False,169
-4,-0.022092100399162,False,169
-3,-0.08153011186610698,False,169
-2,0.26100510388012155,False,169
-1,0.19452089260041666,False,169
0,0.16698010083585318,False,169
1,0.3876465647545679,False,169
2,0.20196910628305997,False,169
3,-0.020906726951280083,False,169
4,-0.06239619971284034,False,169
-7,3.2322693423347815e-05,False,170
-6,-0.027590309557337198,False,170
-5,0.02755798686391385,False,170
-4,0.015215597555898006,False,170
-3,0.009327920515473168,False,170
-2,-0.056090328579305404,False,170
-1,0.2543553076884652,False,170
0,0.3665237645679732,False,170
1,0.29278187389252586,False,170
2,0.30171454242299184,False,170
3,0.2722941267349549,False,170
4,0.20098774939951752,False,170
5,0.28880608936843305,False,170
6,0.027553985899641212,False,170
7,-0.01401812745506631,False,170
8,-0.077209537478661,False,170
9,-0.05974966391258523,False,170
10,-0.08854790211041509,False,170
11,-0.0812067820320861,False,170
-8,0.0022797691907371492,False,170
-7,-0.007824725460190987,False,170
-6,0.005544956269453852,False,170
-5,-0.02349346821570622,False,170
-4,-0.035242242347443734,False,170
-3,-0.04618182144245875,False,170
-2,0.22129682396494788,False,170
-1,0.24779575224720335,False,170
0,0.1570236615140133,False,170
1,0.49627046105956685,False,170
2,0.34053297093495327,False,170
3,0.14519443117944125,False,170
4,0.1108779560385329,False,170
5,0.03311818204789843,False,170
6,0.025670064568873996,False,170
7,-0.06033849464391883,False,170
8,0.039894445987377514,False,170
-8,-0.011787376291579651,False,172
-7,-0.05076924964072291,False,172
-6,-0.09163193526465838,False,172
-5,0.160099989187519,False,172
-4,-0.053108603622281335,False,172
-3,0.045516561495323335,False,172
-2,0.0365949011737514,False,172
-1,0.3712179435094917,False,172
0,0.23886326830575794,False,172
1,0.39279176466212823,False,172
2,0.10756956911695585,False,172
3,-0.05268045817352425,False,172
4,-0.0938033444943588,False,172
5,0.1726346264069814,False,172
6,0.013796084802517511,False,172
7,0.02554808483708472,False,172
8,0.20317705617586024,False,172
9,-0.07458270855587687,False,172
10,0.09199543691445304,False,172
-8,-5.735191008263141e-05,False,172
-7,0.025408398093963752,False,172
-6,0.023438183309431287,False,172
-5,-0.020657312355351995,False,172
-4,-0.012309639289934879,False,172
-3,-0.08087166716042699,False,172
-2,0.2812948652218251,False,172
-1,0.12517468118738492,False,172
0,0.28395077081184256,False,172
1,0.21051277426433823,False,172
2,0.17402895435857357,False,172
3,0.0021604385239278184,False,172
4,-0.07359840941895088,False,172
5,-0.08829562218739981,False,172
6,-0.09792039382599359,False,172
7,-0.10053111321181389,False,172
-7,0.02114579479040936,False,175
-6,-0.0005604355394525501,False,175
-5,-0.020585359250956795,False,175
-4,0.012335690922905693,False,175
-3,0.06188324799382512,False,175
-2,0.23615769408153436,False,175
-1,0.2126069151657729,False,175
0,0.14247081552684554,False,175
1,0.10936778093209189,False,175
2,0.07408933929000412,False,175
3,0.09876502353648552,False,175
4,-0.023259146729904576,False,175
5,5.2281749965715774e-05,False,175
6,0.07570869107100824,False,175
7,0.029687500727689567,False,175
8,0.1554599948114712,False,175
-8,-0.018351322407098164,False,175
-7,0.10388985643612852,False,175
-6,0.14017722335015678,False,175
-5,-0.01612557190781419,False,175
-4,-0.054376135650298835,False,175
-3,0.03199721976250347,False,175
-2,0.28456959892267464,False,175
-1,0.12772508280969927,False,175
0,0.14261733662561168,False,175
1,0.16974344842793673,False,175
2,0.24033668789881776,False,175
3,0.3283154818664854,False,175
4,0.22979635371235943,False,175
5,0.1850944377352919,False,175
6,0.024538664068587734,False,175
7,-0.03619575818788251,False,175
8,-0.0782406005168418,False,175
9,-0.10329524544589491,False,175
10,-0.1161940735044534,False,175
11,-0.12700408517718406,False,175
-8,0.008876401003247228,False,175
-7,-0.07895143390940171,False,175
-6,-0.06607131707192351,False,175
-5,-0.09029940439531707,False,175
-4,0.07810474289308973,False,175
-3,0.05590798031979104,False,175
-2,0.046353631129911796,False,175
-1,0.18159122360203245,False,175
0,0.34228700340514706,False,175
1,0.38712036549617196,False,175
2,0.19230738530839137,False,175
3,0.019898357175300488,False,175
4,0.02794208402995625,False,175
5,0.1026509407159696,False,175
6,0.11607469869273822,False,175
7,0.15060753030050694,False,175
8,0.0874794657703604,False,175
9,0.0826396102472547,False,175
-8,0.08783105965718399,False,176
-7,0.10495727200494817,False,176
-6,0.0316796093131953,False,176
-5,0.2716671774124639,False,176
-4,0.05254259841217607,False,176
-3,0.009634909324601676,False,176
-2,0.035806345919212584,False,176
-6,-0.10660536443560703,False,178
-5,-0.010397615487985457,False,178
-4,0.11700297992359251,False,178
-3,0.12693930202593798,False,178
-2,0.223706697903254,False,178
-1,0.16160597281950964,False,178
0,0.15349393494741495,False,178
1,-0.07762385968524516,False,178
2,-0.05820699908573487,False,178
3,-0.1650586020917733,False,178
4,-0.13013079305947145,False,178
5,-0.1342137074881504,False,178
6,-0.16839105453090109,False,178
7,-0.21114461307730598,False,178
8,-0.21797341680193144,False,178
9,-0.22526105808011712,False,178
10,-0.23128286888073343,False,178
11,-0.23766570962515746,False,178
12,-0.23841692062004324,False,178
13,-0.23937092658974413,False,178
14,-0.24121958885455258,False,178
15,-0.24302676566252351,False,178
-8,0.019403119497500704,False,179
-7,-0.011735418120669902,False,179
-6,-0.007667701376830829,False,179
-5,-0.06887066775271569,False,179
-4,-0.04678850206645459,False,179
-3,0.11761772430102008,False,179
-2,0.13350607475215057,False,179
-1,0.189341237582336,False,179
0,0.2340080178276776,False,179
1,0.2988685568053088,False,179
2,0.13347208286088413,False,179
3,0.22481682303569234,False,179
4,0.1279816437923494,False,179
-8,-0.10587308328051878,False,179
-7,-0.1079665361247025,False,179
-6,-0.0801301468374609,False,179
-5,-0.05506870606631617,False,179
-4,-0.05283187594226761,False,179
-3,-0.11509723618355397,False,179
-8,0.08147982396709696,False,179
-7,-0.03681977020330751,False,179
-6,-0.04466005376378951,False,179
-5,-0.07688472044434645,False,179
-4,-0.08174412195001811,False,179
-3,-0.08719342191236736,False,179
-2,0.29917668906298056,False,179
-1,0.10570452336582134,False,179
0,0.15541093387281532,False,179
1,0.12744229118058506,False,179
2,0.2463511101279873,False,179
3,0.030428210337392958,False,179
-8,0.042525097443378415,False,179
-7,-0.035189852356020464,False,179
-6,-0.007461852239450839,False,179
-5,0.06963488212438805,False,179
-4,0.07034134864555917,False,179
-3,0.07665689871803162,False,179
-2,-0.05726606400465197,False,179
-1,-0.012657587757876024,False,179
-8,-0.01119666358832773,False,179
-7,-0.005887937342492031,False,179
-6,0.0170846009308198,False,179
-5,-0.017221109460883552,False,179
-4,0.01261054904280158,False,179
-3,-0.08477937478245892,False,179
-2,0.17266559067273535,False,179
-1,0.29515819425718504,False,179
0,0.19461379543265966,False,179
1,0.3847995207853186,False,179
2,0.31033159289964574,False,179
3,-0.03297255123300338,False,179
4,-0.01164092717043834,False,179
5,0.09074525120881681,False,179
6,-0.008894394259370539,False,179
7,0.2390522719036841,False,179
8,0.06724349928617003,False,179
-8,0.0014132355155195148,False,181
-7,0.00643223251493083,False,181
-6,0.03422447571410536,False,181
-5,-0.0018305847655444157,False,181
-4,-0.10613178146770999,False,181
-3,-0.0733062059336807,False,181
-2,0.18770300533742623,False,181
-1,0.151912587541155,False,181
0,0.20925804027832962,False,181
1,0.2580114479785505,False,181
2,0.12822572608588378,False,181
3,0.3750183539791211,False,181
4,0.3170732098957285,False,181
5,0.19902920888712067,False,181
6,0.046232942800677024,False,181
7,-0.059442918275647974,False,181
8,-0.08526350682432281,False,181
9,-0.10024529718648419,False,181
10,-0.1037010114902506,False,181
-8,-0.03174475865700005,True,182
-7,-0.045182246706654425,True,182
-6,0.12678680637335088,True,182
-5,-0.025558963588628927,True,182
-4,0.09968291676360684,True,182
-3,0.05667248232432125,True,182
-2,0.031898688732781635,True,182
-1,0.32672333457822816,True,182
0,0.305602472919871,True,182
1,0.06440955466368235,True,182
2,-0.08113509205682762,True,182
3,-0.1095625001531935,True,182
-8,-0.05577867553049187,False,184
-7,0.049395079867913985,False,184
-6,0.08641214541183735,False,184
-5,-0.044149985881701104,False,184
-4,-0.0320392383904146,False,184
-3,-0.09160912447341821,False,184
-2,0.374256044295792,False,184
-1,0.1950764798694462,False,184
0,0.29830578077520603,False,184
1,0.31056547640433857,False,184
2,0.12266146449588626,False,184
3,-0.09848693118580613,False,184
4,-0.11375493694787178,False,184
5,-0.09638214177780449,False,184
6,-0.046490697317061305,False,184
7,-0.024164338722189427,False,184
-8,-0.03847979448369529,False,185
-7,-0.061925445076104486,False,185
-6,0.11356315321718856,False,185
-5,0.1129359660258868,False,185
-4,-0.01122845144668097,False,185
-3,-0.06515591425894182,False,185
-2,0.1795523620888706,False,185
-1,-0.022557876575817412,False,185
0,0.42416973304556377,False,185
1,0.4270152025293678,False,185
2,0.2297925239715058,False,185
3,0.19292884884729367,False,185
4,0.16959716409985442,False,185
-8,-0.1271607467583053,False,190
-7,0.18112779785406152,False,190
-6,-0.11470410553512189,False,190
-5,0.011434509166207862,False,190
-4,-0.06479169618364412,False,190
-3,-0.11887584780731773,False,190
-2,-0.09149258503356335,False,190
-1,-0.049229148870010134,False,190
-8,-0.02860779185803068,False,190
-7,0.00397788039189792,False,190
-6,0.024629911466132734,False,190
-5,-0.06193617283062995,False,190
-4,-0.0630379588900402,False,190
-3,-0.0871113966838535,False,190
-2,0.20239126635627952,False,190
-1,0.1269400753362548,False,190
0,0.2180982838972756,False,190
1,0.35629608910782606,False,190
2,0.2064177383577635,False,190
3,0.060446601193059876,False,190
4,0.2763453872814942,False,190
5,0.14276596772767014,False,190
6,0.16334307245637808,False,190
7,0.147424037614786,False,190
-8,0.04383953263631918,False,190
-7,-0.10671932081472174,False,190
-6,-0.01858929112466548,False,190
-5,-0.13213830377245508,False,190
-4,-0.14997548660026896,False,190
-3,-0.15056783462969606,False,190
-2,0.08757229149985601,False,190
-1,0.27047020198909766,False,190
0,0.21419888638620246,False,190
1,0.17162218869775822,False,190
2,-0.05659370336272586,False,190
3,-0.1188210635871862,False,190
4,-0.13858559283490007,False,190
5,-0.1434559765576744,False,190
6,-0.1478239017216586,False,190
7,-0.14886900220933308,False,190
8,-0.14843054335608166,False,190
9,-0.1492844400434758,False,190
10,-0.1496214821662908,False,190
11,-0.15141832057321405,False,190
12,-0.15220385629021355,False,190
13,-0.15221268572978994,False,190
14,-0.15249875640782568,False,190
-7,0.004919424215882984,False,191
-6,-0.012573969623121226,False,191
-5,0.0076545454072382,False,191
-4,0.00735181853418021,False,191
-3,0.03986958637890847,False,191
-2,0.2582768525192166,False,191
-1,0.18509263539378254,False,191
0,0.1146178255400499,False,191
1,0.07803247837012581,False,191
2,0.132594041232058,False,191
3,-0.019545898668772224,False,191
4,-0.09426438783178673,False,191
5,-0.09672503334671093,False,191
6,-0.11457163069430822,False,191
7,-0.08971374622548689,False,191
8,0.07258765051259855,False,191
9,-0.06213066016466162,False,191
10,-0.017927729620485333,False,191
11,-0.006223288733832058,False,191
12,-0.03471576681060849,False,191
13,-0.0972497739958093,False,191
-8,-0.044372568864477574,False,191
-7,-0.011053237912308389,False,191
-6,-0.042973309106871735,False,191
-5,0.036155366271493794,False,191
-4,-0.04558727914609351,False,191
-3,-0.07467731929287824,False,191
-2,0.1459942530416198,False,191
-1,0.39339807626055934,False,191
0,0.26550987946813104,False,191
1,0.3477187075420773,False,191
2,0.36705146483190837,False,191
3,0.30737168752379074,False,191
4,0.20768109166654736,False,191
5,0.15875752504147456,False,191
6,0.05191528766871059,False,191
7,0.14357526458306327,False,191
8,-0.026383951402769994,False,191
9,-0.07895768337468627,False,191
10,-0.07884151554666889,False,191
-8,0.07086142928199643,False,191
-7,-0.1195756632543763,False,191
-6,-0.08412025615332433,False,191
-5,-0.1244567921906897,False,191
-4,-0.11947568486609632,False,191
-3,-0.12462878238802945,False,191
-2,0.3001492636077495,False,191
-1,0.2563763170608543,False,191
0,-0.01807561571314799,False,191
1,-0.02322657036909616,False,191
2,-0.017145285079090536,False,191
3,0.227268526122789,False,191
4,-0.0778310016321137,False,191
5,-0.023500313136741877,False,191
6,-0.08576521576259816,False,191
7,0.16035521735619693,False,191
-7,-0.0057975792596072495,False,193
-6,0.004951278308422555,False,193
-5,0.0008463009511846808,False,193
-4,-0.006063895706417438,False,193
-3,0.006336633887455159,False,193
-2,0.11334124293242027,False,193
-1,0.21173759084207794,False,193
0,0.2675754471057036,False,193
1,0.24990441204601888,False,193
2,0.09672678966148686,False,193
3,0.24559273845890972,False,193
4,0.14215698686068945,False,193
5,0.051848516000306225,False,193
6,-0.02237017874952732,False,193
7,0.1439046512826363,False,193
8,0.03224468538993745,False,193
-8,-0.0048575098522753435,False,193
-7,0.020396778541977495,False,193
-6,-0.06656237211216191,False,193
-5,0.00581410553172626,False,193
-4,-0.09343981838262494,False,193
-3,-0.08577593798626017,False,193
-2,0.30149787759229657,False,193
-1,0.25263213026345455,False,193
0,0.106601543272073,False,193
1,0.1317545112055875,False,193
2,0.2113581229497944,False,193
3,0.09672703457647452,False,193
4,0.029098821980978323,False,193
5,-0.023461180051184624,False,193
6,0.027412095609021747,False,193
7,0.10673941790300479,False,193
8,-0.05095650865982897,False,193
9,0.18277881978139732,False,193
10,0.0715965291972123,False,193
11,-0.052750000849577316,False,193
-7,0.01603368814096101,False,193
-6,-0.02190198900561685,False,193
-5,0.005868300864655895,False,193
-4,-0.05322296088310613,False,193
-3,-0.048883145917808596,False,193
-2,-0.10369151024839426,False,193
-1,0.2935177993021407,False,193
0,0.36293641959306044,False,193
1,0.18766063672038222,False,193
2,-0.015881079573303092,False,193
3,-0.10385464078777738,False,193
4,-0.1256330423159358,False,193
5,-0.13269228253966145,False,193
6,-0.1349969622800021,False,193
7,-0.13600024596676483,False,193
8,-0.1376128620828596,False,193
9,-0.14037101808496544,False,193
-8,-0.009013755252424524,False,194
-7,0.017724949243902763,False,194
-6,-0.008711193991478183,False,194
-5,0.03078150143522608,False,194
-4,-0.028356522304842827,False,194
-3,-0.07097566486005336,False,194
-2,0.3633335559724728,False,194
-1,0.08578036126809656,False,194
0,0.13836108416253784,False,194
1,0.09494792774139525,False,194
2,0.3349829382166881,False,194
3,-0.012687745260083858,False,194
4,-0.10725315372462542,False,194
5,-0.1163994150869431,False,194
6,-0.11816989946528754,False,194
7,-0.11824845923898826,False,194
8,-0.1198996342152909,False,194
-7,0.0023301670234497085,False,194
-6,-0.030128440255040717,False,194
-5,0.027798273231591036,False,194
-4,-0.059691718992851237,False,194
-3,-0.03877062590660063,False,194
-2,0.24057061112124964,False,194
-1,0.22458660715405912,False,194
0,0.20018766497373822,False,194
1,0.06055767933725148,False,194
2,0.04370845531859252,False,194
3,0.1019929831617166,False,194
4,0.02042856582591565,False,194
5,-0.06443705666503889,False,194
6,-0.0852749802736936,False,194
7,-0.07280136990365654,False,194
-8,0.03972380709393909,False,194
-7,-0.017614668910420322,False,194
-6,-0.03853945534837763,False,194
-5,0.10563400285212442,False,194
-4,-0.037968937992277435,False,194
-3,-0.03677074134896914,False,194
-2,0.31612835410799184,False,194
-1,0.21015394103170504,False,194
0,0.11704217946388916,False,194
1,0.26830796793771966,False,194
2,0.17845743648621998,False,194
3,0.04334425561585896,False,194
4,0.26381507404120164,False,194
5,0.08773171345966367,False,194
6,0.0012063967739210785,False,194
7,-0.04513917286115175,False,194
8,-0.08740865833612983,False,194
9,-0.08283202640227255,False,194
10,0.03543232104481399,False,194
11,-0.014071887442790185,False,194
-8,-0.03151647940679292,False,196
-7,-0.010001956078386387,False,196
-6,0.04151843548517932,False,196
-5,-0.02444002853175077,False,196
-4,-0.014936314651537455,False,196
-3,-0.08438929083200865,False,196
-2,0.22530403801872095,False,196
-1,0.2716964092042201,False,196
0,0.29670409899776884,False,196
1,0.2294706262944199,False,196
2,0.28962794945377385,False,196
3,0.2213000200761714,False,196
4,0.23727105318145836,False,196
5,0.24261672319650673,False,196
6,0.08797663784656097,False,196
7,0.028233815629329403,False,196
8,-0.05323663696430958,False,196
-6,0.013779219294394546,True,199
-5,-0.03354349559096799,True,199
-4,0.019764276296573458,True,199
-3,-0.005517139646713562,True,199
-2,0.06535694893424167,True,199
-1,0.2485122630236642,True,199
0,0.24989604459594356,True,199
1,0.12788326987426202,True,199
-8,-0.031503949286900826,True,200
-7,-0.04077474330559873,True,200
-6,0.07462410842674382,True,200
-5,0.103708739358592,True,200
-4,0.2567077046167968,True,200
-3,0.028494535925078987,True,200
-2,0.16864368826000098,True,200
-1,0.24385783507925368,True,200
0,0.1478460046734808,True,200
-7,0.05774114103177913,False,200
-6,-0.052546136862587425,False,200
-5,-0.005195004169191719,False,200
-4,0.09604743584413636,False,200
-3,0.0211860650143669,False,200
-2,-0.0293400485689531,False,200
-1,0.304460504734696,False,200
0,0.42156186050166367,False,200
1,0.21343779599289503,False,200
2,0.17745435583057578,False,200
3,0.19578344679869075,False,200
4,0.04244622526199457,False,200
-8,0.02470677969130075,True,203
-7,0.00034093073442002797,True,203
-6,-0.005706252880664786,True,203
-5,0.00957110410053802,True,203
-4,0.10867745262502526,True,203
-3,0.03037679119311701,True,203
-2,0.23242446774464665,True,203
-1,0.2498787151421566,True,203
0,0.23653044014514607,True,203
1,-0.046837279825308935,True,203
-8,-0.03884344055305868,False,203
-7,-0.005483940714517105,False,203
-6,0.22038915429407718,False,203
-5,0.11432257764140105,False,203
-4,0.12862099338636648,False,203
-3,0.0415801296704881,False,203
-2,0.1432246964547653,False,203
-1,0.1686278812832001,False,203
0,0.21861681660456495,False,203
1,0.12031515883230742,False,203
2,0.009205030083889135,False,203
3,0.02032465267209982,False,203
4,0.05227724262648678,False,203
5,0.07927119292388257,False,203
6,0.1569985885313968,False,203
7,0.005647190696611043,False,203
8,-0.07327092860665815,False,203
-5,0.000570198155292162,False,203
-4,-0.03964851535077456,False,203
-3,0.039078317195482354,False,203
-2,0.13214820138196476,False,203
-1,0.2149292589742034,False,203
0,0.22420595979546543,False,203
1,0.19417011591169014,False,203
2,0.2407479947413932,False,203
3,0.26678870563452134,False,203
4,0.38041597825968376,False,203
5,0.36754596926473104,False,203
6,0.06433110650652438,False,203
7,-0.08959255502842473,False,203
8,-0.09816152313928429,False,203
9,-0.09860517959067834,False,203
10,-0.09918123080874464,False,203
11,-0.10261472522011685,False,203
12,-0.10269701067512355,False,203
13,-0.10327982963517382,False,203
14,-0.10377199947287605,False,203
15,-0.10500280607499701,False,203
-8,-0.009360465287501424,False,203
-7,0.008777341889457807,False,203
-6,0.000583123398043589,False,203
-5,-0.0389321566496031,False,203
-4,-0.015076960036136858,False,203
-3,-0.08117598466584625,False,203
-2,0.24537968743826138,False,203
-1,0.22239024149940417,False,203
0,0.21016389491802095,False,203
1,0.27686878121618486,False,203
2,0.17536523960026745,False,203
3,-0.0722031854482599,False,203
4,0.04851707188301699,False,203
5,0.10541695645921145,False,203
6,0.15763041123132993,False,203
7,0.13762030872782816,False,203
-8,-0.08240073568876163,False,205
-7,-0.1323803614726245,False,205
-6,-0.08201955346634432,False,205
-5,-0.054935244655793636,False,205
-4,-0.11602437664818904,False,205
-3,-0.1324008410557892,False,205
-2,-0.11366076443376036,False,205
-6,-0.019340018266684342,False,205
-5,0.020746416500116965,False,205
-4,-0.0014063982334326375,False,205
-3,-0.06950451746975961,False,205
-2,0.1424098454560198,False,205
-1,0.26492440238951437,False,205
0,0.2410795366024207,False,205
1,0.20213783313597727,False,205
2,0.12871694482123824,False,205
3,0.35794913329536115,False,205
4,0.149717161840491,False,205
5,0.3947302955317865,False,205
6,0.24504722426890502,False,205
7,0.10470536877076408,False,205
8,-0.02250732493958589,False,205
9,-0.05385710269704942,False,205
10,-0.08946491908936562,False,205
11,-0.0900576906462983,False,205
12,-0.07571493053836295,False,205
13,-0.10437186186906543,False,205
14,-0.08511033255869195,False,205
15,-0.050428995335616386,False,205
-8,-0.08476138281251319,False,205
-7,0.06174972433556081,False,205
-6,-0.055585833978293,False,205
-5,-0.1022895254172821,False,205
-4,-0.14002499378927782,False,205
-3,-0.1411977987081393,False,205
-2,0.09532317412044086,False,205
-1,0.30662856498525903,False,205
0,0.16062767772378475,False,205
1,0.05214440899825784,False,205
2,0.15947380153822996,False,205
3,-0.1050114060183093,False,205
4,-0.1300294018845653,False,205
5,-0.050557371489332745,False,205
6,-0.11858475906231064,False,205
7,-0.09996663018496527,False,205
8,-0.12677310229586258,False,205
9,-0.1293403531049084,False,205
-8,-0.06312303344546029,False,205
-7,-0.07344416409576288,False,205
-6,-0.09511497128665763,False,205
-5,0.0194444855894689,False,205
-4,0.10729121581115021,False,205
-3,-0.08619203669621608,False,205
-2,0.46957420830591934,False,205
-1,0.05938244611407449,False,205
0,0.370053689996553,False,205
1,0.22774143768954486,False,205
2,0.14008118168743866,False,205
3,0.17705539073210702,False,205
4,0.12084099214311812,False,205
5,-0.03079774855504197,False,205
6,-0.07857123274336933,False,205
7,-0.08699330297444968,False,205
8,-0.0907263305908375,False,205
-8,0.011177473241654357,False,205
-7,-0.019802136043555865,False,205
-6,0.015657551255185614,False,205
-5,0.10607562022646348,False,205
-4,-0.002848845925371629,False,205
-3,-0.04861484090312066,False,205
-2,0.15645421542435617,False,205
-1,0.2054754144044293,False,205
0,0.2770943414289623,False,205
1,0.24673003390590376,False,205
2,0.1990532993405545,False,205
3,0.20202288884141567,False,205
4,0.2571745791761117,False,205
5,0.23311588231791408,False,205
6,0.1010918074783446,False,205
7,0.24644177652021793,False,205
8,0.12276132691136905,False,205
-7,0.005467099991835769,True,208
-6,0.012736098689705974,True,208
-5,-0.018203198681541688,True,208
-4,-0.026359432660857315,True,208
-3,-0.035439915054731805,True,208
-2,0.2681024781001755,True,208
-1,0.2348598059753818,True,208
0,0.056360817771929264,True,208
-8,-0.042971379584597735,True,208
-7,0.04123192037179492,True,208
-6,-0.01889907850909109,True,208
-5,-0.027314106028938856,True,208
-4,-0.02092513806739965,True,208
-3,-0.09694612206778218,True,208
-2,0.21229589003917426,True,208
-1,0.09664501469827115,True,208
0,0.2802519568571018,True,208
1,0.14676069730820335,True,208
2,-0.009293205578064678,True,208
-7,-0.04197695145246852,False,208
-6,-0.02926365446566115,False,208
-5,0.07124060591812964,False,208
-4,-0.08513544438420545,False,208
-3,-0.043526614693147045,False,208
-2,0.16079894079364734,False,208
-1,0.15535370599163675,False,208
0,0.2915389396888497,False,208
1,0.09424858776279765,False,208
2,0.06758190378256393,False,208
3,0.06206575473903722,False,208
4,0.07066322197232186,False,208
5,-0.08642488741229637,False,208
6,-0.11832680540453337,False,208
7,-0.12337231936935744,False,208
8,-0.12477576457028022,False,208
9,-0.12593402559243233,False,208
10,-0.12508182623688213,False,208
11,-0.1265441413596103,False,208
12,-0.12733887406434286,False,208
13,-0.12802933785144005,False,208
14,-0.12865013916633505,False,208
-8,0.031234989107645245,True,208
-7,0.1655483148761665,True,208
-6,0.09650789915500013,True,208
-5,0.10708003807840966,True,208
-4,0.1799278051047412,True,208
-3,-0.040354018936350766,True,208
-2,0.11085722316732505,True,208
-1,0.2504538642110675,True,208
0,0.21932869439157637,True,208
1,0.13422887453236232,True,208
2,-0.07257285014195558,True,208
3,-0.04254276446858363,True,208
4,-0.10817952150235022,True,208
5,-0.11262724681669688,True,208
6,-0.15421376043385504,True,208
-6,0.017054460585170877,False,208
-5,0.018454479544114,False,208
-4,-0.035508940129284836,False,208
-3,0.04410086428271609,False,208
-2,0.21336008446196048,False,208
-1,0.18846211083408437,False,208
0,0.14656357601364572,False,208
1,0.3124462268545601,False,208
2,-0.007501425201744516,False,208
3,-0.006645217216662377,False,208
4,0.24705718994016468,False,208
5,0.012595173980979757,False,208
6,0.09416712329308688,False,208
7,0.15143453149928204,False,208
8,0.05676655154888183,False,208
9,0.145332150153773,False,208
10,0.006752199663819486,False,208
-7,-0.07558303307533264,False,208
-6,0.07605447951981828,False,208
-5,-0.0004714464444857125,False,208
-4,-0.03175273430093262,False,208
-3,-0.019208492783179876,False,208
-2,0.1147539785005702,False,208
-1,0.2490863193853751,False,208
0,0.21999911027125243,False,208
1,0.10818090643094061,False,208
2,0.1304034934425922,False,208
3,-0.09045724051399909,False,208
4,-0.14544965916944455,False,208
5,-0.15056175187100265,False,208
6,-0.1494089534334413,False,208
7,-0.1507824082140124,False,208
8,-0.15195293878622843,False,208
9,-0.15288361516006482,False,208
-8,-0.005745487379589312,True,209
-7,0.03759886733852956,True,209
-6,-0.03185337995894029,True,209
-5,0.025385056660327282,True,209
-4,0.0035053554967290207,True,209
-3,-0.03713483988812915,True,209
-2,0.1390151305325738,True,209
-1,0.2300984515047717,True,209
0,0.17702547846800226,True,209
1,0.12993077040653495,True,209
2,0.2717392471167325,True,209
3,0.14180073746243177,True,209
4,0.26432646009396366,True,209
5,0.08991059221147847,True,209
6,-0.0312002527377876,True,209
-8,0.003585487019360442,False,209
-7,0.011137361206529028,False,209
-6,-0.03439664203632402,False,209
-5,0.43057332278985516,False,209
-4,0.10438399526095256,False,209
-3,-0.053313168230159885,False,209
-2,0.19838292668724272,False,209
-1,0.18243262322035608,False,209
0,0.2640484692105362,False,209
1,0.22828318450479396,False,209
-8,0.0016224152799495656,True,211
-7,-0.007046378304842282,True,211
-6,0.013517221637845314,True,211
-5,-0.08327738877630733,True,211
-4,0.068890792047652,True,211
-3,-0.08743144989431109,True,211
-2,0.23046906120411115,True,211
-1,0.23332184273385903,True,211
0,0.22830333898855104,True,211
1,0.11674200849385485,True,211
2,-0.04501344372023437,True,211
3,-0.0045258012955321225,True,211
4,-0.032110108233989444,True,211
5,0.08185670961618105,True,211
6,0.03546209576372045,True,211
7,-0.011569370237791476,True,211
8,-0.053825061107755756,True,211
9,-0.06910372394962291,True,211
-6,0.0025747592036930445,False,212
-5,-0.029340909902038304,False,212
-4,0.026766150698345204,False,212
-3,-0.016993427656969637,False,212
-2,0.08776613249622561,False,212
-1,0.3597083174912906,False,212
0,0.3177131164385544,False,212
1,0.2417314666127686,False,212
2,0.33074901614384367,False,212
3,0.30782295842819374,False,212
4,0.18132090066871318,False,212
5,0.08586415060929495,False,212
6,-0.019951942618190305,False,212
7,-0.05513532788067038,False,212
8,-0.10346661492618744,False,212
9,-0.12226422795639347,False,212
10,-0.12712570036493917,False,212
11,-0.13027358863319327,False,212
12,-0.13230722010262577,False,212
13,-0.13163504531062334,False,212
14,-0.13273208141049492,False,212
-8,-0.005760447053512849,False,212
-7,0.014711910192505256,False,212
-6,-0.008951463138992422,False,212
-5,0.031221660801765028,False,212
-4,-0.04014417202945936,False,212
-3,-0.0639994931238226,False,212
-2,0.23566039503941932,False,212
-1,0.14539951376661597,False,212
0,0.24387143294228197,False,212
1,0.1656691524136361,False,212
2,0.18734029653874013,False,212
3,0.10885570362416974,False,212
4,0.1508776866103203,False,212
5,0.27808442783435844,False,212
6,0.23066935530866628,False,212
7,0.19338344147702424,False,212
8,0.17540510881076454,False,212
9,-0.021182566768219016,False,212
10,-0.09666266529684092,False,212
11,-0.10510048584032619,False,212
12,-0.10759724106954552,False,212
13,-0.10718914618711586,False,212
-8,-0.03820249303886121,False,214
-7,-0.06942455314138962,False,214
-6,-0.06562698778109086,False,214
-5,-0.005826858993149053,False,214
-4,-0.11683869706772167,False,214
-3,0.05919557521189678,False,214
-2,0.12999950190310453,False,214
-1,0.3189247028914297,False,214
0,0.08637933658987487,False,214
1,0.14597957355825916,False,214
-8,0.0036801471674755004,False,215
-7,0.060920025702648234,False,215
-6,-0.11150364124002707,False,215
-5,-0.13656664821003878,False,215
-4,-0.0738382074403076,False,215
-3,-0.03212035387061574,False,215
-2,0.16790457347400073,False,215
-1,0.09360317936096879,False,215
0,0.2645142661048922,False,215
1,0.2706997165782783,False,215
2,0.21216747466593533,False,215
3,0.19366485067195938,False,215
4,0.047622371469401736,False,215
5,-0.051424551583883815,False,215
6,-0.08330893791771408,False,215
7,-0.08648475421250025,False,215
8,-0.08935727382521909,False,215
9,-0.11674883466749583,False,215
10,-0.10800335381904233,False,215
11,0.20418269236744035,False,215
12,-0.06365038827376408,False,215
-8,-0.01248805886059201,False,215
-7,-0.01989574934971533,False,215
-6,0.07570750700241971,False,215
-5,-0.029388182492375348,False,215
-4,0.00987720401904793,False,215
-3,-0.018393633016313388,False,215
-2,0.17671071887128134,False,215
-1,0.29969536178897416,False,215
0,0.18335136656428078,False,215
1,0.15421716497507906,False,215
2,0.19647162589258269,False,215
3,0.12948032911135074,False,215
4,0.1116072796981831,False,215
5,0.13956840244691124,False,215
6,0.11411018907561712,False,215
7,0.04497646095936467,False,215
8,0.015454791880168461,False,215
9,0.07164785934870488,False,215
-8,-0.003270831852392214,False,215
-7,-0.08627462597284405,False,215
-6,0.10180549848090718,False,215
-5,0.22270362391913467,False,215
-4,0.15818328992836245,False,215
-3,-0.001529038434710847,False,215
-2,0.13619400666622278,False,215
-1,0.21807554520031647,False,215
0,0.19217375110638935,False,215
1,0.18782996155736031,False,215
2,0.06417356251590188,False,215
3,0.16796287162299817,False,215
4,0.2901906314711373,False,215
5,0.07920804488173867,False,215
6,-0.023566175070605502,False,215
-6,0.009043608193896241,False,217
-5,0.022701642941482802,False,217
-4,-0.03174525113537906,False,217
-3,0.013625828802007328,False,217
-2,0.2721725140764335,False,217
-1,0.22863647051153713,False,217
0,0.05017258122726333,False,217
1,0.17427054071314102,False,217
2,0.07687131775584553,False,217
3,0.04301169430872627,False,217
4,0.11218180474812885,False,217
5,-0.020370413978901943,False,217
6,0.002792277263253082,False,217
7,-0.060705967320688954,False,217
8,-0.014379793485190515,False,217
9,-0.07392469464435233,False,217
-6,-0.013949492182871434,False,217
-5,0.002611008781650201,False,217
-4,0.011338483401221247,False,217
-3,-0.00559182482369143,False,217
-2,0.07105734964230115,False,217
-1,0.22965637572476338,False,217
0,0.2615271180422601,False,217
1,0.1814729976689351,False,217
2,0.22817720065171387,False,217
3,0.21169579750241485,False,217
4,0.12792057858784783,False,217
5,0.1272034324204266,False,217
6,0.1535799655595279,False,217
7,0.08422890606966618,False,217
8,0.17342273648636575,False,217
9,0.03906167790229517,False,217
10,-0.04975774951761063,False,217
11,-0.019321582200362217,False,217
-8,0.049951129223903795,False,217
-7,-0.07478104141600021,False,217
-6,0.2508656315287483,False,217
-5,0.13251954787132172,False,217
-4,0.10021111534463947,False,217
-3,-0.02429263553558436,False,217
-2,0.018928815113339797,False,217
-1,0.05667541949462032,False,217
-8,0.056288844565280355,False,217
-7,-0.12236808513569984,False,217
-6,0.28100631858153746,False,217
-5,-0.02481306480366846,False,217
-4,-0.06886505195178842,False,217
-3,0.11555503654952773,False,217
-2,0.11366701654405587,False,217
-1,0.1777550584564588,False,217
0,0.33731788084069914,False,217
1,0.04158004797519832,False,217
2,-0.021032218650808884,False,217
3,-0.06058979263574381,False,217
4,-0.06021376679877802,False,217
-7,0.030761970705979483,False,218
-6,-0.03651149103069768,False,218
-5,0.005749520324718205,False,218
-4,0.04359601867561451,False,218
-3,0.07543844546230345,False,218
-2,0.2484120449378246,False,218
-1,0.1884681698215122,False,218
0,0.19969964783582667,False,218
1,0.11277382484199767,False,218
2,0.19160188656213606,False,218
3,0.09418553759538571,False,218
4,-0.031852205036419,False,218
5,-0.028049413928485672,False,218
6,0.04121976606900725,False,218
7,-0.011977499632326138,False,218
8,-0.06419817916329716,False,218
9,-0.08067261691806331,False,218
10,-0.08514649335369627,False,218
11,-0.0889695100823053,False,218
12,-0.08602052791174465,False,218
13,-0.09101772171853023,False,218
14,-0.09284944000369705,False,218
15,-0.0947717296004203,False,218
-8,-0.003636982718333334,False,218
-7,-0.013014826862505421,False,218
-6,0.016651809580838742,False,218
-5,0.027017978878431034,False,218
-4,0.013948020896729016,False,218
-3,-0.09852451524508551,False,218
-2,0.16622729256698104,False,218
-1,0.24728412922365983,False,218
0,0.13730398967145202,False,218
1,0.25034049677863923,False,218
2,0.32684445362918585,False,218
3,0.28346327022895146,False,218
4,0.28630381623377693,False,218
5,0.28630253423713475,False,218
6,0.08359014454529622,False,218
-8,-0.0823892083686738,False,218
-7,0.018622728749604564,False,218
-6,-0.04847784830080713,False,218
-5,-0.08037969246427287,False,218
-4,0.047937261453023364,False,218
-3,0.08871003269561621,False,218
-2,0.19382980909225617,False,218
-1,0.16818571404288885,False,218
0,0.31201886713687116,False,218
-5,0.0382978830366793,False,220
-4,0.00619895492046528,False,220
-3,-0.044496837957144604,False,220
-2,0.2506998666065291,False,220
-1,0.3000304673364706,False,220
0,0.05617180293218807,False,220
1,0.08521337656045408,False,220
2,-0.008705697740903587,False,220
3,-0.07517977256416974,False,220
4,-0.04554559064896625,False,220
5,-0.08356474196960893,False,220
6,-0.0693340535881124,False,220
-7,-0.028159014928587717,True,220
-6,0.01402764684565716,True,220
-5,0.014131368082930584,True,220
-4,-0.051807240655671646,True,220
-3,-0.08702115705752989,True,220
-2,0.21980705919744747,True,220
-1,0.17408834438200055,True,220
0,0.20304891962725247,True,220
-8,0.05528935810242777,False,222
-7,0.04858921782161263,False,222
-6,-0.10387857592404044,False,222
-5,0.14383725955946516,False,222
-4,-0.06084897735208768,False,222
-3,-0.06946711644065702,False,222
-2,0.21278479231754918,False,222
-1,0.2615750878053582,False,222
0,0.2178315063779305,False,222
1,0.10246776694756546,False,222
2,0.17964930447058877,False,222
3,-0.041359740869237036,False,222
4,-0.13663993075998618,False,222
5,-0.14708611337518543,False,222
6,-0.14734630496131004,False,222
7,-0.15026160298703248,False,222
8,-0.15241774843789171,False,222
9,-0.15239831043860894,False,222
10,-0.15411118146892877,False,222
11,-0.15410194775744307,False,222
12,-0.1557590102806871,False,222
13,-0.15578098838158638,False,222
-8,-0.009716633300240946,False,222
-7,0.02157165557928059,False,222
-6,-0.011855022279039618,False,222
-5,-0.04824482018689487,False,222
-4,-0.05481537949306495,False,222
-3,-0.09948961188332239,False,222
-2,0.2557809153619577,False,222
-1,0.13454768192508457,False,222
0,0.17267357575471246,False,222
1,0.09357882741345452,False,222
2,-0.009056007573809088,False,222
3,0.2644496804558194,False,222
4,0.2803872022445444,False,222
5,0.20474244584395498,False,222
6,-0.07059550439132954,False,222
7,-0.09089300488235252,False,222
8,0.03352905125824279,False,222
-8,-0.05834437078868157,False,223
-7,0.02352939215385476,False,223
-6,-0.10291253083845964,False,223
-5,-0.05087933165538312,False,223
-4,-0.09628104316686857,False,223
-3,0.04922304517265559,False,223
-2,0.13359810721671211,False,223
-1,0.18982417656186112,False,223
0,0.206199650120365,False,223
1,-0.031333119717098415,False,223
2,-0.08396920820071282,False,223
3,-0.09981777685115496,False,223
4,-0.10343312783752041,False,223
-7,-0.020161465426611194,True,225
-6,0.01668313985679179,True,225
-5,0.003478325569819418,True,225
-4,-0.02848350552833072,True,225
-3,-0.001061001123725952,True,225
-2,0.17402562339138528,True,225
-1,0.3185514050601082,True,225
0,0.06011326614220017,True,225
1,0.12902466264474471,True,225
2,0.2506765262071314,True,225
3,0.12090871506036768,True,225
-8,0.04296240367241798,False,225
-7,0.013686101536182202,False,225
-6,-0.05664850520860018,False,225
-5,-0.02109164936435015,False,225
-4,0.043443273646205385,False,225
-3,-0.04017566976495286,False,225
-2,0.2025787958294641,False,225
-1,0.14439937047120643,False,225
0,0.24667575035722533,False,225
1,0.4463692564857403,False,225
2,0.266252587197136,False,225
3,0.18490598590244595,False,225
4,0.3145141144398729,False,225
-8,-0.07226456599083962,False,225
-7,-0.029723879448620733,False,225
-6,-0.03645307434631696,False,225
-5,-0.081742942235354,False,225
-4,-0.10282483709032308,False,225
-3,-0.11502322581845725,False,225
-2,0.12668614650584564,False,225
-1,0.2580373703720397,False,225
0,0.30865734462085104,False,225
1,0.15558416438195788,False,225
2,0.007028818186229954,False,225
3,0.12345178096939054,False,225
4,0.2407488209019054,False,225
5,-0.022829657240376625,False,225
6,0.14272257853741754,False,225
7,0.02246811009685433,False,225
-8,-0.050587634928372496,True,227
-7,0.06406981003081302,True,227
-6,-0.08785166198611917,True,227
-5,-0.05363861947885313,True,227
-4,-0.0397956445974032,True,227
-3,-0.09052136491466355,True,227
-2,0.2639182504818605,True,227
-1,0.1370172420267797,True,227
0,0.2189767560769889,True,227
1,0.0413877185292586,True,227
2,0.04557002791880724,True,227
3,-0.08352925397519412,True,227
4,-0.06749387928083789,True,227
-8,0.045533703874160364,False,227
-7,-0.006394585463290942,False,227
-6,0.08173814640250562,False,227
-5,-0.030238548382622535,False,227
-4,0.013069651550474931,False,227
-3,0.06416307201652907,False,227
-2,0.31453096633860284,False,227
-1,0.11972099811899242,False,227
0,0.2879847390162507,False,227
1,0.20118447777744797,False,227
2,0.16922111152665098,False,227
3,0.03678309790804328,False,227
4,0.0043061467672171755,False,227
5,-0.0057910287578401415,False,227
6,-0.04201767107059938,False,227
-8,-0.017183039355020302,False,227
-7,0.012818583459950364,False,227
-6,-0.041747436841455585,False,227
-5,0.0012729575032145724,False,227
-4,-0.04624820899416615,False,227
-3,0.08315645697696787,False,227
-2,0.15349012289141512,False,227
-1,0.23768287232716384,False,227
0,0.14444561125828337,False,227
1,0.2355999281021926,False,227
2,0.11233209825461364,False,227
-7,0.011707972091863417,True,229
-6,-0.04852334769871729,True,229
-5,0.036815375606853884,True,229
-4,-0.08358268247847556,True,229
-3,-0.062309195221537134,True,229
-2,0.22717839086792968,True,229
-1,0.11958423025905837,True,229
0,0.19179069581926905,True,229
1,0.017144388135917343,True,229
-8,0.0024911747623628105,False,230
-7,0.007356013308551734,False,230
-6,-0.01620863665940045,False,230
-5,-0.025330921955422747,False,230
-4,-0.017451485932706484,False,230
-3,-0.0853291654780295,False,230
-2,0.28198393908108915,False,230
-1,0.23202043588429622,False,230
0,0.0678051359628132,False,230
1,0.15977587885907957,False,230
2,-0.08385585249101227,False,230
-8,-0.03251499151271245,False,230
-7,0.017645593718704597,False,230
-6,0.011993919459922855,False,230
-5,-0.07350621943013104,False,230
-4,-0.054841683432164105,False,230
-3,-0.020383700696578105,False,230
-2,0.26736515850063536,False,230
-1,0.20054962960038053,False,230
0,0.10764962053447254,False,230
1,-0.015870003152080023,False,230
2,-0.03815173961822729,False,230
3,0.1159715585737509,False,230
4,-0.03747844717491666,False,230
-8,-0.0336183903730434,False,230
-7,-0.07718180059097979,False,230
-6,0.11223563811289103,False,230
-5,0.19576240982090962,False,230
-4,0.09077184569684751,False,230
-3,0.11209441399793077,False,230
-2,0.22317063437225296,False,230
-1,0.13187224626463304,False,230
0,0.20266905673124833,False,230
1,0.20047718052959915,False,230
2,0.08742926941518939,False,230
-8,0.02199064068741524,False,232
-7,-0.013364519421430604,False,232
-6,0.005675355918326769,False,232
-5,-0.11070981729786496,False,232
-4,-0.0899988948906768,False,232
-3,-0.12164289305821224,False,232
-2,0.16257306434130672,False,232
-1,0.13235518674448407,False,232
0,0.3013407122155841,False,232
1,-0.03757060856856076,False,232
2,-0.10934958148471617,False,232
3,-0.04062442985182012,False,232
4,-0.00935689089685221,False,232
5,-0.08676982529533582,False,232
6,0.021977124008196347,False,232
7,-0.060732059209310824,False,232
8,-0.09322190260497878,False,232
9,-0.11208029080624202,False,232
10,-0.08412077063431261,False,232
-8,-0.05423632847028671,False,232
-7,-0.03602811921730485,False,232
-6,0.0035987237383758724,False,232
-5,-0.03359416614705128,False,232
-4,0.19227478235665352,False,232
-3,0.07691810418098942,False,232
-2,0.19763791908568273,False,232
-1,0.14146116323444374,False,232
0,0.335602628952872,False,232
1,0.05168640021270195,False,232
2,-0.03222030715588449,False,232
3,-0.07585378172975937,False,232
4,0.023910045873094823,False,232
5,0.004274703687933423,False,232
6,-0.04543471191293215,False,232
7,-0.01873828884240726,False,232
-8,-0.018602806117408444,False,233
-7,-0.08390654241437626,False,233
-6,0.002742212296916735,False,233
-5,-0.0794707070526118,False,233
-4,-0.1061603587773848,False,233
-3,-0.12533007527440992,False,233
-2,0.14042976479643557,False,233
-1,0.24063277784537238,False,233
0,0.15916297016952716,False,233
1,0.13718639336790514,False,233
2,0.13327723953597517,False,233
3,-0.06584353693029613,False,233
4,-0.11608340242990023,False,233
5,-0.1225091823976918,False,233
6,-0.12615170203147139,False,233
7,-0.12718694027874086,False,233
8,-0.12830257770017978,False,233
9,-0.12872304636086793,False,233
10,-0.1285687957944523,False,233
-8,0.03870038553432412,False,233
-7,-0.07564511400800578,False,233
-6,0.03694472847368169,False,233
-5,-0.07532537428801467,False,233
-4,0.06815449417469108,False,233
-3,-0.004554319249877259,False,233
-2,0.07485472226708914,False,233
-1,0.2562538802496809,False,233
0,0.20831835671794538,False,233
1,0.14977816669839647,False,233
2,0.05917292091005469,False,233
3,0.17000903953021293,False,233
4,0.052437861272742664,False,233
5,-0.04869603674114119,False,233
6,-0.12391066007792582,False,233
7,-0.13275862132727245,False,233
8,-0.13926607255364862,False,233
9,-0.14191292160412497,False,233
10,-0.14277594962661128,False,233
11,-0.14331462853808358,False,233
12,-0.14200141032711103,False,233
13,-0.14364174490742168,False,233
14,-0.1469875887961471,False,233
15,-0.1487217925409603,False,233
-8,-0.04294183016538168,False,234
-7,0.028962478271867306,False,234
-6,0.0475893429252454,False,234
-5,-0.04731905438827861,False,234
-4,0.11052983758997652,False,234
-3,0.040359295776229,False,234
-2,0.24111461248150717,False,234
-1,0.14281102709146343,False,234
0,0.2269112991984027,False,234
1,0.07318174378982441,False,234
2,-0.033529275711597376,False,234
3,0.05921192532767612,False,234
4,-0.035375774544498834,False,234
5,-0.03081852628575016,False,234
-8,-0.027865982769779835,False,237
-7,0.03579273837199534,False,237
-6,-0.05332962313999848,False,237
-5,-0.13018634365940263,False,237
-4,0.028827542592752026,False,237
-3,0.11263058735352058,False,237
-2,0.3008938105505983,False,237
-1,0.08503588835130785,False,237
0,0.15253433850216677,False,237
1,-0.040120904862959744,False,237
2,-0.13060474196584934,False,237
3,-0.10589541638213129,False,237
4,-0.003257002311508994,False,237
5,-0.0917140977438972,False,237
-8,-0.10026279831078613,False,237
-7,-0.060863138742129994,False,237
-6,-0.06730453532627216,False,237
-5,0.18504865403426465,False,237
-4,0.11390247806456893,False,237
-3,0.1741063831519972,False,237
-2,0.06024719243379925,False,237
-1,0.2176489934360102,False,237
0,0.2601662749783895,False,237
1,0.10217153946892371,False,237
2,0.010136467519005432,False,237
3,-0.11361805947558663,False,237
4,-0.10234483771580596,False,237
5,-0.04999419048421036,False,237
6,0.014294859873237253,False,237
7,-0.08925319858060157,False,237
8,-0.10379134390646506,False,237
-8,-0.10523222327420761,False,239
-7,-0.08947766810806909,False,239
-6,-0.10587158852388522,False,239
-5,-0.10275716677408016,False,239
-4,-0.1061432120362776,False,239
-3,-0.09522695200312549,False,239
-2,0.16429427459962392,False,239
-1,0.43998053551651156,False,239
0,-0.07374191509227271,False,239
-8,-0.06100303962653201,False,239
-7,-0.02576698000650686,False,239
-6,-0.07717583830424624,False,239
-5,-0.05764609750993482,False,239
-4,-0.051857812147223244,False,239
-3,-0.06084554719779185,False,239
-2,0.16498972805026918,False,239
-1,0.17338715759950496,False,239
0,0.4051767284465747,False,239
-8,0.06659687468459907,False,239
-7,-0.032715583870847595,False,239
-6,0.038635661900559115,False,239
-5,0.016893605838340375,False,239
-4,0.23799532987528338,False,239
-3,0.1482420163762433,False,239
-2,0.028603189099598636,False,239
-1,0.12896592934030185,False,239
-8,0.08631999865572197,False,239
-7,-0.02948073304407825,False,239
-6,0.04348015973544962,False,239
-5,-0.10225956563398114,False,239
-4,-0.07115465025825468,False,239
-3,-0.00687850854846507,False,239
-2,0.032915314054630315,False,239
-1,0.18796515617346932,False,239
0,0.3054346726220842,False,239
1,0.2566998832473252,False,239
2,0.3730181279103433,False,239
3,0.23729969468093387,False,239
4,0.1353346320581712,False,239
5,0.05223600208222588,False,239
6,0.010089958974040372,False,239
7,-0.000551957596309785,False,239
8,0.03698407229185953,False,239
9,0.046100624579286334,False,239
10,-0.04144755280726366,False,239
11,0.0027958875485164375,False,239
-7,0.005188869551951469,False,239
-6,0.009504184726619208,False,239
-5,-0.014693054278570664,False,239
-4,0.10756239741580964,False,239
-3,-0.002644933320315096,False,239
-2,0.2648172120643997,False,239
-1,0.2061080610013277,False,239
0,0.2049646270439113,False,239
1,0.3628236168585972,False,239
2,0.33333917365111654,False,239
3,0.055344332140201874,False,239
4,-0.032602533540104756,False,239
5,-0.07336796109131025,False,239
6,-0.08934072745655983,False,239
7,-0.09295021298298731,False,239
8,-0.09547486529861346,False,239
9,-0.10507708295179727,False,239
10,-0.10673281339294258,False,239
11,-0.11201752793815298,False,239
12,-0.10908239262226457,False,239
13,-0.11443646441407482,False,239
14,-0.11861812554834714,False,239
15,-0.12204973981158149,False,239
-5,-0.007233657456445025,True,241
-4,-0.005045393557675276,True,241
-3,0.012279051014120329,True,241
-2,0.3486917025006815,True,241
-1,0.07998421448914636,True,241
0,0.18674418271543886,True,241
1,0.04003603555276858,True,241
2,-0.06908331106215275,True,241
3,-0.02233511209933109,True,241
4,-0.04505169517779081,True,241
5,-0.07046604029110734,True,241
-7,-0.023539612170023802,True,241
-6,0.02760010130254595,True,241
-5,-0.004060489132522174,True,241
-4,-0.07649615264127455,True,241
-3,-0.07031484813509002,True,241
-2,0.14277456488071738,True,241
-1,0.4085381422981283,True,241
0,0.2244208720639922,True,241
1,-0.006756203941354413,True,241
2,0.19651225474449563,True,241
3,0.13887340600628012,True,241
-8,0.03104762404992334,False,241
-7,-0.0017337892319449766,False,241
-6,-0.05578416821976413,False,241
-5,-0.04980058817077508,False,241
-4,-0.0787040849481518,False,241
-3,0.16748812238265764,False,241
-2,0.2077131559364802,False,241
-1,0.09061749432900323,False,241
0,0.22913330481601923,False,241
1,0.13589051217917422,False,241
2,0.01582626835204415,False,241
3,0.031142042026651218,False,241
4,-0.022277786910551503,False,241
5,-0.052286347789470534,False,241
6,0.10496391449002052,False,241
7,0.08928813629486226,False,241
-8,-0.004754844166874425,False,242
-7,0.0013878632259925888,False,242
-6,0.042010775322525964,False,242
-5,-0.05048980529424972,False,242
-4,0.00530088476283154,False,242
-3,-0.0865733621697377,False,242
-2,0.279410959764797,False,242
-1,0.07453721431547498,False,242
0,0.22074689158363792,False,242
1,0.26705291182546587,False,242
-8,0.05706092296372818,False,244
-7,-0.0639446698881774,False,244
-6,0.015344856662950115,False,244
-5,-0.04964291660742031,False,244
-4,0.06564840814229976,False,244
-3,-0.021962508601012953,False,244
-2,0.19809872933089007,False,244
-1,0.18884824490608942,False,244
0,0.17039532700652799,False,244
1,-0.006295911660797154,False,244
2,-0.05582348964933381,False,244
3,-0.08651832656326683,False,244
4,-0.08933052568140618,False,244
5,-0.09167986884301133,False,244
6,-0.09575239564096538,False,244
7,-0.09524180352736111,False,244
8,-0.09768759684576968,False,244
9,-0.09700789246949727,False,244
10,-0.09838546850881882,False,244
-8,-0.0021746043251659186,False,244
-7,-0.03255217814471159,False,244
-6,0.023204974763681663,False,244
-5,-0.10526062435793289,False,244
-4,0.029906402138860255,False,244
-3,-0.036681057689265356,False,244
-2,0.21864379385851415,False,244
-1,0.23922890367654923,False,244
0,0.3093992034067061,False,244
1,0.1510891315572405,False,244
2,0.09051845196653399,False,244
3,-0.034359661629447785,False,244
4,-0.09796216654905121,False,244
5,-0.11183617254345518,False,244
6,-0.10631932979602171,False,244
-8,0.03057008813325382,False,244
-7,-0.04832185738831489,False,244
-6,0.011580836621817359,False,244
-5,-0.08253748318443384,False,244
-4,-0.07980765766612714,False,244
-3,-0.11773650488724963,False,244
-2,0.1490004311490233,False,244
-1,0.19668924509154814,False,244
0,0.2610093108727989,False,244
1,0.145509478641944,False,244
2,-0.016966728093468816,False,244
3,-0.061103152024317486,False,244
4,-0.12235570401874409,False,244
5,-0.12634948469190044,False,244
6,-0.12801647263806099,False,244
-8,-0.012615266112752585,True,247
-7,0.07917266348573389,True,247
-6,0.16761050153775492,True,247
-5,0.06934778311934954,True,247
-4,0.06546649846625978,True,247
-3,0.026879887896137086,True,247
-2,0.2474611979402246,True,247
-1,0.2395833724796853,True,247
0,0.2991427757374442,True,247
1,0.03988772605494785,True,247
2,0.033316561400557596,True,247
3,-0.04728743507840209,True,247
4,-0.09206105875334838,True,247
5,-0.08569002287332035,True,247
-8,-0.012215790056347625,False,248
-7,-0.07291119397969106,False,248
-6,-0.06607362340816329,False,248
-5,-0.0012503530095908377,False,248
-4,0.17698323474465794,False,248
-3,0.020990890498192694,False,248
-2,0.1640923357576442,False,248
-1,0.15461658066846296,False,248
0,0.2151962687283061,False,248
1,0.0288874458044992,False,248
2,-0.02313496293701589,False,248
3,-0.13237084120226872,False,248
4,-0.14893686627865912,False,248
5,-0.14899689914462402,False,248
6,-0.15201496909285162,False,248
7,-0.15381208715046907,False,248
8,-0.15460743778426933,False,248
-8,-0.0052883739460636014,False,250
-7,-0.028089466001820218,False,250
-6,0.033377839947883875,False,250
-5,-0.06292888043803567,False,250
-4,-0.06739610919049749,False,250
-3,-0.10323608646245996,False,250
-2,0.20264880681386307,False,250
-1,0.22373739028077752,False,250
0,0.1273255015411542,False,250
1,0.2400273570771849,False,250
2,-0.09914127004912887,False,250
3,0.04088448411260229,False,250
