diagnostics_step,model_version,source,diagnostics_top_k,row_count,trajectory_count,complete_step,success_count,success_denominator,success_rate,timeout_rate,lost_rate,mean_env_rounds,valid_action_rate,response_tokens_total,mean_response_tokens,student_entropy_topk_mean,teacher_entropy_topk_mean,entropy_teacher_minus_student,student_surprisal_mean,teacher_surprisal_mean,surprisal_teacher_minus_student,sampled_forward_kl_mean,sampled_forward_kl_token_weighted,sampled_forward_kl_sum_mean_per_trajectory,sampled_reverse_kl_mean,sampled_reverse_kl_token_weighted,student_topk_mass_mean,teacher_topk_mass_mean,topk_mass_student_minus_teacher,rollout_success_rate_from_log,rollout_timeout_rate_from_log,rollout_rounds_mean_from_log,rollout_wait_explore_step_sec,rollout_run_execution_mean_sec,rollout_task_execution_mean_sec,experience_pipeline_total_sec
1,1,train,16,468,16,True,1,16,0.0625,0.9375,0.0,29.25,0.8354700854700855,55487.0,118.5619658119658,0.18964325266589446,0.29714918115076433,0.10750592848486987,0.1910131453958703,1.0159151450704933,0.824901999674623,0.8249019999227439,0.7884141670414394,2734.171055414273,0.8249019999227439,0.7884141670414394,0.9997845261242019,0.9995601671710831,0.00022435895311878618,,,,,,,
2,2,train,16,480,16,True,0,16,0.0,1.0,0.0,30.0,0.86875,62017.0,129.20208333333332,0.1956857282698463,0.30559659276625745,0.10991086449641116,0.21017408799127077,1.0389420475054814,0.8287679595142106,0.8287679605971775,0.7747644994934313,3003.0356228177584,0.8287679605971775,0.7747644994934313,0.9994753747082095,0.9993530389391011,0.00012233576910836153,,,,,,,
3,3,train,16,465,16,True,1,16,0.0625,0.9375,0.0,29.0625,0.8494623655913979,56516.0,121.53978494623657,0.193804384870213,0.31110880153767,0.117304416667457,0.20145559516671954,0.9901778271170122,0.7887222319502927,0.788722232291169,0.7586162935365754,2679.6224028445667,0.788722232291169,0.7586162935365754,0.999605803249656,0.9994637561081947,0.00014204714146126562,,,,,,,
4,4,train,16,467,16,True,1,16,0.0625,0.9375,0.0,29.1875,0.8329764453961456,54525.0,116.7558886509636,0.18700217900215915,0.2957848232372993,0.10878264423514017,0.21061111180723097,1.0352231669244234,0.8246120551171925,0.8246120551725613,0.7769646308727023,2647.7497811458825,0.8246120551725613,0.7769646308727023,0.9994461664974539,0.9994211685470749,2.4997950379024303e-05,,,,,,,
5,5,train,16,431,16,True,3,16,0.1875,0.8125,0.0,26.9375,0.7888631090487239,53303.0,123.67285382830626,0.17958434942464788,0.2910006083219867,0.11141625889733883,0.18019883746356968,0.9490067443718784,0.7688079069083087,0.7688079072115531,0.73650133587561,2453.6081691361005,0.7688079072115531,0.73650133587561,0.9996468500201643,0.9994538037633367,0.00019304625682758925,,,,,,,
6,6,train,16,462,16,True,2,16,0.125,0.875,0.0,28.875,0.7987012987012987,54207.0,117.33116883116882,0.17730651930848954,0.2926336888032904,0.11532716949480085,0.1910503058838326,0.9834140597593272,0.7923637538754946,0.7923637547470357,0.7576230924677418,2566.7796858374318,0.7923637547470357,0.7576230924677418,0.9997449162645726,0.9995314597558618,0.00021345650871085198,,,,,,,
7,7,train,16,480,16,True,0,16,0.0,1.0,0.0,30.0,0.8104166666666667,58673.0,122.23541666666667,0.1860726069364364,0.30132125393240516,0.11524864699596876,0.20945689014583285,1.0164159697986195,0.8069590796527866,0.8069590804705591,0.7480620173656028,2743.1901715557515,0.8069590804705591,0.7480620173656028,0.9994679455516137,0.9993366318726821,0.0001313136789315994,,,,,,,
8,8,train,16,452,16,True,2,16,0.125,0.875,0.0,28.25,0.8097345132743363,53787.0,118.99778761061947,0.17306213432843195,0.2757964256961149,0.10273429136768295,0.19498173064388188,0.9696489915254976,0.7746672608816156,0.7746672609251132,0.7324943895293904,2462.417233101083,0.7746672609251132,0.7324943895293904,0.999720338375548,0.9995773045762762,0.000143033799271719,,,,,,,
9,9,train,16,460,16,True,1,16,0.0625,0.9375,0.0,28.75,0.7869565217391304,55274.0,120.1608695652174,0.18409176307308495,0.2941200782562054,0.11002831518312045,0.2073163705355779,0.9815711715284713,0.7742548009928933,0.7742548015901776,0.7422554258634961,2564.214150573677,0.7742548015901776,0.7422554258634961,0.9996313001034102,0.9993168309689014,0.0003144691345087214,,,,,,,
10,10,train,16,463,16,True,2,16,0.125,0.875,0.0,28.9375,0.8272138228941684,59606.0,128.73866090712744,0.17287063321580848,0.2858039694382467,0.11293333622243823,0.1871599813886754,0.9693319214645811,0.7821719400759057,0.7821719408052494,0.7471023690686576,2783.236488169148,0.7821719408052494,0.7471023690686576,0.9998124341047541,0.9996202879070359,0.0001921461977181238,,,,,,,
11,11,train,16,480,16,True,0,16,0.0,1.0,0.0,30.0,0.8583333333333333,58804.0,122.50833333333334,0.17484399610253445,0.2950814194282286,0.12023742332569412,0.19540573375118217,0.9607919266287114,0.7653861928775292,0.7653861935878901,0.7252219734934671,2665.3720580818626,0.7653861935878901,0.7252219734934671,0.9997904395257241,0.9994823213837589,0.0003081181419651857,,,,,,,
12,12,train,16,456,16,True,1,16,0.0625,0.9375,0.0,28.5,0.8377192982456141,53499.0,117.32236842105263,0.16108718970230482,0.2846387685270179,0.1235515788247131,0.16490465440829002,0.9055492860166369,0.7406446316083468,0.7406446320507244,0.7098151248664745,2373.3999603269663,0.7406446320507244,0.7098151248664745,0.9998629979371666,0.9995725372620259,0.0002904606751407135,,,,,,,
13,13,train,16,434,16,True,2,16,0.125,0.875,0.0,27.125,0.8202764976958525,54663.0,125.95161290322581,0.17045489424766552,0.28976599163969297,0.11931109739202744,0.18056151691138744,0.9737451441696346,0.7931836272582472,0.7931836281348018,0.7615494175365837,2601.7859881751433,0.7931836281348018,0.7615494175365837,0.999864253138632,0.9996070801588343,0.00025717297979777065,,,,,,,
14,14,train,16,480,16,True,0,16,0.0,1.0,0.0,30.0,0.8625,59625.0,124.21875,0.16764543471935056,0.28871285138772,0.12106741666836945,0.17755677448074078,0.9068057448246711,0.7292489703439303,0.7292489708681079,0.6927295299083908,2581.499888799236,0.7292489708681079,0.6927295299083908,0.9998328814047185,0.9995588404771379,0.0002740409275805433,,,,,,,
15,15,train,16,453,16,True,1,16,0.0625,0.9375,0.0,28.3125,0.7991169977924945,52458.0,115.80132450331126,0.171618048098751,0.30452065364553954,0.13290260554678854,0.18956740354336812,0.9732279341023075,0.7836605305589394,0.7836605305563258,0.76138063727603,2496.2815918891224,0.7836605305563258,0.76138063727603,0.999913919985233,0.9995635240603334,0.0003503959248996047,,,,,,,
16,16,train,16,453,16,True,1,16,0.0625,0.9375,0.0,28.3125,0.7660044150110376,55551.0,122.62913907284768,0.1767996419032151,0.31969645817153797,0.14289681626832287,0.18755789800206268,0.9018119283035335,0.7142540303014708,0.7142540303068504,0.6859012496493615,2381.40626995448,0.7142540303068504,0.6859012496493615,0.9999068080286773,0.9994257452819619,0.0004810627467153328,,,,,,,
17,17,train,16,480,16,True,0,16,0.0,1.0,0.0,30.0,0.8708333333333333,57389.0,119.56041666666667,0.17538228487944224,0.30327948304036867,0.12789719816092643,0.17837173343730192,0.9225451530476945,0.7441734196103925,0.7441734197959357,0.7276746806980238,2610.0326406611807,0.7441734197959357,0.7276746806980238,0.9998999345495577,0.9995445381408514,0.00035539640870629885,,,,,,,
18,18,train,16,480,16,True,0,16,0.0,1.0,0.0,30.0,0.78125,59729.0,124.43541666666667,0.1761862397400768,0.3090361828395046,0.13284994309942783,0.19734633324206635,0.9430087811539674,0.745662447911901,0.7456624484061793,0.7060836839574874,2635.8545224435475,0.7456624484061793,0.7060836839574874,0.9998408443111747,0.9993691895665772,0.0004716547445975383,,,,,,,
19,19,train,16,441,16,True,2,16,0.125,0.875,0.0,27.5625,0.8616780045351474,54716.0,124.07256235827664,0.16837462328997585,0.294220975701042,0.12584635241106615,0.19507719696245585,0.9187149027485685,0.7236377057861126,0.7236377063720347,0.6861103538459863,2346.325882564811,0.7236377063720347,0.6861103538459863,0.9998877522264543,0.9995226591670899,0.0003650930593643853,,,,,,,
20,20,train,16,389,16,True,5,16,0.3125,0.6875,0.0,24.3125,0.7686375321336761,47095.0,121.0668380462725,0.17952551824041568,0.29889022249027264,0.11936470424985696,0.19579665107207464,0.9367276913692482,0.7409310402971735,0.7409310406550816,0.7119024226577281,2095.440287191607,0.7409310406550816,0.7119024226577281,0.9998514958761976,0.9995021092212847,0.00034938665491290877,,,,,,,
21,21,train,16,475,16,True,1,16,0.0625,0.9375,0.0,29.6875,0.8694736842105263,57321.0,120.6757894736842,0.1703484937951277,0.29853882863340525,0.12819033483827755,0.17744636183973436,0.9217665067894009,0.7443201449496665,0.7443201456910901,0.7332622857929147,2626.9579677459774,0.7443201456910901,0.7332622857929147,0.9999188613343404,0.9995640580497885,0.0003548032845518412,,,,,,,
22,22,train,16,456,16,True,1,16,0.0625,0.9375,0.0,28.5,0.8399122807017544,54664.0,119.87719298245614,0.16924520438930105,0.2877067451041348,0.11846154071483375,0.18235053440058144,0.9145342464748196,0.7321837120742382,0.7321837119617183,0.6979458879889872,2384.5321263143737,0.7321837119617183,0.6979458879889872,0.9999186121501275,0.9995988178885999,0.00031979426152750623,,,,,,,
23,23,train,16,464,16,True,2,16,0.125,0.875,0.0,29.0,0.8254310344827587,55928.0,120.53448275862068,0.1642401533877734,0.2847625348069109,0.12052238141913749,0.16720801866366344,0.9159674185065392,0.7487593998428758,0.7487594002402864,0.7330984204117035,2562.5455285491075,0.7487594002402864,0.7330984204117035,0.9999405280243491,0.9996248424955486,0.00031568552880045786,,,,,,,
24,24,train,16,480,16,True,0,16,0.0,1.0,0.0,30.0,0.83125,54109.0,112.72708333333334,0.16285500871421116,0.28883244901410904,0.12597744029989788,0.16450786246945384,0.888573834421581,0.7240659719521272,0.7240659730087828,0.6992823764342364,2364.841881655005,0.7240659730087828,0.6992823764342364,0.9999250570752984,0.9995785802510374,0.00034647682426103277,,,,,,,
25,25,train,16,441,16,True,2,16,0.125,0.875,0.0,27.5625,0.7664399092970522,54742.0,124.13151927437642,0.16304514029052133,0.2758580077823022,0.11281286749178085,0.1774603943236999,0.9181565023663941,0.7406961080426943,0.7406961084068499,0.7152896274296856,2447.274049047241,0.7406961084068499,0.7152896274296856,0.9999279386382818,0.9996761255189526,0.0002518131193292028,,,,,,,
26,26,train,16,480,16,True,0,16,0.0,1.0,0.0,30.0,0.8416666666666667,56267.0,117.22291666666666,0.16568097579902102,0.2920882726513795,0.12640729685235846,0.16824434416034353,0.8590505347720405,0.690806190611697,0.6908061907930321,0.6724545271615976,2364.8124299875994,0.6908061907930321,0.6724545271615976,0.9999457355093829,0.9995820623263008,0.00036367318308216934,,,,,,,
27,27,train,16,452,16,True,3,16,0.1875,0.8125,0.0,28.25,0.7610619469026548,55309.0,122.36504424778761,0.16895804489389213,0.27522826067546863,0.1062702157815765,0.20784068057360156,0.9341981782243521,0.7263574976507505,0.7263574979053105,0.6899719531210706,2385.103672198332,0.7263574979053105,0.6899719531210706,0.9999043342395478,0.9996418324005997,0.00026250183894815926,,,,,,,
28,28,train,16,462,16,True,1,16,0.0625,0.9375,0.0,28.875,0.8333333333333334,57141.0,123.68181818181819,0.1753912628417587,0.3106456206352993,0.1352543577935406,0.1795163586890799,0.8770552823119993,0.6975389236229194,0.697538924279511,0.6735599169149812,2405.4929507774327,0.697538924279511,0.6735599169149812,0.9999476297579095,0.9994953856802263,0.00045224407768318375,,,,,,,
29,29,train,16,480,16,True,0,16,0.0,1.0,0.0,30.0,0.8333333333333334,59118.0,123.1625,0.17290881090529886,0.29185726326980777,0.1189484523645089,0.17370026768609137,0.8754593483148714,0.70175908062878,0.7017590811934813,0.6817209108367461,2518.8735504279193,0.7017590811934813,0.6817209108367461,0.9999401859726496,0.999602968381616,0.0003372175910335562,,,,,,,
30,30,train,16,459,16,True,1,16,0.0625,0.9375,0.0,28.6875,0.8300653594771242,57792.0,125.90849673202614,0.17280418980792325,0.29566599331513416,0.1228618035072109,0.17240295570640393,0.8383712512058864,0.6659682954994824,0.665968296059043,0.6444372070853288,2327.7071919922073,0.665968296059043,0.6444372070853288,0.9999440981865902,0.9995210896770261,0.0004230085095641156,,,,,,,
31,31,train,16,480,16,True,0,16,0.0,1.0,0.0,30.0,0.8520833333333333,60234.0,125.4875,0.16850286677240794,0.29398494162206806,0.12548207484966012,0.16930790172272364,0.8453176640313843,0.6760097623086607,0.6760097629249386,0.6537464780984233,2461.110335111276,0.6760097629249386,0.6537464780984233,0.9999504977978722,0.999563415392188,0.0003870824056841915,,,,,,,
32,32,train,16,450,16,True,2,16,0.125,0.875,0.0,28.125,0.8444444444444444,55640.0,123.64444444444445,0.1779375233965686,0.2884028809053985,0.11046535750882991,0.19412470972715112,0.8973304118206377,0.7032057020934865,0.7032057024008702,0.6835030146244225,2376.8817333564293,0.7032057024008702,0.6835030146244225,0.9999258561565779,0.9996183696616436,0.0003074864949342837,,,,,,,
33,33,train,16,441,16,True,2,16,0.125,0.875,0.0,27.5625,0.8299319727891157,54969.0,124.64625850340136,0.16436127565060668,0.27077909218216434,0.10641781653155766,0.19389502858861515,0.8913591527360039,0.6974641241473887,0.6974641246063249,0.668242464839905,2295.7887531115466,0.6974641246063249,0.668242464839905,0.999933829474311,0.9996397631452346,0.000294066329076359,,,,,,,
34,34,train,16,480,16,True,0,16,0.0,1.0,0.0,30.0,0.80625,58162.0,121.17083333333333,0.17828141255676958,0.3053686394852162,0.12708722692844662,0.19248997014055216,0.8862409278663782,0.6937509577258261,0.6937509577951712,0.6756093968146156,2455.924608595727,0.6937509577951712,0.6756093968146156,0.9999184678927241,0.9994967563576738,0.00042171153505032866,,,,,,,
35,35,train,16,439,16,True,2,16,0.125,0.875,0.0,27.4375,0.8246013667425968,55455.0,126.32118451025057,0.17583104908856553,0.2968460134688627,0.12101496438029716,0.18123875777342704,0.8943802587299737,0.7131415009565467,0.7131415017538173,0.6916432552740938,2397.192295076553,0.7131415017538173,0.6916432552740938,0.9999430133688615,0.9995749512381793,0.0003680621306821896,,,,,,,
36,36,train,16,455,16,True,1,16,0.0625,0.9375,0.0,28.4375,0.8395604395604396,57792.0,127.01538461538462,0.16909773451589052,0.2910057002016658,0.12190796568577525,0.1705379957259439,0.8741969922204935,0.7036589964945497,0.7036589965798671,0.6768133140219017,2444.6496902471094,0.7036589965798671,0.6768133140219017,0.9999356671748252,0.9995847642298524,0.000350902944972753,,,,,,,
37,37,train,16,467,16,True,1,16,0.0625,0.9375,0.0,29.1875,0.8501070663811563,56902.0,121.8458244111349,0.1758032959174998,0.30028774936207353,0.12448445344457373,0.18889192753201275,0.8906610743745171,0.7017691468425044,0.7017691476472441,0.6666894270321694,2370.997611061532,0.7017691476472441,0.6666894270321694,0.9999056668594888,0.9995406005330509,0.0003650663264378462,,,,,,,
38,38,train,16,480,16,True,0,16,0.0,1.0,0.0,30.0,0.8041666666666667,60430.0,125.89583333333333,0.1734270189386554,0.277043083941587,0.1036160650029316,0.17686063804348057,0.8690948218032741,0.6922341837597936,0.692234183677583,0.6688162307519299,2526.0353015211927,0.692234183677583,0.6688162307519299,0.999932044759909,0.9996159081585042,0.00031613660140483724,,,,,,,
39,39,train,16,436,16,True,4,16,0.25,0.75,0.0,27.25,0.8394495412844036,54754.0,125.58256880733946,0.18221510461273346,0.2808907685102709,0.09867566389753743,0.20597365851921168,0.8996477287800247,0.6936740702608131,0.6936740706547438,0.6608734203969389,2261.591453775873,0.6936740706547438,0.6608734203969389,0.9998934959030567,0.9996141816787135,0.00027931422434313014,,,,,,,
40,40,train,16,480,16,True,0,16,0.0,1.0,0.0,30.0,0.8166666666666667,57866.0,120.55416666666666,0.1839542838927385,0.3185323361237912,0.13457805223105274,0.18659779698877976,0.8404392002991539,0.6538414033103741,0.6538414035910095,0.6377500978408324,2306.5029476036,0.6538414035910095,0.6377500978408324,0.9999129594767957,0.9993167477399943,0.0005962117368013553,,,,,,,
41,41,train,16,454,16,True,2,16,0.125,0.875,0.0,28.375,0.8568281938325991,54955.0,121.04625550660793,0.1678053198091804,0.28041762138292275,0.11261230157374236,0.18186517447575287,0.8584618931865139,0.676596718710761,0.6765967187559855,0.6629419198163694,2276.9983252192865,0.6765967187559855,0.6629419198163694,0.999936777430632,0.9996401054264175,0.00029667200421457096,,,,,,,
42,42,train,16,480,16,True,0,16,0.0,1.0,0.0,30.0,0.81875,60933.0,126.94375,0.16988478785006364,0.28040605185937856,0.11052126400931492,0.1688549606832598,0.8432734030838817,0.6744184424006219,0.6744184429047754,0.65219526503998,2483.763380292568,0.6744184429047754,0.65219526503998,0.9999461716760177,0.9996754958754371,0.0002706758005805998,,,,,,,
43,43,train,16,480,16,True,0,16,0.0,1.0,0.0,30.0,0.8041666666666667,59536.0,124.03333333333333,0.17428649661951992,0.29344320824854925,0.11915671162902933,0.2019936305463612,0.8737067234148858,0.6717130928685245,0.6717130930257457,0.6476015932891671,2409.725528628988,0.6717130930257457,0.6476015932891671,0.9999373670966373,0.9996043026035212,0.00033306449311609754,,,,,,,
44,44,train,16,480,16,True,0,16,0.0,1.0,0.0,30.0,0.8270833333333333,58211.0,121.27291666666666,0.18318745554365964,0.307400605066465,0.12421314952280535,0.1859751451712353,0.8466970851416907,0.6607219399704554,0.6607219410213176,0.6529920112654999,2375.7073729860017,0.6607219410213176,0.6529920112654999,0.9999331879263303,0.9995246117160754,0.0004085762102549184,,,,,,,
45,45,train,16,480,16,True,0,16,0.0,1.0,0.0,30.0,0.83125,64323.0,134.00625,0.1761503542633635,0.29133742079643826,0.11518706653307476,0.18000379606680322,0.8459675161677606,0.6659637201009574,0.6659637204650364,0.6409130863458096,2576.5907783138455,0.6659637204650364,0.6409130863458096,0.9999475479966478,0.9996135646806933,0.00033398331595446695,,,,,,,
46,46,train,16,476,16,True,2,16,0.125,0.875,0.0,29.75,0.7478991596638656,58619.0,123.14915966386555,0.18251509688199694,0.3073793103571521,0.12486421347515517,0.18706717667268,0.8592840318580721,0.6722168551853921,0.6722168554439139,0.6533892150279438,2393.813899732685,0.6722168554439139,0.6533892150279438,0.9999406602001922,0.9994812239405438,0.00045943625964839363,,,,,,,
47,47,train,16,480,16,True,0,16,0.0,1.0,0.0,30.0,0.81875,59030.0,122.97916666666667,0.17971041716405123,0.29172644326478137,0.11201602610073014,0.18004495511718024,0.8523288464607586,0.6722838913435784,0.6722838919158486,0.6490196602487198,2394.4769090301174,0.6722838919158486,0.6490196602487198,0.9999503894262879,0.9996128518272845,0.0003375375990033458,,,,,,,
48,48,train,16,480,16,True,0,16,0.0,1.0,0.0,30.0,0.7895833333333333,60985.0,127.05208333333333,0.18340928485081623,0.3080585996106205,0.12464931475980426,0.19842715608261893,0.8451472856199461,0.6467201295373272,0.646720129693339,0.6311685048410826,2405.7382042333397,0.646720129693339,0.6311685048410826,0.999943771474385,0.9994780815851702,0.00046568988921480425,,,,,,,
49,49,train,16,454,16,True,1,16,0.0625,0.9375,0.0,28.375,0.8348017621145375,57698.0,127.08810572687224,0.17882831832189217,0.2926589379661706,0.11383061964427843,0.19494275360333835,0.8582076705194841,0.6632649169161458,0.6632649167266192,0.6474701783927332,2334.8583970564964,0.6632649167266192,0.6474701783927332,0.9999489494952888,0.9995604469510112,0.00038850254427758024,,,,,,,
50,50,train,16,480,16,True,0,16,0.0,1.0,0.0,30.0,0.8104166666666667,59259.0,123.45625,0.18266348106421199,0.3023627622554523,0.11969928119124029,0.185283524731349,0.8576238000413757,0.6723402753100267,0.6723402758862991,0.6602302046311747,2445.286356014923,0.6723402758862991,0.6602302046311747,0.9999445699474971,0.9996145977783274,0.0003299721691697455,,,,,,,
51,51,train,16,450,16,True,2,16,0.125,0.875,0.0,28.125,0.7844444444444445,57219.0,127.15333333333334,0.17691651943342493,0.27945164950077783,0.1025351300673529,0.21155864948371417,0.8877176633778077,0.6761590138940935,0.6761590144456667,0.6391822665947213,2285.8356320177063,0.6761590144456667,0.6391822665947213,0.9999405291272946,0.9996604144215623,0.0002801147057323039,,,,,,,
52,52,train,16,480,16,True,0,16,0.0,1.0,0.0,30.0,0.7541666666666667,58314.0,121.4875,0.18136875878864026,0.30539764089378546,0.1240288821051452,0.185348471270777,0.8419014139357884,0.6565529426650114,0.6565529430631888,0.6432066736728588,2344.247123034941,0.6565529430631888,0.6432066736728588,0.9999521147592695,0.9994857151534088,0.00046639960586070117,,,,,,,
53,53,train,16,479,16,True,1,16,0.0625,0.9375,0.0,29.9375,0.8329853862212944,61374.0,128.12943632567848,0.1787592003475628,0.29308589414468766,0.11432669379712487,0.2158015720628131,0.8457623290541325,0.6299607569913194,0.6299607571994141,0.5977071026266146,2292.7297322878658,0.6299607571994141,0.5977071026266146,0.9999348181819632,0.9995870881088685,0.000347730073094632,,,,,,,
54,54,train,16,460,16,True,1,16,0.0625,0.9375,0.0,28.75,0.8652173913043478,58099.0,126.30217391304348,0.19191119199805584,0.3048398611513168,0.11292866915326094,0.19277802709932754,0.8482550868375707,0.6554770597382431,0.65547705992933,0.6384959438687401,2318.4984901768685,0.65547705992933,0.6384959438687401,0.9999185571237225,0.9994961504269123,0.0004224066968101514,,,,,,,
55,55,train,16,479,16,True,1,16,0.0625,0.9375,0.0,29.9375,0.8893528183716075,60291.0,125.86847599164926,0.18067064262374535,0.29268743654803464,0.11201679392428929,0.17957884294107532,0.8048968967384401,0.6253180537973648,0.6253180546299697,0.6090222436792474,2294.910005854096,0.6253180546299697,0.6090222436792474,0.999960209573855,0.9995805599182022,0.00037964965565284725,,,,,,,
56,56,train,16,424,16,True,5,16,0.3125,0.6875,0.0,26.5,0.8537735849056604,51661.0,121.84198113207547,0.1770261272291911,0.2839139722892668,0.1068878450600757,0.18240218281895879,0.8517902532617633,0.6693880704428045,0.6693880710137753,0.6530434577785922,2108.554879518741,0.6693880710137753,0.6530434577785922,0.9999548129643048,0.9996172928870068,0.0003375200772979259,,,,,,,
57,57,train,16,480,16,True,0,16,0.0,1.0,0.0,30.0,0.8479166666666667,57918.0,120.6625,0.1835065679418112,0.30205067928539603,0.11854411134358483,0.18470795649913369,0.8226019442724088,0.6378939877732752,0.6378939883267605,0.6216281585035969,2250.2162302632037,0.6378939883267605,0.6216281585035969,0.9999481919794707,0.9995485549841179,0.0003996369953528367,,,,,,,
58,58,train,16,480,16,True,0,16,0.0,1.0,0.0,30.0,0.8541666666666666,60510.0,126.0625,0.1898153927225605,0.30942029060566056,0.11960489788310005,0.1926943285145786,0.8426003240731598,0.6499059955585812,0.6499059960282415,0.6373355028257883,2410.323204749278,0.6499059960282415,0.6373355028257883,0.9999451613416639,0.9995114908990331,0.0004336704426307625,,,,,,,
59,59,train,16,479,16,True,1,16,0.0625,0.9375,0.0,29.9375,0.7995824634655533,60186.0,125.64926931106471,0.18530057599093194,0.29133136372679236,0.10603078773586042,0.20120794343770915,0.8430335373411038,0.6418255939033946,0.6418255940591848,0.6228924622754298,2343.087858406814,0.6418255940591848,0.6228924622754298,0.9999369557197029,0.9995989297506686,0.0003380259690343168,,,,,,,
60,60,train,16,480,16,True,0,16,0.0,1.0,0.0,30.0,0.8333333333333334,57640.0,120.08333333333333,0.1824505943330406,0.2967849501136852,0.11433435578064463,0.18181503568638344,0.8229685808311635,0.6411535451447801,0.6411535454562738,0.6255563217386972,2253.5666490636545,0.6411535454562738,0.6255563217386972,0.9999554873412472,0.9995560219344121,0.0003994654068351089,,,,,,,
61,61,train,16,410,16,True,3,16,0.1875,0.8125,0.0,25.625,0.8195121951219512,49142.0,119.85853658536585,0.17637166612022487,0.2930356783665031,0.11666401224627826,0.17489961691222805,0.8127859817145152,0.6378863648022872,0.6378863651253034,0.6247048294999509,1918.7027957054124,0.6378863651253034,0.6247048294999509,0.9999542804387365,0.9996114493027454,0.00034283113599109516,,,,,,,
62,62,train,16,462,16,True,1,16,0.0625,0.9375,0.0,28.875,0.829004329004329,60400.0,130.73593073593074,0.18437388556011947,0.27870399882682245,0.09433011326670299,0.19963611417047278,0.8705749505861898,0.670938836415717,0.6709388365163448,0.6450649034569031,2435.1200105498115,0.6709388365163448,0.6450649034569031,0.9999396260046021,0.9996485502011391,0.00029107580346299233,,,,,,,
63,63,train,16,469,16,True,1,16,0.0625,0.9375,0.0,29.3125,0.7974413646055437,60295.0,128.56076759061833,0.18389472410300436,0.2957015120686855,0.11180678796568114,0.18767553610402155,0.8140530369349794,0.6263775008309579,0.6263775009218662,0.610325589665489,2299.973839305042,0.6263775009218662,0.610325589665489,0.9999506710936672,0.9995249443469517,0.0004257267467154824,,,,,,,
64,64,train,16,480,16,True,0,16,0.0,1.0,0.0,30.0,0.7583333333333333,63134.0,131.52916666666667,0.18586619848695315,0.2990918263164359,0.11322562782948273,0.20473986423411786,0.8508670390650978,0.6461271748309799,0.6461271747830091,0.6268413445436585,2473.4375904012068,0.6461271747830091,0.6268413445436585,0.9999513888246514,0.9995429076487602,0.0004084811758912066,,,,,,,
65,65,train,16,480,16,True,0,16,0.0,1.0,0.0,30.0,0.7958333333333333,58357.0,121.57708333333333,0.18667417489809027,0.30467068282037063,0.11799650792228036,0.22108446105549642,0.8492436016113888,0.6281591405558924,0.6281591409602334,0.6108201474078078,2227.8519588923386,0.6281591409602334,0.6108201474078078,0.9999418822696916,0.9995278391888353,0.0004140430808563522,,,,,,,
66,66,train,16,465,16,True,1,16,0.0625,0.9375,0.0,29.0625,0.8795698924731182,56434.0,121.36344086021505,0.17510929264776978,0.27106523397766163,0.09595594132989185,0.1762964428595524,0.8385550335874389,0.6622585907278865,0.6622585908671406,0.6492981970660087,2290.155903326445,0.6622585908671406,0.6492981970660087,0.999952565152517,0.9996858246493623,0.0002667405031546721,,,,,,,
67,67,train,16,418,16,True,4,16,0.25,0.75,0.0,26.125,0.8803827751196173,54659.0,130.76315789473685,0.18888689475443798,0.28904887057347844,0.10016197581904046,0.2044497698521485,0.8467114345972165,0.6422616647450681,0.6422616650513477,0.6208568283533901,2120.9633363104977,0.6422616650513477,0.6208568283533901,0.9999477284977717,0.9996303156052155,0.000317412892556157,,,,,,,
68,68,train,16,480,16,True,0,16,0.0,1.0,0.0,30.0,0.8770833333333333,59985.0,124.96875,0.19146054886033287,0.31100693083279624,0.11954638197246337,0.19489732660959466,0.8545986521397404,0.6597013255301457,0.6597013256515338,0.6345317369074444,2378.8991398995663,0.6597013256515338,0.6345317369074444,0.9999508702019765,0.9995175768313396,0.0004332933706369113,,,,,,,
69,69,train,16,443,16,True,2,16,0.125,0.875,0.0,27.6875,0.8419864559819413,53703.0,121.22573363431151,0.18883653635024894,0.2856800467690389,0.09684351041878997,0.19003160920708814,0.8667022406372652,0.676670631430177,0.6766706314125356,0.6589035240130694,2211.5684968796163,0.6766706314125356,0.6589035240130694,0.9999450225501831,0.9996746562682776,0.0002703662819055763,,,,,,,
70,70,train,16,425,16,True,3,16,0.1875,0.8125,0.0,26.5625,0.8,51788.0,121.85411764705883,0.19732599651198435,0.31369193496498593,0.11636593845300158,0.20173759162950303,0.8323089505307569,0.6305713589012539,0.630571358967695,0.6225227560189633,2014.9505305443781,0.630571358967695,0.6225227560189633,0.9999316752617529,0.9994445944354814,0.00048708082627146876,,,,,,,
71,71,train,16,419,16,True,3,16,0.1875,0.8125,0.0,26.1875,0.7875894988066826,56293.0,134.3508353221957,0.1983488378276903,0.3094162398331389,0.11106740200544857,0.20371756748032144,0.8532620261974705,0.649544458717149,0.6495444593977807,0.639557235662099,2250.1622166954085,0.6495444593977807,0.639557235662099,0.9999463657690916,0.99949256952198,0.00045379624711161526,,,,,,,
72,72,train,16,440,16,True,2,16,0.125,0.875,0.0,27.5,0.7681818181818182,55057.0,125.12954545454545,0.18879532859900156,0.306998868992897,0.11820354039389547,0.1901832373647461,0.818226427627707,0.628043190262961,0.628043190662812,0.6136848506038634,2111.7279262310553,0.628043190662812,0.6136848506038634,0.9999525884266525,0.9995095619947881,0.0004430264318643351,,,,,,,
73,73,train,16,456,16,True,1,16,0.0625,0.9375,0.0,28.5,0.8552631578947368,53954.0,118.3201754385965,0.18898950745716317,0.31458128186628986,0.1255917744091267,0.21912011299434248,0.8488478586333187,0.6297277456389763,0.6297277460007911,0.605007732177978,2040.1616988706667,0.6297277460007911,0.605007732177978,0.9999447628677801,0.9995099276645543,0.00043483520322584734,,,,,,,
74,74,train,16,480,16,True,0,16,0.0,1.0,0.0,30.0,0.78125,62616.0,130.45,0.19774673579099994,0.30399275015172794,0.106246014360728,0.20039464458452855,0.8133393197606185,0.6129446751760899,0.6129446754586481,0.5919722600872481,2316.683439851445,0.6129446754586481,0.5919722600872481,0.9999539250190359,0.9995713734018896,0.00038255161714628727,,,,,,,
75,75,train,16,480,16,True,0,16,0.0,1.0,0.0,30.0,0.7770833333333333,62876.0,130.99166666666667,0.19690577061464884,0.3043474713609809,0.10744170074633205,0.2275164028803757,0.8339726806844864,0.6064562778041107,0.6064562780133087,0.5825591113705075,2289.311667908251,0.6064562780133087,0.5825591113705075,0.9999336868997161,0.9995441044720952,0.0003895824276208826,,,,,,,
76,76,train,16,480,16,True,0,16,0.0,1.0,0.0,30.0,0.8041666666666667,64384.0,134.13333333333333,0.1936929498556645,0.30150834839698065,0.10781539854131617,0.19834457704540037,0.8217144864019594,0.623369909356559,0.6233699094659821,0.6033719413328761,2427.9686919234946,0.6233699094659821,0.6033719413328761,0.9999542293599489,0.999565121546102,0.00038910781384693394,,,,,,,
77,77,train,16,480,16,True,0,16,0.0,1.0,0.0,30.0,0.8125,64847.0,135.09791666666666,0.19650856032907243,0.3016718243056983,0.10516326397662584,0.1988575514872049,0.8091304925610387,0.6102729410738339,0.6102729413651923,0.6018872058760402,2439.41122746522,0.6102729413651923,0.6018872058760402,0.9999564611113725,0.999613542846278,0.00034291826509447176,,,,,,,
78,78,train,16,475,16,True,2,16,0.125,0.875,0.0,29.6875,0.8294736842105264,64480.0,135.74736842105264,0.19254194324054574,0.29740529936211335,0.10486335612156761,0.19367834840819276,0.7956582321412119,0.6019798837330191,0.6019798836477401,0.5876022131788254,2368.036919110667,0.6019798836477401,0.5876022131788254,0.9999518830782539,0.9995508876749781,0.0004009954032757612,,,,,,,
79,79,train,16,480,16,True,0,16,0.0,1.0,0.0,30.0,0.8083333333333333,60829.0,126.72708333333334,0.18589820951415134,0.2850998350717965,0.09920162555764514,0.1865436852735037,0.8081592310200539,0.6216155457465502,0.6216155458596468,0.6021069202822964,2289.0976158657377,0.6216155458596468,0.6021069202822964,0.9999545462956032,0.9996112798179065,0.00034326647769666874,,,,,,,
80,80,train,16,443,16,True,2,16,0.125,0.875,0.0,27.6875,0.7742663656884876,51906.0,117.16930022573364,0.20106060210333454,0.30798173128396245,0.1069211291806279,0.21943136081502562,0.875394852990016,0.6559634921749904,0.6559634924310083,0.6400348820255127,2076.353161651017,0.6559634924310083,0.6400348820255127,0.9999281059724618,0.9994731270558095,0.0004549789166523599,,,,,,,
81,81,train,16,459,16,True,1,16,0.0625,0.9375,0.0,28.6875,0.8235294117647058,58596.0,127.66013071895425,0.19876110972790725,0.30393956114173315,0.1051784514138259,0.19879494325965436,0.8143332045749379,0.6155382613152836,0.6155382617372595,0.6041180632672514,2212.4313772004925,0.6155382617372595,0.6041180632672514,0.9999489097359445,0.9995340193082983,0.0004148904276461973,,,,,,,
82,82,train,16,465,16,True,1,16,0.0625,0.9375,0.0,29.0625,0.8580645161290322,60722.0,130.58494623655915,0.19287614666517344,0.2990908180278344,0.10621467136266094,0.19541244058692903,0.8111248833563532,0.6157124427694243,0.6157124431368418,0.59859421680542,2271.73987705367,0.6157124431368418,0.59859421680542,0.9999535042903318,0.9995376587235251,0.00041584556680673845,,,,,,,
83,83,train,16,433,16,True,2,16,0.125,0.875,0.0,27.0625,0.7713625866050808,55262.0,127.62586605080831,0.19744173402564869,0.2938628700471834,0.09642113602153474,0.21480253665923968,0.8355740909851802,0.6207715543259406,0.6207715543904994,0.5957485410031057,2057.640992057103,0.6207715543904994,0.5957485410031057,0.9999436847801069,0.9995827211661316,0.00036096361397530696,,,,,,,
84,84,train,16,455,16,True,2,16,0.125,0.875,0.0,28.4375,0.810989010989011,57451.0,126.26593406593406,0.19767646804039926,0.28426112570986223,0.08658465766946297,0.2155655766384069,0.8628273153868729,0.6472617387484659,0.6472617386775334,0.6318410520725535,2268.743767663767,0.6472617386775334,0.6318410520725535,0.9999448714487401,0.9996458133359781,0.00029905811276198513,,,,,,,
85,85,train,16,455,16,True,1,16,0.0625,0.9375,0.0,28.4375,0.7956043956043956,62534.0,137.43736263736264,0.19962931815374269,0.2934526531710966,0.0938233350173539,0.20231579331843702,0.8380985254659682,0.6357827321475311,0.6357827325815407,0.607482179114664,2374.268161797274,0.6357827325815407,0.607482179114664,0.999951114501268,0.9996019658802234,0.00034914862104451494,,,,,,,
86,86,train,16,454,16,True,1,16,0.0625,0.9375,0.0,28.375,0.7841409691629956,56561.0,124.58370044052863,0.20615934385128534,0.31926903195997786,0.11310968810869251,0.20526325186947292,0.8202553853829999,0.614992133513527,0.6149921339188992,0.6043744468472602,2136.501443007993,0.6149921339188992,0.6043744468472602,0.9999473498190132,0.9994953615084273,0.0004519883105859046,,,,,,,
87,87,train,16,455,16,True,1,16,0.0625,0.9375,0.0,28.4375,0.7912087912087912,56968.0,125.2043956043956,0.19828034818470966,0.29413944324725555,0.09585909506254589,0.23247830452320387,0.8571139269570822,0.6246356224338784,0.6246356228656023,0.5992239050992916,2133.536714106027,0.6246356228656023,0.5992239050992916,0.9999419078331564,0.9995316559749092,0.00041025185824716814,,,,,,,
88,88,train,16,434,16,True,3,16,0.1875,0.8125,0.0,27.125,0.7511520737327189,53213.0,122.61059907834101,0.20259214020834415,0.302590083133596,0.09999794292525183,0.21163339064482722,0.8480266934118825,0.6363933027670553,0.6363933029795446,0.610608229319358,2030.7684816731871,0.6363933029795446,0.610608229319358,0.9999372063543989,0.9994341585159723,0.0005030478384265846,,,,,,,
89,89,train,16,466,16,True,1,16,0.0625,0.9375,0.0,29.125,0.8369098712446352,59523.0,127.73175965665236,0.19445028327463273,0.30152265016430274,0.10707236688967,0.1939018546024396,0.8137065671954201,0.6198047125929805,0.6198047130813941,0.5989588978274428,2228.2394047114294,0.6198047130813941,0.5989588978274428,0.9999537946991436,0.9995429407293406,0.0004108539698030045,,,,,,,
90,90,train,16,441,16,True,2,16,0.125,0.875,0.0,27.5625,0.7619047619047619,55711.0,126.32879818594104,0.19667243733264422,0.30653658449710136,0.10986414716445714,0.2158566035196697,0.8701709833968825,0.6543143798772127,0.6543143800123341,0.6398646311670844,2227.968654184341,0.6543143800123341,0.6398646311670844,0.9999513881380028,0.9995614513930916,0.0003899367449111679,,,,,,,
91,91,train,16,445,16,True,2,16,0.125,0.875,0.0,27.8125,0.8044943820224719,56935.0,127.9438202247191,0.19829143619790757,0.2804898169761835,0.08219838077827596,0.20077363008975335,0.8348262490310531,0.6340526189412997,0.6340526189951282,0.6146232151910936,2187.0982973065566,0.6340526189951282,0.6146232151910936,0.9999438525094715,0.9996516567582627,0.00029219575120875696,,,,,,,
92,92,train,16,470,16,True,1,16,0.0625,0.9375,0.0,29.375,0.774468085106383,57929.0,123.2531914893617,0.20385108395199628,0.3112461649221934,0.10739508097019715,0.2202664064918531,0.8277631826290751,0.607496776137222,0.6074967761238447,0.595797237348596,2157.1211351479283,0.6074967761238447,0.595797237348596,0.9999450668799486,0.9994847750647932,0.0004602918151553892,,,,,,,
93,93,train,16,459,16,True,1,16,0.0625,0.9375,0.0,28.6875,0.8082788671023965,60764.0,132.3834422657952,0.20037121289493062,0.2951759560038064,0.0948047431088758,0.20062711198827102,0.8144711636947083,0.6138440517064373,0.6138440518522282,0.6029471817243134,2289.842659393513,0.6138440518522282,0.6029471817243134,0.999944459630344,0.9995842227586367,0.0003602368717072757,,,,,,,
94,94,train,16,450,16,True,2,16,0.125,0.875,0.0,28.125,0.8844444444444445,55720.0,123.82222222222222,0.20434167336535014,0.30826808362089064,0.1039264102555405,0.20792664847571227,0.817984452501702,0.6100578040259897,0.6100578038975112,0.5897697294529562,2053.8730828199186,0.6100578038975112,0.5897697294529562,0.9999536156096298,0.999547349791198,0.00040626581843183907,,,,,,,
95,95,train,16,448,16,True,3,16,0.1875,0.8125,0.0,28.0,0.7745535714285714,56292.0,125.65178571428571,0.2021398877722731,0.3046401633625763,0.10250027559030322,0.20621040320963288,0.8292791002367441,0.6230686970271112,0.623068697082541,0.6161576577697576,2167.796679448451,0.623068697082541,0.6161576577697576,0.999928649819878,0.9994676394178554,0.0004610104020225103,,,,,,,
96,96,train,16,442,16,True,3,16,0.1875,0.8125,0.0,27.625,0.8031674208144797,57665.0,130.46380090497738,0.20153457818418602,0.2922519077720038,0.09071732958781781,0.2081248883864342,0.8098651605243931,0.6017402721379589,0.6017402721811039,0.5855494207317086,2110.356709155874,0.6017402721811039,0.5855494207317086,0.9999579621912968,0.9996175661636951,0.0003403960276017193,,,,,,,
97,97,train,16,478,16,True,1,16,0.0625,0.9375,0.0,29.875,0.797071129707113,60892.0,127.38912133891213,0.2075335213918224,0.3106252697555712,0.10309174836374879,0.20633452622630982,0.8108878734690238,0.604553347242714,0.6045533474986786,0.5881785793231809,2238.460628259195,0.6045533474986786,0.5881785793231809,0.9999493877099002,0.9995108688572274,0.0004385188526727646,,,,,,,
98,98,train,16,480,16,True,0,16,0.0,1.0,0.0,30.0,0.8270833333333333,62084.0,129.34166666666667,0.21030019314706502,0.31468141402408195,0.10438122087701693,0.21335495714283778,0.7968575023654602,0.5835025452226223,0.5835025457349978,0.5704812298786871,2213.609792236777,0.5835025457349978,0.5704812298786871,0.9999577962073938,0.9994763820848005,0.0004814141225932822,,,,,,,
99,99,train,16,476,16,True,1,16,0.0625,0.9375,0.0,29.75,0.8088235294117647,62303.0,130.8886554621849,0.21388760320935038,0.3199849789033357,0.10609737569398534,0.21474823724447,0.8290796743939551,0.6143314371494851,0.614331437186199,0.6055019303216109,2357.7866728017107,0.614331437186199,0.6055019303216109,0.9999508905235017,0.9994642692051987,0.00048662131830301547,,,,,,,
100,100,train,16,443,16,True,3,16,0.1875,0.8125,0.0,27.6875,0.8555304740406321,60630.0,136.86230248306998,0.20409683763016825,0.29658349444974696,0.09248665681957871,0.202335017608471,0.7881534164875178,0.5858183988790469,0.5858183988163732,0.5699631138387009,2159.803974502527,0.5858183988163732,0.5699631138387009,0.9999333636552189,0.9995333944614039,0.0003999691938150196,,,,,,,
101,101,train,16,480,16,True,0,16,0.0,1.0,0.0,30.0,0.8208333333333333,57776.0,120.36666666666666,0.1984210632561844,0.29377407167794495,0.09535300842176056,0.19633445081688308,0.7961151164577166,0.5997806656408335,0.5997806659438498,0.5915916943667632,2136.237608358383,0.5997806659438498,0.5915916943667632,0.9999514896038708,0.9995857527325452,0.00036573687132557264,,,,,,,
102,102,train,16,480,16,True,0,16,0.0,1.0,0.0,30.0,0.8166666666666667,62867.0,130.97291666666666,0.20886605554438809,0.30300728265932353,0.09414122711493544,0.20844688467249334,0.8180756175636751,0.6096287328911818,0.6096287332802259,0.587372975636109,2307.898553707204,0.6096287332802259,0.587372975636109,0.9999494790022027,0.9996185867828855,0.0003308922193171471,,,,,,,
103,103,train,16,463,16,True,1,16,0.0625,0.9375,0.0,28.9375,0.8228941684665226,59750.0,129.04967602591793,0.20448486324839876,0.29953234974346377,0.095047486495065,0.2029855734718519,0.8123686057646995,0.6093830322928476,0.6093830323058127,0.5891677998809176,2200.1735026803008,0.6093830323058127,0.5891677998809176,0.9999561790237411,0.9995794281454312,0.00037675087830990606,,,,,,,
104,104,train,16,447,16,True,2,16,0.125,0.875,0.0,27.9375,0.8791946308724832,55248.0,123.59731543624162,0.2006121383320964,0.29992707642132194,0.09931493808922554,0.2044000462716816,0.810412628351672,0.6060125820799904,0.6060125823051492,0.5899216419126663,2036.9994295244355,0.6060125823051492,0.5899216419126663,0.9999568682084446,0.9995808286817166,0.00037603952672804475,,,,,,,
105,105,train,16,467,16,True,2,16,0.125,0.875,0.0,29.1875,0.7880085653104925,58833.0,125.98072805139186,0.21452555774637916,0.31527474037794667,0.10074918263156751,0.21652479166341518,0.845726294794901,0.6292015031314858,0.6292015037287957,0.6199867334699362,2279.7299681397963,0.6292015037287957,0.6199867334699362,0.9999431026065496,0.999463010205785,0.0004800924007646312,,,,,,,
106,106,train,16,458,16,True,1,16,0.0625,0.9375,0.0,28.625,0.8078602620087336,58950.0,128.7117903930131,0.21520695552388042,0.3237515011894582,0.10854454566557781,0.2166575835836253,0.8068563807812683,0.590198797197643,0.5901987973895898,0.5824256975568797,2145.874679436127,0.5901987973895898,0.5824256975568797,0.9999544203470594,0.9994684660613593,0.00048595428570008536,,,,,,,
107,107,train,16,480,16,True,0,16,0.0,1.0,0.0,30.0,0.7604166666666666,62799.0,130.83125,0.203595756774747,0.30280826750879936,0.09921251073405235,0.21870659170803342,0.7777109378534981,0.5590043461454647,0.5590043463587494,0.5472263718776681,2147.8293079716054,0.5590043463587494,0.5472263718776681,0.9999530116017097,0.9995167378331338,0.00043627376857591216,,,,,,,
108,108,train,16,480,16,True,0,16,0.0,1.0,0.0,30.0,0.8166666666666667,62545.0,130.30208333333334,0.21107520487625892,0.3029469498953757,0.09187174501911677,0.21215354026794614,0.8010958881139854,0.5889423478460392,0.588942348052304,0.5719814965435276,2235.9114188321832,0.588942348052304,0.5719814965435276,0.999953802079995,0.999573976063544,0.00037982601645092373,,,,,,,
109,109,train,16,465,16,True,1,16,0.0625,0.9375,0.0,29.0625,0.8172043010752689,62357.0,134.1010752688172,0.20923424854937117,0.29875329029681275,0.08951904174744157,0.21275733600660762,0.7903623295636498,0.5776049935570422,0.5776049933660167,0.565649198971935,2204.511693768309,0.5776049933660167,0.565649198971935,0.9999505837023079,0.9995435894183266,0.0004069942839813878,,,,,,,
110,110,train,16,454,16,True,1,16,0.0625,0.9375,0.0,28.375,0.8370044052863436,58042.0,127.84581497797357,0.21560324433433378,0.3141136174196999,0.09851037308536612,0.21516632866920885,0.8278408191203989,0.61267449045119,0.6126744903622462,0.5955478951306609,2160.4244330733654,0.6126744903622462,0.5955478951306609,0.9999500843507654,0.9995058443070305,0.00044424004373488923,,,,,,,
111,111,train,16,480,16,True,0,16,0.0,1.0,0.0,30.0,0.8416666666666667,65250.0,135.9375,0.2170828859376292,0.3047025177539781,0.08761963181634891,0.2188512220867267,0.8310122634535316,0.6121610413668049,0.6121610414622033,0.595333053359537,2427.842608231861,0.6121610414622033,0.595333053359537,0.9999475831019559,0.9995349036706016,0.000412679431354257,,,,,,,
112,112,train,16,461,16,True,1,16,0.0625,0.9375,0.0,28.8125,0.8286334056399133,58145.0,126.12798264642082,0.2083235132944141,0.2909865627823944,0.08266304948798028,0.21001062528318643,0.8010302437124076,0.5910196184292211,0.5910196186018328,0.5783139134131703,2101.62890596305,0.5910196186018328,0.5783139134131703,0.9999427283444514,0.9995844098631554,0.00035831848129597166,,,,,,,
113,113,train,16,455,16,True,1,16,0.0625,0.9375,0.0,28.4375,0.8065934065934066,58221.0,127.95824175824175,0.2181679074181706,0.3172440488681019,0.09907614144993132,0.21973043750286764,0.8091436765357978,0.5894132390329301,0.5894132391573658,0.5788398910183672,2106.2898309362745,0.5894132391573658,0.5788398910183672,0.9999452022328181,0.9994033042922579,0.0005418979405602542,,,,,,,
114,114,train,16,455,16,True,1,16,0.0625,0.9375,0.0,28.4375,0.8593406593406593,62987.0,138.43296703296704,0.22160060939406925,0.30514574139339806,0.08354513199932881,0.22112024186336127,0.8314361829285929,0.6103159410652317,0.6103159412858442,0.5956016956938995,2344.6977504169795,0.6103159412858442,0.5956016956938995,0.9999377424231988,0.999480504526385,0.0004572378968137336,,,,,,,
115,115,train,16,475,16,True,1,16,0.0625,0.9375,0.0,29.6875,0.791578947368421,61426.0,129.3178947368421,0.21143508222183244,0.30602348487677933,0.09458840265494689,0.21200163044025788,0.7934613642639398,0.5814597338236819,0.5814597342782625,0.5694910055557005,2186.3471567040287,0.5814597342782625,0.5694910055557005,0.9999510385894339,0.9995120790552706,0.0004389595341632857,,,,,,,
116,116,train,16,447,16,True,2,16,0.125,0.875,0.0,27.9375,0.8098434004474273,57941.0,129.62192393736018,0.21432720899584456,0.31216531459423147,0.0978381055983869,0.23426206708068767,0.8016128321097633,0.5673507650290757,0.5673507655221605,0.555503135895723,2011.650449808381,0.5673507655221605,0.555503135895723,0.9999508731566767,0.999536201353686,0.00041467180299070705,,,,,,,
117,117,train,16,480,16,True,0,16,0.0,1.0,0.0,30.0,0.8083333333333333,63601.0,132.50208333333333,0.2097499851460499,0.29231589381324136,0.08256590866719146,0.21140944643658485,0.7725544046631397,0.5611449582265549,0.5611449584035013,0.5433245872763761,2159.7491922102986,0.5611449584035013,0.5433245872763761,0.9999493159323033,0.9995580308566201,0.0003912850756832009,,,,,,,
118,118,train,16,480,16,True,0,16,0.0,1.0,0.0,30.0,0.7208333333333333,65936.0,137.36666666666667,0.2154753032389158,0.30476746347207656,0.08929216023316075,0.23097226537947974,0.7930166878749857,0.5620444224955059,0.5620444227341945,0.5453704406300007,2247.4715858362347,0.5620444227341945,0.5453704406300007,0.9999371534391376,0.9994899964793399,0.0004471569597976899,,,,,,,
119,119,train,16,454,16,True,1,16,0.0625,0.9375,0.0,28.375,0.8414096916299559,62430.0,137.51101321585904,0.2290480681962463,0.31892313395348193,0.08987506575723564,0.24348769789040842,0.8280598720470121,0.5845721741566037,0.5845721741792743,0.5611384313911495,2189.4920169843413,0.5845721741792743,0.5611384313911495,0.9999355137035163,0.9994704475135712,0.00046506618994512916,,,,,,,
120,120,train,16,472,16,True,2,16,0.125,0.875,0.0,29.5,0.826271186440678,62406.0,132.21610169491527,0.22157452843295597,0.31526987674994644,0.09369534831699047,0.23644332726148393,0.8319128005533363,0.5954694732918524,0.5954694737009417,0.5741408730752067,2239.364707820711,0.5954694737009417,0.5741408730752067,0.9999430088412556,0.9994767589339053,0.00046624990735033567,,,,,,,
121,121,train,16,467,16,True,2,16,0.125,0.875,0.0,29.1875,0.854389721627409,60761.0,130.10920770877945,0.21719825824067204,0.31387853753593853,0.09668027929526649,0.22177713916797043,0.8357308972309561,0.6139537580629857,0.6139537577895802,0.5993885532224686,2276.215492646903,0.6139537577895802,0.5993885532224686,0.9999431816437765,0.999526956272844,0.0004162253709324437,,,,,,,
122,122,train,16,480,16,True,0,16,0.0,1.0,0.0,30.0,0.8,64750.0,134.89583333333334,0.22631924833229478,0.3186692530574058,0.09235000472511101,0.2395170288618951,0.833592251564614,0.594075222702719,0.5940752228532136,0.5723426064289381,2316.198985392108,0.5940752228532136,0.5723426064289381,0.9999257988192599,0.9994625109437763,0.00046328787548366446,,,,,,,
123,123,train,16,480,16,True,0,16,0.0,1.0,0.0,30.0,0.84375,61271.0,127.64791666666666,0.20615107196189256,0.2890419819470545,0.08289090998516194,0.2076505225774592,0.7824417454532978,0.5747912228758386,0.5747912232175926,0.5656039754848792,2165.9450738708783,0.5747912232175926,0.5656039754848792,0.9999493097905113,0.9995739217195719,0.0003753880709393975,,,,,,,
124,124,train,16,444,16,True,2,16,0.125,0.875,0.0,27.75,0.8490990990990991,58269.0,131.23648648648648,0.2148193428125306,0.3076507099345992,0.0928313671220686,0.23324106160309152,0.840907951116363,0.6076668895132714,0.6076668896629406,0.5879361695543242,2141.1532914850545,0.6076668896629406,0.5879361695543242,0.9999442528380348,0.9995451381776483,0.00039911466038644594,,,,,,,
125,125,train,16,455,16,True,1,16,0.0625,0.9375,0.0,28.4375,0.8,64067.0,140.8065934065934,0.2167467362029828,0.29374117389534715,0.07699443769236436,0.21523412924758703,0.7772473514441988,0.5620132221966118,0.5620132218421128,0.5412781937005051,2167.3793772381414,0.5620132218421128,0.5412781937005051,0.9999454135794157,0.99956624258357,0.00037917099584572345,,,,,,,
126,126,train,16,434,16,True,2,16,0.125,0.875,0.0,27.125,0.8133640552995391,59842.0,137.8847926267281,0.20548177019459163,0.2755460491524722,0.07006427895788059,0.20624686858586147,0.7775404971269512,0.5712936285410897,0.5712936286217923,0.5544661049167374,2073.7725406517125,0.5712936286217923,0.5544661049167374,0.9999577117367304,0.9996462870471631,0.00031142468956735225,,,,,,,
127,127,train,16,446,16,True,2,16,0.125,0.875,0.0,27.875,0.8542600896860987,58588.0,131.36322869955157,0.22057426392535626,0.3002800303064472,0.07970576638109092,0.22035526787039808,0.8512860391376427,0.6309307712672446,0.6309307711688169,0.6111315310166331,2237.8108837001546,0.6309307711688169,0.6111315310166331,0.9999356511084324,0.9995560872701644,0.00037956383826798223,,,,,,,
128,128,train,16,438,16,True,2,16,0.125,0.875,0.0,27.375,0.867579908675799,60637.0,138.4406392694064,0.2185922132925982,0.302522322163962,0.08393010887136382,0.22221090745305838,0.8194700330264904,0.597259125573432,0.5972591257721879,0.5777689895793456,2189.6361388201744,0.5972591257721879,0.5777689895793456,0.9999494946597097,0.9995416178970769,0.000407876762632875,,,,,,,
129,129,train,16,475,16,True,1,16,0.0625,0.9375,0.0,29.6875,0.8231578947368421,63034.0,132.70315789473685,0.22030080230896604,0.30341409032667416,0.08311328801770812,0.2194805878545954,0.8020691976022545,0.5825886097476591,0.5825886100475185,0.5696295656407131,2244.1268775372955,0.5825886100475185,0.5696295656407131,0.9999500468583536,0.9995454309470205,0.00040461591133311714,,,,,,,
130,130,train,16,480,16,True,0,16,0.0,1.0,0.0,30.0,0.775,67192.0,139.98333333333332,0.23001209345188386,0.3118260362985678,0.08181394284668395,0.22997022399705808,0.8201141594431901,0.590143935446132,0.5901439355110554,0.582429561565642,2445.912943794914,0.5901439355110554,0.582429561565642,0.9999394250331705,0.9995779077713993,0.0003615172617711382,,,,,,,
131,131,train,16,445,16,True,2,16,0.125,0.875,0.0,27.8125,0.802247191011236,60823.0,136.68089887640448,0.22441629639889316,0.2992701786273188,0.07485388222842565,0.22615201600172896,0.8106226639380288,0.5844706479362999,0.5844706482817624,0.5701939065113482,2167.556498483735,0.5844706482817624,0.5701939065113482,0.9999458746526446,0.9995854787695732,0.00036039588307146264,,,,,,,
132,132,train,16,424,16,True,4,16,0.25,0.75,0.0,26.5,0.8443396226415094,57096.0,134.66037735849056,0.21177454713650265,0.2816451488927594,0.06987060175625673,0.2111822828353452,0.8254923234790305,0.6143100406436852,0.6143100409073321,0.5849213886237424,2087.291975303824,0.6143100409073321,0.5849213886237424,0.9999571574286987,0.9996781038002551,0.00027905362844360404,,,,,,,
133,133,train,16,454,16,True,2,16,0.125,0.875,0.0,28.375,0.8061674008810573,61028.0,134.4229074889868,0.2228122330491099,0.3153344398916271,0.09252220684251722,0.22561005552414665,0.7987984437389651,0.5731883882148185,0.5731883883917371,0.5512134772906884,2102.4660057560086,0.5731883883917371,0.5512134772906884,0.9999538395506721,0.9994872756206832,0.0004665639299888946,,,,,,,
134,134,train,16,441,16,True,2,16,0.125,0.875,0.0,27.5625,0.8344671201814059,59035.0,133.86621315192744,0.22154148062414167,0.3133011062326696,0.09175962560852793,0.2234618655381033,0.8158608313210224,0.5923989657829191,0.5923989656806838,0.580789285711668,2142.930967624269,0.5923989656806838,0.580789285711668,0.9999456997380015,0.9995180804732033,0.0004276192647981736,,,,,,,
135,135,train,16,480,16,True,1,16,0.0625,0.9375,0.0,30.0,0.7854166666666667,64466.0,134.30416666666667,0.22518676312837851,0.3154889170670382,0.09030215393865967,0.2417374276152022,0.806971803557613,0.5652343759424108,0.5652343761786617,0.5477231113935971,2206.844881193725,0.5652343761786617,0.5477231113935971,0.9999433808105208,0.9994845617842532,0.0004588190262676539,,,,,,,
136,136,train,16,479,16,True,1,16,0.0625,0.9375,0.0,29.9375,0.837160751565762,65533.0,136.81210855949897,0.2253696773112735,0.30175687104434,0.07638719373306652,0.2287935643917018,0.8284774175394647,0.5996838531477628,0.5996838530981323,0.5869872966962749,2404.1899071498115,0.5996838530981323,0.5869872966962749,0.9999482320074389,0.9996182315753439,0.0003300004320949679,,,,,,,
137,137,train,16,480,16,True,0,16,0.0,1.0,0.0,30.0,0.8479166666666667,62461.0,130.12708333333333,0.21617459714393186,0.2978506236168134,0.08167602647288155,0.21926553954259234,0.8234732398509782,0.6042077003083859,0.6042077006549956,0.5896738020949365,2301.9759595407368,0.6042077006549956,0.5896738020949365,0.9999504596408071,0.9996086349137637,0.00034182472704336053,,,,,,,
138,138,train,16,444,16,True,2,16,0.125,0.875,0.0,27.75,0.8130630630630631,57075.0,128.5472972972973,0.21332422557405303,0.30240071026746135,0.08907648469340831,0.2195053921643537,0.8009371197154272,0.5814317275510735,0.5814317279002353,0.5643659098884259,2013.1990191801192,0.5814317279002353,0.5643659098884259,0.9999561136599469,0.9995560848153049,0.0004000288446419642,,,,,,,
139,139,train,16,464,16,True,1,16,0.0625,0.9375,0.0,29.0,0.8405172413793104,61360.0,132.24137931034483,0.21781064012707083,0.30179267368655505,0.08398203355948422,0.21981659280428073,0.8054942700064408,0.5856776772021601,0.5856776774803593,0.5651194687269431,2167.2331625678253,0.5856776774803593,0.5651194687269431,0.9999165895967634,0.9994566146560281,0.0004599749407353526,,,,,,,
140,140,train,16,423,16,True,4,16,0.25,0.75,0.0,26.4375,0.8581560283687943,55729.0,131.74704491725768,0.22069995646045626,0.3036693069934954,0.08296935053303917,0.2378683539950417,0.8443821659211903,0.6065138119261486,0.6065138121330342,0.5919197422113024,2061.6934571058546,0.6065138121330342,0.5919197422113024,0.9999461910088924,0.9995696095242783,0.00037658148461405805,,,,,,,
141,141,train,16,429,16,True,2,16,0.125,0.875,0.0,26.8125,0.8811188811188811,54686.0,127.47319347319348,0.21147063634657337,0.2866438334940077,0.07517319714743431,0.21319858599039826,0.795667706420579,0.5824691204301808,0.5824691207261965,0.5756116434247466,1967.3686457703564,0.5824691207261965,0.5756116434247466,0.9999528140294056,0.9996407028616127,0.00031211116779295,,,,,,,
142,142,train,16,460,16,True,2,16,0.125,0.875,0.0,28.75,0.8217391304347826,58797.0,127.8195652173913,0.2213798034894282,0.3042451913692949,0.08286538787986669,0.22226333435012602,0.8026470741269434,0.5803837397768173,0.580383740090978,0.5654803269068305,2078.0341738213083,0.580383740090978,0.5654803269068305,0.9999498322973226,0.9994834737295201,0.00046635856780252727,,,,,,,
143,143,train,16,461,16,True,1,16,0.0625,0.9375,0.0,28.8125,0.8590021691973969,61608.0,133.63991323210413,0.22225680006464504,0.31612286292570513,0.09386606286106008,0.22421578763170946,0.8089783497244593,0.5847625620927498,0.5847625619901426,0.5697070513508411,2193.657001226412,0.5847625619901426,0.5697070513508411,0.9999509003893431,0.9995042885454107,0.0004466118439323541,,,,,,,
144,144,train,16,456,16,True,1,16,0.0625,0.9375,0.0,28.5,0.8355263157894737,60651.0,133.0065789473684,0.21578560066953403,0.2921394736045912,0.07635387293505716,0.2144024060765974,0.7696252833627393,0.5552228772861418,0.5552228773355593,0.5360635766677796,2032.0494992798426,0.5552228773355593,0.5360635766677796,0.9999537784169034,0.999579352491439,0.00037442592546432785,,,,,,,
145,145,train,16,465,16,True,1,16,0.0625,0.9375,0.0,29.0625,0.8494623655913979,59936.0,128.894623655914,0.22166260071414148,0.309503013450708,0.08784041273656654,0.2210723654898425,0.7812083766843466,0.5601360111945042,0.5601360110089625,0.5453374670007554,2042.8341513848286,0.5601360110089625,0.5453374670007554,0.9999508826479478,0.9995449663666152,0.00040591628133268554,,,,,,,
146,146,train,16,451,16,True,2,16,0.125,0.875,0.0,28.1875,0.8580931263858093,62085.0,137.66075388026607,0.2209146640998093,0.29156693593309707,0.07065227183328776,0.22360298440819032,0.7979032193395665,0.5743002349313762,0.574300235277341,0.5458957981053433,2118.246289085641,0.574300235277341,0.5458957981053433,0.999947086430061,0.9995792795891824,0.00036780684087867055,,,,,,,
147,147,train,16,443,16,True,3,16,0.1875,0.8125,0.0,27.6875,0.8148984198645598,59083.0,133.37020316027088,0.21388487147710675,0.28885321809917347,0.07496834662206672,0.23411228724689945,0.8080277043390176,0.5739154170921181,0.5739154171557189,0.5607344041484577,2070.616925018957,0.5739154171557189,0.5607344041484577,0.9999351686178931,0.9995743355295207,0.00036083308837242534,,,,,,,
148,148,train,16,452,16,True,2,16,0.125,0.875,0.0,28.25,0.838495575221239,55796.0,123.4424778761062,0.22618198316534832,0.3169439541633556,0.09076197099800726,0.24506375593092222,0.8246690637241668,0.5796053077932446,0.579605307982833,0.5650583913002549,1970.4998750618145,0.579605307982833,0.5650583913002549,0.9999464102710603,0.9994146451489796,0.0005317651220807518,,,,,,,
149,149,train,16,473,16,True,1,16,0.0625,0.9375,0.0,29.5625,0.8181818181818182,62248.0,131.60253699788584,0.21808218293534395,0.30472458049542556,0.0866423975600816,0.22322783256321077,0.8048159642284002,0.5815881316651894,0.5815881317141323,0.5667644139079101,2204.9969523087266,0.5815881317141323,0.5667644139079101,0.9999507404715265,0.999524207922664,0.0004265325488624905,,,,,,,
150,150,train,16,477,16,True,1,16,0.0625,0.9375,0.0,29.8125,0.7987421383647799,65995.0,138.35429769392033,0.2184611978533173,0.29805660446058135,0.07959540660726405,0.22264657180149258,0.7790478773742685,0.5564013055727759,0.5564013054089465,0.5405252655756373,2229.4978063540134,0.5564013054089465,0.5405252655756373,0.9999548217281388,0.9995657801020366,0.0003890416261022045,,,,,,,
151,151,train,16,480,16,True,0,16,0.0,1.0,0.0,30.0,0.8583333333333333,63562.0,132.42083333333332,0.22755799019037404,0.3168688439880835,0.08931085379770948,0.2278727102609298,0.7702742899569557,0.5424015796960259,0.5424015800505361,0.524875421061542,2085.133219594609,0.5424015800505361,0.524875421061542,0.9999521872282569,0.9994768502913262,0.00047533693693069257,,,,,,,
152,152,train,16,437,16,True,3,16,0.1875,0.8125,0.0,27.3125,0.8695652173913043,60947.0,139.46681922196797,0.2173291579808921,0.2858312149220091,0.06850205694111697,0.23423287968923917,0.7948654867251334,0.5606326070358942,0.5606326069962708,0.5352000317395667,2038.6772709019604,0.5606326069962708,0.5352000317395667,0.9999490041851467,0.9995659583900942,0.0003830457950524391,,,,,,,
153,153,train,16,437,16,True,3,16,0.1875,0.8125,0.0,27.3125,0.8100686498855835,54518.0,124.75514874141876,0.22356344639607895,0.31513383928719435,0.0915703928911154,0.22406457536529184,0.7770094012813772,0.5529448259160854,0.5529448259173708,0.5392969127922129,1837.5868182253678,0.5529448259173708,0.5392969127922129,0.9999526232202324,0.9994348899155653,0.0005177333046670896,,,,,,,
154,154,train,16,456,16,True,3,16,0.1875,0.8125,0.0,28.5,0.8508771929824561,60913.0,133.5811403508772,0.22031573598287202,0.30106466963548945,0.08074893365261743,0.22265511604296473,0.7920521604404107,0.569397044397446,0.5693970441741236,0.5561218534149712,2117.190653566636,0.5693970441741236,0.5561218534149712,0.999938485502683,0.999541502369155,0.0003969831335280949,,,,,,,
155,155,train,16,454,16,True,1,16,0.0625,0.9375,0.0,28.375,0.8215859030837004,60372.0,132.97797356828193,0.22434784146107511,0.3072675137004803,0.08291967223940516,0.2379500699115076,0.7755377573604317,0.5375876874489242,0.5375876873015247,0.5266566134698772,1987.2070667752128,0.5375876873015247,0.5266566134698772,0.9999316876417218,0.9995000338705806,0.00043165377114118275,,,,,,,
156,156,train,16,466,16,True,1,16,0.0625,0.9375,0.0,29.125,0.851931330472103,59109.0,126.84334763948497,0.218132427932323,0.29782895758139555,0.07969652964907256,0.2219742051826317,0.7992226391645758,0.5772484339819441,0.5772484340119761,0.5616367691400193,2074.8617366935887,0.5772484340119761,0.5616367691400193,0.9999507120662544,0.9995566615606544,0.00039405050560004096,,,,,,,
157,157,train,16,471,16,True,2,16,0.125,0.875,0.0,29.4375,0.7643312101910829,60245.0,127.90870488322717,0.22366622229292452,0.3116748634555713,0.08800864116264681,0.2293731502616317,0.7720437887715446,0.5426706385099129,0.5426706386024137,0.5293512016322278,1993.1726963958467,0.5426706386024137,0.5293512016322278,0.9999515982387923,0.9994905204139133,0.0004610778248790304,,,,,,,
158,158,train,16,480,16,True,0,16,0.0,1.0,0.0,30.0,0.8166666666666667,62697.0,130.61875,0.21504808523564564,0.2990972967813369,0.08404921154569125,0.25376832896316204,0.817493875540046,0.563725546576884,0.5637255466884643,0.543301036379055,2128.9590673661023,0.5637255466884643,0.543301036379055,0.9999445365072026,0.9995845941680308,0.00035994233917180374,,,,,,,
159,159,train,16,480,16,True,0,16,0.0,1.0,0.0,30.0,0.8208333333333333,61572.0,128.275,0.22309200007824537,0.3099141185645321,0.08682211848628674,0.22069714294647896,0.7751988536401051,0.5545017106936261,0.554501710751622,0.5392399824460172,2075.1302624478876,0.554501710751622,0.5392399824460172,0.9999479159322483,0.9994878494162226,0.00046006651602570336,,,,,,,
160,160,train,16,480,16,True,0,16,0.0,1.0,0.0,30.0,0.8041666666666667,65910.0,137.3125,0.21957994043217893,0.2920652433163615,0.07248530288418259,0.22074586330027487,0.785473583053626,0.5647277197533511,0.5647277200266829,0.548123938328093,2257.928048450288,0.5647277200266829,0.548123938328093,0.9999515313893305,0.9995997498248408,0.0003517815644896727,,,,,,,
161,161,train,16,447,16,True,3,16,0.1875,0.8125,0.0,27.9375,0.8389261744966443,61032.0,136.53691275167785,0.22506135302579577,0.29605389765529616,0.07099254462950039,0.2282376200510541,0.8014901822828883,0.5732525622318342,0.5732525625833337,0.5576532238588093,2127.1682224094266,0.5732525625833337,0.5576532238588093,0.9999501360261304,0.9995921188018208,0.0003580172243096147,,,,,,,
162,162,train,16,480,16,True,0,16,0.0,1.0,0.0,30.0,0.775,60444.0,125.925,0.22454742814155407,0.30577306925567316,0.08122564111411909,0.22302393468129952,0.7823043405253085,0.559280405844009,0.5592804059730898,0.5529119629142218,2088.763167899199,0.5592804059730898,0.5529119629142218,0.9999485013200302,0.999518046605713,0.00043045471431724103,,,,,,,
163,163,train,16,455,16,True,1,16,0.0625,0.9375,0.0,28.4375,0.7846153846153846,58375.0,128.2967032967033,0.22159182882850265,0.29281560567423576,0.07122377684573311,0.24126432727795816,0.8232923005942552,0.582027973316297,0.5820279734085578,0.5682623578369114,2073.269696170606,0.5820279734085578,0.5682623578369114,0.9999445693250028,0.9995753930125598,0.0003691763124429315,,,,,,,
164,164,train,16,462,16,True,2,16,0.125,0.875,0.0,28.875,0.841991341991342,58057.0,125.66450216450217,0.22708685566297152,0.30310849428031583,0.07602163861734432,0.23155336150607383,0.8255303591858185,0.5939769976797447,0.5939769978023767,0.5613276701085285,2036.8125339681792,0.5939769978023767,0.5613276701085285,0.9999312514670932,0.9994063077613465,0.0005249437057466277,,,,,,,
165,165,train,16,453,16,True,2,16,0.125,0.875,0.0,28.3125,0.7924944812362031,60765.0,134.13907284768212,0.2225745737181812,0.29692446336434775,0.07434988964616654,0.2235061149367199,0.813262766847502,0.5897566519107821,0.5897566521459552,0.577921710298623,2194.838295393489,0.5897566521459552,0.577921710298623,0.9999510470245175,0.9995919728987919,0.0003590741257256669,,,,,,,
166,166,train,16,458,16,True,1,16,0.0625,0.9375,0.0,28.625,0.8842794759825328,59678.0,130.3013100436681,0.2295932101240075,0.3159975807880541,0.08640437066404663,0.22948692846576915,0.7831936566355037,0.5537067281697345,0.5537067283313916,0.5370673602272766,2003.1941202277128,0.5537067283313916,0.5370673602272766,0.9999474669678856,0.9994461298475421,0.0005013371203435035,,,,,,,
167,167,train,16,469,16,True,2,16,0.125,0.875,0.0,29.3125,0.8230277185501066,61829.0,131.8315565031983,0.22265729060278064,0.3041473330633955,0.08149004246061484,0.22399584914573825,0.8224548507147154,0.5984590015689771,0.5984590013385185,0.5925503726098899,2289.7998117560514,0.5984590013385185,0.5925503726098899,0.9999469835383551,0.9995628675613704,0.00038411597698473354,,,,,,,
168,168,train,16,455,16,True,2,16,0.125,0.875,0.0,28.4375,0.7406593406593407,60272.0,132.46593406593408,0.22240256497161132,0.3047462375331684,0.08234367256155706,0.22595538361252637,0.7526197814478462,0.5266643978353198,0.5266643977317683,0.515885809527555,1943.3418444903023,0.5266643977317683,0.515885809527555,0.9999542306362172,0.9995137421049748,0.00044048853124245557,,,,,,,
169,169,train,16,466,16,True,1,16,0.0625,0.9375,0.0,29.125,0.8090128755364807,58822.0,126.2274678111588,0.22931817754228573,0.3168018440047767,0.08748366646249095,0.2299127542862662,0.7913120865804059,0.5613993322941396,0.5613993322440715,0.5418785403755979,1992.148718873339,0.5613993322440715,0.5418785403755979,0.9999470976080428,0.9994854230804568,0.0004616745275859424,,,,,,,
170,170,train,16,454,16,True,1,16,0.0625,0.9375,0.0,28.375,0.8458149779735683,60881.0,134.09911894273128,0.21976930269838252,0.3008879022162538,0.08111859951787126,0.2190232180643474,0.7631422887731282,0.5441190707087807,0.5441190708997917,0.5303245286684465,2017.91797686648,0.5441190708997917,0.5303245286684465,0.9999549013433798,0.9995389082266348,0.00041599311674500594,,,,,,,
171,171,train,16,460,16,True,1,16,0.0625,0.9375,0.0,28.75,0.7521739130434782,60394.0,131.2913043478261,0.21964560536709168,0.29360595579110843,0.07396035042401675,0.21837537031748894,0.7854483340441021,0.5670729637266132,0.5670729636799955,0.5557872644855308,2097.888503208695,0.5670729636799955,0.5557872644855308,0.9999373942845513,0.9995475592611277,0.00038983502342360143,,,,,,,
172,172,train,16,448,16,True,2,16,0.125,0.875,0.0,28.0,0.8191964285714286,59982.0,133.88839285714286,0.21530753410479161,0.2810178403372697,0.06571030623247806,0.21455120261259913,0.7831574132140745,0.5686062106014753,0.5686062109260198,0.55319104468873,2073.8440776574635,0.5686062109260198,0.55319104468873,0.9999544694651327,0.9996487887031335,0.00030568076199921634,,,,,,,
173,173,train,16,458,16,True,1,16,0.0625,0.9375,0.0,28.625,0.8165938864628821,59787.0,130.53930131004367,0.22339503361807536,0.30857043532689415,0.0851754017088188,0.224025762693277,0.7765595896129648,0.5525338269196878,0.5525338271181549,0.5481665037136397,2048.3269223454618,0.5525338271181549,0.5481665037136397,0.9999553595096925,0.9994926437126214,0.00046271579707113375,,,,,,,
174,174,train,16,397,16,True,5,16,0.3125,0.6875,0.0,24.8125,0.7808564231738035,53184.0,133.9647355163728,0.22696760488173534,0.2942393473726431,0.06727174249090778,0.22894090919100893,0.8027339167093879,0.5737930075183789,0.5737930076419789,0.5547231856255,1843.8998690191606,0.5737930076419789,0.5547231856255,0.9999443480996518,0.9995793539407656,0.00036499415888624487,,,,,,,
175,175,train,16,475,16,True,1,16,0.0625,0.9375,0.0,29.6875,0.8442105263157895,65964.0,138.87157894736842,0.227067465703632,0.29827716504307866,0.07120969933944665,0.22986329291746385,0.7926501924276242,0.5627868995101604,0.5627868998901311,0.549411083525345,2265.084544604115,0.5627868998901311,0.549411083525345,0.9999460560746345,0.9995244732207408,0.0004215828538937094,,,,,,,
176,176,train,16,476,16,True,1,16,0.0625,0.9375,0.0,29.75,0.8025210084033614,64869.0,136.27941176470588,0.21725019308252674,0.28569080680543557,0.06844061372290883,0.21681724483385215,0.7586981898903982,0.541880945056546,0.5418809451754141,0.5219608850112608,2116.192540612218,0.5418809451754141,0.5219608850112608,0.9999505807717184,0.9995850992154157,0.00036548155630267143,,,,,,,
177,177,train,16,472,16,True,1,16,0.0625,0.9375,0.0,29.5,0.8326271186440678,64547.0,136.7521186440678,0.2253730566010066,0.2990128628945992,0.07363980629359262,0.22746268901075337,0.797695591496271,0.5702329024855176,0.5702329021953814,0.558833890291308,2254.4406947895677,0.5702329021953814,0.558833890291308,0.9999492901024291,0.999588757712964,0.0003605323894650958,,,,,,,
178,178,train,16,386,16,True,4,16,0.25,0.75,0.0,24.125,0.8367875647668394,50884.0,131.8238341968912,0.21005110002841923,0.27323822794176955,0.06318712791335032,0.21243840071628875,0.7975732660482981,0.5851348653320094,0.5851348654350772,0.5693360647134695,1810.6310198050137,0.5851348654350772,0.5693360647134695,0.9999490201493668,0.999609535408836,0.00033948474053080435,,,,,,,
179,179,train,16,419,16,True,3,16,0.1875,0.8125,0.0,26.1875,0.8186157517899761,57458.0,137.13126491646779,0.22630555904997332,0.30611541853494856,0.07980985948497524,0.22748867744515625,0.7774792472651105,0.5499905698199543,0.5499905698410926,0.5331892723550044,1914.7493256858645,0.5499905698410926,0.5331892723550044,0.999949417468439,0.9994890579907074,0.0004603594777315978,,,,,,,
180,180,train,16,454,16,True,1,16,0.0625,0.9375,0.0,28.375,0.8722466960352423,62124.0,136.83700440528634,0.22821408983645514,0.3098735681850874,0.08165947834863224,0.23335025228247264,0.7693919166209502,0.5360416643384776,0.5360416641981282,0.519237441234391,2016.0691749528303,0.5360416641981282,0.519237441234391,0.9999474638204621,0.9994609421179604,0.00048652170250162996,,,,,,,
181,181,train,16,480,16,True,0,16,0.0,1.0,0.0,30.0,0.8166666666666667,65823.0,137.13125,0.2190290630805172,0.29165246000404704,0.07262339692352984,0.2185001920648758,0.763933155577421,0.5454329635125452,0.5454329638532759,0.5268903287067159,2167.593881653884,0.5454329638532759,0.5268903287067159,0.9999515328234448,0.9996052542156161,0.00034627860782876496,,,,,,,
182,182,train,16,474,16,True,2,16,0.125,0.875,0.0,29.625,0.8270042194092827,62569.0,132.00210970464136,0.22858578065736676,0.30222606288863274,0.07364028223126598,0.23067548345711267,0.7776531888937684,0.5469777054366558,0.5469777056896699,0.5332905540810082,2085.466042393414,0.5469777056896699,0.5332905540810082,0.999947714934338,0.999508656308962,0.0004390586253759654,,,,,,,
183,183,train,16,469,16,True,1,16,0.0625,0.9375,0.0,29.3125,0.8230277185501066,60895.0,129.84008528784648,0.22082575071823532,0.2995506082727926,0.0787248575545573,0.22131452407854987,0.7742450330899187,0.5529305090113688,0.5529305089108847,0.5408676105622985,2058.508321574449,0.5529305089108847,0.5408676105622985,0.9999405972247867,0.9995634755291236,0.00037712169566306297,,,,,,,
184,184,train,16,456,16,True,2,16,0.125,0.875,0.0,28.5,0.756578947368421,61522.0,134.91666666666666,0.2347791560604047,0.30449068342990876,0.06971152736950406,0.23532215977921825,0.8142104558507013,0.5788882960714831,0.5788882961075276,0.5701020571831543,2192.1136726263753,0.5788882961075276,0.5701020571831543,0.9999304304887873,0.9995066628767418,0.00042376761204543367,,,,,,,
185,185,train,16,446,16,True,2,16,0.125,0.875,0.0,27.875,0.8295964125560538,56189.0,125.98430493273543,0.22680565611199593,0.3077493807972058,0.08094372468520988,0.2297635342939956,0.7869575919090891,0.5571940576150936,0.5571940578003679,0.5413265037670932,1901.0371825105747,0.5571940578003679,0.5413265037670932,0.9999511559343985,0.9995072218013659,0.00044393413303267515,,,,,,,
186,186,train,16,451,16,True,2,16,0.125,0.875,0.0,28.1875,0.8070953436807096,59171.0,131.19955654101994,0.22645567246919304,0.29071873479007293,0.06426306232087989,0.2282509310011771,0.797801523798459,0.5695505927972819,0.569550592949024,0.5563700955858926,2057.5609328695546,0.569550592949024,0.5563700955858926,0.9999403834232914,0.9995908525006377,0.0003495309226536625,,,,,,,
187,187,train,16,425,16,True,3,16,0.1875,0.8125,0.0,26.5625,0.8117647058823529,54686.0,128.6729411764706,0.2313675753848418,0.3062322393602301,0.0748646639753883,0.23260799729847909,0.8150877683016416,0.5824797710031626,0.5824797711312846,0.569129971085719,1945.2150999246005,0.5824797711312846,0.569129971085719,0.9999464013391737,0.9994831274108898,0.00046327392828382497,,,,,,,
188,188,train,16,457,16,True,4,16,0.25,0.75,0.0,28.5625,0.8271334792122538,60384.0,132.13129102844638,0.2261111754850084,0.29507133562276355,0.06896016013775516,0.23158417061362843,0.785301683494836,0.5537175128812075,0.5537175130579423,0.5420047464359145,2045.5259130491404,0.5537175130579423,0.5420047464359145,0.9999485199714774,0.9995803321925544,0.0003681877789230015,,,,,,,
189,189,train,16,468,16,True,1,16,0.0625,0.9375,0.0,29.25,0.8012820512820513,60346.0,128.94444444444446,0.23333150735703193,0.30537903582198006,0.07204752846494814,0.23334690109593523,0.7755659157280546,0.5422190146321193,0.5422190145167662,0.5302098315775361,1999.752656023627,0.5422190145167662,0.5302098315775361,0.9999485871274669,0.999590317333415,0.00035826979405195747,,,,,,,
190,190,train,16,423,16,True,4,16,0.25,0.75,0.0,26.4375,0.8014184397163121,56296.0,133.08747044917257,0.22571263555473856,0.286065004966811,0.06035236941207242,0.23140884253623953,0.7926727596131369,0.5612639170768974,0.5612639174594656,0.5551022878168321,1953.127399683524,0.5612639174594656,0.5551022878168321,0.9999443654803921,0.9996085497163503,0.0003358157640418469,,,,,,,
191,191,train,16,424,16,True,3,16,0.1875,0.8125,0.0,26.5,0.7429245283018868,54118.0,127.63679245283019,0.23186505039729932,0.30893509289722726,0.07707004249992794,0.22953567252195542,0.7887860389180608,0.5592503663961054,0.5592503663915693,0.550121393317604,1860.716847722633,0.5592503663915693,0.550121393317604,0.9999413561164514,0.9994600416191511,0.000481314497300267,,,,,,,
192,192,train,16,446,16,True,3,16,0.1875,0.8125,0.0,27.875,0.8609865470852018,60969.0,136.7017937219731,0.21826578252716108,0.28434974020675413,0.06608395767959305,0.2220812979026881,0.7882025156274959,0.5661212177248078,0.5661212180271951,0.5548297029519472,2114.213259954829,0.5661212180271951,0.5548297029519472,0.999950026149566,0.9996330678184394,0.0003169583311265489,,,,,,,
193,193,train,16,453,16,True,2,16,0.125,0.875,0.0,28.3125,0.8631346578366446,58604.0,129.36865342163355,0.22565108576962511,0.29965667362831605,0.07400558785869094,0.22671018448133035,0.7878734652021719,0.5611632807208415,0.5611632808506779,0.5508206380437833,2017.5182919948686,0.5611632808506779,0.5508206380437833,0.9999463535357695,0.9995749108945172,0.0003714426412523286,,,,,,,
194,194,train,16,463,16,True,1,16,0.0625,0.9375,0.0,28.9375,0.8142548596112311,57857.0,124.96112311015119,0.2272039586505903,0.31167357667011186,0.08446961801952158,0.2302035144432993,0.772383641923016,0.5421801274797167,0.5421801275454782,0.53272532986799,1926.3680881357718,0.5421801275454782,0.53272532986799,0.9999473647350604,0.9994238683947114,0.0005234963403489834,,,,,,,
195,195,train,16,480,16,True,0,16,0.0,1.0,0.0,30.0,0.84375,65753.0,136.98541666666668,0.2233010331057381,0.2984202476361182,0.07511921453038009,0.22792231893459236,0.7680926006106081,0.5401702816760158,0.540170282089403,0.530530034642735,2180.2463354914858,0.540170282089403,0.530530034642735,0.9999502542871944,0.9995171241478134,0.00043313013938106604,,,,,,,
196,196,train,16,420,16,True,3,16,0.1875,0.8125,0.0,26.25,0.8571428571428571,55107.0,131.20714285714286,0.22203874011268757,0.29198382322969224,0.06994508311700467,0.22246787329727993,0.7790207237835417,0.5565528504862618,0.5565528506946499,0.5437657095795685,1872.8310598625817,0.5565528506946499,0.5437657095795685,0.9999491513597932,0.9996056183031918,0.0003435330566013972,,,,,,,
197,197,train,16,453,16,True,2,16,0.125,0.875,0.0,28.3125,0.8432671081677704,62736.0,138.49006622516555,0.2311628186913749,0.29873013254201325,0.06756731385063836,0.2328144075069657,0.7590351939542435,0.5262207864472778,0.5262207864762668,0.5193998978961758,2036.5669996509048,0.5262207864762668,0.5193998978961758,0.9999461130929813,0.9995891370781897,0.0003569760147915657,,,,,,,
198,198,train,16,480,16,True,0,16,0.0,1.0,0.0,30.0,0.825,61897.0,128.95208333333332,0.22236550038696495,0.302141350095242,0.07977584970827706,0.22674930605376514,0.742565057225797,0.5158157511720318,0.5158157515519878,0.5052580954056505,1954.6225207077223,0.5158157515519878,0.5052580954056505,0.9999496294126046,0.9994944821725305,0.00045514724007411633,,,,,,,
199,199,train,16,456,16,True,2,16,0.125,0.875,0.0,28.5,0.8421052631578947,64954.0,142.44298245614036,0.22881332732581955,0.30620857045155037,0.07739524312573082,0.2335191123767579,0.7919481030910055,0.5584289907142476,0.5584289910460545,0.5414472221098285,2198.072679057611,0.5584289910460545,0.5414472221098285,0.9999476881947168,0.9995301449437608,0.0004175432509559984,,,,,,,
200,200,train,16,474,16,True,1,16,0.0625,0.9375,0.0,29.625,0.8270042194092827,64151.0,135.33966244725738,0.22448927500229393,0.2995916150949996,0.07510234009270567,0.228416013444517,0.7775431884699044,0.5491271750253874,0.5491271749562526,0.5339056174138815,2140.66120391987,0.5491271749562526,0.5339056174138815,0.9999455700313105,0.9995482034825763,0.0003973665487341238,,,,,,,
201,201,train,16,480,16,True,0,16,0.0,1.0,0.0,30.0,0.8625,60940.0,126.95833333333333,0.23377506561173253,0.32396018934748255,0.09018512373575002,0.2377013734560483,0.7655971813981354,0.527895807942087,0.5278958083357865,0.5124864692360106,1951.9328397026554,0.5278958083357865,0.5124864692360106,0.9999406874968926,0.9993972578760857,0.0005434296208068901,,,,,,,
202,202,train,16,404,16,True,4,16,0.25,0.75,0.0,25.25,0.8514851485148515,53020.0,131.23762376237624,0.23276473833894015,0.2960456432760048,0.06328090493706465,0.25449901757751814,0.8229564158766792,0.5684573982991611,0.5684573984568398,0.5488292182812247,1818.6828220794077,0.5684573984568398,0.5488292182812247,0.999940250233891,0.9995438412319992,0.000396409001891751,,,,,,,
203,203,train,16,413,16,True,3,16,0.1875,0.8125,0.0,25.8125,0.864406779661017,52380.0,126.82808716707022,0.22865865087799428,0.2929567239261351,0.06429807304814081,0.2306501377034092,0.7932478498546734,0.5625977121512642,0.5625977123591875,0.5483949576265877,1795.3079925300426,0.5625977123591875,0.5483949576265877,0.9999403585987893,0.9995612800077806,0.0003790785910087191,,,,,,,
204,204,train,16,431,16,True,2,16,0.125,0.875,0.0,26.9375,0.8491879350348028,57885.0,134.30394431554524,0.22515577756413235,0.30897615684011875,0.0838203792759864,0.2280683765939321,0.74907280847053,0.521004431876598,0.5210044317596689,0.5134425398196765,1857.5388385913718,0.5210044317596689,0.5134425398196765,0.9999486212933008,0.9994493691395889,0.0004992521537118266,,,,,,,
205,205,train,16,451,16,True,2,16,0.125,0.875,0.0,28.1875,0.8337028824833703,59260.0,131.3968957871397,0.2242744605947259,0.2883212747276968,0.06404681413297092,0.22730510785330266,0.7673282221401108,0.5400231142868082,0.5400231144119023,0.5391872585566467,1997.0148088791807,0.5400231144119023,0.5391872585566467,0.9999457112581226,0.999567130401527,0.0003785808565955895,,,,,,,
206,206,train,16,442,16,True,2,16,0.125,0.875,0.0,27.625,0.8506787330316742,54889.0,124.18325791855203,0.22721915250454017,0.31342577110476855,0.08620661860022838,0.23086358115080285,0.7776543798609779,0.546790798710175,0.5467907987653432,0.5334778205385592,1830.129005721311,0.5467907987653432,0.5334778205385592,0.9999431704327402,0.9994192202516506,0.0005239501810895275,,,,,,,
207,207,train,16,464,16,True,2,16,0.125,0.875,0.0,29.0,0.8081896551724138,61755.0,133.0926724137931,0.234015005759472,0.3019322653091403,0.06791725954966829,0.2522404505002483,0.8057968933966975,0.5535564428964492,0.5535564429310716,0.5430109900307499,2095.8527305843086,0.5535564429310716,0.5430109900307499,0.9999386727523806,0.9994817099707689,0.0004569627816116695,,,,,,,
208,208,train,16,451,16,True,3,16,0.1875,0.8125,0.0,28.1875,0.8203991130820399,62333.0,138.21064301552107,0.2294519520962289,0.29775018043063495,0.06829822833440605,0.2288200283582546,0.8076292991490635,0.5788092707908088,0.5788092710615831,0.556508626020127,2168.0532616070354,0.5788092710615831,0.556508626020127,0.9999419044654412,0.9995445509071684,0.00039735355827275054,,,,,,,
209,209,train,16,480,16,True,0,16,0.0,1.0,0.0,30.0,0.8916666666666667,64286.0,133.92916666666667,0.23543325072948207,0.3132551612692891,0.07782191053980703,0.23864442970647304,0.7787540539908381,0.540109624284365,0.5401096244299526,0.5234232990139326,2103.049387525602,0.5401096244299526,0.5234232990139326,0.9999461207906081,0.9994622133922034,0.00048390739840464825,,,,,,,
210,210,train,16,457,16,True,1,16,0.0625,0.9375,0.0,28.5625,0.8424507658643327,59627.0,130.47483588621444,0.2270769155948448,0.29511739874185466,0.06804048314700986,0.2447203130044427,0.7923709181696936,0.547650605165251,0.5476506049430464,0.5336497519659106,1988.7458600294601,0.5476506049430464,0.5336497519659106,0.9999450270788854,0.9995762216970833,0.00036880538180217304,,,,,,,
211,211,train,16,480,16,True,0,16,0.0,1.0,0.0,30.0,0.8625,65413.0,136.27708333333334,0.23928545168107263,0.3300951888380407,0.09080973715696805,0.2524429351933076,0.7996755673620709,0.5472326321687633,0.5472326317730521,0.5246863611984479,2145.0818090671287,0.5472326317730521,0.5246863611984479,0.9999297763269988,0.9992526544584336,0.000677121868565167,,,,,,,
212,212,train,16,461,16,True,1,16,0.0625,0.9375,0.0,28.8125,0.8329718004338394,62480.0,135.53145336225597,0.22861436015580194,0.30033703117350985,0.0717226710177079,0.23393279473868714,0.7759504340542351,0.542017639315548,0.5420176394817855,0.5270333937906793,2058.0654027526016,0.5420176394817855,0.5270333937906793,0.9999430846604307,0.9995412507424881,0.0004018339179425734,,,,,,,
213,213,train,16,457,16,True,1,16,0.0625,0.9375,0.0,28.5625,0.8468271334792122,64015.0,140.0765864332604,0.23310801181877813,0.32173612540177843,0.0886281135830003,0.24012281352195006,0.7795979772760918,0.5394751637541417,0.5394751639035299,0.523101679279961,2092.8971249441697,0.5394751639035299,0.523101679279961,0.9999474426389845,0.9994388185289047,0.0005086241100797917,,,,,,,
214,214,train,16,466,16,True,1,16,0.0625,0.9375,0.0,29.125,0.8819742489270386,63667.0,136.6244635193133,0.22718409527871458,0.29024147413399204,0.06305737885527746,0.2266961820553482,0.7562034366903971,0.529507254635049,0.5295072547506896,0.5067802455402285,2016.5736183006093,0.5295072547506896,0.5067802455402285,0.9999465309587757,0.9995614703374531,0.0003850606213225971,,,,,,,
215,215,train,16,466,16,True,2,16,0.125,0.875,0.0,29.125,0.8347639484978541,58485.0,125.50429184549357,0.23911021736611038,0.3208931104591409,0.0817828930930305,0.24253269547165887,0.7734698095704202,0.5309371140987613,0.530937114125049,0.5204752504831065,1902.4996890315315,0.530937114125049,0.5204752504831065,0.9999407461534144,0.9993832027286867,0.0005575434247276911,,,,,,,
216,216,train,16,470,16,True,1,16,0.0625,0.9375,0.0,29.375,0.8085106382978723,59788.0,127.20851063829787,0.22866903753522622,0.3161215013437714,0.08745246380854521,0.23494623967945785,0.7359720362353843,0.5010257965559265,0.501025796602568,0.49756474075374857,1859.2750450115702,0.501025796602568,0.49756474075374857,0.999947187841484,0.9994265170455747,0.0005206707959092283,,,,,,,
217,217,train,16,480,16,True,0,16,0.0,1.0,0.0,30.0,0.85,67993.0,141.65208333333334,0.23415949681292117,0.3074846880942125,0.07332519128129131,0.24019440198138833,0.782232100485378,0.5420376985039896,0.5420376983439537,0.5231431779348702,2223.1296310828543,0.5420376983439537,0.5231431779348702,0.9999422148304741,0.9994850298458028,0.0004571849846712883,,,,,,,
218,218,train,16,447,16,True,2,16,0.125,0.875,0.0,27.9375,0.8299776286353467,60345.0,135.0,0.23546995014373873,0.31154472180837844,0.07607477166463972,0.24045843770424458,0.7817811918237293,0.5413227541194847,0.5413227542652548,0.5242133825069928,1977.1035354615294,0.5413227542652548,0.5242133825069928,0.9999229085524406,0.9994561561679227,0.0004667523845178767,,,,,,,
219,219,train,16,448,16,True,2,16,0.125,0.875,0.0,28.0,0.8348214285714286,57701.0,128.796875,0.225277559587141,0.2949341888390845,0.06965662925194352,0.2279406997002999,0.7579813267266697,0.5300406270263698,0.5300406272727617,0.5196155356170341,1873.8960012899072,0.5300406272727617,0.5196155356170341,0.9999439662115238,0.9995689639381675,0.0003750022733562952,,,,,,,
220,220,train,16,463,16,True,2,16,0.125,0.875,0.0,28.9375,0.8423326133909287,61748.0,133.36501079913606,0.23703514470131362,0.3137275123592268,0.07669236765791318,0.23805059610176948,0.7924121200201149,0.5543615239183454,0.5543615243027913,0.5434705008872412,2097.3885305490835,0.5543615243027913,0.5434705008872412,0.9999353974422195,0.999496931854975,0.00043846558724447426,,,,,,,
221,221,train,16,447,16,True,3,16,0.1875,0.8125,0.0,27.9375,0.785234899328859,58445.0,130.74944071588368,0.22627705766191886,0.3044202742787963,0.07814321661687745,0.22664537981695504,0.7680477856883543,0.5414024058713993,0.5414024056834159,0.5267839740209477,1924.2430851033932,0.5414024056834159,0.5267839740209477,0.999945348489493,0.9995310197642715,0.0004143287252215133,,,,,,,
222,222,train,16,431,16,True,4,16,0.25,0.75,0.0,26.9375,0.8700696055684455,56757.0,131.68677494199537,0.2302004295197374,0.29496461188577544,0.06476418236603804,0.23191315642442675,0.7789314868243394,0.5470183303999127,0.547018330838253,0.5333050421368735,1891.7996422851566,0.547018330838253,0.5333050421368735,0.999918583874699,0.9994643192027597,0.0004542646719393195,,,,,,,
223,223,train,16,460,16,True,1,16,0.0625,0.9375,0.0,28.75,0.808695652173913,58769.0,127.75869565217391,0.22409627066814947,0.29577402241103534,0.07167775174288588,0.22558786884551407,0.7716265879175848,0.5460387190720707,0.5460387191918736,0.5355057297382637,1966.94601443675,0.5460387191918736,0.5355057297382637,0.9999513819171999,0.9995697108901185,0.00038167102708142053,,,,,,,
224,224,train,16,441,16,True,2,16,0.125,0.875,0.0,27.5625,0.7777777777777778,61811.0,140.1609977324263,0.22681733641437862,0.2881414143557606,0.06132407794138195,0.23054114216546795,0.771671027137369,0.5411298849719011,0.5411298849697544,0.5235670626595261,2022.6377318779967,0.5411298849697544,0.5235670626595261,0.9999448990265664,0.9995934366253321,0.0003514624012342926,,,,,,,
225,225,train,16,441,16,True,2,16,0.125,0.875,0.0,27.5625,0.8276643990929705,57441.0,130.2517006802721,0.2297685945555633,0.3059527795845317,0.0761841850289684,0.23299988304021466,0.78419719259578,0.5511973095555653,0.5511973097652213,0.5404291588986933,1940.1744572687414,0.5511973097652213,0.5404291588986933,0.999948666579604,0.9995071949453844,0.00044147163421959235,,,,,,,
226,226,train,16,460,16,True,1,16,0.0625,0.9375,0.0,28.75,0.8065217391304348,65448.0,142.27826086956523,0.22330140418104347,0.2762146194455399,0.05291321526449641,0.2252922101760545,0.7867354700629619,0.5614432598869074,0.5614432598736241,0.5369842700441171,2196.5341566154643,0.5614432598736241,0.5369842700441171,0.999949335816928,0.9996510569583742,0.0002982788585538243,,,,,,,
227,227,train,16,433,16,True,4,16,0.25,0.75,0.0,27.0625,0.8221709006928406,57163.0,132.0161662817552,0.22406299820044936,0.2942829449064187,0.07021994670596934,0.22820034015400653,0.7609913206092609,0.5327909804552544,0.5327909807246072,0.5193937690994258,1855.6316264394065,0.5327909807246072,0.5193937690994258,0.9999468788855217,0.9995462674138513,0.0004006114716703646,,,,,,,
228,228,train,16,480,16,True,0,16,0.0,1.0,0.0,30.0,0.8145833333333333,61837.0,128.82708333333332,0.23148495766182242,0.30981383447818106,0.07832887681635864,0.24333726523071045,0.7949401465710579,0.5516028813403475,0.5516028818395387,0.5319737231800137,2055.978695017656,0.5516028818395387,0.5319737231800137,0.9999206783922492,0.9991722239877298,0.0007484544045194275,,,,,,,
229,229,train,16,466,16,True,1,16,0.0625,0.9375,0.0,29.125,0.8583690987124464,61933.0,132.90343347639484,0.2264327812971996,0.30201628972277067,0.07558350842557107,0.23000660102288248,0.7660347161656885,0.536028115142806,0.5360281151426356,0.5209031675938519,2016.3184924118768,0.5360281151426356,0.5209031675938519,0.9999465217684661,0.9995586611280275,0.0003878606404386087,,,,,,,
230,230,train,16,436,16,True,2,16,0.125,0.875,0.0,27.25,0.7981651376146789,58669.0,134.5619266055046,0.22298935201739448,0.28669753053650854,0.06370817851911406,0.24118653762413078,0.7700718861987488,0.528885348574618,0.5288853482396673,0.5163369344499454,1893.3107254527415,0.5288853482396673,0.5163369344499454,0.999900216102878,0.9995035988527401,0.0003966172501379539,,,,,,,
231,231,train,16,436,16,True,4,16,0.25,0.75,0.0,27.25,0.8325688073394495,56750.0,130.1605504587156,0.2228644429406076,0.28911550319538587,0.06625106025477828,0.2275301221438899,0.7893893448948633,0.5618592227509734,0.5618592227506561,0.5441590136821848,1930.0640016539994,0.5618592227506561,0.5441590136821848,0.9999480076193176,0.9996207833486207,0.00032722427069686866,,,,,,,
232,232,train,16,480,16,True,0,16,0.0,1.0,0.0,30.0,0.83125,64963.0,135.33958333333334,0.24130204257404173,0.32083397407525066,0.07953193150120894,0.24198810496308826,0.7405799055783394,0.49859180061525116,0.4985918007480278,0.4845004582430213,1967.1627043025876,0.4985918007480278,0.4845004582430213,0.999943286611533,0.9994694092205668,0.00047387739096615977,,,,,,,
233,233,train,16,440,16,True,3,16,0.1875,0.8125,0.0,27.5,0.825,58980.0,134.04545454545453,0.21684915053379827,0.28479978848597054,0.06795063795217227,0.220930968080474,0.7549649972285876,0.5340340291481136,0.5340340292642215,0.525317547210229,1936.451808403708,0.5340340292642215,0.525317547210229,0.9999552117720839,0.9996177219066594,0.00033748986542447845,,,,,,,
234,234,train,16,430,16,True,2,16,0.125,0.875,0.0,26.875,0.8162790697674419,54157.0,125.94651162790697,0.23353586095845352,0.3173231014179015,0.08378724045944796,0.23595891522096607,0.7680389752338047,0.5320800600128386,0.5320800598839971,0.5206784714523983,1762.3989986529732,0.5320800598839971,0.5206784714523983,0.9999436499313574,0.9994489973562832,0.0004946525750741948,,,,,,,
235,235,train,16,475,16,True,1,16,0.0625,0.9375,0.0,29.6875,0.7726315789473684,65363.0,137.60631578947368,0.23380270806788558,0.2956194611619918,0.0618167530941062,0.23128858339463337,0.791349984045066,0.5600614006504325,0.5600614006975565,0.5497678649119474,2245.904809639974,0.5600614006975565,0.5497678649119474,0.9999432860382907,0.9995929344657741,0.0003503515725166162,,,,,,,
236,236,train,16,440,16,True,3,16,0.1875,0.8125,0.0,27.5,0.8045454545454546,59363.0,134.91590909090908,0.22126458721536502,0.27577314944033693,0.05450856222497191,0.22453249849066703,0.7643466103611164,0.5398141118704494,0.5398141120208964,0.5263853999503165,1952.9885310781633,0.5398141120208964,0.5263853999503165,0.9999467373800782,0.9996140537800692,0.00033268360000904273,,,,,,,
237,237,train,16,442,16,True,2,16,0.125,0.875,0.0,27.625,0.8212669683257918,61002.0,138.01357466063348,0.23469806814345145,0.2986040190875155,0.06390595094406404,0.2391127560041943,0.786888439261564,0.5477756832573697,0.5477756829391079,0.5297504008725964,2019.7396221268818,0.5477756829391079,0.5297504008725964,0.9999418253167408,0.9995271185890672,0.0004147067276736305,,,,,,,
238,238,train,16,461,16,True,2,16,0.125,0.875,0.0,28.8125,0.8590021691973969,61687.0,133.81127982646422,0.23332845543651265,0.29779158441536074,0.0644631289788481,0.230843570451853,0.7659224812100796,0.5350789107582266,0.5350789110362795,0.5277958314911435,2034.8838410746364,0.5350789110362795,0.5277958314911435,0.9999444919633815,0.999538342417374,0.00040614954600748376,,,,,,,
239,239,train,16,480,16,True,0,16,0.0,1.0,0.0,30.0,0.8020833333333334,65090.0,135.60416666666666,0.23613846474976158,0.30873739631755615,0.07259893156779457,0.2418230671997055,0.8020481037801735,0.5602250365804681,0.5602250366357274,0.5475307934235097,2227.423708996018,0.5602250366357274,0.5475307934235097,0.9999409747428165,0.9995071528062296,0.00043382193658692003,,,,,,,
240,240,train,16,469,16,True,1,16,0.0625,0.9375,0.0,29.3125,0.8550106609808102,64079.0,136.62899786780383,0.23227916997241538,0.2957571632093052,0.0634779932368898,0.2353823660923871,0.7612276259957764,0.5258452599033894,0.5258452603319089,0.5142559913902957,2059.5631045186724,0.5258452603319089,0.5142559913902957,0.9999450077674512,0.9995407993540273,0.0004042084134239232,,,,,,,
241,241,train,16,465,16,True,1,16,0.0625,0.9375,0.0,29.0625,0.8129032258064516,64623.0,138.9741935483871,0.22232333274631255,0.2881728444603808,0.06584951171406822,0.22193883537624765,0.7607104238296214,0.5387715884533737,0.5387715883520949,0.5252721759638336,2121.5414892069275,0.5387715883520949,0.5252721759638336,0.999948220148775,0.9995493010139601,0.00039891913481493457,,,,,,,
242,242,train,16,451,16,True,2,16,0.125,0.875,0.0,28.1875,0.8381374722838137,60659.0,134.4988913525499,0.2326358972458402,0.3109265626460245,0.07829066540018428,0.23426704668383858,0.741678819378501,0.5074117726946624,0.5074117726530684,0.5017483508472876,1902.2220758778517,0.5074117726530684,0.5017483508472876,0.9999454545880484,0.999459007387664,0.0004864472003843767,,,,,,,
243,243,train,16,457,16,True,3,16,0.1875,0.8125,0.0,28.5625,0.7986870897155361,62743.0,137.29321663019692,0.22592002057943533,0.2797098332829945,0.05378981270355915,0.2313306682173273,0.7719822665048023,0.540651598287475,0.5406515986850006,0.5274987406744555,2068.553342883585,0.5406515986850006,0.5274987406744555,0.9999463925552753,0.99963648565233,0.00030990690294530054,,,,,,,
244,244,train,16,455,16,True,1,16,0.0625,0.9375,0.0,28.4375,0.8175824175824176,58443.0,128.44615384615383,0.23506243666559465,0.31331376259905036,0.07825132593345571,0.2393496265079949,0.7415685446155752,0.5022189181075802,0.502218918292432,0.49370532708580633,1803.351276929736,0.502218918292432,0.49370532708580633,0.9999491838960609,0.9994828926008339,0.00046629129522701707,,,,,,,
245,245,train,16,455,16,True,1,16,0.0625,0.9375,0.0,28.4375,0.8307692307692308,62289.0,136.8989010989011,0.24010261694612556,0.31294705585218296,0.07284443890605741,0.2409211056121744,0.7798483712628498,0.5389272656506754,0.5389272658639548,0.528951614983814,2059.241696607924,0.5389272658639548,0.528951614983814,0.9999359046178816,0.9994413181968824,0.000494586420999199,,,,,,,
246,246,train,16,462,16,True,1,16,0.0625,0.9375,0.0,28.875,0.8376623376623377,65138.0,140.99134199134198,0.22907604853020538,0.28814847306440494,0.05907242453419956,0.25122608178387207,0.7839308887418285,0.5327048069579564,0.5327048073499535,0.5172480130157858,2105.781316988892,0.5327048073499535,0.5172480130157858,0.9999424010574718,0.9996070650130309,0.0003353360444409148,,,,,,,
247,247,train,16,405,16,True,5,16,0.3125,0.6875,0.0,25.3125,0.8790123456790123,52906.0,130.6320987654321,0.23593697979656128,0.2986265755148217,0.06268959571826041,0.23436207840649245,0.7996377944347108,0.5652757160282184,0.5652757164383508,0.5516028469689368,1823.9437638586603,0.5652757164383508,0.5516028469689368,0.999935492199141,0.9995382131347607,0.00039727906438036253,,,,,,,
248,248,train,16,469,16,True,1,16,0.0625,0.9375,0.0,29.3125,0.8315565031982942,62976.0,134.2771855010661,0.23824574326073092,0.31471419688009217,0.07646845361936125,0.24052213672981906,0.7727483111653457,0.5322261744355267,0.5322261746347018,0.5164742696550726,2032.8427253623665,0.5322261746347018,0.5164742696550726,0.9999210492067808,0.9993773003168736,0.0005437488899072696,,,,,,,
249,249,train,16,442,16,True,2,16,0.125,0.875,0.0,27.625,0.8393665158371041,57731.0,130.6131221719457,0.23211800714645417,0.30477308360170235,0.07265507645524819,0.23756773608503845,0.7687079688085692,0.5311402327235307,0.5311402325225261,0.5166245740202939,1864.0783301728488,0.5311402325225261,0.5166245740202939,0.9999431745962646,0.9994524047733813,0.000490769822883319,,,,,,,
250,250,train,16,424,16,True,3,16,0.1875,0.8125,0.0,26.5,0.8702830188679245,57957.0,136.69103773584905,0.23028076194705344,0.28677588164644263,0.056495119699389196,0.23334157155192192,0.7462968556281403,0.5129552840762184,0.5129552841185302,0.4949825991927861,1792.9816563385189,0.5129552841185302,0.4949825991927861,0.9999483479021781,0.9996137670338097,0.00033458086836846146,,,,,,,
251,251,train,16,480,16,True,0,16,0.0,1.0,0.0,30.0,0.8395833333333333,63273.0,131.81875,0.23655314545748332,0.31493935536189915,0.07838620990441583,0.23895423466707894,0.7489644694349187,0.5100102347678397,0.5100102346597463,0.49807241117621087,1969.6584795220235,0.5100102346597463,0.49807241117621087,0.9999450699527961,0.9994260812172391,0.0005189887355570022,,,,,,,
252,252,train,16,437,16,True,2,16,0.125,0.875,0.0,27.3125,0.8741418764302059,58361.0,133.5491990846682,0.24237666462255367,0.3084050221475107,0.06602835752495703,0.2463683771997313,0.7759854817342098,0.5296171045344785,0.5296171043519238,0.5075727313613404,1851.403260936199,0.5296171043519238,0.5075727313613404,0.9999226118951485,0.9994139976864996,0.0005086142086488943,,,,,,,
253,253,train,16,455,16,True,1,16,0.0625,0.9375,0.0,28.4375,0.8505494505494505,59623.0,131.03956043956043,0.23180543378167703,0.2909033094673965,0.059097875685719475,0.23267350681229226,0.7709025080241599,0.5382290012118677,0.5382290014154679,0.5186234475335384,1932.6178632682593,0.5382290014154679,0.5186234475335384,0.9999459059443343,0.9995513721702202,0.00039453377411413637,,,,,,,
254,254,train,16,413,16,True,3,16,0.1875,0.8125,0.0,25.8125,0.8305084745762712,53087.0,128.5399515738499,0.2261022054729841,0.30002269814921845,0.07392049267623435,0.23068290722988744,0.7586658229400074,0.5279829157101199,0.5279829158390125,0.5190881549925,1722.302055255428,0.5279829158390125,0.5190881549925,0.999945012496177,0.9995074211404458,0.0004375913557311817,,,,,,,
255,255,train,16,480,16,True,0,16,0.0,1.0,0.0,30.0,0.8666666666666667,65402.0,136.25416666666666,0.23949061035718153,0.3106402864167505,0.07114967605956898,0.2391168128425934,0.7601074265421484,0.520990613699555,0.5209906139742901,0.5100001866118605,2084.689512799308,0.5209906139742901,0.5100001866118605,0.9999459237200543,0.9994471761892698,0.0004987475307844935,,,,,,,
256,256,train,16,480,16,True,0,16,0.0,1.0,0.0,30.0,0.85625,65824.0,137.13333333333333,0.23546488265872348,0.3096925093120923,0.07422762665336882,0.24148544802848954,0.7572647723406283,0.5157793243121387,0.5157793241662415,0.5042636541072107,2074.5406729970646,0.5157793241662415,0.5042636541072107,0.9999435607191042,0.999484769875871,0.0004587908432331922,,,,,,,
257,257,train,16,478,16,True,1,16,0.0625,0.9375,0.0,29.875,0.799163179916318,64389.0,134.70502092050208,0.23480665721011143,0.3062246573614359,0.07141800015132446,0.23640004703549164,0.7670846591244,0.5306846120889084,0.5306846119249401,0.5225899517474223,2103.0652751915486,0.5306846119249401,0.5225899517474223,0.9999423897322085,0.9994909135841429,0.00045147614806562153,,,,,,,
258,258,train,16,454,16,True,2,16,0.125,0.875,0.0,28.375,0.8237885462555066,59429.0,130.90088105726872,0.23662548199097064,0.32292714247232057,0.08630166048134993,0.24026086551592996,0.7199091813591455,0.47964831584321554,0.4796483157789642,0.47428054840585687,1761.6261694507277,0.4796483157789642,0.47428054840585687,0.999946983417409,0.9993503437596678,0.0005966396577411492,,,,,,,
259,259,train,16,463,16,True,1,16,0.0625,0.9375,0.0,28.9375,0.8747300215982722,63762.0,137.7149028077754,0.23479197251952613,0.30287124087191386,0.06807926835238773,0.23693857086026213,0.7879925372460802,0.551053966385818,0.5510539665258987,0.5336689132892336,2126.737328071758,0.5510539665258987,0.5336689132892336,0.99994405931484,0.9995810402837813,0.0003630190310587311,,,,,,,
260,260,train,16,386,16,True,5,16,0.3125,0.6875,0.0,24.125,0.810880829015544,50794.0,131.59067357512953,0.22364610063675083,0.276977866799525,0.053331766162774186,0.2239338272526812,0.7791664396876046,0.5552326124349234,0.5552326122139971,0.5411195493852843,1717.851649467258,0.5552326122139971,0.5411195493852843,0.9999427718979645,0.9995901215686496,0.0003526503293149741,,,,,,,
261,261,train,16,411,16,True,4,16,0.25,0.75,0.0,25.6875,0.8491484184914841,54679.0,133.0389294403893,0.2230048733387194,0.27685788791355875,0.05385301457483935,0.24290671802006925,0.7897495127249108,0.5468427947048415,0.5468427949704454,0.5320619199951307,1818.2883577133582,0.5468427949704454,0.5320619199951307,0.9999427013908245,0.9995882041892639,0.0003544972015606662,,,,,,,
262,262,train,16,448,16,True,2,16,0.125,0.875,0.0,28.0,0.8258928571428571,60555.0,135.16741071428572,0.23231153209311312,0.2957081050860621,0.06339657299294899,0.23602042550582497,0.7561769348153747,0.5201565093095497,0.5201565094629936,0.5026723310743432,1902.4576880129277,0.5201565094629936,0.5026723310743432,0.9999422285046183,0.9995244781348148,0.00041775036980351565,,,,,,,
263,263,train,16,480,16,True,0,16,0.0,1.0,0.0,30.0,0.8520833333333333,64376.0,134.11666666666667,0.22951544142574712,0.30399573152933873,0.07448029010359161,0.2318347136352931,0.7399142437775799,0.5080795301422868,0.50807953001206,0.49581644747716463,1994.9174764243728,0.50807953001206,0.49581644747716463,0.9999522308169227,0.999517836999021,0.0004343938179017792,,,,,,,
264,264,train,16,480,16,True,0,16,0.0,1.0,0.0,30.0,0.8020833333333334,62826.0,130.8875,0.22644727667897088,0.29467317044822133,0.06822589376925045,0.22419004897002154,0.7539784073581451,0.5297883583881235,0.5297883584093538,0.5201029564909471,2042.2492715312658,0.5297883584093538,0.5201029564909471,0.9999453175715894,0.9995203017402545,0.0004250158313349184,,,,,,,
265,265,train,16,469,16,True,2,16,0.125,0.875,0.0,29.3125,0.8507462686567164,62711.0,133.71215351812367,0.23203075420417416,0.29643127699800526,0.0644005227938311,0.23387461941601248,0.7480470747152091,0.5141724552991966,0.5141724555830433,0.5007452015303826,1962.6395208232386,0.5141724555830433,0.5007452015303826,0.9999427781345414,0.9995532299153959,0.00038954821914549687,,,,,,,
266,266,train,16,448,16,True,3,16,0.1875,0.8125,0.0,28.0,0.8638392857142857,61425.0,137.109375,0.22530787383674192,0.2891400859109346,0.06383221207419268,0.22768672470069592,0.7528532001893602,0.5251664754886642,0.5251664754150509,0.5042666483787526,1935.9111797915546,0.5251664754150509,0.5042666483787526,0.9999473232187256,0.999571813502085,0.0003755097166405763,,,,,,,
267,267,train,16,427,16,True,2,16,0.125,0.875,0.0,26.6875,0.8220140515222483,57696.0,135.11943793911007,0.2296291176152835,0.29837850769594376,0.06874939008066025,0.2311533046274401,0.7781059522083229,0.5469526475808828,0.54695264775252,0.529528836198736,1909.4809833326428,0.54695264775252,0.529528836198736,0.9999395716281712,0.9995517410691103,0.0003878305590608866,,,,,,,
268,268,train,16,434,16,True,3,16,0.1875,0.8125,0.0,27.125,0.8456221198156681,57234.0,131.87557603686636,0.23666177997653443,0.2950297660005166,0.05836798602398219,0.23596471344189499,0.7773166404472506,0.5413519270053556,0.5413519272457391,0.5243557802456482,1875.6861704112148,0.5413519272457391,0.5243557802456482,0.99994059837675,0.9995310512572517,0.00040954711949825473,,,,,,,
269,269,train,16,430,16,True,2,16,0.125,0.875,0.0,26.875,0.827906976744186,57607.0,133.96976744186045,0.23044929249120452,0.2967256524406204,0.06627635994941586,0.23108457408688898,0.750338714492529,0.51925414040564,0.5192541406513262,0.5118373827618918,1842.8385067977683,0.5192541406513262,0.5118373827618918,0.9999441355307468,0.9995293903984398,0.00041474513230699284,,,,,,,
270,270,train,16,458,16,True,1,16,0.0625,0.9375,0.0,28.625,0.8318777292576419,63407.0,138.44323144104803,0.2324410994425528,0.3051204981273028,0.07267939868474999,0.23606432516295345,0.7380400965737091,0.5019757714107556,0.5019757715866437,0.4973629987506215,1971.0184788612921,0.5019757715866437,0.4973629987506215,0.9999434802548761,0.999480688665159,0.0004627915897170709,,,,,,,
271,271,train,16,457,16,True,1,16,0.0625,0.9375,0.0,28.5625,0.8468271334792122,62449.0,136.64989059080963,0.23622835076043744,0.30296856603064276,0.06674021527020532,0.24076832453691777,0.7709097387646754,0.5301414142277576,0.5301414146032516,0.5189414204093571,2025.4607976964955,0.5301414146032516,0.5189414204093571,0.9999419846846309,0.9995374046246169,0.0004045800600139815,,,,,,,
272,272,train,16,448,16,True,2,16,0.125,0.875,0.0,28.0,0.8861607142857143,59664.0,133.17857142857142,0.2321978632451537,0.3040920437403395,0.07189418049518578,0.23071173657380953,0.7697161132922395,0.53900437671843,0.539004377110891,0.5180652524833195,1931.8653265102978,0.539004377110891,0.5180652524833195,0.9999535065947186,0.9995225770244989,0.0004309295702197291,,,,,,,
273,273,train,16,441,16,True,2,16,0.125,0.875,0.0,27.5625,0.8367346938775511,57906.0,131.30612244897958,0.23650032775604435,0.3073133930288554,0.07081306527281106,0.24155604448239984,0.794752451818292,0.5531964073358921,0.5531964078372927,0.5324298484551535,1926.9301752902581,0.5531964078372927,0.5324298484551535,0.9999440182905731,0.9994816655904833,0.00046235270008976315,,,,,,,
274,274,train,16,455,16,True,2,16,0.125,0.875,0.0,28.4375,0.8087912087912088,63123.0,138.73186813186814,0.23061051394462595,0.296212031134838,0.06560151719021207,0.23237655749658132,0.7574511108903554,0.5250745533937742,0.5250745535743272,0.5140506294664209,2028.0261177380544,0.5250745535743272,0.5140506294664209,0.9999470139340786,0.9995795365649645,0.0003674773691141331,,,,,,,
275,275,train,16,441,16,True,2,16,0.125,0.875,0.0,27.5625,0.8390022675736961,61100.0,138.5487528344671,0.22957208539979004,0.3029253656451702,0.07335328024538015,0.23420699469787068,0.7566124991422665,0.5224055044443958,0.5224055045695218,0.5093282676455343,1944.9973220713837,0.5224055045695218,0.5093282676455343,0.9999472205290609,0.9995738650310659,0.00037335549799499823,,,,,,,
276,276,train,16,480,16,True,0,16,0.0,1.0,0.0,30.0,0.86875,64403.0,134.17291666666668,0.23182203099934942,0.3150110818454425,0.0831890508460931,0.2343701884285042,0.725522170218545,0.4911519817900408,0.4911519821949166,0.47574566630198956,1914.9655091779412,0.4911519821949166,0.47574566630198956,0.999948209679309,0.99943840220679,0.0005098074725189417,,,,,,,
277,277,train,16,414,16,True,4,16,0.25,0.75,0.0,25.875,0.8357487922705314,53332.0,128.82125603864733,0.2306818659256862,0.28958283795706535,0.058900972031379145,0.23574317993280858,0.7666098129624678,0.5308666330296592,0.5308666331604649,0.5158946468150424,1719.6058314962409,0.5308666331604649,0.5158946468150424,0.999943052936094,0.999552959663202,0.00039009327289196705,,,,,,,
278,278,train,16,449,16,True,3,16,0.1875,0.8125,0.0,28.0625,0.8240534521158129,59992.0,133.61247216035636,0.23396528305651482,0.29400131394827983,0.06003603089176501,0.2564294736593388,0.780167899533837,0.5237384258744981,0.5237384262709616,0.5081403642763425,1905.272295854148,0.5237384262709616,0.5081403642763425,0.9999379641297675,0.9995570127247696,0.00038095140499794233,,,,,,,
279,279,train,16,436,16,True,2,16,0.125,0.875,0.0,27.25,0.8302752293577982,56470.0,129.5183486238532,0.23052751831239654,0.3075540936065008,0.07702657529410428,0.24996876776990512,0.7590501840343041,0.5090814162643991,0.5090814164002644,0.495952445426261,1750.4021620763094,0.5090814164002644,0.495952445426261,0.9999438653447973,0.9995391177764771,0.0004047475683202073,,,,,,,
280,280,train,16,460,16,True,1,16,0.0625,0.9375,0.0,28.75,0.8434782608695652,62411.0,135.67608695652174,0.22626792186433806,0.2906729671421295,0.06440504527779142,0.23276653760625138,0.7397322417204826,0.5069657041142313,0.5069657041848341,0.49071588650819886,1914.1293245539484,0.5069657041848341,0.49071588650819886,0.9999507844058523,0.999551369979232,0.0003994144266202815,,,,,,,
281,281,train,16,414,16,True,5,16,0.3125,0.6875,0.0,25.875,0.8502415458937198,55309.0,133.59661835748793,0.22226611441532534,0.27387221616772756,0.05160610175240221,0.22563372865382428,0.7731035289301725,0.5474698002763483,0.5474698004863647,0.5329676452167557,1842.3692180808473,0.5474698004863647,0.5329676452167557,0.9999418119348489,0.9995738358066867,0.00036797612816219516,,,,,,,
282,282,train,16,466,16,True,2,16,0.125,0.875,0.0,29.125,0.8154506437768241,63311.0,135.86051502145924,0.23709946281554634,0.3093258075770053,0.07222634476145895,0.2430729632982697,0.7571732812500821,0.5141003179518124,0.5141003178354033,0.5021689925657906,1987.051318020798,0.5141003178354033,0.5021689925657906,0.9999418533723,0.9995205306087748,0.0004213227635252448,,,,,,,
283,283,train,16,470,16,True,1,16,0.0625,0.9375,0.0,29.375,0.7936170212765957,60836.0,129.43829787234043,0.23047285096450001,0.29279508347967326,0.06232223251517324,0.23858884702512237,0.7674796653972582,0.5288908183721358,0.5288908184029353,0.5215964415163338,1983.240069755482,0.5288908184029353,0.5215964415163338,0.9999426828808027,0.9995703812446501,0.00037230163615253886,,,,,,,
284,284,train,16,466,16,True,1,16,0.0625,0.9375,0.0,29.125,0.8648068669527897,64739.0,138.92489270386267,0.2261644147511734,0.28666982943833896,0.060505414687165554,0.2239615828260041,0.7449841518220165,0.5210225689960124,0.5210225692238988,0.5106677192987759,2066.2573424802163,0.5210225692238988,0.5106677192987759,0.9999482847634801,0.9996089640232101,0.00033932074026998826,,,,,,,
285,285,train,16,463,16,True,1,16,0.0625,0.9375,0.0,28.9375,0.8293736501079914,61048.0,131.85313174946003,0.23373463389555715,0.3095520351783844,0.07581740128282727,0.2365633443531758,0.7459627908975485,0.5093994465443726,0.509399446637336,0.49942777982391884,1905.5666939181624,0.509399446637336,0.49942777982391884,0.9999458021269615,0.9994386375272557,0.0005071645997057894,,,,,,,
286,286,train,16,425,16,True,3,16,0.1875,0.8125,0.0,26.5625,0.8705882352941177,55618.0,130.86588235294118,0.24299957704514458,0.31738824331442367,0.07438866626927909,0.244575460103257,0.7469985520492652,0.5024230919460082,0.5024230922762466,0.497927463047484,1730.8581024859354,0.5024230922762466,0.497927463047484,0.9999371390757386,0.999366064478025,0.0005710745977135501,,,,,,,
287,287,train,16,424,16,True,3,16,0.1875,0.8125,0.0,26.5,0.8608490566037735,54008.0,127.37735849056604,0.23282154160575574,0.31003688405177493,0.07721534244601919,0.23512395381267293,0.7498995371296807,0.5147755833170078,0.5147755835068225,0.5013322797420977,1692.2471102694515,0.5147755835068225,0.5013322797420977,0.9999426027500542,0.9994109648382715,0.0005316379117826786,,,,,,,
288,288,train,16,456,16,True,2,16,0.125,0.875,0.0,28.5,0.868421052631579,63881.0,140.08991228070175,0.24045732993208146,0.30410310336836527,0.0636457734362838,0.24489566749174704,0.7664847020861024,0.5215890345943553,0.521589034698575,0.5033733882302159,2009.7497133459033,0.521589034698575,0.5033733882302159,0.9999377061549911,0.9994914561459133,0.00044625000907783097,,,,,,,
289,289,train,16,446,16,True,2,16,0.125,0.875,0.0,27.875,0.8385650224215246,62657.0,140.4865470852018,0.22239860221113752,0.29143952990068495,0.06904092768954742,0.22646023860082234,0.7381143401406585,0.5116541015398361,0.5116541018874143,0.4971405321521361,1946.8333951910236,0.5116541018874143,0.4971405321521361,0.9999475851926144,0.999542423186509,0.0004051620061054084,,,,,,,
290,290,train,16,448,16,True,2,16,0.125,0.875,0.0,28.0,0.84375,60162.0,134.29017857142858,0.2281251901335537,0.29095345625581065,0.06282826612225695,0.22946227050597595,0.7358539352657892,0.5063916647598132,0.5063916648573434,0.4938567778740745,1856.9632169037557,0.5063916648573434,0.4938567778740745,0.9999476585436554,0.9995893980042156,0.00035826053943976977,,,,,,,
291,291,train,16,473,16,True,2,16,0.125,0.875,0.0,29.5625,0.8076109936575053,64084.0,135.48414376321352,0.23642224006110746,0.3060840037022134,0.06966176364110593,0.2344164254683798,0.7614753508955258,0.5270589254271459,0.5270589256111929,0.5144586489918834,2060.535503874741,0.5270589256111929,0.5144586489918834,0.9999412933763998,0.9995157010037607,0.0004255923726390609,,,,,,,
292,292,train,16,458,16,True,3,16,0.1875,0.8125,0.0,28.625,0.8493449781659389,61701.0,134.7183406113537,0.2379010849489256,0.3064360883588531,0.06853500340992752,0.24023145885610833,0.804095746156067,0.5638642872999587,0.5638642869638236,0.5499378354697058,2120.7321491447688,0.5638642869638236,0.5499378354697058,0.9999442368744637,0.9995025380783932,0.0004416987960704777,,,,,,,
293,293,train,16,452,16,True,2,16,0.125,0.875,0.0,28.25,0.8473451327433629,57840.0,127.96460176991151,0.23112780453462753,0.30143322417495644,0.07030541964032891,0.23378398312895118,0.7392203707806745,0.5054363876517233,0.5054363874676465,0.4919474006380624,1778.3898533065942,0.5054363874676465,0.4919474006380624,0.9999514660341156,0.9995546313830753,0.0003968346510402343,,,,,,,
294,294,train,16,463,16,True,1,16,0.0625,0.9375,0.0,28.9375,0.7732181425485961,61270.0,132.3326133909287,0.23336755705595655,0.30196386985153323,0.06859631279557668,0.23340902728168492,0.7364563295967911,0.5030473023151062,0.5030473026454767,0.4935377447304361,1889.9411012271134,0.5030473026454767,0.4935377447304361,0.9999402348512627,0.999504848508192,0.00043538634307072055,,,,,,,
295,295,train,16,470,16,True,1,16,0.0625,0.9375,0.0,29.375,0.823404255319149,61219.0,130.2531914893617,0.22440075635078924,0.2851805542729484,0.06077979792215918,0.22801272389956115,0.7528937478088072,0.5248810239092461,0.5248810240950558,0.5066835992595909,1938.6664539420563,0.5248810240950558,0.5066835992595909,0.9999455387370083,0.9996141907149331,0.0003313480220752396,,,,,,,
296,296,train,16,454,16,True,2,16,0.125,0.875,0.0,28.375,0.8303964757709251,62879.0,138.5,0.2305668635345929,0.30311423616366434,0.07254737262907143,0.23763948015411115,0.7222941522351747,0.4846546720810635,0.4846546721419058,0.4748177385300548,1866.0040363144562,0.4846546721419058,0.4748177385300548,0.9999423863401989,0.999464843467644,0.0004775428725549702,,,,,,,
297,297,train,16,476,16,True,1,16,0.0625,0.9375,0.0,29.75,0.8109243697478992,61311.0,128.8046218487395,0.2322395913951033,0.30201712713778195,0.06977753574267864,0.2361517581917467,0.763235304626567,0.5270835464348202,0.527083546462905,0.512251974634059,1962.9175510493008,0.527083546462905,0.512251974634059,0.9999405194411543,0.9994377269599791,0.0005027924811751294,,,,,,,
298,298,train,16,435,16,True,4,16,0.25,0.75,0.0,27.1875,0.8459770114942529,56364.0,129.57241379310344,0.23413456207047223,0.29561987977396853,0.0614853177034963,0.23270708493081838,0.7712552638018199,0.5385481788710015,0.5385481788937208,0.5161895422615297,1818.406710001804,0.5385481788937208,0.5161895422615297,0.9999444101626372,0.9994968893275986,0.0004475208350386284,,,,,,,
299,299,train,16,416,16,True,5,16,0.3125,0.6875,0.0,26.0,0.7932692307692307,54183.0,130.24759615384616,0.22721842726084784,0.2985866254636444,0.07136819820279655,0.22965706584525025,0.7872645238375363,0.5576074579922861,0.557607458098611,0.5515988508050309,1867.9550333230623,0.557607458098611,0.5515988508050309,0.9999486213175461,0.9995299722418044,0.0004186490757417394,,,,,,,
300,300,train,16,420,16,True,5,16,0.3125,0.6875,0.0,26.25,0.8404761904761905,54828.0,130.54285714285714,0.22424025714430632,0.27687848176258467,0.052638224618278356,0.22754907571763763,0.7441345863183645,0.5165855106007269,0.516585510656205,0.508246016342199,1741.6320365006313,0.516585510656205,0.508246016342199,0.9999492469912596,0.999618059736262,0.00033118725499758916,,,,,,,
301,301,train,16,438,16,True,2,16,0.125,0.875,0.0,27.375,0.906392694063927,58506.0,133.57534246575344,0.22515184615174436,0.28512278220816073,0.059970936056416374,0.22726195888634473,0.7261763388021201,0.49891437991577536,0.49891437990428394,0.4822751386792786,1763.4993289731165,0.49891437990428394,0.4822751386792786,0.9999479521869074,0.9995654874689576,0.000382464717949782,,,,,,,
302,302,train,16,467,16,True,1,16,0.0625,0.9375,0.0,29.1875,0.8715203426124197,62375.0,133.56531049250535,0.23395895359125918,0.2966497519950529,0.06269079840379371,0.23408405762058476,0.7477352556653661,0.5136511980447813,0.5136511978697468,0.5006993007363804,1951.9449302144849,0.5136511978697468,0.5006993007363804,0.9999419967350668,0.9995047442830957,0.0004372524519711263,,,,,,,
303,303,train,16,476,16,True,1,16,0.0625,0.9375,0.0,29.75,0.8550420168067226,64247.0,134.97268907563026,0.23882469599886724,0.3117597073863273,0.07293501138746006,0.2646795884319739,0.7735183260718903,0.5088387376399164,0.5088387376963366,0.4857842994930914,1950.6364930957902,0.5088387376963366,0.4857842994930914,0.9998257698794789,0.9993754638793002,0.0004503060001787018,,,,,,,
304,304,train,16,477,16,True,1,16,0.0625,0.9375,0.0,29.8125,0.8574423480083857,65193.0,136.67295597484278,0.24386798099541512,0.31368732864924015,0.06981934765382503,0.24560440951557574,0.7348019250959097,0.489197515580334,0.4891975156422527,0.4757431272000473,1938.445105722042,0.4891975156422527,0.4757431272000473,0.9999413664583112,0.9994649296448519,0.0004764368134593244,,,,,,,
305,305,train,16,480,16,True,0,16,0.0,1.0,0.0,30.0,0.8479166666666667,64897.0,135.20208333333332,0.2360338617314158,0.3045752386853861,0.0685413769539703,0.23983054192339623,0.7530344354320598,0.5132038935086636,0.513203893228599,0.49837049556952073,2021.4218781859504,0.513203893228599,0.49837049556952073,0.9999416576117561,0.9994922613745573,0.00044939623719886246,,,,,,,
306,306,train,16,460,16,True,2,16,0.125,0.875,0.0,28.75,0.8521739130434782,62686.0,136.27391304347827,0.2326646698211252,0.3033745999187425,0.07070993009761731,0.23331912442663877,0.7564291106224265,0.5231099861957877,0.523109986457625,0.51081355465125,2001.3036554292646,0.523109986457625,0.51081355465125,0.9999481613469552,0.9995330879654312,0.0004150733815240226,,,,,,,
307,307,train,16,429,16,True,3,16,0.1875,0.8125,0.0,26.8125,0.8135198135198135,57348.0,133.67832167832168,0.23187820793178887,0.3001830588918422,0.06830485096005334,0.2352918723454784,0.7704596849777543,0.5351678126322759,0.5351678131264238,0.5208638668061135,1866.9063145998125,0.5351678131264238,0.5208638668061135,0.9999454405952696,0.9994968243752305,0.00044861622003911084,,,,,,,
308,308,train,16,414,16,True,5,16,0.3125,0.6875,0.0,25.875,0.8478260869565217,54200.0,130.91787439613526,0.2296235975783864,0.2842747989227086,0.05465120134432222,0.22860721047301719,0.7664434925301078,0.5378362820570906,0.5378362820218994,0.5247179640579006,1777.4821032461382,0.5378362820218994,0.5247179640579006,0.9999520024854135,0.9996627473174828,0.00028925516793065764,,,,,,,
309,309,train,16,429,16,True,3,16,0.1875,0.8125,0.0,26.8125,0.8018648018648019,56856.0,132.53146853146853,0.23082626423074548,0.29292827273367994,0.06210200850293446,0.2335682332252816,0.7703246273923909,0.5367563941671093,0.5367563941035729,0.5141374049250194,1826.987268401055,0.5367563941035729,0.5141374049250194,0.9999421304620183,0.9996123090017935,0.0003298214602247551,,,,,,,
310,310,train,16,480,16,True,0,16,0.0,1.0,0.0,30.0,0.7666666666666667,63030.0,131.3125,0.23938797618078841,0.30613685720037165,0.06674888101958323,0.260043701874885,0.7966300394358352,0.5365863375609502,0.5365863375174746,0.5202797110870075,2049.5768868633822,0.5365863375174746,0.5202797110870075,0.9999405233772902,0.9995207634320614,0.00041975994522880367,,,,,,,
311,311,train,16,464,16,True,1,16,0.0625,0.9375,0.0,29.0,0.8556034482758621,64662.0,139.35775862068965,0.23316707886316101,0.28834098510047,0.055173906237309,0.23921598741403113,0.7536783281387958,0.5144623407247646,0.5144623410305066,0.5019110763076802,2028.4108760129511,0.5144623410305066,0.5019110763076802,0.9999416035997817,0.9995927799777136,0.00034882362206811734,,,,,,,
312,312,train,16,450,16,True,2,16,0.125,0.875,0.0,28.125,0.8222222222222222,57955.0,128.7888888888889,0.230881626270033,0.307400882777718,0.07651925650768499,0.23078602132807355,0.7501061412944582,0.5193201199663846,0.519320119673695,0.5085370778050197,1842.0166465118712,0.519320119673695,0.5085370778050197,0.9999496371104166,0.9995030329695034,0.00044660414091324263,,,,,,,
313,313,train,16,450,16,True,3,16,0.1875,0.8125,0.0,28.125,0.8555555555555555,56472.0,125.49333333333334,0.22786524734705352,0.2893967870144342,0.0615315396673807,0.2313898999091256,0.7489219220792334,0.5175320221701077,0.5175320224781752,0.5067527171442854,1788.5837151607554,0.5175320224781752,0.5067527171442854,0.9999411487416741,0.9995224081740552,0.00041874056761881384,,,,,,,
314,314,train,16,369,16,True,6,16,0.375,0.625,0.0,23.0625,0.8265582655826558,48101.0,130.3550135501355,0.21835850436795312,0.26368579774593426,0.04532729337798114,0.21883027240883693,0.769283258340351,0.5504529859315141,0.5504529860223307,0.5338691926042596,1604.977627091093,0.5504529860223307,0.5338691926042596,0.9999448853264139,0.9996460749951195,0.00029881033129441903,,,,,,,
315,315,train,16,465,16,True,1,16,0.0625,0.9375,0.0,29.0625,0.8021505376344086,62380.0,134.1505376344086,0.23465173597832076,0.308987868113611,0.07433613213529025,0.23935457587404,0.7531060960753139,0.5137515202012739,0.5137515202528713,0.5004524990003623,1951.1391804776613,0.5137515202528713,0.5004524990003623,0.9999437255798447,0.9994743920014673,0.00046933357837741774,,,,,,,
316,316,train,16,458,16,True,1,16,0.0625,0.9375,0.0,28.625,0.8908296943231441,60805.0,132.76200873362444,0.23880753458405182,0.31060100118185324,0.07179346659780142,0.24367609384440686,0.7282727384231985,0.48459664457879165,0.4845966446375055,0.4696321343954686,1784.7488707447787,0.4845966446375055,0.4696321343954686,0.9999465637312996,0.9994552825633328,0.0004912811679668172,,,,,,,
317,317,train,16,475,16,True,2,16,0.125,0.875,0.0,29.6875,0.8357894736842105,64263.0,135.29052631578946,0.23060514044566474,0.3039861191382704,0.07338097869260565,0.2333689738111023,0.7172807882194422,0.48391181440833986,0.48391181448226367,0.47417680037615406,1904.5014826608005,0.48391181448226367,0.47417680037615406,0.9999497734223918,0.9995490540282305,0.00040071939416130853,,,,,,,
318,318,train,16,455,16,True,2,16,0.125,0.875,0.0,28.4375,0.8549450549450549,60332.0,132.5978021978022,0.23798103581872332,0.30981824485100856,0.07183720903228524,0.2411970933772228,0.760624201661404,0.5194271082841811,0.5194271086263293,0.5032658610974364,1897.6897457331586,0.5194271086263293,0.5032658610974364,0.999939923062661,0.9994708605723559,0.0004690624903050944,,,,,,,
319,319,train,16,455,16,True,1,16,0.0625,0.9375,0.0,28.4375,0.8681318681318682,60207.0,132.3230769230769,0.23174707811980663,0.2978123980668968,0.06606531994709017,0.2349469883754516,0.7557842451177121,0.5208372567422606,0.520837256768168,0.512172276762899,1927.2722666914926,0.520837256768168,0.512172276762899,0.9999437704831393,0.9995482748483627,0.0003954956347765881,,,,,,,
320,320,train,16,476,16,True,1,16,0.0625,0.9375,0.0,29.75,0.8235294117647058,65278.0,137.1386554621849,0.23549949765343922,0.3037039225166794,0.06820442486324016,0.24043510728587406,0.7515442769606476,0.5111091696747736,0.5111091696628257,0.499514070261204,2037.9549674069299,0.5111091696628257,0.499514070261204,0.9999466149139987,0.999516904887923,0.0004297100260757247,,,,,,,
321,321,train,16,445,16,True,2,16,0.125,0.875,0.0,27.8125,0.8606741573033708,60930.0,136.92134831460675,0.23760237677360538,0.2993661187335071,0.061763741959901725,0.2388336168173699,0.7285060609054608,0.48967244408809085,0.489672444434053,0.4749156554726383,1808.5381804967408,0.489672444434053,0.4749156554726383,0.9999445831868855,0.9995339802379632,0.00041060294892225624,,,,,,,
322,322,train,16,401,16,True,4,16,0.25,0.75,0.0,25.0625,0.8354114713216958,52277.0,130.36658354114712,0.23289169123940237,0.2936455645185644,0.06075387327916201,0.23376956567520207,0.7648164630605183,0.5310468973853162,0.5310468976646272,0.5163876341018863,1687.1997717465204,0.5310468976646272,0.5163876341018863,0.9999331157325427,0.999563145647555,0.0003699700849877363,,,,,,,
323,323,train,16,454,16,True,1,16,0.0625,0.9375,0.0,28.375,0.8149779735682819,60525.0,133.3149779735683,0.24008712580418173,0.3195855564034508,0.07949843059926909,0.24370304022338612,0.7390295599974485,0.49532651977406233,0.49532651948622375,0.48233568078521544,1824.5854424703202,0.49532651948622375,0.48233568078521544,0.9999492189493713,0.9994537945338616,0.0004954244155096488,,,,,,,
324,324,train,16,439,16,True,3,16,0.1875,0.8125,0.0,27.4375,0.8382687927107062,58503.0,133.2642369020501,0.23148957075962362,0.28943675632443394,0.05794718556481032,0.23128447938595934,0.739996906342196,0.5087124269562366,0.5087124269838724,0.4942964271360244,1807.3639922961759,0.5087124269838724,0.4942964271360244,0.9999487184453651,0.999559564313668,0.00038915413169715585,,,,,,,
325,325,train,16,474,16,True,2,16,0.125,0.875,0.0,29.625,0.8755274261603375,61172.0,129.0548523206751,0.22753804004035436,0.2919471354537178,0.06440909541336345,0.23059376617778074,0.7349314426820268,0.5043376765042461,0.5043376766105189,0.49515963488765286,1893.1190740842208,0.5043376766105189,0.49515963488765286,0.9999475998367361,0.9996056826033252,0.0003419172334109266,,,,,,,
326,326,train,16,458,16,True,2,16,0.125,0.875,0.0,28.625,0.8777292576419214,61401.0,134.06331877729258,0.22935387192959208,0.2863866775507397,0.057032805621147625,0.231232395058428,0.754226421650127,0.522994026591699,0.5229940267701262,0.5080090486494724,1949.5164747578904,0.5229940267701262,0.5080090486494724,0.9999472191292093,0.999583241096496,0.00036397803271326357,,,,,,,
327,327,train,16,391,16,True,5,16,0.3125,0.6875,0.0,24.4375,0.8644501278772379,50524.0,129.2173913043478,0.22874409950220012,0.2873862963061686,0.058642196803968455,0.22781959076725844,0.7504691721218705,0.522649581354612,0.522649581425133,0.512791033996122,1619.2658876012556,0.522649581425133,0.512791033996122,0.9999501166121822,0.9995520415297195,0.00039807508246270107,,,,,,,
328,328,train,16,469,16,True,1,16,0.0625,0.9375,0.0,29.3125,0.8208955223880597,63140.0,134.62686567164178,0.23073703271308102,0.2931218491349308,0.06238481642184976,0.23310283247866964,0.7390596806309838,0.5059568481523142,0.5059568481263539,0.490851630263163,1937.0232459260055,0.5059568481263539,0.490851630263163,0.9999462504956376,0.9995490465058096,0.00039720398982801,,,,,,,
329,329,train,16,431,16,True,2,16,0.125,0.875,0.0,26.9375,0.8236658932714617,55715.0,129.2691415313225,0.23973142991983945,0.3039008767071801,0.06416944678734063,0.23890376615778558,0.7510844312807472,0.5121806651229617,0.5121806653017087,0.5006230085865355,1743.2631827124271,0.5121806653017087,0.5006230085865355,0.9999420543202776,0.9995209636438112,0.00042109067646645126,,,,,,,
330,330,train,16,405,16,True,3,16,0.1875,0.8125,0.0,25.3125,0.8345679012345679,55370.0,136.71604938271605,0.2244392572198499,0.287322761527527,0.06288350430767711,0.22667416541520774,0.739748401886722,0.5130742364715142,0.5130742366702145,0.503519165506322,1742.4910121303158,0.5130742366702145,0.503519165506322,0.9999480998512114,0.9996063629832597,0.0003417368679516919,,,,,,,
331,331,train,16,458,16,True,2,16,0.125,0.875,0.0,28.625,0.8537117903930131,63452.0,138.5414847161572,0.23229324875137664,0.27434362418224495,0.042050375430868314,0.23648559551205928,0.7702538260875269,0.5337682305754676,0.5337682305326685,0.5156275039785302,2044.8497739028564,0.5337682305326685,0.5156275039785302,0.9999432929530316,0.9996517266608371,0.0002915662921945117,,,,,,,
332,332,train,16,435,16,True,3,16,0.1875,0.8125,0.0,27.1875,0.8160919540229885,56455.0,129.7816091954023,0.2273104827279158,0.28602867921645647,0.05871819648854068,0.231186730780106,0.7637038348982182,0.5325171041181123,0.5325171042990724,0.5103302334978633,1800.6683332576176,0.5325171042990724,0.5103302334978633,0.9999447951566682,0.9995336796805804,0.00041111547608785326,,,,,,,
333,333,train,16,425,16,True,3,16,0.1875,0.8125,0.0,26.5625,0.851764705882353,56258.0,132.37176470588236,0.23461913954127875,0.2943592849193638,0.05974014537808506,0.25687377442740755,0.783388377770363,0.5265146033429554,0.5265146035653209,0.5081481262803873,1786.7123305176285,0.5265146035653209,0.5081481262803873,0.999939256037696,0.9995717899173503,0.00036746612034566084,,,,,,,
334,334,train,16,439,16,True,3,16,0.1875,0.8125,0.0,27.4375,0.835990888382688,61119.0,139.2232346241458,0.23034802594914341,0.28687264251081784,0.05652461656167443,0.2309549162038817,0.7418571738071584,0.5109022576032767,0.5109022576160908,0.4983652665132907,1903.7241702516153,0.5109022576160908,0.4983652665132907,0.9999458449450561,0.9996115919766541,0.0003342529684020601,,,,,,,
335,335,train,16,449,16,True,3,16,0.1875,0.8125,0.0,28.0625,0.8084632516703786,64718.0,144.1380846325167,0.23521538183922933,0.2953387847658871,0.06012340292665777,0.23657890983690738,0.7480050114977734,0.5114261016608661,0.5114261014992201,0.49606253486905316,2006.5109457284614,0.5114261014992201,0.49606253486905316,0.9999443714108007,0.9995444937070067,0.000399877703794016,,,,,,,
336,336,train,16,369,16,True,5,16,0.3125,0.6875,0.0,23.0625,0.8455284552845529,47541.0,128.83739837398375,0.2238945091063932,0.2856060310913614,0.06171152198496821,0.2258250268754567,0.7538808354022355,0.5280558085267788,0.5280558087957306,0.5113777036190074,1519.4629629844512,0.5280558087957306,0.5113777036190074,0.9999470690822744,0.9995442637587605,0.0004028053235138884,,,,,,,
337,337,train,16,459,16,True,2,16,0.125,0.875,0.0,28.6875,0.8583877995642701,65386.0,142.45315904139434,0.23779761892101578,0.29948293767257955,0.06168531875156377,0.23289072797774074,0.7489816917492944,0.5160909637715536,0.5160909637431755,0.49695612753313595,2030.8733346801016,0.5160909637431755,0.49695612753313595,0.9999365056625363,0.9995365370452232,0.00039996861731317335,,,,,,,
338,338,train,16,453,16,True,2,16,0.125,0.875,0.0,28.3125,0.82560706401766,63133.0,139.3664459161148,0.22836432648929553,0.2831852313899832,0.05482090490068767,0.23035762963057546,0.7497596426991572,0.5194020130685817,0.5194020130293402,0.502430590844189,1982.496905735387,0.5194020130293402,0.502430590844189,0.9999480540591438,0.9995732897168378,0.00037476434230598876,,,,,,,
339,339,train,16,469,16,True,1,16,0.0625,0.9375,0.0,29.3125,0.8742004264392325,65431.0,139.51172707889125,0.23260874974145654,0.30233495007027983,0.06972620032882329,0.2373166297774375,0.7055147019438722,0.4681980721664347,0.46819807241342587,0.456883235743712,1868.395437371676,0.46819807241342587,0.456883235743712,0.9999505760841626,0.9994869341682502,0.0004636419159124161,,,,,,,
340,340,train,16,410,16,True,3,16,0.1875,0.8125,0.0,25.625,0.8439024390243902,56592.0,138.02926829268293,0.2272493099773237,0.2912484003867859,0.0639990904094622,0.2335096144800488,0.7250335080487633,0.4915238935687145,0.49152389380699574,0.4808626317348829,1700.8111284462807,0.49152389380699574,0.4808626317348829,0.9999488361667555,0.9995550368399984,0.00039379932675709384,,,,,,,
341,341,train,16,430,16,True,3,16,0.1875,0.8125,0.0,26.875,0.827906976744186,56402.0,131.16744186046512,0.23615878553318875,0.30705370407078675,0.070894918537598,0.25918289907352887,0.7639130746843367,0.5047301756108078,0.504730175860277,0.4937373023857624,1740.4857080726108,0.504730175860277,0.4937373023857624,0.9999407577585777,0.999485575603136,0.0004551821554417135,,,,,,,
342,342,train,16,456,16,True,1,16,0.0625,0.9375,0.0,28.5,0.8508771929824561,61268.0,134.359649122807,0.2263939707226346,0.2946535521588528,0.06825958143621821,0.22707799235822038,0.7331121839479066,0.5060341915896862,0.5060341914695488,0.4918978462634164,1883.5998278041868,0.5060341914695488,0.4918978462634164,0.9999543481537402,0.9996046393814314,0.0003497087723087766,,,,,,,
343,343,train,16,443,16,True,2,16,0.125,0.875,0.0,27.6875,0.8058690744920993,60201.0,135.89390519187359,0.22808700395656747,0.28699879619895013,0.05891179224238266,0.2319524471993955,0.7628464524023046,0.5308940052029092,0.5308940048876336,0.5159429565307558,1941.2676203817532,0.5308940048876336,0.5159429565307558,0.9999427266028639,0.9995537243522727,0.0003890022505911306,,,,,,,
344,344,train,16,394,16,True,4,16,0.25,0.75,0.0,24.625,0.8578680203045685,49735.0,126.23096446700508,0.22697664252433797,0.29795041204193945,0.07097376951760148,0.2539053040803171,0.7723925153705757,0.5184872112902587,0.518487211576143,0.505988290206941,1572.8329758401396,0.518487211576143,0.505988290206941,0.9999261331505656,0.9994321964064686,0.0004939367440969233,,,,,,,
345,345,train,16,452,16,True,3,16,0.1875,0.8125,0.0,28.25,0.8628318584070797,59863.0,132.44026548672565,0.2277596108484079,0.2815310622646748,0.05377145141626688,0.23230711276044672,0.752294734954002,0.5199876221935553,0.5199876225184652,0.5062311784957454,1894.0323148931768,0.5199876225184652,0.5062311784957454,0.9999429326189478,0.9996081237679626,0.0003348088509852465,,,,,,,
346,346,train,16,414,16,True,3,16,0.1875,0.8125,0.0,25.875,0.8381642512077294,53612.0,129.4975845410628,0.22725081601744612,0.2917795905698713,0.06452877455242517,0.23120234902014428,0.7369282640144992,0.5057259149943549,0.5057259148938171,0.4947613012997822,1657.8214303302448,0.5057259148938171,0.4947613012997822,0.9999509725503194,0.9995709883048903,0.00037998424542906584,,,,,,,
347,347,train,16,443,16,True,3,16,0.1875,0.8125,0.0,27.6875,0.8510158013544018,58097.0,131.14446952595938,0.22221397803841123,0.2829628599166004,0.06074888187818919,0.22620218529170652,0.7392996859915717,0.5130975006998651,0.5130975009468118,0.5068665371770034,1840.4640756482731,0.5130975009468118,0.5068665371770034,0.9999477757796945,0.9995922059133795,0.00035556986631501974,,,,,,,
348,348,train,16,477,16,True,1,16,0.0625,0.9375,0.0,29.8125,0.8280922431865828,61486.0,128.9014675052411,0.23049122185949006,0.3005095299725338,0.07001830811304371,0.24807212264363449,0.7603835090000927,0.5123113863564581,0.5123113866914079,0.5035314274549703,1935.008334281019,0.5123113866914079,0.5035314274549703,0.9999528884283609,0.9995499505926675,0.000402937835693451,,,,,,,
349,349,train,16,380,16,True,6,16,0.375,0.625,0.0,23.75,0.8605263157894737,48512.0,127.66315789473684,0.22490543647775546,0.2729918246250672,0.048086388147311754,0.22689115593548434,0.7576570331905736,0.5307658772550893,0.5307658765080803,0.5159492763223261,1564.3582058092943,0.5307658765080803,0.5159492763223261,0.9999509156103881,0.9996357509099919,0.0003151647003961644,,,,,,,
350,350,train,16,434,16,True,2,16,0.125,0.875,0.0,27.125,0.8548387096774194,58869.0,135.64285714285714,0.2351627604964471,0.29805152727362794,0.06288876677718083,0.239590803055875,0.7376284550019269,0.4980376519460519,0.49803765202499706,0.48328973497253375,1778.173963006131,0.49803765202499706,0.48328973497253375,0.9999450333347775,0.9995367059979656,0.0004083273368118423,,,,,,,
351,351,train,16,459,16,True,1,16,0.0625,0.9375,0.0,28.6875,0.8562091503267973,61047.0,133.0,0.22181406345058724,0.2879085071831941,0.06609444373260687,0.22595142973163415,0.7242647792051826,0.49831334947354844,0.4983133499406324,0.48628464135586696,1855.3886563032243,0.4983133499406324,0.48628464135586696,0.9999527158727438,0.9995758736755664,0.0003768421971773739,,,,,,,
352,352,train,16,445,16,True,2,16,0.125,0.875,0.0,27.8125,0.8179775280898877,60368.0,135.65842696629213,0.23622129179729293,0.29773866428463264,0.06151737248733971,0.23871514692587284,0.7693372248430542,0.5306220779171814,0.5306220781324178,0.5115395831097801,1930.0388470732007,0.5306220781324178,0.5115395831097801,0.9999407472738477,0.9995327116393945,0.000408035634453241,,,,,,,
353,353,train,16,457,16,True,1,16,0.0625,0.9375,0.0,28.5625,0.8643326039387309,59368.0,129.90809628008753,0.231260534470348,0.29858805784349324,0.06732752337314524,0.23732216121103555,0.7472461749672886,0.5099240137562531,0.5099240139445123,0.49790892855150987,1847.491079390378,0.5099240139445123,0.49790892855150987,0.9999531801774968,0.9995847685367395,0.0003684116407572935,,,,,,,
354,354,train,16,459,16,True,1,16,0.0625,0.9375,0.0,28.6875,0.8235294117647058,62491.0,136.1459694989107,0.2272262266493057,0.2815212221428643,0.054294995493558595,0.24903415837887707,0.7668403274257156,0.5178061690468385,0.517806169243572,0.5043538161552864,1969.8483953349978,0.517806169243572,0.5043538161552864,0.9999475369099655,0.9996313019065899,0.00031623500337563115,,,,,,,
355,355,train,16,479,16,True,1,16,0.0625,0.9375,0.0,29.9375,0.8914405010438413,64727.0,135.12943632567848,0.23111324674346198,0.30110081914945297,0.06998757240599099,0.23336704237905792,0.762648518420567,0.5292814760415091,0.5292814760737414,0.5133163772581637,2076.5893219243235,0.5292814760737414,0.5133163772581637,0.9999482341039001,0.9995542346484471,0.0003939994554530424,,,,,,,
356,356,train,16,413,16,True,4,16,0.25,0.75,0.0,25.8125,0.8716707021791767,52713.0,127.63438256658596,0.228589727342641,0.28095134816728207,0.052361620824641075,0.24583407910962782,0.7602508776970606,0.5144167985874327,0.5144167987005585,0.49679075351445545,1636.7081868754685,0.5144167987005585,0.49679075351445545,0.9999471224546754,0.9996055220851908,0.00034160036948460704,,,,,,,
357,357,train,16,449,16,True,2,16,0.125,0.875,0.0,28.0625,0.8396436525612472,60895.0,135.62360801781736,0.22960764269002862,0.2741762181099891,0.04456857541996048,0.23006796157514614,0.7704661604109562,0.54039819883581,0.5403981985969516,0.5252626685134649,1999.1168874454677,0.5403981985969516,0.5252626685134649,0.9999389573561159,0.9996280594584013,0.00031089789771465703,,,,,,,
358,358,train,16,480,16,True,0,16,0.0,1.0,0.0,30.0,0.8645833333333334,62966.0,131.17916666666667,0.23565852106984223,0.29901912692724314,0.06336060585740091,0.23641593912532047,0.7200524941470674,0.48363655502174696,0.48363655489595325,0.47315340280784096,1862.0360725749085,0.48363655489595325,0.47315340280784096,0.9999472397108864,0.9995161505289515,0.0004310891819349072,,,,,,,
359,359,train,16,455,16,True,2,16,0.125,0.875,0.0,28.4375,0.832967032967033,61123.0,134.33626373626373,0.2321126044765714,0.28683279742777285,0.05472019295120145,0.23519676775415785,0.7545241871046657,0.5193274193505079,0.5193274191574295,0.5095470637544105,1946.5653236163025,0.5193274191574295,0.5095470637544105,0.9999435122976198,0.9995500114733221,0.00039350082429767674,,,,,,,
360,360,train,16,426,16,True,3,16,0.1875,0.8125,0.0,26.625,0.8215962441314554,57626.0,135.27230046948358,0.23322396889340233,0.2971908265705524,0.06396685767715007,0.2373784225072006,0.778446988297224,0.5410685657900234,0.541068565750516,0.5329396317028672,1919.4487010318383,0.541068565750516,0.5329396317028672,0.9999445318533349,0.9995250749605894,0.0004194568927454734,,,,,,,
361,361,train,16,443,16,True,2,16,0.125,0.875,0.0,27.6875,0.7990970654627539,59756.0,134.88939051918737,0.23158803723068028,0.3011695323153277,0.06958149508464745,0.23471544029758193,0.7335116867784132,0.4987962464808312,0.49879624670796213,0.4871995126111248,1819.5683797243992,0.49879624670796213,0.4871995126111248,0.9999485299242334,0.9995038763085143,0.0004446536157191039,,,,,,,
362,362,train,16,441,16,True,2,16,0.125,0.875,0.0,27.5625,0.81859410430839,58583.0,132.84126984126985,0.23031163089015214,0.2857782540831347,0.05546662319298254,0.22816809198024446,0.7374703123823173,0.5093022204020728,0.5093022204827025,0.4937212432564833,1807.7294746059106,0.5093022204827025,0.4937212432564833,0.9999492044701204,0.9995870476508034,0.00036215681931695,,,,,,,
363,363,train,16,395,16,True,5,16,0.3125,0.6875,0.0,24.6875,0.8177215189873418,51107.0,129.38481012658227,0.22511845204486322,0.2756794842262905,0.050561032181427296,0.2259896064431499,0.7579624468286122,0.5319728403854623,0.5319728403394909,0.5161517874221413,1648.6855874864611,0.5319728403394909,0.5161517874221413,0.9999407726934594,0.9996590995503887,0.00028167314307070423,,,,,,,
364,364,train,16,480,16,True,0,16,0.0,1.0,0.0,30.0,0.8583333333333333,65885.0,137.26041666666666,0.22571190754104228,0.2873447718958111,0.06163286435476881,0.22608570717124554,0.7225727701227533,0.4964870629515078,0.49648706307594925,0.48561677220437793,1999.6788147928398,0.49648706307594925,0.48561677220437793,0.9999555142569676,0.9995766403556113,0.0003788739013562692,,,,,,,
365,365,train,16,468,16,True,1,16,0.0625,0.9375,0.0,29.25,0.8376068376068376,60794.0,129.9017094017094,0.23997335381952126,0.3091467118989465,0.06917335807942523,0.2439974256163889,0.7564575898881847,0.5124601642717957,0.5124601640511807,0.499991826444372,1899.7814435536966,0.5124601640511807,0.499991826444372,0.999944325340587,0.9994513851663697,0.0004929401742173045,,,,,,,
366,366,train,16,451,16,True,2,16,0.125,0.875,0.0,28.1875,0.8159645232815964,58291.0,129.24833702882484,0.23410933040504298,0.3134345458569203,0.07932521545187735,0.23783042798837795,0.7443826352923303,0.5065522073039523,0.5065522071364006,0.49392795023658737,1799.472134202557,0.5065522071364006,0.49392795023658737,0.9999488313622438,0.9994636583955006,0.0004851729667432192,,,,,,,
367,367,train,16,459,16,True,1,16,0.0625,0.9375,0.0,28.6875,0.8562091503267973,62191.0,135.49237472766885,0.23156868271779593,0.2963729939271327,0.06480431120933675,0.2308647577882699,0.7190793982530251,0.48821464046475527,0.48821464073597876,0.4686956022749514,1821.7905125675964,0.48821464073597876,0.4686956022749514,0.9999493571048009,0.9995118807282187,0.00043747637658220206,,,,,,,
368,368,train,16,394,16,True,5,16,0.3125,0.6875,0.0,24.625,0.8248730964467005,52560.0,133.4010152284264,0.22624554295647703,0.27439322557892637,0.04814768262244934,0.2306615949947841,0.7680052808588779,0.5373436858640938,0.5373436860016149,0.5219059665328153,1714.4611000602988,0.5373436860016149,0.5219059665328153,0.9999492811957158,0.9996429077795341,0.00030637341618167113,,,,,,,
369,369,train,16,480,16,True,0,16,0.0,1.0,0.0,30.0,0.8229166666666666,65507.0,136.47291666666666,0.22903049351371968,0.28654768968115396,0.05751719616743428,0.2333372519482784,0.7363881512819435,0.5030508993336651,0.5030508993624621,0.49422959869303174,2023.468645099026,0.5030508993624621,0.49422959869303174,0.9999488901693138,0.9995877213338366,0.00036116883547721024,,,,,,,
370,370,train,16,451,16,True,2,16,0.125,0.875,0.0,28.1875,0.844789356984479,60855.0,134.93348115299335,0.23068918298883814,0.2958951430770128,0.06520596008817467,0.23336603076862514,0.7349983628534339,0.5016323320848087,0.5016323320447225,0.4913661526171745,1868.8804510948846,0.5016323320447225,0.4913661526171745,0.9999416898182879,0.9995623252619262,0.0003793645563616721,,,,,,,
371,371,train,16,467,16,True,2,16,0.125,0.875,0.0,29.1875,0.8865096359743041,63562.0,136.10706638115633,0.22740488606673942,0.27938774430058144,0.05198285823384202,0.2296547078145009,0.7585195017466805,0.5288647939321796,0.5288647943773195,0.5203323579834696,2067.0853336340806,0.5288647943773195,0.5203323579834696,0.9999452296539145,0.9996345374196641,0.00031069223425039816,,,,,,,
372,372,train,16,428,16,True,3,16,0.1875,0.8125,0.0,26.75,0.8691588785046729,57112.0,133.4392523364486,0.2317855641354519,0.29205975329706857,0.06027418916161667,0.23271548383250917,0.7532863550255053,0.5205708711929962,0.5205708715112184,0.5126100998749155,1829.7617515035122,0.5205708715112184,0.5126100998749155,0.9999355046861347,0.9995182800216412,0.0004172246644934541,,,,,,,
373,373,train,16,471,16,True,2,16,0.125,0.875,0.0,29.4375,0.8683651804670913,63339.0,134.47770700636943,0.2314165028680778,0.2820936682116144,0.05067716534353661,0.2330756118981888,0.7428684011460249,0.5097927892478361,0.5097927894754449,0.4959224809422172,1963.2021262749438,0.5097927894754449,0.4959224809422172,0.999951555714766,0.9996397271447749,0.00031182856999112385,,,,,,,
374,374,train,16,425,16,True,4,16,0.25,0.75,0.0,26.5625,0.8611764705882353,57225.0,134.64705882352942,0.23895978534399692,0.29250621492985296,0.05354642958585604,0.24203022923357873,0.7670130592107672,0.5249828299771885,0.5249828299502333,0.5135106701931128,1836.603006362554,0.5249828299502333,0.5135106701931128,0.9999158334049442,0.9994742914146234,0.0004415419903207596,,,,,,,
375,375,train,16,446,16,True,2,16,0.125,0.875,0.0,27.875,0.8408071748878924,58296.0,130.7085201793722,0.22844802331747321,0.28913513809160324,0.060687114774130024,0.2303531226115656,0.7283570011971615,0.4980038785855959,0.4980038787539013,0.4881965310335087,1778.7440608205895,0.4980038787539013,0.4881965310335087,0.9999392625951167,0.9994963917907522,0.00044287080436444803,,,,,,,
376,376,train,16,472,16,True,1,16,0.0625,0.9375,0.0,29.5,0.864406779661017,63032.0,133.54237288135593,0.241853604138129,0.31305156441034837,0.07119796027221936,0.24424360694365646,0.7258720735787069,0.48162846663505043,0.48162846658474,0.4702310628731265,1852.4752721886814,0.48162846658474,0.4702310628731265,0.9999421079680864,0.9994567898267976,0.0004853181412887153,,,,,,,
377,377,train,16,458,16,True,2,16,0.125,0.875,0.0,28.625,0.8558951965065502,64199.0,140.17248908296943,0.2338453242031935,0.29107081543174396,0.057225491228550446,0.23200408197115485,0.7577416089071961,0.5257375269360413,0.525737527138804,0.5182743962498808,2079.5436228028807,0.525737527138804,0.5182743962498808,0.9999468494390062,0.9996285984351849,0.00031825100382132376,,,,,,,
378,378,train,16,459,16,True,1,16,0.0625,0.9375,0.0,28.6875,0.840958605664488,62969.0,137.18736383442265,0.22948251833986993,0.29846633400614436,0.06898381566627443,0.2348623622460089,0.7303440730579494,0.4954817108119405,0.49548171074708613,0.4889266466690213,1924.201375881352,0.49548171074708613,0.4889266466690213,0.9999520181741988,0.9995352682668319,0.00041674990736684236,,,,,,,
379,379,train,16,369,16,True,6,16,0.375,0.625,0.0,23.0625,0.8265582655826558,49259.0,133.49322493224932,0.21985188744530046,0.2621713575044352,0.04231947005913475,0.2239449348195935,0.7650936451923384,0.5411487103727448,0.5411487103614735,0.5293530667347653,1629.7126696429877,0.5411487103614735,0.5293530667347653,0.9999487070686173,0.9996923284741691,0.0002563785944481589,,,,,,,
380,380,train,16,460,16,True,1,16,0.0625,0.9375,0.0,28.75,0.9021739130434783,62026.0,134.83913043478262,0.2240062259202979,0.2994144412743799,0.07540821535408199,0.22696692077143144,0.7109955421547534,0.4840286213833219,0.48402862160940463,0.4773306113050202,1850.4317810503233,0.48402862160940463,0.4773306113050202,0.9999530640743864,0.9995149141998824,0.00043814987450407905,,,,,,,
381,381,train,16,476,16,True,1,16,0.0625,0.9375,0.0,29.75,0.8067226890756303,63162.0,132.69327731092437,0.2340999761531753,0.3003163897512612,0.06621641359808589,0.23780530385732268,0.7305639234219368,0.4927586195646141,0.4927586195243455,0.48051184448478323,1896.8805700842443,0.4927586195243455,0.48051184448478323,0.9999443996849348,0.9994860098848602,0.00045838980007451013,,,,,,,
382,382,train,16,441,16,True,2,16,0.125,0.875,0.0,27.5625,0.873015873015873,61335.0,139.08163265306123,0.22366484932793748,0.2881848536370578,0.06452000430912033,0.2287239105014828,0.7320091042427037,0.5032851937412209,0.5032851938548735,0.48944684533468447,1876.2638911626789,0.5032851938548735,0.48944684533468447,0.9997097312611011,0.9993368228388129,0.00037290842228820953,,,,,,,
383,383,train,16,456,16,True,2,16,0.125,0.875,0.0,28.5,0.831140350877193,58780.0,128.90350877192984,0.22659292995559172,0.2803455465640957,0.053752616608504,0.2270007277739905,0.7511833565767682,0.5241826288027777,0.524182629056418,0.5128641591289966,1884.134704600152,0.524182629056418,0.5128641591289966,0.9999496025739297,0.9996321564866953,0.0003174460872343854,,,,,,,
384,384,train,16,414,16,True,3,16,0.1875,0.8125,0.0,25.875,0.8260869565217391,54926.0,132.67149758454107,0.23730613933578346,0.3076283630510783,0.07032222371529487,0.23809635073365262,0.7550060042858698,0.5169096535522172,0.516909653872284,0.5054776069498014,1735.241439957799,0.516909653872284,0.5054776069498014,0.9999412671388055,0.9994807940305138,0.0004604731082916702,,,,,,,
385,385,train,16,480,16,True,0,16,0.0,1.0,0.0,30.0,0.8666666666666667,66292.0,138.10833333333332,0.22939810459863605,0.3027052227108525,0.07330711811221644,0.23444028199531156,0.712523106282426,0.47808282428711446,0.4780828245012911,0.4711390783179588,1952.0469862408831,0.4780828245012911,0.4711390783179588,0.9999450894947467,0.9994471183356561,0.00049797115909056,,,,,,,
386,386,train,16,411,16,True,3,16,0.1875,0.8125,0.0,25.6875,0.8759124087591241,54699.0,133.08759124087592,0.2358673381525821,0.30336853924573637,0.06750120109315427,0.23461162766543828,0.7358921067066476,0.5012804790412093,0.5012804788486235,0.4878527481755783,1667.816092028499,0.5012804788486235,0.4878527481755783,0.9999419746696745,0.9994892536667339,0.0004527210029405815,,,,,,,
387,387,train,16,453,16,True,2,16,0.125,0.875,0.0,28.3125,0.8565121412803532,60713.0,134.0242825607064,0.2380398257906464,0.2969599751332745,0.0589201493426281,0.24283717975283467,0.7347957875119646,0.4919586077591299,0.49195860782368067,0.47493495698411625,1802.1703777110413,0.49195860782368067,0.47493495698411625,0.9999421825842449,0.999507608038655,0.0004345745455899275,,,,,,,
388,388,train,16,454,16,True,1,16,0.0625,0.9375,0.0,28.375,0.8612334801762115,59893.0,131.9229074889868,0.23192804146807275,0.288132325630913,0.05620428416284026,0.23343013445073751,0.7455005695067083,0.5120704350559708,0.5120704351843638,0.5011695784201524,1876.0343475198856,0.5120704351843638,0.5011695784201524,0.9999429507355324,0.9995701549610401,0.00037279577449234047,,,,,,,
389,389,train,16,458,16,True,1,16,0.0625,0.9375,0.0,28.625,0.8646288209606987,60162.0,131.35807860262008,0.24091698471907683,0.3158669264758923,0.07494994175681549,0.24042464350416456,0.7411108448157618,0.5006862013115972,0.5006862010162517,0.4898530731220771,1841.908786573151,0.5006862010162517,0.4898530731220771,0.9999392896052116,0.9993906806819005,0.0005486089233111002,,,,,,,
390,390,train,16,459,16,True,2,16,0.125,0.875,0.0,28.6875,0.8344226579520697,64749.0,141.0653594771242,0.22300335743820626,0.2791387055617027,0.056135348123496465,0.22468408910351556,0.7362678959848392,0.5115838068813237,0.5115838067806033,0.5021012286857272,2031.9095285107592,0.5115838067806033,0.5021012286857272,0.9999468558166585,0.9995711625218284,0.00037569329483011504,,,,,,,
391,391,train,16,404,16,True,5,16,0.3125,0.6875,0.0,25.25,0.8910891089108911,52445.0,129.81435643564356,0.22911398210883338,0.2931059589645292,0.0639919768556958,0.23517771702629617,0.7452988935026507,0.5101211764763545,0.5101211763612288,0.49913917462367946,1636.08462582118,0.5101211763612288,0.49913917462367946,0.9999541955979037,0.9995651559036646,0.00038903969423909057,,,,,,,
392,392,train,16,459,16,True,2,16,0.125,0.875,0.0,28.6875,0.840958605664488,59030.0,128.60566448801742,0.2311705443841014,0.29633052751855854,0.06515998313445714,0.2374643219719998,0.7508625813344552,0.5133982593624553,0.5133982594171556,0.4957847075277409,1829.1357053351603,0.5133982594171556,0.4957847075277409,0.9999484530368362,0.9995131299249534,0.0004353231118827683,,,,,,,
393,393,train,16,457,16,True,2,16,0.125,0.875,0.0,28.5625,0.8336980306345733,63770.0,139.54048140043764,0.22226325940770814,0.27932993695564257,0.05706667754793443,0.2264025643933988,0.7341343418501284,0.5077317774567296,0.507731777440267,0.49301630930506013,1964.9781277739812,0.507731777440267,0.49301630930506013,0.999928105636829,0.9996397693473527,0.00028833628947633194,,,,,,,
394,394,train,16,454,16,True,1,16,0.0625,0.9375,0.0,28.375,0.8370044052863436,57870.0,127.4669603524229,0.22720693086293037,0.290033390095268,0.06282645923233765,0.23254482170815485,0.7411838706679917,0.5086390489598369,0.5086390490829968,0.501406373376618,1813.524176706556,0.5086390490829968,0.501406373376618,0.9999516259549199,0.9995722246045612,0.00037940135035874345,,,,,,,
395,395,train,16,460,16,True,2,16,0.125,0.875,0.0,28.75,0.8760869565217392,65315.0,141.9891304347826,0.23310876541613834,0.2913888363120272,0.05828007089588888,0.23656458670863423,0.731066955164944,0.4945023684563098,0.4945023685841922,0.48291315625331704,1971.3420500428383,0.4945023685841922,0.48291315625331704,0.9999506461813534,0.9995972740387578,0.00035337214259567595,,,,,,,
396,396,train,16,460,16,True,1,16,0.0625,0.9375,0.0,28.75,0.7956521739130434,62558.0,135.99565217391304,0.2319322053741014,0.292025996890897,0.060093791516795586,0.2365439022900736,0.7473162682178863,0.5107723659278127,0.5107723659453122,0.49707722409784694,1943.5098115695719,0.5107723659453122,0.49707722409784694,0.9999453518929479,0.9995497572956382,0.0003955945973096453,,,,,,,
397,397,train,16,449,16,True,2,16,0.125,0.875,0.0,28.0625,0.8329621380846325,61243.0,136.39866369710467,0.22815345137531004,0.2911586063694668,0.06300515499415674,0.2311286029741281,0.7351443584757441,0.504015755501616,0.5040157557773953,0.48657375024812854,1862.452261652885,0.5040157557773953,0.48657375024812854,0.9999487164861165,0.999571701525134,0.00037701496098252463,,,,,,,
398,398,train,16,474,16,True,2,16,0.125,0.875,0.0,29.625,0.8481012658227848,64300.0,135.65400843881858,0.2259738849071224,0.2823260943881773,0.056352209481054905,0.22979172557038519,0.728644862313693,0.4988531367433078,0.49885313688907273,0.49081945476982675,1972.4806838562408,0.49885313688907273,0.49081945476982675,0.9999487676411134,0.9995422004132966,0.0004065672278168453,,,,,,,
399,399,train,16,480,16,True,0,16,0.0,1.0,0.0,30.0,0.8416666666666667,63067.0,131.38958333333332,0.2415813202849362,0.3153623375368893,0.0737810172519531,0.2416752263671303,0.7293849030204861,0.4877096766533558,0.48770967681394944,0.47955007111556597,1890.2365209403374,0.48770967681394944,0.47955007111556597,0.999944352179396,0.9994380996938008,0.0005062524855952155,,,,,,,
400,400,train,16,413,16,True,4,16,0.25,0.75,0.0,25.8125,0.8256658595641646,55520.0,134.43099273607749,0.2251489500017843,0.2860694834335423,0.06092053343175802,0.22752435259781326,0.7336941974272478,0.5061698448294346,0.5061698448249774,0.49059822734432623,1702.3758488848107,0.5061698448249774,0.49059822734432623,0.9999495773301932,0.999533165671491,0.0004164116587022093,,,,,,,
401,401,train,16,469,16,True,1,16,0.0625,0.9375,0.0,29.3125,0.8742004264392325,60698.0,129.42004264392324,0.23902024957038706,0.30295930672017685,0.06393905714978979,0.2355682723973455,0.75236290527401,0.5167946328766644,0.5167946332263029,0.5057151126348136,1918.4934941692447,0.5167946332263029,0.5057151126348136,0.999946595087503,0.9995131343680834,0.0004334607194196316,,,,,,,
402,402,train,16,433,16,True,2,16,0.125,0.875,0.0,27.0625,0.836027713625866,59824.0,138.16166281755196,0.23350845408073645,0.3039556597600292,0.07044720567929275,0.233462245065542,0.7439669222975976,0.5105046772320556,0.5105046772484975,0.49487864812400606,1850.3512653356595,0.5105046772484975,0.49487864812400606,0.9999544832830761,0.9994917624153867,0.00046272086768939236,,,,,,,
403,403,train,16,440,16,True,2,16,0.125,0.875,0.0,27.5,0.875,58318.0,132.54090909090908,0.23133442255520323,0.29795711731323243,0.0666226947580292,0.2291690068588324,0.7278984547643198,0.4987294479054874,0.4987294478723509,0.4896189436125624,1784.5998470998388,0.4987294478723509,0.4896189436125624,0.9999476724355144,0.9994926987865194,0.00045497364899504955,,,,,,,
404,404,train,16,468,16,True,1,16,0.0625,0.9375,0.0,29.25,0.8418803418803419,61741.0,131.92521367521368,0.2324085333935142,0.3011539981742481,0.0687454647807339,0.23705766962263689,0.7415173777328596,0.5044597081102228,0.504459707996353,0.49375862042792695,1905.3219364900401,0.504459707996353,0.49375862042792695,0.9999447282402525,0.9995590285261022,0.00038569971415025606,,,,,,,
405,405,train,16,397,16,True,5,16,0.3125,0.6875,0.0,24.8125,0.8438287153652393,54209.0,136.54659949622166,0.22172874971972625,0.27480688797693636,0.05307813825721011,0.2454229865131948,0.7863155347467893,0.5408925482335945,0.5408925483448374,0.5236208846639897,1774.0602835468894,0.5408925483448374,0.5236208846639897,0.9999476640093284,0.9996228430467895,0.0003248209625389409,,,,,,,
406,406,train,16,461,16,True,2,16,0.125,0.875,0.0,28.8125,0.8676789587852495,61114.0,132.56832971800435,0.2221273499640668,0.2861684231229532,0.06404107315888641,0.2222537198748235,0.7394635784807696,0.5172098586059461,0.5172098590088364,0.5013897426712529,1915.1207958506836,0.5172098590088364,0.5013897426712529,0.9999530482002359,0.9995902228105693,0.00036282538966658784,,,,,,,
407,407,train,16,468,16,True,1,16,0.0625,0.9375,0.0,29.25,0.8482905982905983,62765.0,134.11324786324786,0.22879200353817697,0.284735312407703,0.05594330886952603,0.22958625973043092,0.7508843791789261,0.5212981194484952,0.5212981196104188,0.5124170245533488,2010.1159091306824,0.5212981196104188,0.5124170245533488,0.9999511386987245,0.9995823539074525,0.00036878479127200325,,,,,,,
408,408,train,16,457,16,True,1,16,0.0625,0.9375,0.0,28.5625,0.8446389496717724,61783.0,135.1925601750547,0.23443781676267905,0.29663821981621125,0.062200403053532194,0.23428198290707242,0.7154486276875796,0.48116664478050714,0.4811666448800872,0.4733807038361429,1827.9300015692747,0.4811666448800872,0.4733807038361429,0.9999426607329535,0.9995213410987714,0.0004213196341820158,,,,,,,
409,409,train,16,457,16,True,1,16,0.0625,0.9375,0.0,28.5625,0.8446389496717724,60949.0,133.3676148796499,0.22412442763912796,0.30057071164569404,0.07644628400656608,0.2254450814200834,0.706783688918732,0.4813386074986486,0.4813386076456872,0.47006659989023464,1790.6305747943693,0.4813386076456872,0.47006659989023464,0.9999465461111025,0.999433384734596,0.0005131613765064769,,,,,,,
410,410,train,16,451,16,True,2,16,0.125,0.875,0.0,28.1875,0.835920177383592,58333.0,129.34146341463415,0.23179252367997857,0.2930075573358353,0.061215033655856704,0.23763208540466949,0.7535911150303706,0.5159590296257011,0.5159590294885944,0.5046972158062252,1840.031418101534,0.5159590294885944,0.5046972158062252,0.9999384582000769,0.99955484048096,0.0003836177191168799,,,,,,,
411,411,train,16,447,16,True,2,16,0.125,0.875,0.0,27.9375,0.8411633109619687,62174.0,139.0917225950783,0.232407299814419,0.2902875376360272,0.05788023782160823,0.23571463569967502,0.7595379349619104,0.5238232992622354,0.5238232994538411,0.5038166765658423,1957.7686280502926,0.5238232994538411,0.5038166765658423,0.9999481188518468,0.9995867096500007,0.0003614092018460191,,,,,,,
412,412,train,16,463,16,True,1,16,0.0625,0.9375,0.0,28.9375,0.8315334773218143,63419.0,136.97408207343412,0.22393536202241068,0.279610557062424,0.05567519504001331,0.26462292817096844,0.7807861220922007,0.5161631939212322,0.5161631940969287,0.49701289271174226,1970.0037901803723,0.5161631940969287,0.49701289271174226,0.9999485404455708,0.9996459783188455,0.00030256212672530314,,,,,,,
413,413,train,16,480,16,True,0,16,0.0,1.0,0.0,30.0,0.8958333333333334,61171.0,127.43958333333333,0.22479357692595422,0.30252612634541615,0.07773254941946192,0.22614954480770633,0.6952767409935243,0.469127196185818,0.46912719621166266,0.4605787873357498,1760.8790625071986,0.46912719621166266,0.4605787873357498,0.9999555323223305,0.9994880382385889,0.00046749408374158197,,,,,,,
414,414,train,16,477,16,True,1,16,0.0625,0.9375,0.0,29.8125,0.8385744234800838,66805.0,140.0524109014675,0.22569004855353147,0.28791051949362034,0.06222047094008887,0.22455867016506065,0.7332953611650923,0.5087366910000317,0.5087366912431784,0.4925067134982139,2056.369437203012,0.5087366912431784,0.4925067134982139,0.9999520625859367,0.9996102253867354,0.0003418371992013336,,,,,,,
415,415,train,16,480,16,True,0,16,0.0,1.0,0.0,30.0,0.9,63967.0,133.26458333333332,0.23714195883826103,0.3061266551277575,0.06898469628949647,0.239838717853751,0.7290517482124558,0.4892130303587048,0.4892130302546328,0.47998661860576936,1918.9565020222053,0.4892130302546328,0.47998661860576936,0.9999447957589509,0.9994696100767936,0.0004751856821573197,,,,,,,
416,416,train,16,426,16,True,4,16,0.25,0.75,0.0,26.625,0.8051643192488263,57171.0,134.20422535211267,0.23492134118944732,0.29941958636692023,0.06449824517747291,0.2377972368197049,0.7444811399337791,0.5066839031140742,0.5066839030357173,0.498907465549092,1782.689919556696,0.5066839030357173,0.498907465549092,0.9999476533459623,0.9995247476687747,0.0004229056771875017,,,,,,,
417,417,train,16,457,16,True,1,16,0.0625,0.9375,0.0,28.5625,0.8402625820568927,61728.0,135.07221006564552,0.23518744979094303,0.3106769812162868,0.07548953142534376,0.2390463465659343,0.7129996285479641,0.4739532819820298,0.4739532822268703,0.4659686379866947,1797.7070053526668,0.4739532822268703,0.4659686379866947,0.9999443497655379,0.9994875001528134,0.0004568496127245192,,,,,,,
418,418,train,16,448,16,True,3,16,0.1875,0.8125,0.0,28.0,0.8169642857142857,59774.0,133.42410714285714,0.226683449455305,0.2894595240890873,0.06277607463378232,0.22804119918206106,0.750521557536424,0.5224803583543629,0.5224803583454978,0.5103140941521923,1906.469666490821,0.5224803583454978,0.5103140941521923,0.9999561690916693,0.999582540581447,0.00037362851022226806,,,,,,,
419,419,train,16,421,16,True,4,16,0.25,0.75,0.0,26.3125,0.8741092636579573,56478.0,134.15201900237528,0.2286550540537996,0.2916835935500441,0.06302853949624448,0.22974072745266283,0.7344376789937149,0.5046969515410521,0.5046969518497355,0.4904957257623165,1731.388599975256,0.5046969518497355,0.4904957257623165,0.9999493379510138,0.9995428551689199,0.00040648278209387545,,,,,,,
420,420,train,16,449,16,True,2,16,0.125,0.875,0.0,28.0625,0.8819599109131403,63063.0,140.45211581291758,0.2386827993812128,0.2913145987382998,0.05263179935708698,0.2414034201300635,0.7612280608876523,0.5198246407575888,0.5198246410318703,0.5092242402078393,2007.0755162641872,0.5198246410318703,0.5092242402078393,0.9999343938659281,0.9995491112187138,0.00038528264721426897,,,,,,,
421,421,train,16,438,16,True,3,16,0.1875,0.8125,0.0,27.375,0.8356164383561644,58679.0,133.9703196347032,0.2258294297061367,0.29218838118519447,0.06635895147905777,0.2323867035106099,0.7270732043246795,0.4946865008140696,0.4946865007066313,0.4808819541336757,1763.6045116631224,0.4946865007066313,0.4808819541336757,0.9999465781256771,0.9995459519659379,0.0004006261597392369,,,,,,,
422,422,train,16,447,16,True,2,16,0.125,0.875,0.0,27.9375,0.7807606263982103,59956.0,134.1297539149888,0.23211909963562366,0.28784564186261385,0.055726542226990194,0.23378158546955263,0.7605472526757335,0.5267656672061809,0.5267656670330365,0.5132355684989744,1923.2219840577823,0.5267656670330365,0.5132355684989744,0.9999470867029536,0.9995860192782461,0.0003610674247075396,,,,,,,
423,423,train,16,403,16,True,3,16,0.1875,0.8125,0.0,25.1875,0.8684863523573201,54111.0,134.27047146401986,0.2268493890681808,0.29458046007488364,0.06773107100670284,0.24757245935890124,0.7377585901555165,0.4901861307966152,0.49018613080318985,0.47353165588483087,1601.454464474005,0.49018613080318985,0.47353165588483087,0.9999487409071416,0.9995751752237649,0.0003735656833766532,,,,,,,
424,424,train,16,462,16,True,2,16,0.125,0.875,0.0,28.875,0.8376623376623377,61707.0,133.56493506493507,0.2259120262206863,0.2842479712495549,0.05833594502886863,0.22938022429376212,0.7124842591056143,0.48310403481185216,0.48310403465210355,0.46742628767830335,1802.717120860318,0.48310403465210355,0.46742628767830335,0.9999496974456947,0.9995515911328593,0.0003981063128354334,,,,,,,
425,425,train,16,414,16,True,6,16,0.375,0.625,0.0,25.875,0.8019323671497585,55841.0,134.8816425120773,0.22848813848214394,0.2958972459421485,0.06740910746000456,0.2316875163288002,0.7547800116892064,0.5230924953604061,0.5230924952033267,0.5057542955561737,1765.1141011345203,0.5230924952033267,0.5057542955561737,0.9999552529887414,0.999525487316492,0.00042976567224939366,,,,,,,
426,426,train,16,480,16,True,0,16,0.0,1.0,0.0,30.0,0.8333333333333334,68843.0,143.42291666666668,0.2423211534289645,0.31370790994437275,0.07138675651540827,0.24591640451408603,0.7139502754734693,0.4680338709593833,0.4680338712071469,0.45855146919857454,1973.003674627344,0.4680338712071469,0.45855146919857454,0.9999372882086639,0.9993845950480281,0.0005526931606357754,,,,,,,
427,427,train,16,465,16,True,1,16,0.0625,0.9375,0.0,29.0625,0.9032258064516129,61842.0,132.99354838709678,0.2277098307993233,0.2912548904834828,0.0635450596841595,0.23217097397128555,0.7150668038947438,0.4828958299234582,0.48289583008266157,0.47129911042883604,1821.6299741962557,0.48289583008266157,0.47129911042883604,0.9999475945006664,0.9995447432011441,0.00040285129952233323,,,,,,,
428,428,train,16,464,16,True,1,16,0.0625,0.9375,0.0,29.0,0.8943965517241379,59964.0,129.23275862068965,0.23084134997858366,0.29568463050000754,0.06484328052142388,0.23489896949780392,0.7225403901682756,0.4876414206704717,0.48764142120075055,0.4755833364612969,1782.3674492228263,0.48764142120075055,0.4755833364612969,0.9999507433059647,0.9995839775753802,0.0003667657305844729,,,,,,,
429,429,train,16,422,16,True,3,16,0.1875,0.8125,0.0,26.375,0.8815165876777251,57626.0,136.55450236966826,0.22487377458726834,0.2825209499853156,0.05764717539804723,0.227033869906066,0.7322233230737482,0.5051894531676822,0.5051894532702266,0.48841592633109876,1759.0910106722438,0.5051894532702266,0.48841592633109876,0.9999496532841888,0.9995876492610452,0.0003620040231436805,,,,,,,
430,430,train,16,396,16,True,6,16,0.375,0.625,0.0,24.75,0.8459595959595959,52626.0,132.8939393939394,0.22971930181923933,0.2889540588629064,0.0592347570436671,0.23533126578628594,0.7325048789893487,0.49717361320306275,0.4971736131474651,0.48987464960855087,1611.2589568937246,0.4971736131474651,0.48987464960855087,0.9999549252255122,0.9995686241184745,0.00038630110703774534,,,,,,,
431,431,train,16,477,16,True,1,16,0.0625,0.9375,0.0,29.8125,0.7945492662473794,63714.0,133.57232704402514,0.23207464748053425,0.2863461096616747,0.05427146218114043,0.23353879632956262,0.7293737659936934,0.49583496966413076,0.49583496967678997,0.4838779435590721,1926.8624559951704,0.49583496967678997,0.4838779435590721,0.9999438243883639,0.9995571314493765,0.00038669293898740964,,,,,,,
432,432,train,16,395,16,True,6,16,0.375,0.625,0.0,24.6875,0.850632911392405,53377.0,135.13164556962025,0.22263791471473676,0.2746457410940298,0.05200782637929302,0.22656529583366786,0.7538673503886657,0.5273020545549978,0.5273020545967493,0.5105262588642407,1703.1475074622847,0.5273020545967493,0.5105262588642407,0.9999525674114725,0.9995885345179093,0.00036403289356323754,,,,,,,
433,433,train,16,480,16,True,0,16,0.0,1.0,0.0,30.0,0.8375,65512.0,136.48333333333332,0.2233112031822711,0.29132078301535846,0.06800957983308736,0.22681640958944224,0.7083648846278962,0.4815484750384539,0.48154847508283016,0.4661872543505914,1908.803712938496,0.48154847508283016,0.4661872543505914,0.9999515132954023,0.9995735115465201,0.0003780017488822507,,,,,,,
434,434,train,16,422,16,True,5,16,0.3125,0.6875,0.0,26.375,0.8412322274881516,55182.0,130.76303317535545,0.23166817212143614,0.3025146433002802,0.07084647117884407,0.2370519583617293,0.756331061496472,0.5192791031347427,0.5192791031845071,0.5068044975001358,1747.9053613157819,0.5192791031845071,0.5068044975001358,0.9999526487649226,0.9994878623073252,0.00046478645759739923,,,,,,,
435,435,train,16,422,16,True,3,16,0.1875,0.8125,0.0,26.375,0.8056872037914692,57247.0,135.6563981042654,0.23093359220996842,0.2925293568963893,0.06159576468642089,0.23536711643586974,0.7551102895030841,0.5197431730672144,0.519743173050677,0.5049758146523204,1806.7719038375876,0.519743173050677,0.5049758146523204,0.9999492628059405,0.9995990601678498,0.00035020263809071306,,,,,,,
436,436,train,16,428,16,True,4,16,0.25,0.75,0.0,26.75,0.780373831775701,59456.0,138.9158878504673,0.233407665285863,0.2873846118021278,0.053976946516264834,0.24185184353406647,0.7706356120534665,0.5287837685194001,0.5287837685833745,0.5148711171990992,1913.2610715118506,0.5287837685833745,0.5148711171990992,0.999952157224036,0.9996494367257699,0.0003027204982660736,,,,,,,
437,437,train,16,452,16,True,3,16,0.1875,0.8125,0.0,28.25,0.8606194690265486,61373.0,135.78097345132744,0.23121706869938666,0.285872031593877,0.054654962894490317,0.2331981258207819,0.7510151255660689,0.5178169997452869,0.517817000073325,0.5047304474399628,1936.0513594208014,0.517817000073325,0.5047304474399628,0.9999449071655796,0.9995867532247015,0.00035815394087812535,,,,,,,
438,438,train,16,445,16,True,2,16,0.125,0.875,0.0,27.8125,0.8426966292134831,59815.0,134.41573033707866,0.2323684609079389,0.2917473524411041,0.05937889153316522,0.23869664156458378,0.7376654917754962,0.4989688502109124,0.4989688504798138,0.4875314473095382,1822.6058450512503,0.4989688504798138,0.4875314473095382,0.9999279543899823,0.9994936407057307,0.0004343136842516193,,,,,,,
439,439,train,16,417,16,True,4,16,0.25,0.75,0.0,26.0625,0.7961630695443646,57155.0,137.06235011990407,0.23486645167342396,0.2826535813679942,0.04778712969457022,0.23953882281928643,0.765296743548876,0.5257579207295896,0.5257579209596042,0.5117245600969995,1827.9760770215,0.5257579209596042,0.5117245600969995,0.9999383947430914,0.9996279463932568,0.00031044834983462444,,,,,,,
440,440,train,16,444,16,True,2,16,0.125,0.875,0.0,27.75,0.8693693693693694,59171.0,133.268018018018,0.235679395237437,0.2948277542401087,0.05914835900267171,0.24126845830676097,0.7435749599237147,0.5023065016169537,0.5023065015911926,0.49093600498187995,1815.5733969239259,0.5023065015911926,0.49093600498187995,0.9999446369857758,0.9995298464896794,0.00041479049609649543,,,,,,,
441,441,train,16,409,16,True,3,16,0.1875,0.8125,0.0,25.5625,0.8337408312958435,55125.0,134.7799511002445,0.22918183323905875,0.2915468904550992,0.06236505721604044,0.23841079091522216,0.7335284423040478,0.49511765138882563,0.4951176514774491,0.48596601076118306,1674.3047714506392,0.4951176514774491,0.48596601076118306,0.9999440081979881,0.9995435173372904,0.0004004908606977109,,,,,,,
442,442,train,16,441,16,True,3,16,0.1875,0.8125,0.0,27.5625,0.873015873015873,60522.0,137.23809523809524,0.22940289661449936,0.276929937876861,0.047527041262361625,0.23326802312994793,0.762262864491498,0.5289948413615502,0.528994841308302,0.5144498138709759,1945.9707271937016,0.528994841308302,0.5144498138709759,0.9999431340397742,0.9996330601169241,0.00031007392285009594,,,,,,,
443,443,train,16,480,16,True,0,16,0.0,1.0,0.0,30.0,0.8666666666666667,67352.0,140.31666666666666,0.22997315159913587,0.2962134054210838,0.06624025382194795,0.23217043989991926,0.7264075975244002,0.49423715762448095,0.4942371575393393,0.47778609588025805,2011.240570607947,0.4942371575393393,0.47778609588025805,0.9999532695015477,0.9995933985442872,0.000359870957260533,,,,,,,
444,444,train,16,446,16,True,3,16,0.1875,0.8125,0.0,27.875,0.852017937219731,57063.0,127.9439461883408,0.22532134287184605,0.2922229459897213,0.06690160311787527,0.22964059697373135,0.7501014965566742,0.520460899582943,0.5204608995420372,0.5071507247570726,1808.7213629258022,0.5204608995420372,0.5071507247570726,0.999946504340222,0.9995565675860603,0.0003899367541617682,,,,,,,
445,445,train,16,432,16,True,2,16,0.125,0.875,0.0,27.0,0.8657407407407407,59329.0,137.33564814814815,0.23822037865586984,0.3085363092337931,0.07031593057792326,0.2615144560495906,0.743702648289748,0.48218819224015735,0.4821881919769962,0.4660564703722268,1728.1665206696157,0.4821881919769962,0.4660564703722268,0.9999350547577254,0.9994170983984071,0.0005179563593182834,,,,,,,
446,446,train,16,378,16,True,7,16,0.4375,0.5625,0.0,23.625,0.8597883597883598,50947.0,134.7804232804233,0.23658796383999106,0.29344075758459526,0.056852793744604196,0.2394056356621026,0.7388519159591938,0.49944628029709115,0.49944628038314515,0.4890888836293035,1557.3507096413823,0.49944628038314515,0.4890888836293035,0.9999437090097935,0.9995052354768383,0.00043847353295511926,,,,,,,
447,447,train,16,435,16,True,3,16,0.1875,0.8125,0.0,27.1875,0.9103448275862069,55691.0,128.02528735632183,0.23575503228727518,0.31432380155347633,0.07856876926620115,0.2383125135589859,0.7075339912602893,0.4692214777013034,0.46922147776255135,0.4578907442421339,1593.7745898492938,0.46922147776255135,0.4578907442421339,0.9999503991780221,0.9994606425805243,0.0004897565974978368,,,,,,,
448,448,train,16,428,16,True,3,16,0.1875,0.8125,0.0,26.75,0.8200934579439252,57124.0,133.46728971962617,0.22664855441595302,0.2855181041364546,0.058869549720501596,0.247340255395894,0.7471467106268358,0.4998064552309418,0.49980645538193164,0.4854923162733726,1733.328942175006,0.49980645538193164,0.4854923162733726,0.9999512043854382,0.9996168973055894,0.0003343070798487169,,,,,,,
449,449,train,16,408,16,True,3,16,0.1875,0.8125,0.0,25.5,0.7990196078431373,54121.0,132.64950980392157,0.23570526554786272,0.30216348900755197,0.06645822345968924,0.2382266012702083,0.739548924621661,0.5013223233514527,0.501322323484107,0.4876936715603388,1649.6543249073165,0.501322323484107,0.4876936715603388,0.999932656798244,0.9994471795091115,0.00048547728913239663,,,,,,,
450,450,train,16,401,16,True,6,16,0.375,0.625,0.0,25.0625,0.9102244389027432,53503.0,133.42394014962593,0.21214332860252838,0.25310717170086733,0.04096384309833895,0.21522345376138807,0.7127726960924672,0.4975492423310791,0.49754924255298727,0.4804083387444984,1606.4554592404304,0.49754924255298727,0.4804083387444984,0.9999557901104907,0.9996657440046617,0.000290046105829056,,,,,,,
451,451,train,16,444,16,True,2,16,0.125,0.875,0.0,27.75,0.8828828828828829,57924.0,130.45945945945945,0.23426040636730042,0.30153669622133555,0.06727628985403514,0.2433325118147333,0.7130143019454847,0.46968179013075134,0.4696817900590801,0.4614796607131828,1670.671741696899,0.4696817900590801,0.4614796607131828,0.9999515524247833,0.999473109347233,0.0004784430775502946,,,,,,,
452,452,train,16,433,16,True,3,16,0.1875,0.8125,0.0,27.0625,0.8429561200923787,57935.0,133.79907621247114,0.23239021950842625,0.2860016855467445,0.053611466038318234,0.23178101098024537,0.7468056564952026,0.5150246455149572,0.5150246459079536,0.5024626678431334,1819.3859163432462,0.5150246459079536,0.5024626678431334,0.999949608653435,0.9996170278148776,0.0003325808385573614,,,,,,,
453,453,train,16,434,16,True,4,16,0.25,0.75,0.0,27.125,0.8433179723502304,59103.0,136.1820276497696,0.23260440075104624,0.2990492277370457,0.06644482698599943,0.23424181509725742,0.7265681464648945,0.49232633136763715,0.4923263311894204,0.4764758828894753,1760.0721316510392,0.4923263311894204,0.4764758828894753,0.9999450866668543,0.9995389668914829,0.0004061197753714163,,,,,,,
454,454,train,16,432,16,True,3,16,0.1875,0.8125,0.0,27.0,0.9166666666666666,58132.0,134.5648148148148,0.22411735649745235,0.2932127249775918,0.06909536848013947,0.22843042130031932,0.7123731009767544,0.4839426796764351,0.48394267967033905,0.4645901456406332,1687.9721466488309,0.48394267967033905,0.4645901456406332,0.9999565751665332,0.9995439246837955,0.00041265048273775307,,,,,,,
455,455,train,16,412,16,True,3,16,0.1875,0.8125,0.0,25.75,0.8106796116504854,55490.0,134.68446601941747,0.23947939883266225,0.3004380805174536,0.06095868168479132,0.2401595496811243,0.7397995475180581,0.4996399978369338,0.499639997914208,0.49099863202994415,1702.8446307088495,0.499639997914208,0.49099863202994415,0.9999446317815296,0.9994666416397053,0.00047799014182425825,,,,,,,
456,456,train,16,467,16,True,1,16,0.0625,0.9375,0.0,29.1875,0.8715203426124197,62369.0,133.5524625267666,0.22229409959403945,0.28499785457792265,0.0627037549838832,0.22028032733243202,0.7171025643311512,0.49682223699871914,0.4968222371889121,0.4805743496439313,1873.3088508088968,0.4968222371889121,0.4805743496439313,0.9999583744829961,0.999639203352498,0.0003191711304980638,,,,,,,
457,457,train,16,467,16,True,1,16,0.0625,0.9375,0.0,29.1875,0.8715203426124197,63436.0,135.8372591006424,0.23305768358978415,0.30239043810089866,0.06933275451111451,0.23396092456326936,0.70524926889345,0.47128834433018063,0.47128834439114964,0.4642460615286919,1840.619572445881,0.47128834439114964,0.4642460615286919,0.9999542812964463,0.9995515112752623,0.00040277002118394023,,,,,,,
458,458,train,16,459,16,True,2,16,0.125,0.875,0.0,28.6875,0.7864923747276689,61008.0,132.91503267973857,0.22914304116311557,0.2807264824613406,0.05158344129822501,0.23062958123658325,0.7542007357656869,0.5235711545291036,0.523571154541141,0.510470188037204,1946.42282698586,0.523571154541141,0.510470188037204,0.9999461687262081,0.9996141460022817,0.0003320227239264062,,,,,,,
459,459,train,16,383,16,True,6,16,0.375,0.625,0.0,23.9375,0.8485639686684073,52308.0,136.57441253263707,0.2300697396407003,0.28290494866798527,0.052835209027284974,0.2295686941907134,0.7424438673503869,0.5128751731596735,0.5128751733097071,0.5017052096108389,1640.1997565202355,0.5128751733097071,0.5017052096108389,0.9999480140082239,0.9995547266295762,0.0003932873786476332,,,,,,,
460,460,train,16,480,16,True,1,16,0.0625,0.9375,0.0,30.0,0.8541666666666666,64269.0,133.89375,0.23884862866392845,0.29764436496062907,0.058795736296700624,0.24250312173596875,0.7395252402402687,0.4970221185042999,0.497022118620322,0.4875919211291103,1958.5653236904245,0.497022118620322,0.4875919211291103,0.9999432740879329,0.9995634224960303,0.00037985159190268014,,,,,,,
461,461,train,16,480,16,True,0,16,0.0,1.0,0.0,30.0,0.8520833333333333,66072.0,137.65,0.22814917501503565,0.2910347453391233,0.06288557032408768,0.23049406871338418,0.7200113076517913,0.48951723893840715,0.4895172390174736,0.47897428569392453,1977.9243127730608,0.4895172390174736,0.47897428569392453,0.9999497268476609,0.9995567729939615,0.00039295385369941815,,,,,,,
462,462,train,16,431,16,True,5,16,0.3125,0.6875,0.0,26.9375,0.877030162412993,57267.0,132.87006960556843,0.22741234373429078,0.2850996894576386,0.0576873457233478,0.232102740313515,0.7154063645161733,0.4833036242026584,0.48330362447539504,0.47480624231022445,1699.4205673987267,0.48330362447539504,0.47480624231022445,0.9999546174218781,0.9995992397202581,0.0003553777016199744,,,,,,,
463,463,train,16,417,16,True,4,16,0.25,0.75,0.0,26.0625,0.8920863309352518,55964.0,134.2062350119904,0.23576369207302902,0.29242212601592815,0.05665843394289913,0.2420708662825464,0.7394439140503112,0.4973730477677648,0.4973730478708679,0.48458952395917326,1694.9730074282002,0.4973730478708679,0.48458952395917326,0.999944250475522,0.9995356643857151,0.00040858608980698374,,,,,,,
464,464,train,16,459,16,True,1,16,0.0625,0.9375,0.0,28.6875,0.8148148148148148,64347.0,140.18954248366012,0.22644113642327604,0.28590717590726894,0.0594660394839929,0.2464643591163026,0.7657925419527162,0.5193281828364136,0.5193281825494303,0.5079053438607891,2042.636572588137,0.5193281825494303,0.5079053438607891,0.9999493056737785,0.9995769756355798,0.00037233003819869825,,,,,,,
465,465,train,16,464,16,True,2,16,0.125,0.875,0.0,29.0,0.9267241379310345,62369.0,134.41594827586206,0.23630997970358536,0.29535431506974874,0.05904433536616338,0.23966527352790895,0.7260648675384638,0.4863995940105548,0.48639959413103007,0.4749506621414996,1851.3873654439485,0.48639959413103007,0.4749506621414996,0.9999467516038486,0.9994998906826712,0.0004468609211774055,,,,,,,
466,466,train,16,449,16,True,2,16,0.125,0.875,0.0,28.0625,0.8552338530066815,61826.0,137.69710467706014,0.22314168701964288,0.2797166366761402,0.05657494965649734,0.2238833641932285,0.7124816821592072,0.48859831796597863,0.4885983182648536,0.47576502670704035,1838.415533824343,0.4885983182648536,0.47576502670704035,0.999953435102529,0.9996066133763418,0.0003468217261871631,,,,,,,
467,467,train,16,420,16,True,3,16,0.1875,0.8125,0.0,26.25,0.8476190476190476,56411.0,134.31190476190477,0.23895478091216601,0.29663162654234454,0.057676845630178525,0.2412208500346948,0.7508954704740168,0.5096746204393221,0.5096746205717236,0.4971236981360091,1752.7028084719013,0.5096746205717236,0.4971236981360091,0.9999405841150645,0.9994740995398784,0.0004664845751860547,,,,,,,
468,468,train,16,414,16,True,4,16,0.25,0.75,0.0,25.875,0.8864734299516909,56350.0,136.11111111111111,0.22731801642456428,0.2888332951639747,0.06151527873941043,0.2508446318276636,0.7645046354454453,0.5136600036177817,0.5136600038140828,0.49488115960056966,1742.9095839682557,0.5136600038140828,0.49488115960056966,0.9999489216697527,0.9995635866692553,0.0003853350004974221,,,,,,,
469,469,train,16,431,16,True,4,16,0.25,0.75,0.0,26.9375,0.8654292343387471,55264.0,128.22273781902553,0.23960874995234027,0.2994221161784582,0.05981336622611794,0.24114762152578612,0.7250178783327631,0.483870256806977,0.48387025658269056,0.47251836431540106,1632.0784303453956,0.48387025658269056,0.47251836431540106,0.9999443471998808,0.9995050549472909,0.0004392922525898735,,,,,,,
470,470,train,16,460,16,True,1,16,0.0625,0.9375,0.0,28.75,0.8673913043478261,61866.0,134.4913043478261,0.22703187796586752,0.2860199337616279,0.05898805579576036,0.23329760616470405,0.7337393760035855,0.5004417698388814,0.5004417699760417,0.4910473708805278,1898.696040430922,0.5004417699760417,0.4910473708805278,0.9999430970734975,0.999596827700513,0.0003462693729845423,,,,,,,
471,471,train,16,456,16,True,1,16,0.0625,0.9375,0.0,28.5,0.8530701754385965,62604.0,137.28947368421052,0.22409037134696222,0.27579660532030764,0.05170623397334542,0.2269730965702797,0.7098020852884678,0.4828289887181881,0.4828289889636618,0.47428558589074854,1855.7609261940245,0.4828289889636618,0.47428558589074854,0.9999490057926612,0.9996231395439249,0.0003258662487363173,,,,,,,
472,472,train,16,474,16,True,1,16,0.0625,0.9375,0.0,29.625,0.8565400843881856,65314.0,137.79324894514767,0.2257911911564508,0.2874057591153775,0.061614567958926725,0.24527888452229643,0.7400314220535177,0.4947525375312213,0.49475253755506665,0.48513557726184947,1980.384068330027,0.49475253755506665,0.48513557726184947,0.9999477438566816,0.999607122672574,0.00034062118410760345,,,,,,,
473,473,train,16,428,16,True,2,16,0.125,0.875,0.0,26.75,0.8411214953271028,59737.0,139.57242990654206,0.226903746846651,0.2917886890186279,0.06488494217197693,0.23164022505558385,0.7151475069472967,0.4835072818917128,0.4835072821929974,0.47508198433432436,1773.7482811362208,0.4835072821929974,0.47508198433432436,0.999951930051213,0.9995558571556735,0.00039607289553944547,,,,,,,
474,474,train,16,479,16,True,1,16,0.0625,0.9375,0.0,29.9375,0.7807933194154488,67171.0,140.23173277661795,0.23677608064812716,0.3017678047127891,0.06499172406466192,0.24081157730048305,0.7380946371921446,0.49728305989166155,0.49728306007710554,0.48211840717034943,2024.0234705024723,0.49728306007710554,0.48211840717034943,0.9999393291097172,0.9995596644101715,0.0003796646995456454,,,,,,,
475,475,train,16,480,16,True,0,16,0.0,1.0,0.0,30.0,0.7979166666666667,67118.0,139.82916666666668,0.2362096021496648,0.29820947672507814,0.06199987457541334,0.24121522859123992,0.7237171979979564,0.4825019694067165,0.48250196927471056,0.47015152084600836,1972.2268610089006,0.48250196927471056,0.47015152084600836,0.9999326505506271,0.9995188808557198,0.00041376969490725113,,,,,,,
476,476,train,16,437,16,True,3,16,0.1875,0.8125,0.0,27.3125,0.8375286041189931,60366.0,138.13729977116705,0.21852550986277033,0.25519761850545264,0.036672108642682305,0.22097731080809374,0.7420975804144326,0.5211202696063388,0.5211202696996731,0.5077542601330077,1915.6933541993205,0.5211202696996731,0.5077542601330077,0.9999537875421782,0.9997088965195524,0.00024489102262581497,,,,,,,
477,477,train,16,386,16,True,4,16,0.25,0.75,0.0,24.125,0.8290155440414507,55086.0,142.7098445595855,0.23390238691588602,0.280761148235633,0.04685876131974695,0.24101026241677384,0.7317639886330164,0.4907537262162426,0.49075372629584524,0.47319552204315934,1629.1530329543425,0.49075372629584524,0.47319552204315934,0.9999350975534175,0.9995701697753342,0.00036492777808327936,,,,,,,
478,478,train,16,439,16,True,3,16,0.1875,0.8125,0.0,27.4375,0.826879271070615,59862.0,136.35990888382688,0.23167837746804745,0.2874805271720438,0.05580214970399636,0.23609736666832518,0.7216719305405889,0.4855745638722637,0.4855745640162829,0.475565411167377,1779.2685402063437,0.4855745640162829,0.475565411167377,0.9999524074684251,0.9996035555667877,0.00034885190163735924,,,,,,,
479,479,train,16,450,16,True,2,16,0.125,0.875,0.0,28.125,0.8733333333333333,63799.0,141.77555555555554,0.22349782057773435,0.281244203518896,0.05774638294116166,0.2268817739474208,0.7255586415506386,0.49867686760321783,0.49867686780027637,0.4819357101935774,1921.688523415003,0.49867686780027637,0.4819357101935774,0.999952919558838,0.9996188160528353,0.0003341035060027142,,,,,,,
480,480,train,16,480,16,True,0,16,0.0,1.0,0.0,30.0,0.8520833333333333,65423.0,136.29791666666668,0.23434321400196692,0.3017175958730677,0.06737438187110076,0.23800504552357976,0.7266936523209413,0.48868860679736154,0.4886886069692577,0.477690187192165,1953.2453197920624,0.4886886069692577,0.477690187192165,0.9999477292178718,0.9995397859215122,0.00040794329635962523,,,,,,,
481,481,train,16,428,16,True,3,16,0.1875,0.8125,0.0,26.75,0.8551401869158879,57416.0,134.14953271028037,0.2206677322583591,0.2763820205784211,0.055714288320062005,0.22856009199535668,0.7133871035803544,0.48482701158499775,0.48482701138926865,0.47710928446973994,1712.1066673196608,0.48482701138926865,0.47710928446973994,0.9999482467720597,0.999597915190331,0.00035033158172870227,,,,,,,
482,482,train,16,456,16,True,1,16,0.0625,0.9375,0.0,28.5,0.8070175438596491,60205.0,132.02850877192984,0.23719967834991204,0.3092191817414107,0.07201950339149868,0.2432860734842533,0.7178337680219468,0.47454769453769347,0.4745476948013063,0.46704146676621017,1757.3894691662329,0.4745476948013063,0.46704146676621017,0.9999457927904347,0.9994475388431308,0.0004982539473039616,,,,,,,
483,483,train,16,480,16,True,0,16,0.0,1.0,0.0,30.0,0.86875,67574.0,140.77916666666667,0.22717644842454363,0.2853447590329632,0.058168310608419566,0.22450310530451112,0.7109265121199276,0.4864234068154165,0.4864234067709156,0.47776691773938335,2017.788856207567,0.4864234067709156,0.47776691773938335,0.9999540236765972,0.9996060194649414,0.00034800421165581685,,,,,,,
484,484,train,16,445,16,True,2,16,0.125,0.875,0.0,27.8125,0.8719101123595505,56720.0,127.46067415730337,0.23104539377932234,0.2953133285997029,0.06426793482038054,0.23432719437425967,0.710423861332416,0.47609666695815633,0.47609666687257296,0.4656512778759526,1650.7337800702498,0.47609666687257296,0.4656512778759526,0.9999521597360995,0.9995295411697438,0.0004226185663557258,,,,,,,
485,485,train,16,396,16,True,5,16,0.3125,0.6875,0.0,24.75,0.8459595959595959,52997.0,133.83080808080808,0.22019032925512666,0.26011358703073706,0.0399232577756104,0.22401925525653266,0.7408180863679107,0.516798831111378,0.5167988312317117,0.5070798038734349,1679.6067728675268,0.5167988312317117,0.5070798038734349,0.9999526461472272,0.9997134257949335,0.00023922035229373417,,,,,,,
486,486,train,16,423,16,True,3,16,0.1875,0.8125,0.0,26.4375,0.8392434988179669,59645.0,141.0047281323877,0.23374193937071355,0.28368548541147137,0.04994354604075782,0.23931886611676847,0.7570665526808844,0.517747686564116,0.5177476864813984,0.5030687258962563,1875.3458847551378,0.5177476864813984,0.5030687258962563,0.999942921060325,0.9995537535416683,0.00038916751865669674,,,,,,,
487,487,train,16,426,16,True,3,16,0.1875,0.8125,0.0,26.625,0.8967136150234741,56298.0,132.1549295774648,0.23566035378024355,0.2983528224359528,0.06269246865570924,0.2359390825344178,0.7005019022167238,0.464562819682306,0.46456281965563095,0.4490861019649502,1580.1655855264235,0.46456281965563095,0.4490861019649502,0.9999412290644926,0.9994338545126915,0.0005073745518010542,,,,,,,
488,488,train,16,443,16,True,2,16,0.125,0.875,0.0,27.6875,0.8397291196388262,60534.0,136.6455981941309,0.23129967827353456,0.26831528876201,0.03701561048847543,0.23144837988409606,0.7530264011351484,0.5215780212510523,0.5215780214733431,0.5131033786643625,1941.262495254283,0.5215780214733431,0.5131033786643625,0.9999307064572249,0.9995986754123766,0.00033203104484835766,,,,,,,
489,489,train,16,480,16,True,1,16,0.0625,0.9375,0.0,30.0,0.8375,64427.0,134.22291666666666,0.23488573625684106,0.3030042647215891,0.06811852846474803,0.23942474316274737,0.7193755744780915,0.47995083131534416,0.47995083118734405,0.4690220429943387,1888.6051977497655,0.47995083118734405,0.4690220429943387,0.9999517296196337,0.9995362956478773,0.0004154339717564737,,,,,,,
490,490,train,16,443,16,True,2,16,0.125,0.875,0.0,27.6875,0.8758465011286681,58335.0,131.68171557562076,0.23192733072376923,0.29481398122866426,0.06288665050489503,0.22937665043871278,0.7237024646631514,0.49432581422443855,0.4943258143522599,0.4826113574298787,1759.570845979497,0.4943258143522599,0.4826113574298787,0.9999437549105109,0.9994818030521783,0.0004619518583326432,,,,,,,
491,491,train,16,449,16,True,2,16,0.125,0.875,0.0,28.0625,0.8485523385300668,61239.0,136.38975501113586,0.23023872460519687,0.2935036514010627,0.06326492679586584,0.2309881968611051,0.7133036586762427,0.48231546181513757,0.4823154619889712,0.468195249248186,1791.9880542943522,0.4823154619889712,0.468195249248186,0.9999482350261633,0.9995613998560433,0.00038683517011994795,,,,,,,
492,492,train,16,419,16,True,3,16,0.1875,0.8125,0.0,26.1875,0.8400954653937948,56590.0,135.05966587112172,0.22430666659068196,0.2838586948278631,0.059552028237181115,0.22925510952715697,0.7251626034631898,0.49590749393603284,0.49590749377596394,0.48713779223747383,1722.945478919915,0.49590749377596394,0.48713779223747383,0.999950127024129,0.9996001864459766,0.00034994057815240787,,,,,,,
493,493,train,16,451,16,True,3,16,0.1875,0.8125,0.0,28.1875,0.8470066518847007,61394.0,136.12860310421286,0.2338410151813603,0.2860873748516591,0.05224635967029878,0.2383286988255167,0.7251724203511631,0.4868437215256465,0.4868437214318011,0.47465979355603616,1821.3289603487062,0.4868437214318011,0.47465979355603616,0.9999440824671593,0.9995595854056976,0.00038449706146170826,,,,,,,
494,494,train,16,480,16,True,0,16,0.0,1.0,0.0,30.0,0.85,66052.0,137.60833333333332,0.2253212194062969,0.2756983526270847,0.050377133220787795,0.22737524587072222,0.7392853103703962,0.511910064499674,0.5119100645736954,0.4986149744033973,2058.4072680808226,0.5119100645736954,0.4986149744033973,0.9999457049246311,0.9996764619791558,0.0002692429454752565,,,,,,,
495,495,train,16,454,16,True,1,16,0.0625,0.9375,0.0,28.375,0.8149779735682819,62049.0,136.6718061674009,0.22228352834914342,0.28268933147030423,0.06040580312116081,0.2263912280288182,0.7041971539648546,0.47780592593603644,0.47780592576148767,0.46945872495488233,1820.5902765453436,0.47780592576148767,0.46945872495488233,0.999947014010525,0.999564887591976,0.0003821264185489559,,,,,,,
496,496,train,16,437,16,True,2,16,0.125,0.875,0.0,27.3125,0.8627002288329519,58864.0,134.70022883295195,0.2290706495812301,0.29385697337181177,0.06478632379058166,0.23270379280574877,0.7036498546123942,0.4709460618066454,0.47094606184701093,0.4613167890656567,1697.1844669725522,0.47094606184701093,0.4613167890656567,0.9999480518434438,0.9995540071238248,0.00039404471961901333,,,,,,,
497,497,train,16,442,16,True,3,16,0.1875,0.8125,0.0,27.625,0.834841628959276,60757.0,137.45927601809956,0.2330655847848792,0.2850727649768921,0.05200718019201289,0.23438973108923689,0.7221314724643914,0.48774174137515447,0.48774174132652054,0.4775617012245811,1813.4510175813675,0.48774174132652054,0.4775617012245811,0.999945630453632,0.999569386558743,0.0003762438948891056,,,,,,,
498,498,train,16,418,16,True,4,16,0.25,0.75,0.0,26.125,0.861244019138756,56106.0,134.22488038277513,0.22477523228970003,0.28448748757951847,0.05971225528981844,0.22553178587911513,0.6996179077364648,0.47408612185734966,0.47408612170466824,0.4667349884394795,1636.6645788365897,0.47408612170466824,0.4667349884394795,0.9998907598440967,0.9994404217622239,0.0004503380818727809,,,,,,,
499,499,train,16,480,16,True,0,16,0.0,1.0,0.0,30.0,0.9020833333333333,65982.0,137.4625,0.23073644224381523,0.28837756623516475,0.05764112399134952,0.2330489013713707,0.7075364364168245,0.4744875350454538,0.47448753491946055,0.4636683131764382,1912.1101650004834,0.47448753491946055,0.4636683131764382,0.9999463194871722,0.9995642677902639,0.0003820516969083032,,,,,,,
500,500,train,16,480,16,True,0,16,0.0,1.0,0.0,30.0,0.85625,63801.0,132.91875,0.22727663594204323,0.2900193243589109,0.0627426884168677,0.2327240036545967,0.722622525297999,0.4898985216434023,0.4898985216401111,0.4801844049178977,1914.7653261354249,0.4898985216401111,0.4801844049178977,0.9999509267904673,0.9995733169345151,0.00037760985595214347,,,,,,,
