relative_turn,delta_teacher_entropy,task_success,model_version
-8,-0.035443287607619056,False,0
-7,-0.04915504623224004,False,0
-6,-0.06367141497229373,False,0
-5,-0.121572820475634,False,0
-4,0.11923460787637336,False,0
-3,-0.17886346733263603,False,0
-2,0.05256550304741198,False,0
-1,0.2031936001387104,False,0
0,0.1812486871081947,False,0
1,0.061037849953002044,False,0
2,0.319770306334819,False,0
3,0.28560158301711075,False,0
4,0.2367415154368298,False,0
5,0.35690800329368916,False,0
6,0.1432117770518267,False,0
7,0.16130687426790963,False,0
8,0.13261419193434015,False,0
9,0.08930309676895526,False,0
-6,0.09355981559547494,False,0
-5,-0.1600215944250975,False,0
-4,0.06646177882962262,False,0
-3,-0.10917516579087888,False,0
-2,0.09335308536501591,False,0
-1,0.2513848436083517,False,0
0,0.17095186882049557,False,0
1,0.14189875287249826,False,0
2,0.14037596179949857,False,0
3,0.06029204532950888,False,0
4,-0.044100887053973914,False,0
5,-0.010066886146252119,False,0
6,0.08211547583041584,False,0
7,0.24956283042238475,False,0
8,0.022434114766968993,False,0
9,0.17396694209381952,False,0
-8,-0.09487388005025177,False,0
-7,0.0006865926988204318,False,0
-6,0.03263696163668617,False,0
-5,0.0876407248172939,False,0
-4,-0.08960394022053286,False,0
-3,-0.0458986505468153,False,0
-2,-0.01901891818814916,False,0
-1,-0.1359411805156489,False,0
-5,0.062455383528992936,False,0
-4,-0.15221399368527944,False,0
-3,0.08975861015628628,False,0
-2,0.15500448342081874,False,0
-1,0.09858084659457589,False,0
0,0.17905720626106347,False,0
1,0.028336500542222254,False,0
2,0.22754486683811492,False,0
3,0.29695628748847547,False,0
4,0.12244432450011489,False,0
5,0.28485142959754395,False,0
6,0.1772204391073524,False,0
7,0.17391082943930292,False,0
8,0.20446993101568744,False,0
9,0.1276680893465243,False,0
-8,-0.1847813788341699,False,0
-7,-0.21742626752805067,False,0
-6,-0.09891541780992574,False,0
-5,-0.06921411905408248,False,0
-4,0.018599453647408004,False,0
-3,-0.09013443451547398,False,0
-2,0.04797183160615626,False,0
-1,0.2881880168903741,False,0
0,0.1296317878936909,False,0
1,0.04076481071288851,False,0
2,0.11622969302268482,False,0
3,0.050865190262191606,False,0
-7,-0.0028406009384260855,False,0
-6,0.008368329401711616,False,0
-5,-0.005527728463285642,False,0
-4,-0.0005856530242874802,False,0
-3,-0.11433181068497777,False,0
-2,0.0037581993794416624,False,0
-1,0.14797147213125006,False,0
0,0.2544033296094953,False,0
1,0.1352289655897132,False,0
2,0.11131063592506296,False,0
3,0.08387327591861393,False,0
4,0.05775775134939576,False,0
5,0.09574703857565248,False,0
6,0.1402896805524403,False,0
7,0.004752723419631288,False,0
8,0.042865874415350946,False,0
9,0.09793502827637468,False,0
10,0.11343781712534085,False,0
11,0.11234109218143828,False,0
12,0.1159672967669989,False,0
-8,0.052136488228908484,False,0
-7,-0.1652551303431663,False,0
-6,0.11311864211425782,False,0
-5,0.1286420010992293,False,0
-4,-0.1704098732783219,False,0
-3,-0.21391459543420407,False,0
-2,0.0996226365427959,False,0
-1,0.1101436467890331,False,0
0,0.2787913681113846,False,0
1,0.1561245462065799,False,0
2,0.19600635108457987,False,0
3,0.21491870262675505,False,0
4,0.16370575345872984,False,0
5,-0.09535900214905413,False,0
6,0.34308281895686443,False,0
7,0.3141082366580019,False,0
8,0.12594712473551428,False,0
9,0.2904592361608235,False,0
10,0.134514617231693,False,0
11,0.36059343855367454,False,0
-4,-0.18360182870811498,False,0
-3,-0.08599180106475096,False,0
-2,0.26959362977286605,False,0
-1,0.07762737122028818,False,0
0,0.15103679083801413,False,0
1,-0.015159226978765705,False,0
2,0.14230234408692555,False,0
3,-0.12876517834725526,False,0
4,0.0605035702378085,False,0
5,-0.09053278936401826,False,0
6,-0.2130658906611277,False,0
7,-0.30729598790610047,False,0
8,-0.25078656776379143,False,0
9,-0.07016404010973643,False,0
10,-0.14178568972534666,False,0
11,-0.05577581499083428,False,0
12,-0.22705348937743258,False,0
13,-0.04702458794754871,False,0
14,-0.2205266780304838,False,0
15,-0.08903272955775116,False,0
-6,-0.2787193628995428,False,0
-5,0.2450798839802948,False,0
-4,0.033639478919248234,False,0
-3,-0.11478791129850796,False,0
-2,-0.06408795387148292,False,0
-1,0.16345052756016087,False,0
0,0.28469810172927845,False,0
1,0.3846605688637499,False,0
2,0.12351686376742543,False,0
3,0.1913415109820752,False,0
4,0.11580651802117337,False,0
5,0.03381691743157511,False,0
6,-0.17673427432240907,False,0
7,0.11506218987525796,False,0
-7,-0.1027243486986541,False,1
-6,-0.051168813451651696,False,1
-5,0.15389316215030574,False,1
-4,0.06725899845958955,False,1
-3,-0.10934307495605328,False,1
-2,0.263516656711598,False,1
-1,0.19320358520524755,False,1
0,0.1028507304713075,False,1
1,0.16072705060529385,False,1
2,0.18844440779219024,False,1
3,0.03589210206273047,False,1
4,-0.029887264820937176,False,1
5,0.2583374894615538,False,1
-8,-0.06745817685636657,False,1
-7,-0.0040749389668458535,False,1
-6,0.12633349473811395,False,1
-5,0.10521195914248505,False,1
-4,-0.02031481739007024,False,1
-3,0.07965008046086097,False,1
-2,0.274038353266995,False,1
-1,-0.06203238054891108,False,1
0,0.2164960485175036,False,1
1,-0.042226061205964116,False,1
2,0.001976965778129336,False,1
3,0.07282380038405156,False,1
4,0.012863864507458689,False,1
5,-0.01317653351729875,False,1
6,0.006677801451115073,False,1
7,-0.048645399640409925,False,1
-4,-0.1218280140294088,False,1
-3,-0.020970068986095658,False,1
-2,0.14279808301550428,False,1
-1,0.13940213913097282,False,1
0,0.20865228759605542,False,1
1,0.23244655832016187,False,1
2,0.08549553165603446,False,1
3,0.053951809201382595,False,1
4,0.20075361203599879,False,1
5,0.17831592694240256,False,1
6,0.22433624170585648,False,1
7,0.20725155833653147,False,1
8,0.01961996790748377,False,1
9,0.22161915173693753,False,1
10,-0.07860878329323878,False,1
11,0.0997734425418782,False,1
-8,-0.07878559390240591,False,1
-7,0.005606046596806635,False,1
-6,0.07317954730559922,False,1
-5,-0.06851412296267934,False,1
-4,-0.06520188537597477,False,1
-3,-0.14689505153897475,False,1
-2,-0.13062542499485585,False,1
-1,0.44240965056487963,False,1
0,0.4138348625404353,False,1
1,0.3067547215893082,False,1
2,0.33925546290497727,False,1
3,0.18024903845308576,False,1
4,0.1511990397890703,False,1
5,0.2078731997223197,False,1
6,0.21622117903393917,False,1
7,0.5025889291110601,False,1
8,0.12283781269110722,False,1
-4,0.06773200498487075,False,1
-3,-0.11363068215213995,False,1
-2,0.0458986771672692,False,1
-1,0.18684100913966822,False,1
0,0.26818609289068124,False,1
1,0.24207522533946485,False,1
2,0.23580489457079284,False,1
3,0.030302508203896905,False,1
4,0.47343691761539247,False,1
5,0.1734951205676269,False,1
6,0.19310745852614025,False,1
7,0.14813546418220752,False,1
8,0.0985278672715269,False,1
9,0.2180870434555558,False,1
10,0.14075537585973802,False,1
11,-0.22666066744076616,False,1
12,-0.043086627509238695,False,1
13,0.21022610234029665,False,1
14,0.39187062159288494,False,1
15,0.3836647156077366,False,1
-5,0.18510752528807617,False,1
-4,-0.1235224040900148,False,1
-3,-0.061585121198061255,False,1
-2,0.0927598035605901,False,1
-1,0.28357432201774324,False,1
0,0.15244592812643165,False,1
1,0.1484323994925386,False,1
2,0.11577569256197562,False,1
3,0.28859078938439253,False,1
4,0.2716221224737466,False,1
5,0.053529405273481157,False,1
6,0.10963675414730956,False,1
7,0.18328249050849055,False,1
-8,0.02615909420309792,False,1
-7,-0.01640547936319714,False,1
-6,-0.038851939147308,False,1
-5,0.013958712756621805,False,1
-4,0.056645378798678925,False,1
-3,-0.07336271927944582,False,1
-2,0.27945163573008186,False,1
-1,0.09439763759628111,False,1
0,0.0432012532435756,False,1
-8,0.010501295765879937,False,3
-7,0.03256829208862172,False,3
-6,-0.14903522687904508,False,3
-5,-0.06988297243077102,False,3
-4,0.045576055298307605,False,3
-3,-0.08719278104546102,False,3
-2,0.3384667251280509,False,3
-1,0.11077594786131334,False,3
0,0.30119664572192734,False,3
1,0.4887937220090514,False,3
2,0.20881916326718936,False,3
-5,0.16629750908609886,True,3
-4,-0.033509988624053855,True,3
-3,-0.1327875204620449,True,3
-2,0.17101174955188392,True,3
-1,0.10526459735099025,True,3
0,0.1811344371732002,True,3
1,0.14760901642475044,True,3
2,0.14002915402289617,True,3
3,0.2483460068424609,True,3
4,0.2076889534550479,True,3
5,0.3019157702023474,True,3
6,-0.10341573142786481,True,3
-4,0.08962409037642977,False,3
-3,-0.030565702246607485,False,3
-2,-0.05905838812982206,False,3
-1,0.29401969066907835,False,3
0,0.3155735500376175,False,3
1,0.24467188182349736,False,3
2,0.5503109036281484,False,3
3,0.35486788533806785,False,3
4,0.08530153853860206,False,3
5,0.19044655006793415,False,3
6,0.2336631208882633,False,3
7,0.07562319730840233,False,3
8,0.13798472117477167,False,3
9,0.2494142677253947,False,3
10,0.010492131447906006,False,3
-8,-0.2423725272098447,False,3
-7,-0.1313639537632894,False,3
-6,-0.26020393599605945,False,3
-5,-0.00070490827783809,False,3
-4,-0.018083586716344024,False,3
-3,0.08128090175808578,False,3
-2,0.11285985910147911,False,3
-1,0.1357784017060506,False,3
0,0.17339352018694976,False,3
1,0.08273489434248626,False,3
-5,0.04009686260831591,False,3
-4,0.06696626688029755,False,3
-3,-0.10706312948861338,False,3
-2,0.20263718037372352,False,3
-1,0.2539366356432003,False,3
0,0.4391007891473904,False,3
1,0.34296441412857376,False,3
2,0.35584475424666445,False,3
3,0.38472079131726095,False,3
4,0.26563058641464693,False,3
5,0.21451706829717537,False,3
6,0.13815696020587542,False,3
7,0.30734091739517294,False,3
8,0.46136473702370656,False,3
9,0.3130811605817592,False,3
10,0.3010221381444877,False,3
11,0.3249905142581478,False,3
12,0.21686419873756008,False,3
13,0.29721722295460756,False,3
14,0.3911029889666329,False,3
15,0.30331153736306976,False,3
-8,0.11537530056119827,False,3
-7,-0.13428151691444268,False,3
-6,-0.010575074892248626,False,3
-5,-0.1468770994685567,False,3
-4,-0.0640164199734351,False,3
-3,-0.05349499634140964,False,3
-2,0.13880448059745132,False,3
-1,0.21793841718404838,False,3
0,0.032465959893966057,False,3
1,-0.05952951810322604,False,3
2,0.09194278025539104,False,3
3,0.0008639896795248347,False,3
4,-0.037377206787616024,False,3
5,0.017761034741494486,False,3
-5,0.3233049550411271,False,3
-4,-0.025981320988110235,False,3
-3,-0.297323634053017,False,3
-2,0.02067831623003169,False,3
-1,0.22483267840541932,False,3
0,0.4757776131714103,False,3
1,0.40831133506570605,False,3
2,0.46601282841845326,False,3
3,0.3894535008103146,False,3
4,0.3593464421906759,False,3
5,0.16394440888825546,False,3
6,0.4331981058403477,False,3
7,0.4377564154706244,False,3
8,0.43628712530665004,False,3
9,0.18897256058887302,False,3
10,0.10248797438588164,False,3
-5,0.02233321540121397,False,3
-4,-0.09638196610900152,False,3
-3,0.07404875070778733,False,3
-2,0.14269463810446176,False,3
-1,0.07061081241622952,False,3
0,0.26650865325471945,False,3
1,0.09958665454570964,False,3
2,0.176104538436673,False,3
3,0.16904629598813364,False,3
4,0.23352605161029777,False,3
5,0.1866530188007552,False,3
6,0.15501884512478709,False,3
7,0.23361452515260578,False,3
8,0.030247486961709924,False,3
9,0.08821476933803757,False,3
10,0.2158595559817424,False,3
11,0.2858878561555515,False,3
12,0.213642626756607,False,3
13,0.1707519920380211,False,3
-8,-0.10082223063171242,False,3
-7,0.08290837824525571,False,3
-6,0.04708143739449394,False,3
-5,0.02291124179386711,False,3
-4,-0.02644898326654732,False,3
-3,-0.01982367767545895,False,3
-2,0.11528519017090794,False,3
-1,0.08097731812298398,False,3
-8,0.06573852740639319,False,3
-7,0.01625655266050674,False,3
-6,-0.08199508006689982,False,3
-5,0.10846673060546874,False,3
-4,-0.025887428863285766,False,3
-3,-0.04728441524241822,False,3
-2,0.1034113585807207,False,3
-1,0.20228406223551743,False,3
0,0.17747304065712544,False,3
1,0.28330914731805745,False,3
2,0.21040098500855386,False,3
3,-0.13999981398351447,False,3
4,0.186701375012849,False,3
5,0.2265180512730106,False,3
6,0.03834122257724071,False,3
7,0.1016320102164261,False,3
8,-0.18893856270413384,False,3
9,0.08292435422076438,False,3
-8,-0.0731153737619763,False,4
-7,0.015316404052785226,False,4
-6,-0.0882704570612487,False,4
-5,0.0077500908933036405,False,4
-4,-0.0994008479050939,False,4
-3,-0.0011851510365044615,False,4
-2,-0.1472042198465473,False,4
-1,0.23250007196291606,False,4
0,0.5292777419317685,False,4
-8,0.06520463522750886,False,4
-7,-0.009544407349174555,False,4
-6,-0.029933533320706696,False,4
-5,0.12158120968673325,False,4
-4,0.1310996603906417,False,4
-3,-0.0690984151469683,False,4
-2,0.20220109535715025,False,4
-1,0.11245111067943714,False,4
0,0.12961403100423108,False,4
-5,0.07713328894114357,False,4
-4,-0.11538775923011058,False,4
-3,0.03825447028896711,False,4
-2,0.2803518922263082,False,4
-1,-0.0033645705004786697,False,4
0,0.17715784274288982,False,4
1,0.2408654692788138,False,4
2,0.17489662470289324,False,4
3,-0.03292953358647133,False,4
4,0.08549623065518475,False,4
5,0.12999866603571375,False,4
6,0.16971848356973163,False,4
7,0.22226757675488618,False,4
8,0.014257789219496053,False,4
-8,0.10805181104993372,True,4
-7,-0.1904907367723659,True,4
-6,-0.10353259049318259,True,4
-5,-0.15034263274592974,True,4
-4,-0.0948423715319352,True,4
-3,-0.15348402197419575,True,4
-2,-0.05736583467578593,True,4
-1,0.24894706928936655,True,4
0,0.2129310340695985,True,4
1,0.14731317589511178,True,4
2,0.2618343760098037,True,4
3,0.189349150232003,True,4
4,0.3465018719001938,True,4
-8,-0.019061224766619755,False,4
-7,0.04024972889877987,False,4
-6,-0.018287436267299062,False,4
-5,-0.1897415113088446,False,4
-4,-0.12729159433005055,False,4
-3,-0.03838820776699481,False,4
-2,0.08451463161306966,False,4
-1,0.26501986688510865,False,4
0,0.3898196100518179,False,4
1,0.20197408062837346,False,4
2,0.29202940068419797,False,4
3,0.10073901856744122,False,4
4,0.11323170574961844,False,4
5,-0.11052599435690108,False,4
6,0.17518051239864224,False,4
7,-0.04041095670234207,False,4
8,0.10319746008123848,False,4
9,0.10479163577275269,False,4
10,0.1070230307236793,False,4
-7,0.06621591943394078,True,4
-6,-0.11075776969344964,True,4
-5,0.044541850259509075,True,4
-4,0.23259543799561933,True,4
-3,-0.03756799775087594,True,4
-2,-0.010173234427462208,True,4
-1,0.2305520941786946,True,4
0,0.2342849244438987,True,4
1,0.16352402155184298,True,4
2,0.012016069848109767,True,4
3,0.20903743096801908,True,4
4,0.25126154511396925,True,4
5,0.01993171909242475,True,4
6,0.23655129670494235,True,4
7,0.07173921170631259,True,4
8,-0.04966824059711794,True,4
-5,0.25812091393619707,False,4
-4,-0.15892620969614712,False,4
-3,-0.09919470424005011,False,4
-2,0.04129769767094782,False,4
-1,0.37154194181471645,False,4
0,0.10504002511671195,False,4
1,0.020008877672683667,False,4
2,0.05742474657536667,False,4
3,0.026045558233800614,False,4
4,0.14035390436234185,False,4
5,0.23891966034122414,False,4
6,0.010643395037022385,False,4
7,-0.0011710685105535967,False,4
8,-0.07080215741659218,False,4
9,-0.04480886902641845,False,4
10,-0.2751302486487364,False,4
11,-0.15675829783146505,False,4
12,0.13510546567036674,False,4
13,0.036146570108278486,False,4
14,0.21907271383907945,False,4
-5,0.03272000784236384,False,4
-4,0.022149103258385205,False,4
-3,-0.05486911110074921,False,4
-2,0.1812906762789106,False,4
-1,0.10678601769597657,False,4
0,0.28937900400868655,False,4
1,0.5458264919707138,False,4
2,0.20350005908380164,False,4
3,0.2052755123899056,False,4
4,0.04291970718033289,False,4
5,0.1021228855765739,False,4
6,0.3166796902527226,False,4
7,0.1930564143455522,False,4
8,0.3491141862819288,False,4
9,0.28657558394220817,False,4
10,0.04015066100101672,False,4
11,0.16809540047439409,False,4
12,0.014824126147613248,False,4
-6,-0.04564011389568734,False,4
-5,-0.036659509136301116,False,4
-4,0.08229962303198846,False,4
-3,-0.033837403519626774,False,4
-2,0.146336461866872,False,4
-1,0.014483198116166163,False,4
0,0.26263773244190036,False,4
1,0.3007151206197096,False,4
2,0.09122608467997106,False,4
3,0.19233643959221813,False,4
4,0.0007647910822109472,False,4
5,0.10765274094666066,False,4
6,0.0825837644904559,False,4
7,-0.11622980784421677,False,4
8,0.1975109032766803,False,4
9,-0.008621648571301155,False,4
-6,0.08077802647760424,True,6
-5,0.08887451687805159,True,6
-4,-0.16965254335565583,True,6
-3,-0.07530253697264844,True,6
-2,0.17048196834557272,True,6
-1,0.17831770908388977,True,6
0,0.3868589355028024,True,6
1,0.18081255607476787,True,6
2,0.09839864000573711,True,6
-8,-0.027832989649672624,True,6
-7,-0.12269251145495541,True,6
-6,0.0344349423029644,True,6
-5,0.07001447318533333,True,6
-4,0.006082673517166404,True,6
-3,0.014025336850304548,True,6
-2,-0.16490224541858783,True,6
-1,0.4142671756071746,True,6
0,0.3756325396239147,True,6
1,-0.24869464945803635,True,6
2,-0.1016480026900975,True,6
3,-0.2045943416215547,True,6
-4,-0.1555518572043923,False,6
-3,-0.013515109283282867,False,6
-2,0.1690669664876751,False,6
-1,0.05468886346447882,False,6
0,0.1891996757581404,False,6
1,0.035206566645987425,False,6
2,-0.0808341205956647,False,6
3,0.034305201722038436,False,6
4,-0.03279641925240662,False,6
5,0.04444711214104302,False,6
6,0.03902639641264671,False,6
7,0.0473842512517304,False,6
8,0.05642142440311598,False,6
9,-0.026012393333752326,False,6
10,-0.09080251547952306,False,6
11,0.09588013974951509,False,6
-8,0.015062514343565314,False,6
-7,0.11563591221926967,False,6
-6,0.12763042320350299,False,6
-5,-0.06214856099240518,False,6
-4,-0.09745787229373826,False,6
-3,-0.21074028683672646,False,6
-2,0.054289116754563216,False,6
-1,0.2216980394976304,False,6
0,0.18197729070468943,False,6
1,-0.031041823572475202,False,6
2,0.2660601649991832,False,6
3,0.17270601415075632,False,6
4,0.23728771897285633,False,6
5,0.1275881585472876,False,6
6,0.17089222671728527,False,6
-6,-0.0649487618147459,False,6
-5,-0.09905197063260385,False,6
-4,0.1640007324473497,False,6
-3,-0.07940430526638598,False,6
-2,0.12141255187360489,False,6
-1,0.21069681345581937,False,6
0,0.19855025695898854,False,6
1,0.08635918246570573,False,6
2,0.13623296713043875,False,6
3,0.3267685944846941,False,6
4,0.11682975790470329,False,6
5,0.14547655351611233,False,6
6,0.33884703401111893,False,6
7,0.14047982598306075,False,6
8,0.17595531304730427,False,6
9,0.3226727137507851,False,6
-7,0.18656136245080718,False,6
-6,-0.0460157573256213,False,6
-5,-0.14054560512518588,False,6
-4,-0.1125500435134748,False,6
-3,-0.01000962550876694,False,6
-2,0.045066934185796104,False,6
-1,0.2898635268961038,False,6
0,0.11146358180776467,False,6
1,0.008820372938325605,False,6
2,0.09666981014841475,False,6
3,0.15607540685634486,False,6
4,0.25224689857259625,False,6
5,0.08237543854333784,False,6
6,0.4488395319598812,False,6
7,0.22238351197349576,False,6
-8,-0.01738018432504762,False,6
-7,-0.21090671016410617,False,6
-6,-0.10182269977754654,False,6
-5,-0.21680946105489024,False,6
-4,-0.34041322061022117,False,6
-3,-0.2979545511256172,False,6
-2,0.059862615405011754,False,6
-1,0.28016664423398413,False,6
0,0.15720564355684846,False,6
1,0.1688899632723589,False,6
2,0.07448317252653175,False,6
3,0.2129634214544362,False,6
-7,0.16544134792034415,False,6
-6,-0.13297926428834078,False,6
-5,-0.032462083632003313,False,6
-4,0.017019001625683705,False,6
-3,-0.01123211620281811,False,6
-2,0.12617751423934387,False,6
-1,-0.013258202638296024,False,6
0,0.28278447717600386,False,6
1,0.1583219202999473,False,6
2,0.12568802016234087,False,6
3,0.2841112656901036,False,6
4,0.30102685164150655,False,6
5,0.41875151208704353,False,6
6,0.17714501453636944,False,6
7,0.048689906185022,False,6
8,0.17355063292965933,False,6
9,0.24965811771861446,False,6
10,0.12732047577781713,False,6
11,0.17905149034179368,False,6
-5,-0.11054131726452049,False,6
-4,0.12267129513486164,False,6
-3,-0.01212997787034098,False,6
-2,0.09299103643258677,False,6
-1,0.2924818260002945,False,6
0,0.06327849449488243,False,6
1,0.16941723604267223,False,6
2,0.03804070854493413,False,6
3,0.022644529781379985,False,6
4,0.018412808564369443,False,6
5,0.08893199767780247,False,6
6,0.06609621478519012,False,6
7,0.09023384156157166,False,6
8,0.16776388097381734,False,6
9,0.20850337212190495,False,6
10,0.061003008811160164,False,6
11,0.05240432916205717,False,6
12,0.10385038932425117,False,6
13,0.08665963817863909,False,6
-7,0.15380119325460662,False,6
-6,0.020940914519550602,False,6
-5,-0.1747421077741571,False,6
-4,0.07528450744400905,False,6
-3,0.07755882020024263,False,6
-2,0.17953918703454597,False,6
-1,0.021263039894071745,False,6
0,0.17827268123176765,False,6
1,0.134360403161218,False,6
2,0.1324579801128255,False,6
3,0.06183557694221087,False,6
4,0.21359475103332826,False,6
5,0.019698783286773103,False,6
6,0.262926677047123,False,6
7,0.1633316287990758,False,6
8,0.37900012653532067,False,6
9,0.19510992754997858,False,6
10,0.32337818927079587,False,6
11,0.09420665087553126,False,6
12,0.2153217180933502,False,6
-6,0.10313050998201123,False,6
-5,-0.04514571850924398,False,6
-4,-0.05798479147276736,False,6
-3,-0.10552441027584741,False,6
-2,0.04794938101162588,False,6
-1,0.2086686542728619,False,6
0,0.25399707082075623,False,6
1,0.17355579186683873,False,6
2,0.0947294221808399,False,6
3,0.07055675853840288,False,6
4,0.2646822848879315,False,6
5,0.29249326469477893,False,6
6,0.2802169469938835,False,6
7,0.2632005091972485,False,6
8,0.1941458146234732,False,6
9,0.2229018008715577,False,6
10,0.21511266309159588,False,6
-4,0.040275135699899434,False,7
-3,-0.00473212007171947,False,7
-2,-0.03554301562818002,False,7
-1,0.3707292997170963,False,7
0,0.324408400766449,False,7
1,0.22339665348322602,False,7
2,0.28223133011048945,False,7
3,0.22459198714655582,False,7
4,0.31360730930052555,False,7
5,0.1708735359865059,False,7
6,0.33624363562658804,False,7
7,0.15166477841067033,False,7
-8,-0.02706431829435013,False,7
-7,-0.09282775482143485,False,7
-6,-0.16806146305053823,False,7
-5,-0.09980886550484969,False,7
-4,-0.04904034585645001,False,7
-3,0.08377041265565,False,7
-2,0.047225436442974555,False,7
-1,0.23125560437414028,False,7
0,0.09864958593781503,False,7
1,0.14214263219238055,False,7
2,-0.006395434500114594,False,7
3,0.05601536647787242,False,7
4,0.0852248579614438,False,7
5,0.029320378618306275,False,7
6,0.22649566028486945,False,7
7,0.35020121682002237,False,7
8,0.09535933997269741,False,7
9,0.14550377919885782,False,7
10,0.27677466402596074,False,7
-6,-0.02790322492780517,False,7
-5,-0.053726581581124144,False,7
-4,0.0816298065089292,False,7
-3,0.07124250691421197,False,7
-2,0.0885017326925498,False,7
-1,0.12483068702085104,False,7
0,0.22658323233637906,False,7
1,0.047644823747614584,False,7
2,0.0625481601307365,False,7
3,0.14845029465104703,False,7
4,0.25989072397341334,False,7
5,0.20087673682432755,False,7
6,0.2303908123935588,False,7
7,0.13950967728794889,False,7
-5,-0.015528776186405968,False,7
-4,0.007699598908693095,False,7
-3,0.007829177277712929,False,7
-2,0.14854337516919947,False,7
-1,0.20745515369151157,False,7
0,0.20193647724708141,False,7
1,-0.1553576702715559,False,7
2,0.0633608705036377,False,7
3,-0.13559031530720306,False,7
4,-0.17640188889692493,False,7
5,-0.23206668849693196,False,7
6,-0.06428103327758183,False,7
7,0.09720701373961493,False,7
8,-0.24708006169687263,False,7
9,-0.18031887170970834,False,7
10,-0.1749410907629088,False,7
-6,0.08559102858433876,False,7
-5,0.028408880808350245,False,7
-4,-0.11399990939268898,False,7
-3,-0.00305944893697091,False,7
-2,-0.008518428443940351,False,7
-1,0.3184940173320521,False,7
0,0.08420228645032946,False,7
1,-0.003068613979997359,False,7
2,0.3084780498358087,False,7
3,0.18414176105371505,False,7
4,-0.003948502934706666,False,7
5,0.22308390738029565,False,7
6,0.40766062677523135,False,7
7,0.4961322899431017,False,7
8,0.19323653981940092,False,7
9,0.32431603811154514,False,7
10,0.33267061675047366,False,7
-8,-0.1779630708291164,False,7
-7,-0.03812245509768797,False,7
-6,-0.04497053733116119,False,7
-5,-0.17180571460885224,False,7
-4,-0.14068689825689368,False,7
-3,-0.09747091065559571,False,7
-6,0.035988838615410246,False,7
-5,-0.048779831173181354,False,7
-4,0.012790992557771053,False,7
-3,-0.2587722022822627,False,7
-2,0.2551325172449629,False,7
-1,0.1754066871076797,False,7
0,0.022680961281290934,False,7
1,0.08438351708476088,False,7
2,-0.05769886544576425,False,7
3,0.1751271287884687,False,7
4,-0.15848620212412545,False,7
5,-0.03322958197576786,False,7
6,-0.030204835361081095,False,7
-8,0.18283366967503983,False,7
-7,0.02262333069131489,False,7
-6,-0.0032153888546140874,False,7
-5,0.08063873831198759,False,7
-4,0.039389879076873024,False,7
-3,-0.08814216272733344,False,7
-2,0.19777466393213,False,7
-1,0.07255655521129217,False,7
0,0.20200620876742842,False,7
1,0.1836003746229516,False,7
-8,0.07694058942503196,False,7
-7,-0.11493724740669559,False,7
-6,-0.2062738220125609,False,7
-5,-0.21265024442331193,False,7
-4,0.14826783439568952,False,7
-3,0.09226676331674971,False,7
-2,-0.0356491357280615,False,7
-1,0.16737472467528974,False,7
0,0.2596203633289493,False,7
1,-0.07351670590919729,False,7
2,-0.12768773229560487,False,7
3,-0.1128207831548464,False,7
4,-0.059529878712370476,False,7
5,0.15332628625392014,False,7
6,0.2081895093799117,False,7
7,0.014091627050983602,False,7
8,0.12053047638970366,False,7
9,-0.12699194282707665,False,7
-4,0.011236284041109434,False,7
-3,-0.03412009854760245,False,7
-2,0.022883814506493128,False,7
-1,0.1977911074612279,False,7
0,0.2982899681227898,False,7
1,0.3374166858707211,False,7
2,0.1816962381126616,False,7
3,0.19041662375691054,False,7
4,-0.02460208335114178,False,7
5,-0.04453045085228663,False,7
6,0.3913094347057691,False,7
7,0.2826822540257559,False,7
8,-0.05991554871217575,False,7
9,0.19569425589767037,False,7
10,0.30523936869638596,False,7
11,0.1877151890122159,False,7
12,-0.004647314097603827,False,7
13,0.27360514591898094,False,7
14,0.32187009387887516,False,7
15,0.1585355456501783,False,7
-5,0.07417104607013858,False,7
-4,0.02543108589014409,False,7
-3,-0.09960213196028261,False,7
-2,0.05652785209324346,False,7
-1,0.22566374969109526,False,7
0,0.32495451545928244,False,7
1,0.21515435002316718,False,7
2,0.34613612874248867,False,7
3,0.319520925347605,False,7
4,0.2666091580889953,False,7
5,0.1783222053329716,False,7
6,0.2733737740369565,False,7
7,0.15444238946989375,False,7
8,0.27574071021375346,False,7
9,0.21163168628478468,False,7
10,0.19382041028245522,False,7
11,0.15097495919444937,False,7
12,0.2871648453737695,False,7
13,0.1948908536798858,False,7
14,0.15309578797058176,False,7
15,0.1272481795092193,False,7
-5,0.059239540722344275,False,9
-4,-0.03828128545249754,False,9
-3,-0.020958255269846737,False,9
-2,0.21203481683740816,False,9
-1,0.1314355476258659,False,9
0,0.45857838211158825,False,9
1,0.0498663662867142,False,9
2,0.2814083905354717,False,9
3,0.2608708423257963,False,9
4,0.2622417842094497,False,9
5,0.24453988820831146,False,9
6,0.45501434258956047,False,9
7,0.3136524396656128,False,9
8,0.27999652317881135,False,9
-8,0.12226005352051345,False,9
-7,-0.12130171609000764,False,9
-6,0.041838363143250734,False,9
-5,0.10061627939846346,False,9
-4,0.05056072690687807,False,9
-3,-0.0013815444019704137,False,9
-2,-0.1352433412971637,False,9
-1,0.33315804727347825,False,9
0,0.18025718236491778,False,9
1,-0.22203794294154375,False,9
2,0.16218268210204395,False,9
3,-0.2691775138569259,False,9
4,0.10422467518438544,False,9
5,0.05695500243475593,False,9
-6,0.1524555313590656,False,9
-5,-0.07673081885384991,False,9
-4,-0.07572471250521551,False,9
-3,-0.06858153326499639,False,9
-2,0.04937852623569783,False,9
-1,0.21098536860145478,False,9
0,0.3862625054194456,False,9
1,0.2096770016549485,False,9
2,0.2448758956054914,False,9
3,-0.008307552705798193,False,9
4,0.1373646460690104,False,9
5,0.22816857820830982,False,9
6,0.05849937391927623,False,9
7,0.14416628834637557,False,9
8,-0.003859978937147346,False,9
-7,0.013862678718446653,False,9
-6,-0.006178399922844857,False,9
-5,-0.00768427879560174,False,9
-4,0.016310789844947604,False,9
-3,0.00612428002047799,False,9
-2,0.06580450295417578,False,9
-1,0.1405311733166023,False,9
0,0.20384721455944194,False,9
1,0.16872452463828908,False,9
2,0.20071168135588008,False,9
3,0.25030097841108534,False,9
4,0.2110348833813429,False,9
5,0.2300043796313581,False,9
6,0.05397275077988645,False,9
7,0.007475625829807819,False,9
8,0.35516956374734676,False,9
-8,0.01903145803403722,False,9
-7,-0.14319308903465044,False,9
-6,0.1138267324513394,False,9
-5,-0.023558125364140203,False,9
-4,0.01394017996238095,False,9
-3,-0.19934849729580065,False,9
-2,0.07273941925655963,False,9
-1,0.2010904100893421,False,9
0,0.1275355425608405,False,9
1,-0.15649442137034192,False,9
2,-0.2730557529814166,False,9
3,-0.09639811575291696,False,9
4,-0.06433427712856848,False,9
5,0.18320035606918578,False,9
6,0.0004468248809985642,False,9
7,-0.13854005847974293,False,9
8,0.20595607334694216,False,9
9,0.07029760871595808,False,9
10,-0.14534624931895423,False,9
-4,-0.09505392376041355,False,9
-3,-0.010709899757978869,False,9
-2,0.10576382351839242,False,9
-1,0.21472759150109227,False,9
0,0.3127460706088601,False,9
1,0.1254961647086042,False,9
2,-0.15649020233912386,False,9
3,0.1936411089041536,False,9
4,0.32201687429062414,False,9
5,-0.052803182131968274,False,9
6,0.08360943779536684,False,9
7,0.07458065773959804,False,9
8,0.02885791245619851,False,9
-6,-0.08692678012222765,False,9
-5,-0.005374770151938213,False,9
-4,0.09230155027416603,False,9
-3,-0.03959664497178572,False,9
-2,0.163308166683178,False,9
-1,-0.028499812510324463,False,9
0,0.30477848774273025,False,9
1,0.34745151782449707,False,9
2,0.12557022035351523,False,9
3,-0.030170287122562978,False,9
4,0.1436606568069007,False,9
5,-0.1903769527381508,False,9
6,0.057340099680101564,False,9
7,0.15425401389915777,False,9
8,0.13176183647602607,False,9
-8,-0.050098088499143656,False,9
-7,0.031324245824657426,False,9
-6,0.04346913269830477,False,9
-5,0.008722326031322503,False,9
-4,-0.15890527734483728,False,9
-3,-0.32548589399306954,False,9
-2,-0.2686525780473022,False,9
-4,0.0840861624876528,False,9
-3,-0.0750085249657235,False,9
-2,-0.009077637521929277,False,9
-1,0.4087635257269385,False,9
0,0.3508310739681907,False,9
1,0.22340312397932507,False,9
2,0.17537708748265876,False,9
3,0.3707794250466918,False,9
4,0.3724343354968004,False,9
5,0.2887978112715782,False,9
6,0.25438537805501005,False,9
7,0.18799300653960485,False,9
8,0.25410446309448853,False,9
9,0.2878264062519146,False,9
10,0.18337021862035172,False,9
11,0.20550869522886075,False,9
12,0.27785644245701624,False,9
13,0.28601195710328753,False,9
14,0.35016890559375613,False,9
15,0.3523692617944857,False,9
-5,0.19617061499695093,True,10
-4,-0.02299938500736265,True,10
-3,-0.17317122998958842,True,10
-2,0.03670931578109171,True,10
-1,0.11101434197261822,True,10
0,0.3612298064647405,True,10
1,0.16077701194398086,True,10
2,0.332409272307756,True,10
3,0.17792049629017714,True,10
4,0.12218463803598734,True,10
-8,-0.03987589624985444,False,10
-7,-0.09677782458651268,False,10
-6,-0.052777766227942835,False,10
-5,-0.20433942601484018,False,10
-4,-0.038881709432657674,False,10
-3,-0.20548153424816812,False,10
-2,0.0109792971629743,False,10
-1,0.147770972504211,False,10
0,0.22502525066077939,False,10
1,0.2112770726187777,False,10
2,0.15941339715176128,False,10
3,0.17271125576641766,False,10
4,-0.22245621668549562,False,10
5,-0.1306353687689732,False,10
6,-0.05240809786705791,False,10
7,0.0338124541735243,False,10
-5,-0.12989801977322762,False,10
-4,0.1139383167753239,False,10
-3,0.01595970299790367,False,10
-2,0.060495941699046374,False,10
-1,0.21469284531661548,False,10
0,0.10839358832181573,False,10
1,-0.028754736276987936,False,10
2,0.17638878445034745,False,10
3,0.04746114794386702,False,10
4,0.20991205970691673,False,10
5,0.3232423073070564,False,10
6,0.1813194061748195,False,10
7,0.06500867906799124,False,10
8,0.2523723444668122,False,10
9,0.22165523149273292,False,10
10,0.06870151949307929,False,10
11,0.24536623017666004,False,10
12,0.18383838561903953,False,10
13,0.06105264435377289,False,10
14,0.061017964322509555,False,10
15,0.061403136949700066,False,10
-8,-0.1773900742707531,False,10
-7,0.13351101620086636,False,10
-6,-0.15615692411798776,False,10
-5,0.26096086601696566,False,10
-4,-0.23366660198788541,False,10
-3,0.17788867247803974,False,10
-2,0.37335046373442393,False,10
-1,-0.26056812806532037,False,10
0,0.41059231402489593,False,10
1,-0.20231675381122266,False,10
2,0.15684262854155662,False,10
3,0.3312378828196142,False,10
-8,0.09972184988950078,False,10
-7,-0.12976374374614152,False,10
-6,0.030041893856640633,False,10
-5,0.04690889670718518,False,10
-4,0.011016878474484015,False,10
-3,-0.06312864797349943,False,10
-2,0.25341523779060054,False,10
-1,-0.017984628360657673,False,10
0,0.24878285351712998,False,10
1,0.2742087130211935,False,10
2,0.16602329946363564,False,10
3,0.15140416326498057,False,10
4,0.3576214907904964,False,10
5,0.09822059435217079,False,10
6,0.08358639766161552,False,10
7,0.17866587197261713,False,10
8,0.0757269828789548,False,10
9,0.06723290695563033,False,10
10,0.062153761916420414,False,10
11,-0.028867094216464884,False,10
12,-0.01390587473860766,False,10
13,-0.07013873447873992,False,10
14,-0.12569628056354065,False,10
-8,0.16524894886586822,False,10
-7,-0.16142788114069992,False,10
-6,-0.00382106772516827,False,10
-5,0.11067336489916318,False,10
-4,-0.11474976367188208,False,10
-3,-0.08759378894100311,False,10
-2,-0.03349128428066461,False,10
-1,0.2942096237265634,False,10
0,0.2307244765822976,False,10
1,0.24225810215761706,False,10
2,0.26763626990750317,False,10
-8,0.24792020993559166,False,10
-7,-0.25475890308258514,False,10
-6,-0.027205036581841646,False,10
-5,-0.13289509853023831,False,10
-4,0.10584990244738651,False,10
-3,-0.020380027582226456,False,10
-2,-0.025575584420311936,False,10
-1,0.15227909709562687,False,10
0,0.406265389197548,False,10
1,0.2880595599881735,False,10
2,-0.10143127970954374,False,10
3,-0.011837361897103604,False,10
4,0.2256889321702769,False,10
5,-0.10929242797864114,False,10
-6,0.10788151698439563,False,10
-5,-0.14384165472394358,False,10
-4,0.03596013773954809,False,10
-3,-0.09802936286798003,False,10
-2,0.13859816603516006,False,10
-1,0.12754023991739016,False,10
0,0.2261887395401036,False,10
1,-0.11562510822027516,False,10
2,-0.02725230655398736,False,10
3,0.12768170623409947,False,10
4,0.3670448390869859,False,10
5,0.27584533804138284,False,10
6,0.32540214341037205,False,10
7,0.2422473846999233,False,10
8,0.3030773912202526,False,10
9,0.24764775740308248,False,10
10,0.19835968946440324,False,10
11,0.09743823979462801,False,10
12,0.11805639618686792,False,10
13,0.10117767087778168,False,10
14,0.04303529619727342,False,10
15,0.0030678779214940444,False,10
-4,-0.001814477405785886,False,10
-3,-0.05638870141556784,False,10
-2,0.058203178821353674,False,10
-1,0.2278158013064268,False,10
0,0.11887155986447129,False,10
1,0.08386550485954936,False,10
2,-0.11009638207256481,False,10
3,-0.0958774568638801,False,10
4,0.016536574837902662,False,10
5,0.23129315336383965,False,10
6,0.32989454647671707,False,10
7,0.08994703815116678,False,10
8,0.0628418578217545,False,10
9,0.16463562534994208,False,10
10,0.021162488594976547,False,10
11,0.14770451245484467,False,10
12,0.24798699644442573,False,10
13,0.2505053058278894,False,10
14,0.4566007646069205,False,10
15,0.2544941215409507,False,10
-5,0.09685852844770249,True,12
-4,-0.09747774110357439,True,12
-3,0.0006192126558718647,True,12
-2,0.22592254653647975,True,12
-1,0.11042758973735617,True,12
0,0.14222930835528197,True,12
1,0.4437914836462832,True,12
2,0.16472976620364338,True,12
-8,-0.09702012742434737,True,12
-7,-0.029729157901119574,True,12
-6,-0.017970155606979316,True,12
-5,0.021758399726537925,True,12
-4,-0.19347991176116225,True,12
-3,-0.0957072202229006,True,12
-2,0.07670336139765443,True,12
-1,0.26709712778525646,True,12
0,0.19511527960769526,True,12
1,0.1886267887877875,True,12
2,0.039378162038342934,True,12
-8,-0.008552579395945614,False,12
-7,0.0268810212808151,False,12
-6,-0.14738727978547767,False,12
-5,-0.11652824780044241,False,12
-4,-0.17517907417728942,False,12
-3,0.03651307689649114,False,12
-2,0.03476020990675127,False,12
-1,0.2732876164432713,False,12
0,0.13042581711255707,False,12
1,-0.07383469910835949,False,12
2,0.13512698716587734,False,12
3,0.1048643467476118,False,12
4,0.20683091099711765,False,12
5,0.3408139909132422,False,12
6,0.21319762060069153,False,12
7,0.20434860663842763,False,12
8,0.18855482930958284,False,12
9,0.21837062368869714,False,12
10,0.07482070763888776,False,12
11,0.12103670348373607,False,12
12,0.014202267218211828,False,12
-8,-0.08917885765782738,False,12
-7,-0.09805065874443697,False,12
-6,-0.17476156972051388,False,12
-5,-0.15437764425724304,False,12
-4,0.03863979358274894,False,12
-3,0.13194708940859262,False,12
-2,0.12007175657000246,False,12
-1,0.05514557043421642,False,12
0,0.24628704588619815,False,12
1,-0.006882223584881442,False,12
2,0.19451071704354744,False,12
3,0.2472067852017656,False,12
4,0.3746819675629363,False,12
5,0.20454153130709568,False,12
6,0.20202841376010833,False,12
7,0.1993568783640734,False,12
8,0.21265542453315162,False,12
9,0.1803572020078577,False,12
10,0.18805579655955867,False,12
-8,-0.13479257585528623,False,12
-7,-0.2660409893730281,False,12
-6,-0.24997861139948127,False,12
-5,-0.1944495755356282,False,12
-4,-0.22222606318957627,False,12
-3,-0.12225885433018052,False,12
-2,0.20769561068957648,False,12
-1,0.19803329005122078,False,12
0,0.24027472260750943,False,12
1,0.19871000002878908,False,12
-8,0.038010765807087066,False,12
-7,0.020320311820089754,False,12
-6,0.080634817221447,False,12
-5,-0.051414465237553,False,12
-4,0.14906508832314252,False,12
-3,0.14329225953883618,False,12
-2,0.05411721765872379,False,12
-1,-0.059702880593924035,False,12
0,0.3806449525096884,False,12
1,0.2627046832055739,False,12
-8,-0.04348144152290434,False,12
-7,-0.05819232823178827,False,12
-6,-0.06923903983751195,False,12
-5,-0.02503831062852907,False,12
-4,0.06251958059654866,False,12
-3,0.06057244459555472,False,12
-2,0.00436525091014045,False,12
-1,0.11932896170317542,False,12
0,0.3210485731683328,False,12
1,0.22059802508808002,False,12
-4,-0.02941364212883646,False,13
-3,-0.10455744129474458,False,13
-2,0.1339710834235811,False,13
-1,0.13077209746717405,False,13
0,0.15109570710105907,False,13
1,0.2654679260022191,False,13
2,0.03303199387292263,False,13
3,0.15112801264832626,False,13
4,0.3369329274062606,False,13
5,0.1480023431526558,False,13
6,-0.0632842196829062,False,13
7,0.1021314911952218,False,13
8,0.1894595595274589,False,13
9,0.41205220839707013,False,13
10,0.13078927008859859,False,13
11,0.1289533534833488,False,13
12,0.23808636281614448,False,13
13,0.22342699427191565,False,13
-8,0.06892648791325895,False,13
-7,-0.06654798634796166,False,13
-6,-0.08378403166085707,False,13
-5,-0.0164404680115684,False,13
-4,-0.03940305758291229,False,13
-3,0.07041902269847061,False,13
-2,0.037701416274957045,False,13
-1,0.1867962667016606,False,13
0,0.24810493739871287,False,13
1,-0.06533435045793451,False,13
2,0.11568715531800422,False,13
3,0.18291486160774195,False,13
4,0.2641490129489007,False,13
5,0.2926168291217349,False,13
6,0.16886803265957206,False,13
-8,0.07075380287250307,True,13
-7,0.1312616104515882,True,13
-6,-0.026427428949015175,True,13
-5,-0.007795329402756401,True,13
-4,-0.048981491971808205,True,13
-3,-0.13365870798378937,True,13
-2,0.12946988345003987,True,13
-1,0.2427267575497409,True,13
0,0.25553577944328587,True,13
1,0.22444170907323205,True,13
2,0.41195424574606765,True,13
3,0.10256066203155498,True,13
4,-0.012919772364238385,True,13
-8,-0.07806398578963986,False,13
-7,0.09822454736448127,False,13
-6,0.112939413818412,False,13
-5,-0.16981072029202393,False,13
-4,-0.11508667406305162,False,13
-3,0.04275383283241535,False,13
-2,0.008956739140038694,False,13
-1,0.05804441597867943,False,13
0,0.3998833196565015,False,13
1,0.22136798218048448,False,13
2,-0.13832593448680758,False,13
3,-0.06966307388573506,False,13
4,-0.13680026789326633,False,13
5,-0.10067474197092213,False,13
6,-0.22471011932543977,False,13
7,-0.17201163050205687,False,13
8,-0.35298329583707266,False,13
-8,0.08717222163515151,False,13
-7,0.08526535779939251,False,13
-6,-0.03172409520121208,False,13
-5,-0.15047769226046961,False,13
-4,0.03416183935183151,False,13
-3,-0.1311059485725617,False,13
-2,0.09202864631204713,False,13
-1,0.2827776143212194,False,13
0,0.3561487996576872,False,13
1,0.06459929799850747,False,13
2,0.07493140561506637,False,13
3,-0.005930471636032664,False,13
4,0.46823498626405946,False,13
5,0.27729186691161534,False,13
6,0.19596906666863792,False,13
7,0.3492232068238079,False,13
8,0.24124625365549082,False,13
9,0.5320723282267388,False,13
10,0.5715957672341163,False,13
-5,0.14195101098847085,False,13
-4,-0.07047583243077567,False,13
-3,-0.0714751785576952,False,13
-2,0.28074770875472504,False,13
-1,0.16146048526518614,False,13
0,0.26608728881192695,False,13
1,0.34217006076900713,False,13
2,0.3882262545632351,False,13
3,0.3947764288990304,False,13
4,0.37030784400151706,False,13
5,0.058461732341766576,False,13
6,0.19962083989859053,False,13
7,-0.044029596715140285,False,13
8,0.13521252601231398,False,13
9,0.3746175559491476,False,13
10,0.3499364312307367,False,13
11,0.209342292314529,False,13
12,0.3086604890928281,False,13
13,0.2543066992973566,False,13
14,0.3021149110962658,False,13
15,0.16937439728099463,False,13
-4,0.12407678106213463,False,13
-3,-0.052871005321829326,False,13
-2,-0.0712057757403053,False,13
-1,0.20720900306584442,False,13
0,0.25552349854381995,False,13
1,0.45820259116252504,False,13
2,0.3418848224589266,False,13
3,0.24407112969105263,False,13
4,0.2617476975404128,False,13
5,0.21825167046308516,False,13
6,0.2968522332317789,False,13
7,0.009307782558024752,False,13
8,0.16304413160545464,False,13
9,0.1587690342828645,False,13
10,0.18559434249995374,False,13
11,0.2205923203190737,False,13
12,0.18865953467179472,False,13
13,0.07665906467903058,False,13
-8,-0.10850727598812948,False,13
-7,-0.059982717562308135,False,13
-6,0.05923804393277354,False,13
-5,-0.10186538158460687,False,13
-4,-0.11168996574055909,False,13
-3,0.004053245950161155,False,13
-2,0.0765812806593153,False,13
-1,0.13925360288388183,False,13
0,0.23894937168536118,False,13
1,0.13123947091146215,False,13
2,0.12306288668540821,False,13
3,0.09772836030350696,False,13
4,0.09029268663107076,False,13
5,0.00927191720924142,False,13
6,0.10483838928464201,False,13
7,-0.030230300121801168,False,13
8,0.10537973918827787,False,13
9,0.32315027904331056,False,13
10,0.05836322866301524,False,13
11,0.15913244213075073,False,13
-4,0.08071134254847351,False,13
-3,-0.003908003768873569,False,13
-2,-0.07680333877959991,False,13
-1,0.3312834611769075,False,13
0,0.21169808069578389,False,13
1,0.3513790479839814,False,13
2,0.09109989683126984,False,13
3,0.21098769938589362,False,13
4,0.19071836909780665,False,13
5,0.43108102718459756,False,13
6,0.45357967849649866,False,13
7,0.41776531529604594,False,13
8,0.354793466023372,False,13
9,0.171808243650319,False,13
10,0.20684863532180403,False,13
11,0.4091287086488939,False,13
12,0.3909677622689473,False,13
13,0.29840692110874617,False,13
14,0.24039865066426586,False,13
15,0.37070029295682766,False,13
-8,0.0006198070363904185,True,15
-7,0.014850971863240303,True,15
-6,0.028001474458973385,True,15
-5,-0.13540822150881293,True,15
-4,-0.05611284562370886,True,15
-3,0.05421050568458907,True,15
-2,-0.06467709851431969,True,15
-1,0.27612916845441016,True,15
0,0.2768197070791206,True,15
1,0.059892191072133616,True,15
2,0.22234296385733376,True,15
-8,0.032471394290749994,True,15
-7,-0.06623531159656107,True,15
-6,-0.001718977589351911,True,15
-5,-0.08279514629160248,True,15
-4,-0.0932545045556787,True,15
-3,-0.14050076281441654,True,15
-2,0.15411962683510222,True,15
-1,0.3020724009913488,True,15
0,0.08500017562162937,True,15
-8,-0.0013120609072699851,False,15
-7,-0.029053629026446204,False,15
-6,-0.05362922678165083,False,15
-5,-0.04891672709421435,False,15
-4,-0.17753332381282427,False,15
-3,-0.14428225333988154,False,15
-2,-0.2603413278156269,False,15
-1,-0.12626729559837024,False,15
-8,0.03197630385184441,False,15
-7,0.1124415686447236,False,15
-6,0.07352343499589137,False,15
-5,0.024939501158298405,False,15
-4,0.08055764984908187,False,15
-3,-0.1658117325324857,False,15
-2,0.16449223524096712,False,15
-1,0.16783374875740337,False,15
0,0.1614903203914142,False,15
1,0.12926007392590588,False,15
2,-0.0023413402624123947,False,15
3,0.0050635508167442556,False,15
4,0.021708613319299686,False,15
5,0.15066859802089438,False,15
-8,0.07104248403641361,False,15
-7,0.07448649353025733,False,15
-6,0.2043275458448911,False,15
-5,0.028381661089125154,False,15
-4,-0.103526783656057,False,15
-3,-0.11266351946984984,False,15
-2,-0.009987743803543836,False,15
-1,0.21689698717083422,False,15
0,0.34742198672102936,False,15
1,0.24189596865244206,False,15
2,0.09297731198819786,False,15
3,0.23069567065805435,False,15
4,0.1914558275798246,False,15
5,0.08437242920535926,False,15
6,-0.004350375544870333,False,15
7,0.05333265011431193,False,15
-8,-0.06213907738881752,False,15
-7,-0.10917276359935593,False,15
-6,0.0633345476058014,False,15
-5,0.06858466931633603,False,15
-4,0.0007425342204988861,False,15
-3,-0.15243105316361813,False,15
-2,0.02884850679156689,False,15
-1,0.22531852195478627,False,15
0,0.4185757092684339,False,15
1,0.1445916855631276,False,15
2,0.39360316775800475,False,15
3,0.28676067111076275,False,15
4,0.25322859918256446,False,15
5,0.039839841727016406,False,15
6,0.15943213422422767,False,15
7,0.15242650170175623,False,15
8,0.24294476615820862,False,15
9,0.15704776263306772,False,15
-5,0.11490353318656765,False,15
-4,-0.03399372999839234,False,15
-3,-0.08090980318817576,False,15
-2,0.18625451999447695,False,15
-1,0.17683858595506097,False,15
0,0.1400236323164592,False,15
1,0.10976613579868122,False,15
2,0.16600831068234045,False,15
3,0.29619215664709253,False,15
4,0.3719889730285443,False,15
5,0.17831753672651762,False,15
6,0.23284527564984392,False,15
7,0.19963669136357054,False,15
8,0.28486423062653443,False,15
9,0.1064415335884411,False,15
-5,-0.03596727474716516,False,15
-4,0.07939409653808993,False,15
-3,-0.043426821790924774,False,15
-2,0.09853586171977358,False,15
-1,0.23958899850166715,False,15
0,0.15654716255448398,False,15
1,0.14207955833105962,False,15
2,0.27934107354691684,False,15
3,0.19311859589750868,False,15
4,0.17041319879850347,False,15
5,0.19625978092485563,False,15
6,0.049519367960130456,False,15
7,-0.04462495131677191,False,15
8,-0.04938122447115023,False,15
9,0.05041909570067077,False,15
10,0.1522302270721948,False,15
11,0.14735334838676767,False,15
12,0.1819178792398617,False,15
13,0.25264346484186884,False,15
-5,0.19712657998456773,False,16
-4,-0.1475969160353687,False,16
-3,-0.049529663949199026,False,16
-2,0.04929674499909409,False,16
-1,0.3398288473725457,False,16
0,0.10771195280815787,False,16
1,-0.11258310310343905,False,16
2,0.02480291770370363,False,16
3,0.0826578488003798,False,16
4,0.14569385172357435,False,16
5,0.10108460971746347,False,16
6,-0.003374403318487651,False,16
7,-0.0739909503118509,False,16
8,0.17352319468933314,False,16
9,-0.08677923045974512,False,16
10,0.15677171770302106,False,16
11,0.06143491836231657,False,16
12,0.19921638349423004,False,16
13,0.10267572535775127,False,16
14,0.1237639483553944,False,16
15,0.02894198311724394,False,16
-8,0.18040997549929655,False,16
-7,-0.00040155743682537826,False,16
-6,-0.00918913854693365,False,16
-5,0.05280433621172109,False,16
-4,0.12398785605657375,False,16
-3,0.07694244671856998,False,16
-2,0.055565203231137617,False,16
-1,0.06928033354144852,False,16
0,0.36848108895936516,False,16
-4,0.11847265984859565,False,16
-3,-0.05415275042955203,False,16
-2,-0.06431990941904353,False,16
-1,0.2786583994247047,False,16
0,0.20156822946018596,False,16
1,0.2827253010347408,False,16
2,0.07336030161454435,False,16
3,0.17901551512526812,False,16
4,0.1760645401726673,False,16
5,0.119007428112657,False,16
6,0.06017304516394631,False,16
7,-0.0009245239453589682,False,16
8,-0.10229703254335151,False,16
9,0.1136933122031348,False,16
10,0.09512559451835531,False,16
11,-0.031900376636203265,False,16
12,-0.09626385752871687,False,16
13,-0.15544931337148762,False,16
14,-0.10851833773742149,False,16
15,-0.16307685355954735,False,16
-6,0.09761932658797748,False,16
-5,-0.02507061858734963,False,16
-4,-0.07254870800062788,False,16
-3,0.1282576947804853,False,16
-2,0.08602711384293135,False,16
-1,0.1430861983178431,False,16
0,0.1544626320400395,False,16
1,0.045128069579679214,False,16
2,0.15691480692017348,False,16
3,0.17280186145018336,False,16
4,0.05166765322303621,False,16
5,-0.041061873919329306,False,16
6,0.03987473024544194,False,16
7,0.081396410527213,False,16
8,-0.05369382328817077,False,16
9,-0.13614044865229885,False,16
10,-0.08702960309879795,False,16
11,-0.1033189586516205,False,16
12,-0.18850813230212576,False,16
13,-0.20645417092629892,False,16
14,-0.17703238205791147,False,16
15,-0.2171497110008091,False,16
-8,0.07204079355645748,False,16
-7,-0.05461129594767966,False,16
-6,-0.21990252658295464,False,16
-5,-0.17653265577308305,False,16
-4,-0.11423340009347496,False,16
-3,-0.16930307796618813,False,16
-2,0.12276631969724322,False,16
-1,0.258803346493905,False,16
0,0.1680081226482092,False,16
1,0.12817256786963033,False,16
2,0.15126370213925766,False,16
3,-0.13304209056030403,False,16
4,0.05268415659052489,False,16
5,0.18312481184472928,False,16
6,0.13604650908965532,False,16
7,0.09119048125316725,False,16
8,-0.04456961586194935,False,16
9,-0.07626423925186032,False,16
-8,-0.1184429606216651,False,16
-7,0.15234905816904432,False,16
-6,-0.04090629522390221,False,16
-5,0.06743531547352366,False,16
-4,0.10194450554379825,False,16
-3,0.05408771274221735,False,16
-2,0.02463686563311568,False,16
-1,0.17531252499457728,False,16
0,0.2713346557276457,False,16
1,-0.10681334754229035,False,16
-8,0.0382703866119965,False,16
-7,0.24434244812881756,False,16
-6,-0.14566967576916315,False,16
-5,0.003494717395689295,False,16
-4,-0.08346230067450772,False,16
-3,-0.21175570493273135,False,16
-2,0.2985639438419623,False,16
-1,0.13407384492084906,False,16
0,0.03424224415575433,False,16
1,-0.05194646327595975,False,16
2,-0.011519094298911459,False,16
-8,-0.11679883425608328,False,16
-7,-0.07888915943660607,False,16
-6,0.1207691246906421,False,16
-5,0.05451232180454013,False,16
-4,-0.0967595508245293,False,16
-3,0.06697146415845756,False,16
-2,-0.04321608691986811,False,16
-1,0.0697211739718826,False,16
0,0.36428513233929044,False,16
1,0.20212441651171004,False,16
2,0.1630616264725931,False,16
3,0.050096616608905076,False,16
4,0.12791214687035773,False,16
5,0.06851125571314948,False,16
-8,-0.21288084198774654,False,16
-7,0.07761191869870748,False,16
-6,-0.11534259676754169,False,16
-5,0.19664984366959043,False,16
-4,0.1169185295804393,False,16
-3,-0.13204037561426654,False,16
-2,0.259009601685627,False,16
-1,0.2324173498935504,False,16
0,-0.05189046974939843,False,16
1,-0.006024338736655255,False,16
2,0.0016961981366103718,False,16
3,-0.047160860450307596,False,16
4,0.22109130541801564,False,16
-8,0.06392595756330033,False,16
-7,0.03167631063545029,False,16
-6,-0.06799219609802701,False,16
-5,0.16294994264807677,False,16
-4,0.051889316369643335,False,16
-3,0.047862587821650815,False,16
-2,0.09843479294896479,False,16
-1,0.17016191614327852,False,16
0,0.3727275678543855,False,16
1,0.17890162113833108,False,16
-8,0.02458159418663103,False,18
-7,0.0689343050397967,False,18
-6,0.07969040752824452,False,18
-5,-0.07011976935308062,False,18
-4,-0.11190719807331573,False,18
-3,-0.008656038748676986,False,18
-2,0.12865895934755356,False,18
-1,0.14244365951820792,False,18
0,0.11963071381930102,False,18
1,0.026684351937629414,False,18
2,0.04079875743348016,False,18
3,0.07201566284567507,False,18
4,0.06354517239600149,False,18
5,-0.10673232912480085,False,18
6,0.16739189851901437,False,18
7,-0.11651000717123938,False,18
8,-0.09644004397686867,False,18
9,-0.18847921805983525,False,18
10,-0.18495394914050328,False,18
-4,0.05724384405803995,False,18
-3,-0.06844824350864531,False,18
-2,0.011204399450605362,False,18
-1,0.36752629646168966,False,18
0,0.25216228615169367,False,18
1,0.2504765903168021,False,18
2,0.24639913236582484,False,18
3,0.22612685913988834,False,18
4,0.14299009247559452,False,18
5,0.1825797418742845,False,18
6,0.3587321100894155,False,18
7,0.22903890754987616,False,18
8,0.10648849482473921,False,18
-8,-0.1407035904444051,False,18
-7,-0.2807127703485625,False,18
-6,-0.16167122960344193,False,18
-5,-0.2723424171887098,False,18
-4,-0.36313574218586575,False,18
-3,-0.1091266476585726,False,18
-2,-0.0029805626566864474,False,18
-1,0.23685553808095294,False,18
0,0.156351118305891,False,18
1,0.05932840358265967,False,18
2,-0.19319235441328148,False,18
3,-0.36521232736456816,False,18
4,-0.058991175931854656,False,18
5,-0.2216585260444056,False,18
6,-0.17069989194591922,False,18
-8,0.022221772375973642,True,19
-7,-0.07051485936329888,True,19
-6,0.04829308698732518,True,19
-5,-0.06266053949634284,True,19
-4,-0.10667097214615512,True,19
-3,-0.15118073097416992,True,19
-2,0.1310581904777702,True,19
-1,0.1852119349734417,True,19
0,0.35844710161130555,True,19
1,0.21379630193555146,True,19
2,0.3887923343365335,True,19
3,0.22889728419311375,True,19
4,0.29831235341917905,True,19
5,0.045467085552436975,True,19
-8,0.06702885202820602,False,19
-7,0.06278665271098582,False,19
-6,-0.03346027998064405,False,19
-5,-0.042766988343331924,False,19
-4,-0.19079836615373094,False,19
-3,-0.23311477917354137,False,19
-2,0.16625983966836066,False,19
-1,0.12848550844826417,False,19
0,0.24322086965613388,False,19
1,-0.014341744192586381,False,19
2,-0.010636484929065382,False,19
3,-0.08810531919893597,False,19
4,-0.22234323318023697,False,19
5,0.07942495626852752,False,19
6,0.00939937380482786,False,19
-8,-0.06961639228535205,False,19
-7,-0.05598089356952407,False,19
-6,-0.06630874024203162,False,19
-5,0.10545831446878884,False,19
-4,-0.08114893413476532,False,19
-3,-0.09333654420353199,False,19
-2,0.1631539278167255,False,19
-1,0.2086012576499775,False,19
0,0.13132952558243222,False,19
1,0.05887863132780646,False,19
2,-0.1228567059640868,False,19
3,-0.0941439378424464,False,19
4,-0.09806826750055589,False,19
5,-0.023522150693048527,False,19
6,-0.06336134848867864,False,19
7,-0.017346906001433404,False,19
8,-0.07006989249449286,False,19
9,-0.12781653194476483,False,19
10,-0.0980723684011647,False,19
11,-0.19064242376447016,False,19
-8,-0.10279200711959596,False,19
-7,-0.09715510215430506,False,19
-6,0.05109022690534515,False,19
-5,-0.10909630553042507,False,19
-4,0.1460021414367021,False,19
-3,8.573837422559683e-05,False,19
-2,0.030234998739159358,False,19
-1,0.2835144318808947,False,19
0,0.12858107215039855,False,19
1,0.06528312196689717,False,19
2,-0.10613474021101493,False,19
3,-0.05688753448389969,False,19
4,0.09994621574864954,False,19
5,0.08581367065146378,False,19
6,-0.014087243300012486,False,19
-8,0.04312114332523154,False,19
-7,-0.14376811430885467,False,19
-6,0.17529466911145164,False,19
-5,-0.09161166602886922,False,19
-4,0.026908140586104856,False,19
-3,-0.19238992984607114,False,19
-2,0.05711000917138098,False,19
-1,0.157672180900839,False,19
-8,-0.28307159568177365,False,21
-7,-0.048221803810538005,False,21
-6,-0.14494630996600133,False,21
-5,-0.2784607990059775,False,21
-4,-0.14769238480503752,False,21
-3,-0.2833941224595274,False,21
-2,0.03461208694911094,False,21
-1,0.014613997329502304,False,21
-8,0.02896839447388777,False,21
-7,-0.16649152924717242,False,21
-6,-0.041847365955051424,False,21
-5,0.10661256078868786,False,21
-4,0.0255210785758741,False,21
-3,0.05369463024974097,False,21
-2,0.06464212351008747,False,21
-1,0.14711559138262204,False,21
0,0.1634297886810822,False,21
1,0.06826277691216309,False,21
2,-0.033015335662950646,False,21
3,0.02879822365163659,False,21
4,0.07266269132268255,False,21
5,0.004871761164052857,False,21
-4,0.13769638626054992,False,21
-3,-0.04886694761159223,False,21
-2,-0.08882943864895772,False,21
-1,0.22464594162746337,False,21
0,0.2648502000922825,False,21
1,0.18003473150051869,False,21
2,0.27941587486000824,False,21
3,0.23278514998144983,False,21
4,0.21964334403666497,False,21
5,0.15864963675787297,False,21
6,0.09003801047421048,False,21
7,0.08833405526806792,False,21
8,-0.049899728406831656,False,21
9,-0.030082223924258814,False,21
10,-0.06627933195399863,False,21
11,-0.07877342107898926,False,21
12,-0.09923463238394739,False,21
13,-0.1175213819801991,False,21
14,-0.13047746642595248,False,21
15,-0.12800765785799859,False,21
-8,-0.14750411215131431,False,21
-7,-0.36112990340128587,False,21
-6,-0.047265012388240435,False,21
-5,-0.16557784769625183,False,21
-4,0.17873891278824672,False,21
-3,0.037252895514113704,False,21
-2,-0.05458395898167889,False,21
-1,0.2338705088986326,False,21
0,0.23141234556384027,False,21
1,0.13457774382021315,False,21
2,0.021757501814414826,False,21
3,-0.16649054372213745,False,21
4,-0.14617224608928758,False,21
5,-0.10724605709081003,False,21
6,-0.2649133230639408,False,21
7,-0.3972779360965234,False,21
8,-0.34384190245705026,False,21
9,-0.44543686301694985,False,21
10,0.0824879718069299,False,21
11,-0.21470429521031287,False,21
12,-0.34315639218997773,False,21
13,-0.33179483218979217,False,21
14,-0.1707807311857782,False,21
-8,-0.09245899168280797,False,21
-7,0.057503510178556344,False,21
-6,-0.011044398822204593,False,21
-5,-0.02625137298801644,False,21
-4,0.13195724080585783,False,21
-3,0.012466600039989617,False,21
-2,-0.044507835949749414,False,21
-1,0.25951946427782413,False,21
0,0.19226641293467758,False,21
1,0.09171494929469168,False,21
2,0.24376497179102505,False,21
3,0.1295348269959473,False,21
4,0.2653828379351807,False,21
-7,-0.07680553877841387,False,21
-6,0.17186167818123857,False,21
-5,-0.09505613940282467,False,21
-4,-0.0715479861444707,False,21
-3,0.017552127816033797,False,21
-2,-0.01369843355690284,False,21
-1,0.22259605629697984,False,21
0,0.2981307184791404,False,21
1,0.18168528852078744,False,21
2,0.2685889497453895,False,21
3,0.40639113847533925,False,21
4,0.06681881243675628,False,21
5,0.08326296418354415,False,21
6,0.09689373783287539,False,21
-8,0.13352390507722497,True,22
-7,-0.0905845768961224,True,22
-6,-0.04293932818110252,True,22
-5,0.028295110612601676,True,22
-4,-0.13627700679647403,True,22
-3,-0.10173586650056143,True,22
-2,0.3633145287316395,True,22
-1,0.10886679887013792,True,22
0,-0.06452468725590191,True,22
1,0.17942026712597828,True,22
-8,-0.06373108811511125,True,22
-7,-0.07153491921562385,True,22
-6,-0.09078670738567174,True,22
-5,-0.14723846875852542,True,22
-4,-0.16974722137726983,True,22
-3,-0.058923653161665396,True,22
-2,0.19617620096761082,True,22
-1,0.1719191129356383,True,22
0,0.010533058191834699,True,22
1,-0.0032170658309742806,True,22
2,0.16030121741696232,True,22
3,0.010086709024505425,True,22
4,-0.0037202837286632873,True,22
5,0.06203699762232598,True,22
6,0.1147041282759588,True,22
7,-0.046369711189865936,True,22
-8,0.021740634970405875,True,22
-7,-0.12270756951918606,True,22
-6,-0.10751312583110285,True,22
-5,0.055632008101092784,True,22
-4,-0.12433192564514288,True,22
-3,0.018186506613013437,True,22
-2,0.09936397814244738,True,22
-1,0.17100178291457166,True,22
0,0.11462733876475387,True,22
1,0.08946864794207152,True,22
2,0.2407277193783611,True,22
3,0.32219639461401406,True,22
4,0.20084476614068617,True,22
-8,-0.036374869430304296,False,22
-7,-0.08096535533896138,False,22
-6,-0.0719188053780721,False,22
-5,0.04375622646601249,False,22
-4,-0.013858965603541329,False,22
-3,0.0697759500686703,False,22
-2,0.06163338196046095,False,22
-1,0.12134509346185682,False,22
0,0.21944468693983157,False,22
1,0.06383808313937048,False,22
2,0.10798047080095188,False,22
3,-0.01675828119624931,False,22
4,0.047137489569292895,False,22
-8,-0.00659231004755223,False,22
-7,-0.01096335549269492,False,22
-6,0.017555665540247067,False,22
-5,-0.12836087055051465,False,22
-4,-0.11414264367007454,False,22
-3,0.03718200451706,False,22
-2,0.18488351993325397,False,22
-1,0.046583870670490246,False,22
0,0.17586037400158466,False,22
1,0.010089497533756708,False,22
2,-0.1067045922573154,False,22
3,-0.12735393375676937,False,22
4,0.14525223731195558,False,22
5,0.07417119695034263,False,22
-7,0.0038934322600770177,False,22
-6,-0.06472617529138451,False,22
-5,0.060832743031307424,False,22
-4,0.14919228211556712,False,22
-3,0.004656934964550302,False,22
-2,-0.045078982428128606,False,22
-1,0.2507096946553427,False,22
0,0.20017864102670918,False,22
1,0.20770489233993916,False,22
2,0.1536042986160684,False,22
3,0.20653823938824473,False,22
4,0.1087118267085409,False,22
5,0.21472810450105012,False,22
6,0.22304716438935673,False,22
7,0.1769278109112068,False,22
8,0.32622936789544793,False,22
9,0.2715989498363166,False,22
10,0.20385790256455216,False,22
11,0.15595006204492878,False,22
12,0.1702361780793578,False,22
13,0.21155629579041646,False,22
-8,-0.21067441327283343,False,22
-7,0.020187650476964775,False,22
-6,-0.09177217801988327,False,22
-5,-0.09606499725118728,False,22
-4,-0.12699932305045353,False,22
-3,-0.00517500602616941,False,22
-2,0.0909662022935144,False,22
-1,0.12055787568959928,False,22
0,0.18586011656270388,False,22
1,0.07348882091851691,False,22
2,0.013891900960459974,False,22
3,0.05503943996710606,False,22
4,0.06010985948021677,False,22
5,0.10606040714418266,False,22
6,0.04054870744741387,False,22
7,0.022886095135160905,False,22
8,0.028041007800532786,False,22
9,-0.03500573616471769,False,22
10,-0.12806449551536164,False,22
11,-0.1548324958430075,False,22
12,-0.16682006843871816,False,22
13,-0.1833742802035914,False,22
14,-0.18803260455057014,False,22
-4,0.06539578145843278,False,24
-3,-0.05521277821648471,False,24
-2,-0.010183003241948013,False,24
-1,0.18665935428831612,False,24
0,0.20498206430950536,False,24
1,0.14400882220401276,False,24
2,0.005577308369588335,False,24
3,0.2832490813563229,False,24
4,0.19471817250480558,False,24
5,0.1352894695314287,False,24
6,0.10000482536762892,False,24
7,0.19606759763067919,False,24
8,0.09313161899209874,False,24
9,0.10394300668155468,False,24
10,0.12430175924532325,False,24
11,0.01741463210164859,False,24
12,-0.045352204945983424,False,24
13,-0.028096335027527536,False,24
14,-0.08790720534447687,False,24
15,-0.11301754368870484,False,24
-8,0.01770208184283778,False,24
-7,0.04343279652264434,False,24
-6,0.04478763293295249,False,24
-5,0.18213515340786393,False,24
-4,0.12785572957000105,False,24
-3,-0.04722370106551543,False,24
-2,0.12796993509771956,False,24
-1,0.20012594480981552,False,24
0,0.24289915323650754,False,24
1,0.2193785591165788,False,24
2,0.24508816572567846,False,24
-8,0.053864415802357124,False,24
-7,-0.054454120453399646,False,24
-6,0.13842558848898112,False,24
-5,0.018251902207232384,False,24
-4,0.009302921352560167,False,24
-3,0.024452580254029854,False,24
-2,0.1903769433780288,False,24
-1,0.13581451017611357,False,24
0,0.17764891303840274,False,24
1,0.09439003641230609,False,24
2,-0.008736177006197277,False,24
3,0.15557531793967994,False,24
4,-0.007497692214066265,False,24
5,0.0009958252603684548,False,24
6,-0.02617289727379668,False,24
-5,0.07703038486871586,True,25
-4,-0.05381131687750587,True,25
-3,-0.023219067991209985,True,25
-2,0.16999903137317904,True,25
-1,0.2084842759282479,True,25
0,0.08185679792727199,True,25
1,0.02164026886617504,True,25
2,0.01690327944234804,True,25
3,-0.0537203656729332,True,25
-8,-0.09310241637949684,False,25
-7,0.009581097228424651,False,25
-6,0.13409512161781587,False,25
-5,-0.07166576403589214,False,25
-4,-0.09543099907499439,False,25
-3,0.016105578632491208,False,25
-2,0.16621580086979956,False,25
-1,0.14572867269392484,False,25
0,0.08547346588612789,False,25
-8,-0.262686927835996,False,25
-7,-0.2831805133229206,False,25
-6,-0.20793340103605834,False,25
-5,0.1295168036692183,False,25
-4,-0.2425577154816635,False,25
-3,-0.25018912226207257,False,25
-2,0.02852905397217803,False,25
-1,0.2778486968093133,False,25
0,0.19304397355945008,False,25
1,0.19162968182510237,False,25
2,0.34379957481116713,False,25
3,0.2203557320196428,False,25
4,0.005363668905175645,False,25
5,-0.012863643923509305,False,25
-8,0.15814063872955994,False,25
-7,-0.09504310597273384,False,25
-6,0.14123986739144015,False,25
-5,-0.008817983538109808,False,25
-4,-0.030999336540891792,False,25
-3,0.06379527437503504,False,25
-2,0.08316734235782061,False,25
-1,0.13266116490370325,False,25
0,0.19651070753379388,False,25
1,0.14249023574930117,False,25
2,0.12816855440369376,False,25
3,-0.007542140199512798,False,25
4,0.05234855176368966,False,25
5,0.04173148299728299,False,25
6,-0.062215103618146556,False,25
7,-0.0791345640566622,False,25
8,-0.14965723558252259,False,25
-4,-0.05051083094731934,False,25
-3,-0.11221152623918743,False,25
-2,0.16272235718650674,False,25
-1,0.22264599538859464,False,25
0,0.12636769654559832,False,25
1,-0.00206313419341575,False,25
2,0.10377722683071305,False,25
3,0.0617461477779665,False,25
4,-0.06798703190225117,False,25
5,-0.05191812018075087,False,25
6,-0.060346168524519184,False,25
7,-0.10927083612652672,False,25
8,-0.16343735858705027,False,25
9,-0.1675032217725577,False,25
10,-0.10391039107920974,False,25
11,-0.18658850651145711,False,25
12,-0.23197144787027957,False,25
13,-0.21337685115508373,False,25
14,-0.2257410936695255,False,25
15,-0.15230466788022423,False,25
-8,0.0801191616886352,False,25
-7,0.106294231855733,False,25
-6,0.03393644246213462,False,25
-5,0.05089712942740804,False,25
-4,-0.052506550940374236,False,25
-3,0.09938546786482727,False,25
-2,0.04822858460508106,False,25
-1,0.190346876997658,False,25
0,0.22011684436048007,False,25
1,0.18890381312936372,False,25
2,0.3875587503003416,False,25
3,0.18049247393209095,False,25
-5,0.05003393554395966,False,25
-4,-0.024352343207929672,False,25
-3,-0.025681592336030012,False,25
-2,0.12339975560927477,False,25
-1,0.2337170214075642,False,25
0,0.432056350858144,False,25
1,0.07448027582924571,False,25
2,0.15646321976116237,False,25
3,0.2505683159311416,False,25
4,0.2705864011464457,False,25
5,0.21545326622082342,False,25
6,0.11817292677733207,False,25
7,0.2465652501607429,False,25
8,0.16953447881550857,False,25
9,0.15917797910605483,False,25
10,0.13049085892754017,False,25
11,0.009733353361859792,False,25
12,0.016266204398157208,False,25
13,-0.020646064679006065,False,25
14,0.18671907747179287,False,25
15,-0.029698776386517273,False,25
-8,-0.038891987619650153,False,27
-7,-0.04796958587321723,False,27
-6,-0.04688470220877605,False,27
-5,-0.07971640191992255,False,27
-4,-0.05225046190416033,False,27
-3,-0.06906850735784997,False,27
-2,0.04866274413062405,False,27
-1,0.10630078659388734,False,27
0,0.27878953093376935,False,27
-8,-0.059398950184876564,False,27
-7,-0.1058135392711805,False,27
-6,0.08632905498129467,False,27
-5,0.010909311206151129,False,27
-4,0.028083998748818784,False,27
-3,0.022907177061039813,False,27
-2,0.046824975966146376,False,27
-1,0.1987180021964411,False,27
0,0.25158767239196644,False,27
1,0.15571645322512961,False,27
2,0.15052013208569598,False,27
-8,-0.09893353897469706,True,28
-7,-0.1587521924066455,True,28
-6,-0.19604149134457377,True,28
-5,-0.10717526632790912,True,28
-4,0.010348335081896975,True,28
-3,-0.10495088018892126,True,28
-2,0.19134058894905923,True,28
-1,0.2622458081438157,True,28
0,0.10959573353556881,True,28
1,0.008372789826452481,True,28
-7,0.07304563783999599,True,28
-6,0.006442238651387294,True,28
-5,-0.07948787649138325,True,28
-4,-0.12225953436383678,True,28
-3,-0.1187251047517208,True,28
-2,0.03290112578905746,True,28
-1,0.31524564414485856,True,28
0,0.20884872952762998,True,28
1,0.19666444633392824,True,28
2,0.1616835223146659,True,28
3,0.13912601454791904,True,28
4,0.2749992552658973,True,28
5,0.23945182489716774,True,28
6,0.1781628266255804,True,28
7,-0.03927675147185117,True,28
8,0.046039918116776296,True,28
9,0.016883691940043938,True,28
-7,0.007749256479459399,False,28
-6,0.06342292412290162,False,28
-5,-0.07117218060236102,False,28
-4,-0.024512921751969396,False,28
-3,0.07240450093919845,False,28
-2,0.10572428232115924,False,28
-1,0.11091132266418455,False,28
0,0.16770896326870774,False,28
1,0.2007798235578175,False,28
2,0.0203785807327711,False,28
3,-0.035286929607026285,False,28
4,-0.09585397653124159,False,28
5,-0.13023039916347726,False,28
6,-0.14581214380184426,False,28
7,-0.15034405312544738,False,28
8,-0.15605910012348942,False,28
9,-0.158718740430252,False,28
10,-0.16171911949724324,False,28
11,-0.0033580801195140786,False,28
12,-0.14175498893439767,False,28
13,-0.15061442283536972,False,28
14,-0.15243879338872246,False,28
15,-0.15382012684209478,False,28
-8,-0.03391095914349651,False,28
-7,-0.12787532467576124,False,28
-6,-0.19828448856207856,False,28
-5,-0.22859694005519832,False,28
-4,-0.1315146982572904,False,28
-3,-0.14561649999815723,False,28
-2,0.10146700964223432,False,28
-1,0.23164265608443402,False,28
0,0.08305128885519875,False,28
1,0.1861394233264036,False,28
2,0.09963803370194013,False,28
3,0.03671967896244288,False,28
-5,0.10168695784620949,False,28
-4,-0.04390488101994136,False,28
-3,-0.057782076826268125,False,28
-2,0.10311182173886965,False,28
-1,0.22322322960624036,False,28
0,0.10972785304731608,False,28
1,0.27480676703634704,False,28
2,0.1421433918104038,False,28
3,0.026752308826065718,False,28
4,0.03600419154105919,False,28
5,0.030285633113319416,False,28
6,-0.0249068511738407,False,28
7,-0.02061148389102599,False,28
8,-0.043357030140755065,False,28
9,-0.07272703305859927,False,28
10,-0.09170712648498856,False,28
11,-0.09940880500748991,False,28
12,-0.05566029295874443,False,28
13,-0.0926818509050632,False,28
14,-0.10986394459930236,False,28
15,-0.1120980861563578,False,28
-8,-0.06964100978414281,False,28
-7,-0.0033071321483490457,False,28
-6,-0.04745116598318874,False,28
-5,-0.09962092953119746,False,28
-4,0.005662922461781572,False,28
-3,0.015057031807537175,False,28
-2,0.13443446350372276,False,28
-1,0.20780690288743545,False,28
0,0.14423007703141336,False,28
1,0.10007109601861844,False,28
2,0.047328446280439335,False,28
3,0.06261713057893567,False,28
4,-0.005422406716500572,False,28
5,-0.01524272362264012,False,28
6,0.01045619616641233,False,28
7,-0.009428641050430425,False,28
8,-0.04546876700185379,False,28
9,-0.015933907591335367,False,28
10,0.03171734839221757,False,28
11,-0.03635925834934206,False,28
12,-0.08272316710327819,False,28
13,-0.091057437393444,False,28
14,-0.1274319668254901,False,28
-7,-0.026177653932291073,False,28
-6,-0.010440332698668842,False,28
-5,0.0366179866309598,False,28
-4,-0.025982178031913383,False,28
-3,-0.09496402818228415,False,28
-2,0.13485358578436532,False,28
-1,0.2888688087159019,False,28
0,0.16719739680055515,False,28
1,0.2897041102636031,False,28
2,0.2070502612232474,False,28
3,0.1658534276617202,False,28
4,0.1171073924798112,False,28
5,0.12163762983800844,False,28
6,0.23945481723220816,False,28
7,0.16259258689588743,False,28
-8,0.06019761067662391,False,28
-7,-0.06092986037106199,False,28
-6,-0.1184146801386509,False,28
-5,-0.0996445090182347,False,28
-4,-0.08635458180146496,False,28
-3,0.030541655909413074,False,28
-2,0.07565995673185519,False,28
-1,0.19228480503610182,False,28
0,0.10889548801854695,False,28
1,0.07877198580020942,False,28
2,0.06375870091039168,False,28
3,0.03618223859407163,False,28
4,0.059317947557913114,False,28
5,0.01780995244591871,False,28
6,0.0005761809183738864,False,28
7,-0.017399748245486485,False,28
8,0.03492851827013002,False,28
9,-0.010187435077942147,False,28
-7,0.025698180251142122,False,30
-6,-0.05237581758086737,False,30
-5,0.02667763732972514,False,30
-4,-0.06336012286597818,False,30
-3,0.02145040807905771,False,30
-2,0.09940856867536227,False,30
-1,0.14573762113381164,False,30
0,0.19210329695194153,False,30
1,0.13511526203517724,False,30
2,0.16482940910648328,False,30
3,0.02338893652783125,False,30
4,0.022554111862669396,False,30
5,-0.03734257825535506,False,30
6,0.08761563493886312,False,30
7,-0.026890161605347324,False,30
8,-0.06334292905253382,False,30
-8,0.004050116234881412,False,30
-7,-0.02650257080683363,False,30
-6,-0.09508776646015404,False,30
-5,-0.15054248412889218,False,30
-4,-0.006873239573138762,False,30
-3,-0.08044017073815414,False,30
-2,0.05339661593577824,False,30
-1,0.20831768599625486,False,30
0,0.22033171292695256,False,30
1,0.06683927165361017,False,30
2,-0.02944164613269834,False,30
3,-0.08321715180614724,False,30
4,-0.10606376726375061,False,30
5,-0.09961028412337126,False,30
6,-0.12471610966583305,False,30
7,-0.13865799606598878,False,30
8,-0.16635382345575217,False,30
9,-0.15382217451209348,False,30
10,-0.1745307713431271,False,30
-4,0.016923576875316787,False,30
-3,-0.01174106957395829,False,30
-2,-0.005182507301358497,False,30
-1,0.23343287225651965,False,30
0,0.3792936342568577,False,30
1,0.34915516391595824,False,30
2,0.30975290761097174,False,30
3,0.20637934692620646,False,30
4,0.3075139882130497,False,30
5,0.37502553622903695,False,30
6,0.29493505116381075,False,30
7,0.2192839942214293,False,30
8,0.3614892148167873,False,30
9,0.1901171291761391,False,30
10,0.1123237764760187,False,30
11,0.036034871172961044,False,30
12,-0.004781460468857024,False,30
13,-0.03497371235031112,False,30
14,-0.04139428593921732,False,30
15,-0.04286943692380989,False,30
-4,0.010520254980572047,False,30
-3,0.033003152069577935,False,30
-2,-0.043523407050149995,False,30
-1,0.227176095281589,False,30
0,0.3291086321596914,False,30
1,0.23883202726953606,False,30
2,0.23096787300427468,False,30
3,0.14975440771960358,False,30
4,0.22075019569355375,False,30
5,0.33839139041279886,False,30
6,0.07146757968433334,False,30
7,0.3243596165724818,False,30
8,0.21653914988386413,False,30
9,0.29286946529026675,False,30
10,0.16860778014532318,False,30
11,0.10237905014938103,False,30
12,0.0031902234710897426,False,30
13,0.07086929262120731,False,30
-8,-0.0491709061492496,False,30
-7,-0.1380637762754498,False,30
-6,-0.17983943876324576,False,30
-5,-0.20514431127410232,False,30
-4,-0.20549863079974212,False,30
-3,-0.21440329604857758,False,30
-2,0.3344763220347338,False,30
-1,0.12577883558721764,False,30
0,0.13716295293230457,False,30
1,0.23788674194614462,False,30
2,0.11876319378606898,False,30
3,0.04817254020023004,False,30
4,0.05556409163829246,False,30
5,-0.06520759637019191,False,30
6,-0.19216881000544206,False,30
7,-0.2356767675717154,False,30
-8,-0.09537368208509464,False,30
-7,-0.15142624185960607,False,30
-6,-0.2158670683087068,False,30
-5,-0.20282741187382947,False,30
-4,-0.06483426148270449,False,30
-3,-0.09211206449489912,False,30
-2,0.04066649944020606,False,30
-1,0.1974556299813779,False,30
0,0.17222857963442695,False,30
1,-0.0005959368593875802,False,30
2,0.09711380344799242,False,30
3,-0.045121318796565335,False,30
4,0.01097367728629961,False,30
5,0.02004439969007915,False,30
6,0.0815870428559623,False,30
7,-0.013972518721962646,False,30
8,-0.01338590154642988,False,30
9,-0.05948588134212382,False,30
10,-0.1188678528502437,False,30
11,-0.17717160841728566,False,30
-6,0.03288952409161652,True,31
-5,0.053007494828879315,True,31
-4,-0.08589701892049577,True,31
-3,-0.15284265149698917,True,31
-2,0.1670129868303937,True,31
-1,0.3467015612269593,True,31
0,0.14835911573259655,True,31
1,0.14702559482607766,True,31
2,0.254840368354153,True,31
3,0.11934465373956685,True,31
-8,-0.14768607607525372,False,31
-7,-0.06323968021553221,False,31
-6,-0.09856048362140435,False,31
-5,-0.08241547562964123,False,31
-4,-0.10152107372012868,False,31
-3,0.07524412437490188,False,31
-2,0.21426825871996338,False,31
-1,0.07109537093223076,False,31
0,0.1675421011476287,False,31
1,0.12516311868380117,False,31
2,0.16862257491052005,False,31
3,0.17742113094298897,False,31
4,0.06218551184772664,False,31
5,-0.05487682921804876,False,31
-8,0.0992899152435531,False,31
-7,-0.02765648713521332,False,31
-6,0.21743314111460024,False,31
-5,0.011327952246620171,False,31
-4,0.007484013600866285,False,31
-3,-0.017027656904487987,False,31
-2,0.12077434166651649,False,31
-1,0.06249586952853883,False,31
0,0.30230029956606275,False,31
1,0.07679760250983894,False,31
2,-0.013978021484177566,False,31
3,-0.06736876124185229,False,31
4,-0.12941330649599664,False,31
5,-0.16532609549475658,False,31
6,-0.17883890143363368,False,31
7,-0.18839150447939676,False,31
8,-0.19291078825137725,False,31
9,-0.20437442431819508,False,31
-8,0.08117727841293448,False,31
-7,-0.01522557960558088,False,31
-6,-0.02622335011741858,False,31
-5,0.042768615745737926,False,31
-4,-0.06970704796763431,False,31
-3,-0.05830235069920631,False,31
-2,0.13356687265593445,False,31
-1,0.2369326243654016,False,31
0,0.3928359849244858,False,31
1,0.3121575486272756,False,31
2,0.23499550312247106,False,31
3,0.3164338608231204,False,31
-6,0.06921948646182702,False,31
-5,-0.05365948542010718,False,31
-4,-0.01556000104171984,False,31
-3,-0.05906006385412252,False,31
-2,0.12806722540899373,False,31
-1,0.16268872506912307,False,31
0,0.11246264242328718,False,31
1,0.1163904611036532,False,31
2,0.13622543323674535,False,31
3,0.0711381559849345,False,31
4,0.08314742647242818,False,31
5,-0.0003893591710539823,False,31
6,0.09676154458452385,False,31
7,0.15065045581109715,False,31
8,0.2854691203604157,False,31
9,0.18057641192702018,False,31
10,0.2298631411944373,False,31
11,0.031031416130186562,False,31
12,0.1157553580323259,False,31
13,-0.06222101235690486,False,31
14,-0.16214367671179333,False,31
15,-0.18688941080386673,False,31
-8,0.015738597287055678,False,31
-7,-0.0023900369852610237,False,31
-6,0.03141820690863795,False,31
-5,0.20623765347897455,False,31
-4,-0.14271509811308614,False,31
-3,0.058651794451058614,False,31
-2,0.082379742488009,False,31
-1,0.13084096950276058,False,31
0,0.1656873820232087,False,31
1,0.04617750000007914,False,31
2,-0.13842427651254371,False,31
3,0.0754426879067695,False,31
4,-0.03777721618008639,False,31
5,0.2089637376030712,False,31
6,-0.21046005932144232,False,31
7,0.10104085538509483,False,31
8,-0.044460473941922624,False,31
9,-0.08513849591479916,False,31
-7,0.020317198885660998,False,33
-6,-0.06758483371497823,False,33
-5,0.047267634829317284,False,33
-4,0.060783565198322176,False,33
-3,-0.012259239299520469,False,33
-2,0.027200866548308278,False,33
-1,0.2174704546540942,False,33
0,0.15130188581806925,False,33
1,-0.015649910718467885,False,33
2,0.23422058162809867,False,33
3,0.06016804123406594,False,33
4,0.18762084594142497,False,33
5,0.1539504435612697,False,33
6,-0.07324364538792208,False,33
7,-0.04380767436924127,False,33
8,0.12798687601435443,False,33
9,0.09759906372440957,False,33
-8,-0.12945468043729,False,33
-7,-0.07978786523739223,False,33
-6,-0.19177346383986701,False,33
-5,-0.0067038860925578425,False,33
-4,0.05750186661856832,False,33
-3,0.07473010894196153,False,33
-2,0.04694697034703782,False,33
-1,0.25164358585638696,False,33
0,0.17106657451367713,False,33
-8,-0.04403746127028546,False,33
-7,-0.03803342436784524,False,33
-6,-0.0781280250733549,False,33
-5,-0.18301716624134,False,33
-4,-0.08747544786703035,False,33
-3,-0.08002427603710263,False,33
-2,0.09675634645876086,False,33
-1,0.2199649509541589,False,33
0,0.10805466215212772,False,33
1,0.0471148145926541,False,33
2,0.1535231734392774,False,33
-8,-0.048396833342662315,False,33
-7,0.06612865926821446,False,33
-6,-0.11424450467662435,False,33
-5,0.026966411324939293,False,33
-4,-0.13004787270767387,False,33
-3,-0.0686402937199004,False,33
-2,0.16932552522169933,False,33
-1,0.2115615438967848,False,33
0,0.04300330157178425,False,33
1,0.026785312762515806,False,33
2,0.11377659841234863,False,33
3,-0.05967491647647946,False,33
4,-0.13199968947619933,False,33
5,-0.06910287476137514,False,33
6,-0.13507349887288037,False,33
7,0.10076270679977214,False,33
8,-0.13366603793521462,False,33
9,-0.07653569284508872,False,33
10,0.009701277163655542,False,33
-8,0.05073870900195407,False,33
-7,0.05303495795687299,False,33
-6,-0.10377366695882707,False,33
-5,-0.1354497711669427,False,33
-4,-0.16648860359376724,False,33
-3,-0.05480934179536223,False,33
-2,0.12919065714473862,False,33
-1,0.13308572290934798,False,33
0,0.35261112379848536,False,33
1,0.15253544911464986,False,33
2,0.030287463496139838,False,33
3,-0.008039147807854252,False,33
4,-0.16732723465847235,False,33
5,-0.17739230655971633,False,33
6,0.02959698242943623,False,33
7,0.23952354505872372,False,33
8,0.3153331451743009,False,33
9,0.1556002526643225,False,33
10,0.04330595572048315,False,33
11,0.10397349059736347,False,33
12,-0.026638787784877965,False,33
13,-0.02033527927090359,False,33
-4,-0.008258711249712891,False,33
-3,-0.014963654285519934,False,33
-2,0.023222365535232797,False,33
-1,0.004990578709853893,False,33
0,0.39695817328289607,False,33
1,0.09823205324595224,False,33
2,0.4807189009090116,False,33
3,0.32194283627531833,False,33
4,0.4485054426808771,False,33
5,0.19385124756129402,False,33
6,0.21182216776588297,False,33
7,0.22319659585064694,False,33
8,0.2504440981701824,False,33
9,0.061839240631984704,False,33
10,0.08989445853166378,False,33
11,0.032000239478893355,False,33
12,-0.09733386857160646,False,33
13,-0.11877350360472781,False,33
14,-0.13208787921816975,False,33
15,-0.13473764078900924,False,33
-8,0.06916908788007348,True,34
-7,-0.022406275616560556,True,34
-6,-0.050913740062254825,True,34
-5,-0.11468870076557969,True,34
-4,-0.11351969424832335,True,34
-3,-0.15414451612604663,True,34
-2,0.1561470299183545,True,34
-1,0.12578333169155176,True,34
0,0.09712584194509338,True,34
1,0.10696038341859115,True,34
2,0.18275814946605906,True,34
3,0.06676827234199972,True,34
-8,0.06428641675454949,False,34
-7,0.06955725712225136,False,34
-6,0.19177408876605342,False,34
-5,0.04543795258850661,False,34
-4,0.07094532829661171,False,34
-3,0.07613949139292556,False,34
-2,0.1772179289019191,False,34
-1,0.027574502565701986,False,34
0,0.21537538621722443,False,34
-5,0.13215406392633558,False,34
-4,-0.06576172662075372,False,34
-3,-0.06639233730558186,False,34
-2,-0.010041381854037162,False,34
-1,-0.06825202977213762,False,34
0,0.47109019514042716,False,34
1,0.14910825532500374,False,34
2,-0.10141409172061755,False,34
3,0.09526547982548914,False,34
4,-0.09415895872114428,False,34
5,0.11383539872525825,False,34
6,0.22631975929913747,False,34
7,0.3018534541601954,False,34
8,0.24090298258274354,False,34
9,0.24723560850483708,False,34
10,0.18979015582029526,False,34
11,0.21225201874681046,False,34
12,0.4520755570849,False,34
13,0.28899509762797393,False,34
14,0.22821174042209394,False,34
15,0.24763156389067245,False,34
-5,0.04353556286495555,False,34
-4,0.002994918249600048,False,34
-3,-0.0465304811145556,False,34
-2,0.1392558119658306,False,34
-1,0.13945678396056232,False,34
0,0.3904561496830018,False,34
1,0.22823820225189634,False,34
2,0.246316281774502,False,34
3,0.17368050630944692,False,34
4,0.0267940516098423,False,34
5,0.11596920152698353,False,34
6,0.09653408781217593,False,34
7,0.07069106461419028,False,34
8,0.06683711459417258,False,34
9,-0.028017032540919112,False,34
10,-0.09157671425712038,False,34
11,-0.1267035669382486,False,34
12,-0.14599698523782276,False,34
13,-0.1576663358532224,False,34
14,-0.161191029400013,False,34
15,-0.1648873666352242,False,34
-8,-0.10158962997277426,False,36
-7,-0.18299576553142902,False,36
-6,-0.05438484689040726,False,36
-5,-0.11080711246201866,False,36
-4,-0.12253331428822739,False,36
-3,-0.10250436094708787,False,36
-2,0.19021333751423614,False,36
-1,0.07397474189235087,False,36
0,0.1323867875449063,False,36
-6,0.13968458451275984,False,36
-5,0.01826683132365886,False,36
-4,-0.15795141583641864,False,36
-3,-0.11263764078523969,False,36
-2,0.08854612208111629,False,36
-1,0.2055661262709541,False,36
0,0.2132989337807964,False,36
1,0.1849315516218788,False,36
2,0.10166874659998537,False,36
3,0.06577260934874257,False,36
4,0.07225865717034025,False,36
5,-0.0731654222442121,False,36
6,0.07763243808931508,False,36
7,0.036687643886386734,False,36
8,-0.16850368024527795,False,36
9,-0.20761201641281965,False,36
10,-0.23223651794133188,False,36
-8,0.08019633071476309,False,36
-7,-0.0711541252850321,False,36
-6,-0.009042205429730998,False,36
-5,-0.11406857490479996,False,36
-4,-0.08901363347033095,False,36
-3,-0.04415024454122585,False,36
-2,0.1445838328864457,False,36
-1,0.21563578269575986,False,36
0,0.02268457094426038,False,36
1,0.30194543419627284,False,36
2,0.11478294884129966,False,36
3,0.14102721592789494,False,36
4,0.010180021738506129,False,36
-8,0.03446991813414457,False,36
-7,0.0946854944923183,False,36
-6,0.07454113990621644,False,36
-5,0.0789329190187654,False,36
-4,-0.000618453098583216,False,36
-3,0.06288743678993333,False,36
-2,0.07843549850513301,False,36
-1,0.20730994776836884,False,36
0,0.2578931846957613,False,36
1,0.0962243501446706,False,36
2,0.03457660383663386,False,36
3,0.11785142164397253,False,36
-8,0.022590993715831093,False,37
-7,-0.05824794762403729,False,37
-6,-0.029456471535054873,False,37
-5,0.1023643462751326,False,37
-4,0.03145380881501675,False,37
-3,-0.03993583219934271,False,37
-2,0.04729288128320472,False,37
-1,0.160217633025347,False,37
0,0.18836096051285103,False,37
1,0.1017662743729327,False,37
2,0.11717095429126387,False,37
3,-0.0944820854284696,False,37
4,-0.14884208449915073,False,37
-8,-0.14793098448348727,False,37
-7,-0.06141287209672072,False,37
-6,-0.013636865815244453,False,37
-5,-0.10723705300645253,False,37
-4,-0.12584575407783122,False,37
-3,0.011780468552042206,False,37
-2,0.11846501949590868,False,37
-1,0.1495841870576249,False,37
0,0.12815814087901475,False,37
-8,-0.053678715679920525,False,37
-7,-0.027323977601795613,False,37
-6,0.033690330897434284,False,37
-5,0.2155351019493038,False,37
-4,0.06997026265197259,False,37
-3,0.052439619121911585,False,37
-2,0.20786767660590894,False,37
-1,-0.0053833573427992665,False,37
0,0.19091264464383728,False,37
1,-0.018000152272295622,False,37
2,-0.09450362390098871,False,37
3,-0.16208178978492965,False,37
4,-0.20825835613297936,False,37
5,-0.22231195168984438,False,37
6,-0.18261603989407343,False,37
7,-0.2336283321277577,False,37
-8,-0.04556905965121244,False,37
-7,0.008612770520639579,False,37
-6,-0.09210663844823434,False,37
-5,0.01859559884809392,False,37
-4,-0.13503008768443175,False,37
-3,0.028156047493474223,False,37
-2,0.03109194474120383,False,37
-1,0.10767675921024408,False,37
0,0.36645865134875,False,37
1,0.3246209414687816,False,37
2,0.23370758032134795,False,37
3,0.1879566279627519,False,37
4,0.013539817951071315,False,37
5,-0.07113413252035515,False,37
6,-0.13160413812627259,False,37
7,-0.15753772018729884,False,37
8,-0.1718833077120167,False,37
9,-0.17519573203487032,False,37
10,-0.17533975311671626,False,37
11,-0.18020507631124774,False,37
-8,-0.06603416693958197,False,37
-7,0.07287219541810619,False,37
-6,0.059351480907663845,False,37
-5,-0.09261951145363678,False,37
-4,-0.09730002125019022,False,37
-3,0.03867552543671399,False,37
-2,0.05542675956596965,False,37
-1,0.21641749925335618,False,37
0,0.19104655343360633,False,37
1,0.02151132579586229,False,37
2,0.20225588381320336,False,37
3,-0.05073113266222781,False,37
4,0.007332016120569884,False,37
5,-0.008139915783016871,False,37
6,-0.08886449382163997,False,37
7,-0.0988834591664319,False,37
8,-0.13326608994837846,False,37
9,-0.18424529150092814,False,37
10,-0.21025460602420087,False,37
11,-0.22208171429504625,False,37
12,-0.2399789745004703,False,37
13,-0.20610703274768805,False,37
14,-0.20311156608997033,False,37
-4,-0.02367756282208297,True,39
-3,-0.105254981875477,True,39
-2,0.12893254469756,True,39
-1,0.10821236030115455,True,39
0,0.15364475275717732,True,39
1,-0.15277753028864022,True,39
2,-0.10895658761591753,True,39
3,-0.21899422695147214,True,39
4,-0.13388539293121526,True,39
5,-0.1559715537369482,True,39
-8,-0.06704718160984051,True,39
-7,-0.020865130646031183,True,39
-6,-0.0872815916593722,True,39
-5,0.12706394834049795,True,39
-4,-0.014230166837185976,True,39
-3,0.05193663806341861,True,39
-2,0.12253497478779657,True,39
-1,0.1736878332932451,True,39
0,0.12230399057429436,True,39
1,0.014168660317357029,True,39
2,-0.08673788395216829,True,39
3,0.03856660251219057,True,39
-8,0.04570141526783006,False,39
-7,-0.06566747656784036,False,39
-6,-0.10416076368775873,False,39
-5,-0.015790121940486068,False,39
-4,-0.07548299530913685,False,39
-3,-0.019437870609663788,False,39
-2,0.12107306142606555,False,39
-1,0.1446782350201336,False,39
0,0.26171279692968435,False,39
1,0.11289070637401438,False,39
-8,-0.015126509871042415,False,39
-7,-0.0239971998430773,False,39
-6,-0.06010483518485024,False,39
-5,-0.12058462003296888,False,39
-4,0.006910022201294386,False,39
-3,0.11991745756833533,False,39
-2,0.09490992851292568,False,39
-1,0.058042920025327904,False,39
0,0.2642821997985855,False,39
-7,0.02307871837135439,False,39
-6,-0.00976764381410597,False,39
-5,-0.01331107455724842,False,39
-4,0.14882291967320543,False,39
-3,0.12785291720698688,False,39
-2,0.07736892326804543,False,39
-1,0.1122900873483344,False,39
0,0.19480438402211248,False,39
1,0.008288527246911759,False,39
2,-0.017596594072756655,False,39
3,-0.06830824969551852,False,39
4,0.04446869827690059,False,39
5,0.1338167674748545,False,39
6,-0.00572284134027487,False,39
7,-0.03329653564425014,False,39
8,-0.04549770210879994,False,39
9,-0.00793644139504654,False,39
10,0.01337082748396265,False,39
11,0.02388956719935062,False,39
12,-0.07227780694921734,False,39
-4,0.05709754197228309,True,40
-3,0.009673439485792579,True,40
-2,-0.06677098145807558,True,40
-1,0.3190769960593638,True,40
0,0.3522165326371939,True,40
1,0.3125910642994263,True,40
2,0.2864659862029899,True,40
3,0.26366897449618265,True,40
-8,-0.20082882322308018,False,42
-7,-0.12624500340831138,False,42
-6,-0.15600119787569894,False,42
-5,-0.12231796645985793,False,42
-4,-0.14039787101489823,False,42
-3,-0.2003066290375875,False,42
-8,0.07652161689159667,False,42
-7,-0.10337122445752919,False,42
-6,0.001564088951744813,False,42
-5,-0.011001864872708156,False,42
-4,-0.09594439379739862,False,42
-3,-0.058588036614000846,False,42
-2,0.13055308464068496,False,42
-1,0.2614152178068444,False,42
0,0.17020737195924093,False,42
1,0.21307394868196614,False,42
2,0.16862836901654624,False,42
3,0.18458779008802714,False,42
4,0.2130629230765784,False,42
5,0.33339472418792815,False,42
6,0.3436266542849007,False,42
7,0.15850021366365782,False,42
8,0.10530103562326928,False,42
9,0.08899287029691003,False,42
-6,0.08047996029386223,False,42
-5,-0.01563554316409177,False,42
-4,-0.0648444171297704,False,42
-3,-0.024228517075662925,False,42
-2,0.24246407882088084,False,42
-1,0.09718285588304854,False,42
0,0.18830833386432627,False,42
1,-0.029278463369905028,False,42
2,-0.11257052409719225,False,42
3,-0.17067060121557598,False,42
4,-0.18715949323988104,False,42
5,-0.19201725858433646,False,42
6,-0.19968617570059038,False,42
7,-0.2031166931397863,False,42
8,-0.21045612427460256,False,42
9,-0.21060896828806255,False,42
-8,-0.03197221797895447,False,42
-7,0.07894427008953556,False,42
-6,-0.04697205211058106,False,42
-5,-0.02522655556754788,False,42
-4,0.2595401500855625,False,42
-3,0.02773198004293903,False,42
-2,0.07757237911836004,False,42
-1,0.17736256775296108,False,42
0,0.20286258701038104,False,42
1,0.16113404433150866,False,42
2,0.11105751590369259,False,42
3,0.09691066785217198,False,42
4,0.14360491840354359,False,42
5,0.21053852529185677,False,42
6,0.2063160692300867,False,42
7,0.1068376088530236,False,42
8,0.058828746736957344,False,42
9,-0.10460397330102651,False,42
10,-0.0016609572957796137,False,42
11,-0.13889036185644604,False,42
12,-0.0907709002798561,False,42
13,-0.18902314333018863,False,42
-4,-0.009615806439801283,False,42
-3,0.04261717283974226,False,42
-2,-0.03300136639994086,False,42
-1,0.27818675198915244,False,42
0,0.1557468712462389,False,42
1,0.15277093811848982,False,42
2,0.092788081221271,False,42
3,0.042710333584660726,False,42
4,0.09217829589210011,False,42
5,-0.031260575314917494,False,42
6,-0.09150480278385194,False,42
7,-0.07097488589031291,False,42
8,-0.09882601992054788,False,42
9,-0.10405386567941195,False,42
10,-0.12880410256633362,False,42
11,-0.14956104401431794,False,42
12,-0.11738589275596797,False,42
13,-0.15415726610171535,False,42
14,-0.16014971084973975,False,42
15,-0.15878405866483392,False,42
-7,-0.031491790381885015,True,43
-6,0.061467250815760516,True,43
-5,-0.029975460433875556,True,43
-4,-0.06958317924559597,True,43
-3,0.10447026443889271,True,43
-2,0.09782571727566927,True,43
-1,0.16154148043342345,True,43
0,0.16443211190866555,True,43
1,0.20025100419317396,True,43
2,0.23544590414989966,True,43
3,0.07058716378370769,True,43
4,-0.10475100042920812,True,43
5,-0.0957347181391077,True,43
6,-0.13589862096819705,True,43
-8,-0.007264657913381961,False,43
-7,-0.0478676807297861,False,43
-6,-0.05857868515668942,False,43
-5,0.011499121341100038,False,43
-4,0.12912980171605262,False,43
-3,0.01976633768935504,False,43
-2,0.17442088704567618,False,43
-1,0.1125828604057261,False,43
0,0.2887634211342368,False,43
1,0.14935625815732892,False,43
2,-0.03852295373048305,False,43
3,-0.09775632333188575,False,43
4,-0.014158039130097888,False,43
-8,-0.15937421136582186,False,43
-7,-0.012121891365216159,False,43
-6,-0.1414694318565699,False,43
-5,-0.06493877299251438,False,43
-4,0.0969805219744605,False,43
-3,-0.0007255683740806929,False,43
-2,0.08381828671793895,False,43
-1,0.06909937729784121,False,43
0,0.2635894022595152,False,43
1,-0.046809539981788884,False,43
2,-0.06965737869367666,False,43
3,0.024257202024708158,False,43
4,0.11487291557994406,False,43
5,-0.0147556835849669,False,43
-4,-0.07758526331064944,False,43
-3,-0.11350500675452779,False,43
-2,0.19109027006517715,False,43
-1,0.05855143483704395,False,43
0,0.14287654538784106,False,43
1,-0.04352905575840349,False,43
2,-0.09421973767883243,False,43
3,-0.1638761173569215,False,43
4,-0.2375357690763534,False,43
5,-0.2703763481525136,False,43
6,-0.28870763421315365,False,43
7,-0.29187921446372583,False,43
8,-0.2990054078785665,False,43
9,-0.3045776247349594,False,43
10,-0.30773548643336973,False,43
11,-0.3102019087434771,False,43
12,-0.31819399501886486,False,43
13,-0.3202968289453763,False,43
-8,-0.06567070008566075,False,43
-7,-0.05017342138552183,False,43
-6,-0.10187335653746679,False,43
-5,0.10489268866302992,False,43
-4,0.07708610025933055,False,43
-3,0.028450901797981876,False,43
-2,0.12889993654672566,False,43
-1,0.20887368912675708,False,43
0,0.07054761440558127,False,43
1,-0.04145556275885692,False,43
-8,0.0014471351563368762,False,45
-7,-0.029545348930554383,False,45
-6,-0.09291082223087424,False,45
-5,-0.1612845608017157,False,45
-4,-0.043888032860607995,False,45
-3,-0.1420616679696459,False,45
-2,0.11030299637229612,False,45
-1,0.2334347557340784,False,45
0,0.2137024132380912,False,45
1,0.05111448337749391,False,45
2,0.030675139207254343,False,45
3,-0.00969139590120327,False,45
4,-0.12771385732164892,False,45
-4,-0.053878272422650336,False,45
-3,-0.046385121762893,False,45
-2,0.10026339418554331,False,45
-1,0.26294937418302616,False,45
0,0.05539740488885597,False,45
1,-0.04728523847982932,False,45
2,0.10274576244464495,False,45
3,0.19083460879404945,False,45
4,0.11790483696086301,False,45
5,0.031179641096037464,False,45
6,0.033657175642268444,False,45
7,0.03377820954636454,False,45
8,-0.03625314605286442,False,45
9,-0.0800056686992078,False,45
-8,0.055912723659562485,False,45
-7,-0.04367116336387965,False,45
-6,-0.012241560295682852,False,45
-5,-0.10284331527913403,False,45
-4,-0.023910932002681018,False,45
-3,-0.015497208419852498,False,45
-2,0.19417608302039704,False,45
-1,0.177396137235573,False,45
0,0.09367412732611549,False,45
1,0.09326585077708091,False,45
2,0.08093815456638481,False,45
-7,0.04231746367383782,True,46
-6,0.007094343198554676,True,46
-5,-0.049411806872392494,True,46
-4,-0.011956621900009096,True,46
-3,0.01560183685351943,True,46
-2,-0.011578569369740055,True,46
-1,0.25410322414581826,True,46
0,0.27380632990752934,True,46
-8,-0.03668299921458354,False,46
-7,0.06920858266318872,False,46
-6,-0.03252558344860515,False,46
-5,0.008158419809404488,False,46
-4,-0.1317319470788339,False,46
-3,0.03885305583093909,False,46
-2,0.06946039903100706,False,46
-1,0.06784133492859565,False,46
0,0.23989209228230315,False,46
1,0.3103681869723681,False,46
2,0.22139129638611818,False,46
3,0.2154700774832842,False,46
4,0.08579283964175913,False,46
5,0.050500688893853035,False,46
6,0.21231919586734857,False,46
7,-0.0272824841607944,False,46
8,0.04436211648357116,False,46
9,0.10997879776847988,False,46
10,0.03657559372651578,False,46
11,0.002455052328363516,False,46
-8,-0.025543157383287524,False,46
-7,0.14634424363644533,False,46
-6,0.0858109661507972,False,46
-5,0.12699054460511222,False,46
-4,0.10296794355420391,False,46
-3,-0.0956006224458783,False,46
-5,0.08026106390043056,False,48
-4,-0.06746072532842777,False,48
-3,-0.012800338572002884,False,48
-2,0.13501145691885866,False,48
-1,0.07505672906687513,False,48
0,0.21978577958829484,False,48
1,0.1293211304514735,False,48
2,0.1191846966152417,False,48
3,-0.007569217398892464,False,48
4,-0.07781371354654976,False,48
5,-0.11504455475022039,False,48
6,-0.14429005106495615,False,48
7,-0.14793128266211894,False,48
8,-0.1566549147619134,False,48
9,-0.15758274505791373,False,48
10,-0.16201739877272833,False,48
11,-0.16785783110580513,False,48
-7,0.023210949746165332,False,48
-6,0.017147857379664233,False,48
-5,-0.04035880712582951,False,48
-4,0.09010568674695538,False,48
-3,0.048065410002603254,False,48
-2,0.03222566057505469,False,48
-1,0.23250245978514275,False,48
0,0.20971222001434528,False,48
1,0.05218644569747302,False,48
2,0.01841657084222495,False,48
3,0.14890401036804415,False,48
4,0.049248838089145125,False,48
5,-0.04567371279517882,False,48
6,-0.09059927327683033,False,48
7,-0.10376547999450773,False,48
8,0.24810127086541187,False,48
9,0.21994837942945908,False,48
10,0.20040916129412914,False,48
11,0.002861770958277443,False,48
12,-0.05256315344993162,False,48
-8,0.03631668679810143,False,48
-7,0.007357841820433086,False,48
-6,0.06352285606766297,False,48
-5,-0.13485711407134246,False,48
-4,-0.10900903263615833,False,48
-3,0.024444088072597375,False,48
-2,0.10065901415995668,False,48
-1,0.04453176063530842,False,48
0,0.26245477615552393,False,48
1,0.09334979105425964,False,48
2,-0.0419444463661153,False,48
3,0.15794317231536367,False,48
4,0.056908635584094175,False,48
5,0.11383711658563819,False,48
6,0.19052320080444676,False,48
7,0.051785254945211606,False,48
8,0.06223692115445975,False,48
9,0.19237047733232057,False,48
10,-0.012522958314392596,False,48
11,-0.0366027180241672,False,48
12,-0.12359097145661987,False,48
13,0.04547962005613862,False,48
14,0.09087147388472502,False,48
-8,0.17121505950049817,False,48
-7,0.04394983851177928,False,48
-6,-0.015183474330444174,False,48
-5,0.017104665848120038,False,48
-4,0.11696742236255317,False,48
-3,-0.03534544667311726,False,48
-2,-0.012022862378649773,False,48
-1,0.21032947301623042,False,48
0,0.1786540570160786,False,48
-5,-0.01423883965843939,True,49
-4,0.03277967069542029,True,49
-3,-0.018540831036980898,True,49
-2,0.08950805170411757,True,49
-1,0.1658878625103302,True,49
0,0.12219163824399773,True,49
1,0.06359231060881024,True,49
2,0.1322724179789884,True,49
3,0.06635374937813496,True,49
4,0.11879930853731527,True,49
5,0.07880075747191678,True,49
-6,-0.11839834460403434,False,49
-5,0.0680588119685751,False,49
-4,0.050339532635459205,False,49
-3,-0.01469270297954442,False,49
-2,0.0873536038962816,False,49
-1,0.02448267386985717,False,49
0,0.37528202215464435,False,49
1,-0.04822602619864552,False,49
2,0.04667582815261867,False,49
3,0.14386739691852773,False,49
4,0.018763413109714216,False,49
5,-0.059141410683521134,False,49
6,-0.042248934594606685,False,49
7,-0.04381920535242803,False,49
8,-0.08420365681670564,False,49
-8,0.016273791855482417,False,49
-7,-0.006522736721389755,False,49
-6,-0.009751055134092662,False,49
-5,0.02205974822977802,False,49
-4,-0.07781822512203297,False,49
-3,-0.09823595436063455,False,49
-2,0.08590145000324453,False,49
-1,0.12464943132557552,False,49
0,0.2875185184157165,False,49
1,0.11957595687770387,False,49
2,0.13111778346411077,False,49
3,0.3136016851945366,False,49
4,0.08859312555342955,False,49
5,0.07561438419712621,False,49
6,0.15675761688554554,False,49
7,0.30343806231905146,False,49
8,0.15149216503007892,False,49
9,0.18094927220735316,False,49
10,0.05680892454169659,False,49
11,-0.018543271328356897,False,49
12,-0.08271698949258402,False,49
-8,-0.048699503559996,False,49
-7,-0.15127508913097287,False,49
-6,0.10394896298505321,False,49
-5,0.007630331053775169,False,49
-4,-0.07701579225972535,False,49
-3,-0.027342155946183055,False,49
-2,0.16403247661558099,False,49
-1,0.015909191032129677,False,49
0,0.28493952558752966,False,49
1,0.24671160926380056,False,49
2,0.2528315943361713,False,49
3,0.10773457309144427,False,49
4,0.12391721964976246,False,49
5,0.0784941666540496,False,49
6,0.10996457166392534,False,49
7,0.18387607732922753,False,49
8,0.013501381099080667,False,49
-5,-0.01853127283836517,False,49
-4,0.05901838685671132,False,49
-3,-0.040487114018346065,False,49
-2,0.20247056905212843,False,49
-1,0.07042052354640552,False,49
0,0.11178672861328928,False,49
1,0.12052206821637299,False,49
2,0.13166953733654305,False,49
3,0.060499710334272455,False,49
4,0.060829749107087355,False,49
5,0.18589457544784369,False,49
6,0.08392954519401599,False,49
7,0.14327921220100445,False,49
8,0.10735866529346852,False,49
-8,-0.10246281519272939,False,51
-7,0.02704354326582653,False,51
-6,-0.09358897152720262,False,51
-5,0.04587496498369456,False,51
-4,-0.13539949511971644,False,51
-3,-0.03310260645012145,False,51
-2,0.1595052351887156,False,51
-1,0.16475961750054294,False,51
0,0.09740070465046566,False,51
1,0.2177028577436488,False,51
2,0.10545523844927204,False,51
3,0.024760985295751575,False,51
4,0.10037109959641846,False,51
5,0.22424231299983352,False,51
6,-0.12843090252601935,False,51
7,0.11617218531217496,False,51
8,0.12463868465123432,False,51
9,0.1067655240187296,False,51
-8,0.0793695926610847,False,51
-7,-0.06582502543491972,False,51
-6,-0.013544567226164983,False,51
-5,-0.1321782571623455,False,51
-4,0.012018314405260772,False,51
-3,0.07170416726210901,False,51
-2,0.06013064904023427,False,51
-1,0.1595565771228736,False,51
0,0.21312611259185796,False,51
1,0.048082730532307244,False,51
2,-0.00020159403783467922,False,51
3,0.012216928292147072,False,51
4,0.06722316791565289,False,51
5,0.11447371666554093,False,51
6,-0.004198694975725725,False,51
7,-0.08000142416048184,False,51
8,-0.12118624664063656,False,51
9,-0.15992341154008655,False,51
-8,-0.0068212083796296286,False,51
-7,0.1297071426763757,False,51
-6,0.00015451316942541315,False,51
-5,0.2399074418870091,False,51
-4,-0.0739525932263522,False,51
-3,-0.03233819398566071,False,51
-2,0.15908209070179766,False,51
-1,0.17665449436628242,False,51
0,0.1469343075649204,False,51
1,0.15482094675348654,False,51
2,0.11871207390155872,False,51
3,0.0630552671157403,False,51
4,0.18165713875021075,False,51
5,0.13685518672111743,False,51
6,0.12460997577651337,False,51
7,0.06287836121527055,False,51
8,-0.01608484160910653,False,51
-8,0.008259050887617386,False,51
-7,0.050788837905270556,False,51
-6,0.09533650174401612,False,51
-5,0.05775540355044595,False,51
-4,0.07772559641229737,False,51
-3,-0.10011871532178541,False,51
-2,0.1838892302195587,False,51
-1,0.13329243507173935,False,51
0,0.2473282512127649,False,51
1,0.19688280571831637,False,51
2,0.41853062676541586,False,51
3,0.09099198530602018,False,51
4,0.2616312202809653,False,51
5,0.1525719321560912,False,51
6,0.16705941492369294,False,51
7,0.08406278382370605,False,51
8,0.04462608641113319,False,51
9,0.08723767211231157,False,51
10,0.13103088542038596,False,51
11,0.12648126720275973,False,51
12,0.12213160153057964,False,51
-8,0.0446015068262271,False,51
-7,0.0009846704873190115,False,51
-6,0.06553044899872099,False,51
-5,0.010615838974210506,False,51
-4,0.06093015321208192,False,51
-3,0.012849503320738448,False,51
-2,0.19058754576011808,False,51
-1,0.05066926633673999,False,51
0,0.17383096793263195,False,51
1,0.11331451790005201,False,51
2,0.026225897552346167,False,51
3,-0.057918346920395214,False,51
4,-0.13185648722360055,False,51
5,-0.06928252978138519,False,51
6,-0.16856717447425704,False,51
7,-0.17829616364353754,False,51
8,-0.18143217487841942,False,51
9,-0.18506332856670774,False,51
10,-0.18887798371842965,False,51
11,-0.1939392456324548,False,51
12,-0.19435968881666726,False,51
13,-0.19679842477380646,False,51
-8,-0.06798028712203497,False,52
-7,-0.11411773247180787,False,52
-6,0.18209801959384286,False,52
-5,-0.08079931670117724,False,52
-4,-0.11946602321664357,False,52
-3,-0.09102403501719625,False,52
-2,0.1627760724977672,False,52
-1,0.16256946823775253,False,52
0,0.14928582557631687,False,52
1,0.034683511330744654,False,52
2,0.17333981597054915,False,52
3,0.15361357382039942,False,52
4,-0.0687530267395059,False,52
5,-0.1640401004554523,False,52
6,-0.19573387612973486,False,52
7,-0.19941869037396104,False,52
8,-0.2094618236450187,False,52
9,-0.21562762110236122,False,52
-7,-0.036429648540305545,False,54
-6,0.0008983406767584801,False,54
-5,0.035531307863547135,False,54
-4,-0.020651654232783728,False,54
-3,-0.08368790190722768,False,54
-2,0.16232140181330343,False,54
-1,0.11893588802423308,False,54
0,0.2930956796106059,False,54
1,0.08931294846485183,False,54
2,-0.06661434293174781,False,54
3,-0.06823988146385199,False,54
4,0.010107970764084123,False,54
5,0.17569073585413755,False,54
6,0.15746780921888173,False,54
-7,0.04714176929715916,False,54
-6,0.01564283502823735,False,54
-5,-0.06278460432539651,False,54
-4,-0.04604519356079863,False,54
-3,-0.054708631346824826,False,54
-2,0.050865448253121115,False,54
-1,0.11830872086973585,False,54
0,0.2285874190848702,False,54
1,0.2388104831650575,False,54
2,0.027387520588973868,False,54
3,0.0024784658919909663,False,54
4,0.010206927900119594,False,54
5,-0.09407175823986613,False,54
6,-0.05972491712271792,False,54
7,-0.06558367430993844,False,54
8,-0.1258807502451128,False,54
-8,0.06758922532570583,False,54
-7,0.027814675823322754,False,54
-6,-0.08322051919820014,False,54
-5,-0.1283072175157259,False,54
-4,-0.09147659023299934,False,54
-3,0.008764868196670383,False,54
-2,0.12792014682320646,False,54
-1,0.14185388006534883,False,54
0,0.20844367879747133,False,54
1,0.16016643151884685,False,54
2,0.11489969093659069,False,54
3,0.10388807542763173,False,54
4,0.08819533939573193,False,54
5,-0.14764568951720175,False,54
6,-0.20819468135791094,False,54
7,-0.2187005414821745,False,54
8,0.06535703152422367,False,54
9,0.019055853977116732,False,54
10,0.0892190682107124,False,54
11,0.22207672741743106,False,54
12,-0.11562020231346276,False,54
13,-0.1932922582898951,False,54
14,-0.2658794816899227,False,54
15,-0.23458335593492613,False,54
-8,0.012601016093972517,False,55
-7,-0.020646572381942258,False,55
-6,0.008045556287969796,False,55
-5,0.12467098435742546,False,55
-4,-0.10837744515387397,False,55
-3,0.06489109552269046,False,55
-2,0.08851188967168166,False,55
-1,0.02881234636203639,False,55
0,0.31236862987949776,False,55
1,0.1605176721447792,False,55
2,0.21011005668871202,False,55
3,0.2981482447630781,False,55
-7,-0.036097985089319634,False,55
-6,0.10739729168221099,False,55
-5,-0.07129930659289141,False,55
-4,0.03794429025370563,False,55
-3,-0.17421052484076893,False,55
-2,0.22170132938877604,False,55
-1,0.11709990380684657,False,55
0,0.09670969145450767,False,55
1,0.09321599373936504,False,55
2,0.1529463030058882,False,55
3,0.058940087897394994,False,55
4,0.056988790033113385,False,55
5,0.10354283830145947,False,55
6,-0.021336489924121932,False,55
7,0.0023478353954475284,False,55
8,0.15159180031751515,False,55
9,-0.09284909820306173,False,55
10,-0.15178290372116257,False,55
11,-0.19164862731763635,False,55
12,-0.17912907468123881,False,55
13,-0.20556615587153215,False,55
14,-0.19806756970543093,False,55
15,-0.22274259664557236,False,55
-8,0.07467801572602803,True,57
-7,0.00353320905578719,True,57
-6,-0.06804865459718203,True,57
-5,-0.05664032761534936,True,57
-4,0.03366736163199657,True,57
-3,-0.05358583498623881,True,57
-2,0.24448110439567314,True,57
-1,0.07121304392290997,True,57
0,0.13458162888608996,True,57
1,0.1668666314323171,True,57
2,0.06673552742726788,True,57
-8,-0.0825001617234722,False,57
-7,-0.07799792564017108,False,57
-6,-0.06809826185966365,False,57
-5,-0.11051661552114828,False,57
-4,0.02211653774094255,False,57
-3,-0.00989594068792829,False,57
-2,0.031090176040072914,False,57
-1,0.2090673359489527,False,57
0,0.14723693124867973,False,57
1,0.022140536432972785,False,57
-8,-0.05886481573446509,False,57
-7,0.12977807634948607,False,57
-6,0.14784767071494553,False,57
-5,-0.1613447035509496,False,57
-4,0.02726875400062051,False,57
-3,0.06193872651420945,False,57
-2,0.2177044996387264,False,57
-1,0.07427468285473166,False,57
0,0.15532115829341253,False,57
1,-0.004898649668484301,False,57
2,-0.011319256293592789,False,57
3,0.04678044252379765,False,57
4,0.06023088252796277,False,57
5,0.2246610629385682,False,57
6,0.014408492913057735,False,57
7,-0.10785617202681677,False,57
-8,-0.020097700158883486,False,57
-7,-0.019688263661296473,False,57
-6,0.05822614216612568,False,57
-5,-0.08346021607332016,False,57
-4,0.07449954461352135,False,57
-3,-0.08903708928231885,False,57
-2,0.1516248102578848,False,57
-1,0.2798713256900519,False,57
0,0.23242585042316302,False,57
1,0.040565815532252775,False,57
2,-0.08529669774230234,False,57
3,-0.09328694897298535,False,57
4,-0.05891994828573868,False,57
5,0.05238228984048074,False,57
6,-0.08177649687440688,False,57
7,-0.09221739481716155,False,57
8,0.0697191750934513,False,57
9,-0.08859607420375262,False,57
-8,-0.09590525275174396,False,57
-7,0.016399625532610818,False,57
-6,-0.07967701588350484,False,57
-5,-0.0051607011555655224,False,57
-4,-0.030997797756686263,False,57
-3,-0.07367112744322704,False,57
-2,0.040249012984933163,False,57
-1,0.2326465685282066,False,57
0,0.3562508339414907,False,57
1,0.15092026190350022,False,57
2,0.24856205539187942,False,57
3,0.10431609889151006,False,57
4,-0.03250824001931826,False,57
-7,0.0208405311770323,False,57
-6,-0.01077303092917789,False,57
-5,-0.01006750024785441,False,57
-4,-0.08710263830502041,False,57
-3,0.11981166147818337,False,57
-2,0.12874989792867567,False,57
-1,0.08599098839126304,False,57
0,0.1744301741532083,False,57
1,0.18549126193400892,False,57
2,0.060692643321901274,False,57
3,0.19335266070176968,False,57
4,0.13420529173847714,False,57
5,0.011350226393877672,False,57
6,-0.08245978648908409,False,57
7,-0.12372522665243853,False,57
8,-0.13450587923052484,False,57
9,-0.147289515971888,False,57
10,-0.14724412261939815,False,57
11,-0.15309470851994206,False,57
12,-0.1546233773121458,False,57
13,-0.15579689778599376,False,57
14,-0.16028717418916766,False,57
-8,-0.09109779042559293,False,57
-7,-0.14096705309184032,False,57
-6,-0.13693664665855287,False,57
-5,0.011567538946482325,False,57
-4,-0.021273194542917817,False,57
-3,-0.07918604430774759,False,57
-2,-0.12118762099453743,False,57
-7,-0.0011149199951722144,True,58
-6,0.001441565044012716,True,58
-5,-0.000326645048840446,True,58
-4,0.15571764770500296,True,58
-3,0.06250751725907083,True,58
-2,0.05105070316979557,True,58
-1,0.21226136986363286,True,58
0,0.15413208299678993,True,58
1,0.14726826841177015,True,58
2,-0.0045049986338201176,True,58
3,0.04029077487989452,True,58
-7,0.007246887951002728,False,58
-6,0.035436780871692636,False,58
-5,-0.04268366882269539,False,58
-4,-0.04237633974865637,False,58
-3,-0.08562322481242123,False,58
-2,0.1661847943257714,False,58
-1,0.24934953959652248,False,58
0,0.09466109154461164,False,58
1,0.24013088203391567,False,58
2,0.144084163127385,False,58
3,0.25198055574132505,False,58
4,0.15611328979426095,False,58
5,0.0683899635426064,False,58
6,0.10811120108220437,False,58
7,-0.037994795898715183,False,58
-6,-0.12363505936056962,False,58
-5,0.07186570739621284,False,58
-4,0.051769351964356836,False,58
-3,-0.04864793141502152,False,58
-2,0.12342864450765656,False,58
-1,0.10292452311559919,False,58
0,0.21303723596983987,False,58
1,0.20519913519139915,False,58
2,0.2098609601994551,False,58
3,0.17694368663592902,False,58
4,0.058396900029729526,False,58
5,-0.02113730375489467,False,58
6,-0.02249788793311458,False,58
7,-0.06202415966082858,False,58
8,-0.15586205490240734,False,58
9,-0.049905660861152196,False,58
10,-0.1294658164880534,False,58
-4,-0.03679535996309258,False,58
-3,0.03679390974678001,False,58
-2,1.4502163124818779e-06,False,58
-1,0.27364848006735787,False,58
0,0.11731414496440032,False,58
1,0.09684725253525664,False,58
2,0.028902305040114096,False,58
3,-0.09890230247282157,False,58
4,-0.11588096699142579,False,58
5,0.015258676363924445,False,58
6,-0.05356639881180256,False,58
7,0.10122926996415557,False,58
8,-0.018160296019028993,False,58
9,0.07631743156123108,False,58
-8,0.015049958748892395,False,58
-7,-0.043810789629108005,False,58
-6,-0.07215493409206156,False,58
-5,-0.004656256602386666,False,58
-4,0.16664665912781237,False,58
-3,-0.08246012402448843,False,58
-2,-0.05559616896106981,False,58
-1,0.21956807642849266,False,58
0,0.3209972370131152,False,58
1,0.1633502365137612,False,58
2,0.20628278279231652,False,58
3,0.2784986606895884,False,58
4,0.34011298894208875,False,58
5,0.1431558239236225,False,58
6,0.19139945505690673,False,58
7,0.06463002875826776,False,58
8,-0.041527340951012084,False,58
9,-0.12498362932179134,False,58
10,-0.14090510996174815,False,58
11,-0.14349152641988844,False,58
12,-0.1481958130438268,False,58
13,-0.14993165474683998,False,58
14,-0.14981611382838175,False,58
15,-0.15002285525241515,False,58
-8,-0.04385699484717534,False,60
-7,-0.04531377993244512,False,60
-6,0.14227760894095223,False,60
-5,0.04275711195606907,False,60
-4,-0.03406729607784095,False,60
-3,-0.09469819357711416,False,60
-2,0.15618238410451388,False,60
-1,0.11136710373672501,False,60
0,0.12703521323708825,False,60
1,0.14217811068351952,False,60
2,-0.01660593676098182,False,60
3,-0.12481290781203642,False,60
4,-0.15771178063388128,False,60
-8,0.12803478626990586,False,60
-7,0.11932328767804393,False,60
-6,0.09828930912622083,False,60
-5,-0.020500764026962937,False,60
-4,-0.05138344360541505,False,60
-3,-0.07356390568696125,False,60
-2,-0.010558080222289434,False,60
-1,0.2818331270427552,False,60
0,0.14092956814970517,False,60
1,0.010711844678448323,False,60
2,0.16367069329269404,False,60
3,0.1861049082887203,False,60
4,-0.017106941017090177,False,60
-8,0.010042026479907706,False,60
-7,-0.022932728649105852,False,60
-6,0.039882186552648746,False,60
-5,-0.02505905401242048,False,60
-4,-0.003446403998601355,False,60
-3,-0.03592639576055537,False,60
-2,0.16406344511301338,False,60
-1,0.21143706324645575,False,60
0,0.30902503787593316,False,60
1,0.27098659345576226,False,60
2,0.28595900382206696,False,60
3,0.24651391884790383,False,60
4,0.248932533376003,False,60
5,0.2402703874903572,False,60
6,0.3370242470488186,False,60
7,0.02498850993116697,False,60
8,0.2603751913350446,False,60
9,0.044523969953492726,False,60
10,0.02375215020086685,False,60
-8,-0.06377658558161575,False,60
-7,-0.07662369678794573,False,60
-6,-0.0992436146254868,False,60
-5,-0.02078055119323821,False,60
-4,-0.019122975413836146,False,60
-3,-0.016777640988243275,False,60
-2,0.22956085779876245,False,60
-1,0.1386679298166733,False,60
0,0.19332295007785805,False,60
1,0.21242862408783791,False,60
2,0.10969413961080349,False,60
3,0.23026171295189274,False,60
4,0.1866569429970466,False,60
5,0.2338629303257107,False,60
6,-0.022476572307587095,False,60
7,0.04211525287495335,False,60
8,0.009891890253851482,False,60
9,-0.1291135581883552,False,60
10,-0.18292061417154784,False,60
11,-0.19531493956253318,False,60
12,-0.199876935341129,False,60
13,-0.20143546821952518,False,60
14,-0.20133523920246246,False,60
-7,0.03054590535039403,True,61
-6,0.0013730631991912545,True,61
-5,-0.031918968549585286,True,61
-4,-0.12305016635503058,True,61
-3,0.06871221421271301,True,61
-2,0.050333218233429594,True,61
-1,0.2018434302385891,True,61
0,0.274076574054272,True,61
1,-0.029875082901533595,True,61
2,-0.1032262568207365,True,61
3,-0.10918646034362281,True,61
4,-0.11523955368089898,True,61
-8,0.0038335949407717895,False,61
-7,-0.0035811370574038714,False,61
-6,-0.0002524578833679736,False,61
-5,-0.012588895115605625,False,61
-4,-0.015114394625862448,False,61
-3,-0.010549294031154982,False,61
-2,0.22196966262145773,False,61
-1,0.11355458612907565,False,61
0,0.12920437435077453,False,61
1,0.06927728715964698,False,61
2,0.0036672092466053796,False,61
3,0.10286933683030641,False,61
4,-0.033875815559078704,False,61
5,-0.05590491379930687,False,61
-8,0.05392325819562105,False,61
-7,-0.06335580478139174,False,61
-6,-0.19216495362977176,False,61
-5,-0.09592317481664081,False,61
-4,-0.195766245148431,False,61
-3,-0.16573758983238382,False,61
-2,0.1964059135912532,False,61
-1,0.12221827092233495,False,61
0,0.1889644399993169,False,61
1,-0.041977746081737516,False,61
2,0.13127802042308662,False,61
3,0.06804056908902312,False,61
4,0.1538012926281369,False,61
5,0.24480749337882407,False,61
-8,-0.006646404680212964,False,63
-7,0.07607671355165999,False,63
-6,-0.09898394290503393,False,63
-5,-0.07405064664440497,False,63
-4,0.08006513561984024,False,63
-3,0.0975564660398564,False,63
-2,0.1173144932737108,False,63
-1,0.03700789810946978,False,63
0,0.2217672035786752,False,63
1,0.21263825722833818,False,63
2,0.1889871385618273,False,63
3,0.20018575240761294,False,63
4,0.2560201038639056,False,63
5,0.12099783011839982,False,63
6,0.109609238604162,False,63
7,0.030080435449708287,False,63
-8,-0.049791550935512865,False,63
-7,-0.05229136990513908,False,63
-6,-0.04004397133797505,False,63
-5,0.010245935208246265,False,63
-4,-0.026019867262573382,False,63
-3,-0.008215509376783281,False,63
-2,0.19697023538833416,False,63
-1,0.11052087626745608,False,63
0,0.16060097283416266,False,63
1,0.1634079798924076,False,63
2,0.21331190556685672,False,63
-8,-0.19568292819396851,False,63
-7,-0.020605728828687164,False,63
-6,-0.09807835661613235,False,63
-5,-0.07804587012139622,False,63
-4,-0.1559555270797417,False,63
-3,-0.1551119836244693,False,63
-2,0.13008039962276574,False,63
-1,0.13039751841383168,False,63
0,0.23542592487477565,False,63
1,0.10596560318832249,False,63
2,0.2604704454013175,False,63
-8,-0.04765836685236735,False,63
-7,-0.06703670353652796,False,63
-6,0.03974128235739849,False,63
-5,-0.04575660148216751,False,63
-4,-0.04855540169922462,False,63
-3,-0.06275682424080385,False,63
-2,0.21976208543544112,False,63
-1,0.029487089016618173,False,63
0,0.1300132139379102,False,63
1,0.2318026571675984,False,63
2,0.08479218094500729,False,63
3,-0.03914365460726649,False,63
4,0.009216514432320189,False,63
5,0.12566665919091458,False,63
6,-0.022227688048156863,False,63
7,0.010712881963651139,False,63
8,0.07769325762349844,False,63
9,-0.03533561561412968,False,63
10,-0.08565162567094636,False,63
11,-0.13945457096026245,False,63
-8,-0.00030365082451375147,False,64
-7,0.027440157589511877,False,64
-6,0.05928200679205983,False,64
-5,0.11837015093447403,False,64
-4,0.17394372903725433,False,64
-3,0.0021957448721780237,False,64
-2,0.07379445980415347,False,64
-1,0.16784209689118276,False,64
0,0.29501184407240333,False,64
1,0.048035360955660106,False,64
2,-0.032042024134020214,False,64
3,-0.005353444574136584,False,64
4,0.04655365076290782,False,64
5,-0.1004563301861815,False,64
-7,0.0027336563296636307,False,64
-6,0.032295965619059536,False,64
-5,-0.035029621948723166,False,64
-4,-0.024142515220368727,False,64
-3,0.11519155609004997,False,64
-2,0.005467590822721746,False,64
-1,0.2143150395760652,False,64
0,0.3314011751263315,False,64
1,0.21386352264573064,False,64
2,0.31712818810444865,False,64
3,0.4185512193080617,False,64
4,0.1677894841047192,False,64
5,0.3753566622553415,False,64
6,0.1187873381726369,False,64
7,0.1495282351827857,False,64
8,0.05831190968027197,False,64
-6,0.14282596037466555,False,64
-5,-0.04420772704155697,False,64
-4,-0.09861823333310862,False,64
-3,-0.07868797763283995,False,64
-2,0.13550794060344223,False,64
-1,0.18864302549459705,False,64
0,0.10624022572763686,False,64
1,0.06264256662882975,False,64
2,0.038320676542518,False,64
3,-0.0164004909605924,False,64
4,-0.03209509006104094,False,64
5,-0.05928181565412784,False,64
6,-0.08128899532891079,False,64
7,-0.08848738995826674,False,64
8,-0.08810300000859904,False,64
9,-0.09963693411797432,False,64
10,-0.11084366044667182,False,64
11,-0.11479152592679158,False,64
12,-0.11958520163804703,False,64
13,-0.12188404352919002,False,64
14,-0.12354565950866744,False,64
15,-0.12786592400613273,False,64
-8,0.12187060677452771,True,66
-7,-0.029434737399616412,True,66
-6,0.05763880872376864,True,66
-5,0.11499689441814115,True,66
-4,-0.11714512589135428,True,66
-3,-0.060336838172296584,True,66
-2,0.11956684346069235,True,66
-1,0.16225864101178006,True,66
0,0.1127665728136425,True,66
1,0.08835252334358298,True,66
-4,-0.07579023303625597,False,66
-3,0.06906444212094223,False,66
-2,0.006725790915313723,False,66
-1,0.20364524360196182,False,66
0,0.18260361574873948,False,66
1,0.04924519263722338,False,66
2,0.16577437547538468,False,66
3,0.10451590438700495,False,66
4,0.058798155705208965,False,66
5,-0.014451180905760641,False,66
6,-0.020881475487223272,False,66
7,-0.02648323803396968,False,66
8,-0.06426345021069421,False,66
9,-0.14061059504079335,False,66
10,-0.12711171366713392,False,66
11,-0.021144288844073073,False,66
12,0.03563736362124845,False,66
13,-0.12891191474787111,False,66
-4,-0.03216916589658342,False,67
-3,-0.034199232873878035,False,67
-2,0.0663683987704615,False,67
-1,0.12355259613066083,False,67
0,0.18705874299942593,False,67
1,-0.013023191174758614,False,67
2,0.11926950043720763,False,67
3,-0.11377477255229873,False,67
4,0.07147501808150583,False,67
5,0.03790745764292133,False,67
6,-0.14268247173129725,False,67
7,0.17579621855868888,False,67
8,-0.08604822713820016,False,67
9,-0.051587749949410205,False,67
-7,-0.031532682848099625,False,67
-6,0.02935130603842115,False,67
-5,0.0021813768096785036,False,67
-4,-0.08216413963198986,False,67
-3,-0.058201833523881336,False,67
-2,0.1637191128263291,False,67
-1,0.23534720524172073,False,67
0,0.010014173121464215,False,67
1,-0.006495985188303743,False,67
2,0.03363643815913134,False,67
3,0.0600062715991698,False,67
4,-0.08263554043207667,False,67
5,-0.06779480907178348,False,67
6,-0.11795786039921545,False,67
7,-0.1397799048766514,False,67
8,-0.15889756556242085,False,67
9,-0.1714982581655785,False,67
10,-0.17820383268128331,False,67
11,-0.18234379240366166,False,67
12,-0.18465725907741562,False,67
13,-0.18647205414716284,False,67
14,-0.1886073859433974,False,67
-7,-0.016621809576958968,False,67
-6,0.006319559981026318,False,67
-5,0.010302249595932678,False,67
-4,-0.028302026330818908,False,67
-3,0.013728765838436435,False,67
-2,0.13520373175112996,False,67
-1,0.07154791978476291,False,67
0,0.177339364133387,False,67
1,0.04032635053836667,False,67
2,-0.03951887479893168,False,67
3,0.15549572091161615,False,67
4,0.05563127166997947,False,67
5,0.14478428464779994,False,67
6,0.08285889930968296,False,67
7,0.15841919111486394,False,67
8,0.3505426491343244,False,67
9,0.2094657514565341,False,67
10,0.19977769060779246,False,67
11,0.11362210939481834,False,67
12,0.14830429089611893,False,67
13,-0.0005312612087351176,False,67
14,0.03635161653583249,False,67
-8,0.03565032568166458,False,67
-7,0.015208533845335312,False,67
-6,-0.05085885952699988,False,67
-5,-0.023928318443064533,False,67
-4,0.003689536993601847,False,67
-3,-0.0637344744000255,False,67
-2,-0.016947409886740136,False,67
-1,0.28615552566256497,False,67
0,0.1634659654657587,False,67
1,0.25640334691235483,False,67
2,0.08790540710096219,False,67
3,0.03579491285523402,False,67
4,0.23312732877912162,False,67
5,0.0640831409550832,False,67
-8,-0.10432807411105657,False,67
-7,-0.12810072882754478,False,67
-6,-0.1494605181314697,False,67
-5,0.010602427818494603,False,67
-4,0.009191369656102122,False,67
-3,0.05304014900189938,False,67
-2,0.1070461680141799,False,67
-1,0.20939011106765823,False,67
0,0.13869680027954165,False,67
1,-0.020732375587130175,False,67
-4,-0.016795700360201782,False,67
-3,-0.001199718124517024,False,67
-2,0.017995418484718834,False,67
-1,0.2413976249710093,False,67
0,0.20075568859603954,False,67
1,0.1099239726753235,False,67
2,-0.007645637391249488,False,67
3,0.10087737302283362,False,67
4,0.15775359218037538,False,67
5,0.18784749648715837,False,67
6,0.07987064664237958,False,67
7,0.1368750289691011,False,67
8,0.11830971658443706,False,67
9,0.0213374793984365,False,67
10,0.0973412437394997,False,67
11,-0.004548383692593444,False,67
12,-0.039865342880636284,False,67
13,0.015124014128613639,False,67
14,-0.07874164480474567,False,67
15,-0.08857801855982975,False,67
-6,0.0019028378308081628,True,69
-5,0.028635978816732535,True,69
-4,-0.030538816647540684,True,69
-3,-0.021015803411808684,True,69
-2,-0.050059090935447415,True,69
-1,0.42832796208984214,True,69
0,0.12517442614336716,True,69
1,0.15276466857099846,True,69
2,-0.04277330686851018,True,69
3,-0.020884058007028916,True,69
4,-0.09162343738664044,True,69
5,-0.02507060789120906,True,69
-6,-0.062036320564236,False,69
-5,0.016729775548764092,False,69
-4,0.04530654501547193,False,69
-3,-0.06638508567635619,False,69
-2,-0.026627865871089118,False,69
-1,0.1973604887383177,False,69
0,0.21540362954510925,False,69
1,0.19021544822250627,False,69
2,0.02397676351274461,False,69
3,0.14830993272724305,False,69
4,0.14890989553371406,False,69
5,0.016113149988168957,False,69
-8,-0.11261037403848702,False,69
-7,-0.0848347198153401,False,69
-6,-0.06387186994044508,False,69
-5,-0.13058436699495024,False,69
-4,-0.14638274935902532,False,69
-3,-0.11761257188288968,False,69
-2,-0.1228419429042231,False,69
-7,0.05510215112193523,False,69
-6,0.006809410489747619,False,69
-5,-0.061911561611682764,False,69
-4,-0.026267199981618042,False,69
-3,-0.008522079217445494,False,69
-2,0.26981737051217436,False,69
-1,0.08564939341158864,False,69
0,0.12687327897287867,False,69
1,0.17345110877855566,False,69
2,0.23629407816423467,False,69
3,0.08069364385091887,False,69
4,0.11938609067334546,False,69
5,0.10501864365807165,False,69
6,-0.010439899202735844,False,69
7,-0.06418741169211288,False,69
8,-0.08282001973691377,False,69
9,-0.09332134687079993,False,69
10,-0.09968194188390797,False,69
11,-0.10465182348521981,False,69
-7,-0.0026556565576343616,False,69
-6,0.004636325594178842,False,69
-5,-0.0019806690365445356,False,69
-4,-0.05919017759310438,False,69
-3,-0.05015137545362075,False,69
-2,0.04457220941494691,False,69
-1,0.30338408286755636,False,69
0,0.23752391190474856,False,69
1,0.16744084011768764,False,69
2,0.07662008406309789,False,69
3,0.1634729850180555,False,69
4,0.019547913328783723,False,69
5,-0.06966157261936608,False,69
6,-0.06271049455908113,False,69
7,-0.1222967523371182,False,69
8,-0.12145479465885488,False,69
9,-0.13643501529277746,False,69
-8,-0.15752909197894902,False,69
-7,-0.0175874004589891,False,69
-6,-0.07464178118947931,False,69
-5,-0.10465150677882973,False,69
-4,-0.16548613003386908,False,69
-3,0.04583906817579628,False,69
-2,-0.02576960226558825,False,69
-1,0.28112425992965673,False,69
0,0.18402758223038193,False,69
1,0.0566390211064878,False,69
2,-0.03000371349842698,False,69
-8,-0.05831467825552267,False,69
-7,-0.028946178081728002,False,69
-6,-0.07929201867548819,False,69
-5,-0.13726266664856623,False,69
-4,-0.04888116431299791,False,69
-3,-0.0795440380035827,False,69
-2,0.06084371736103991,False,69
-1,0.15240418646262108,False,69
0,0.19686934876479636,False,69
1,0.18074293983192738,False,69
2,-0.08169910909255318,False,69
3,-0.1931006940187545,False,69
4,-0.20623159329637836,False,69
5,-0.20908516761162305,False,69
6,-0.20870505254206667,False,69
7,-0.13294227885245793,False,69
-8,-0.043285693550504656,False,70
-7,-0.02244118127768882,False,70
-6,0.06572687482819345,False,70
-5,-0.0916881065603717,False,70
-4,-0.09726413814508672,False,70
-3,0.06921550024704468,False,70
-2,0.10226985963006965,False,70
-1,0.029997471379006213,False,70
0,0.25724011742595787,False,70
1,0.11321491963003275,False,70
2,0.12708917061010747,False,70
3,0.12024839731569045,False,70
4,0.2934457680276421,False,70
5,0.07167171956014842,False,70
-5,-0.03682679816221643,False,70
-4,-0.01323947482334617,False,70
-3,0.050066272985562627,False,70
-2,0.04950128914991089,False,70
-1,0.1620616917512708,False,70
0,0.19460621977624623,False,70
1,0.22347828422078184,False,70
2,0.18600022693793775,False,70
3,0.07683432184403385,False,70
4,0.08145744643471195,False,70
5,0.15833877036719132,False,70
6,-0.06360214666464892,False,70
7,-0.07633534254575033,False,70
8,-0.12979355235698486,False,70
9,-0.15152390023283022,False,70
10,-0.18668572420464674,False,70
11,-0.1965729378988726,False,70
12,-0.19811782007692064,False,70
13,-0.20105262598184948,False,70
14,-0.20080742888856554,False,70
15,-0.20151858639428127,False,70
-7,0.03867908083373675,False,70
-6,-0.01695396658920212,False,70
-5,-0.021725114244534632,False,70
-4,0.034457684802253113,False,70
-3,0.06861818070239034,False,70
-2,0.13399904214024905,False,70
-1,0.11782394093493753,False,70
0,0.1925049773640654,False,70
1,0.2536601685485395,False,70
2,0.04747774659813769,False,70
3,0.05292522069776606,False,70
4,0.06820692784035753,False,70
5,0.004125256423117507,False,70
6,-0.041067002756873194,False,70
7,0.00173833751529881,False,70
8,-0.06754595492764456,False,70
9,-0.13385897255817567,False,70
10,-0.09428326081712822,False,70
11,-0.12547351480060817,False,70
12,0.09791581522347015,False,70
-8,0.06715878497960445,False,70
-7,-0.011952815617894852,False,70
-6,-0.05482452317936354,False,70
-5,-0.12255699740378694,False,70
-4,-0.13551898030971787,False,70
-3,0.05748033090680657,False,70
-2,0.04937918844787517,False,70
-1,0.0776399584662282,False,70
0,0.32635589292692246,False,70
1,0.25867405596107074,False,70
2,-0.0031288731801099035,False,70
3,-0.11638787580596492,False,70
4,-0.16366404364569587,False,70
5,-0.1731301834624558,False,70
6,-0.17982078611338342,False,70
7,-0.1832018891752102,False,70
8,-0.18405433588466225,False,70
9,-0.18421803294900824,False,70
10,-0.18429832463263374,False,70
11,-0.18370502360384094,False,70
12,-0.18594162507639764,False,70
13,-0.18776476399366804,False,70
14,-0.18778329495500393,False,70
15,-0.18754879490242507,False,70
-4,0.0351145776589189,False,70
-3,-0.009513909396302506,False,70
-2,-0.025600668262616394,False,70
-1,0.23708335551182314,False,70
0,0.2346553509392756,False,70
1,0.2179684905673675,False,70
2,0.20677669827466316,False,70
3,0.15587733601633252,False,70
4,0.16029073684312806,False,70
5,0.3210330806815421,False,70
6,0.21732573111824027,False,70
7,0.018460967645740484,False,70
8,-0.01145305851969236,False,70
9,-0.08002750199833557,False,70
10,0.07219720005096097,False,70
11,0.15376863324975082,False,70
-8,0.03259389813442937,False,70
-7,0.006870459806396778,False,70
-6,-0.07403325541188897,False,70
-5,-0.01280264092052591,False,70
-4,-0.09860852679761735,False,70
-3,0.07680615873645408,False,70
-2,0.10813225980020269,False,70
-1,0.13923187798039843,False,70
0,0.14921003924727816,False,70
1,0.13127808844357086,False,70
2,0.07958133812438598,False,70
3,0.2251806071724211,False,70
4,0.09966611952977689,False,70
5,0.17896360143939544,False,70
6,0.19747937135552968,False,70
7,0.08226924395538665,False,70
8,0.20573905882401256,False,70
9,0.2662557343856125,False,70
10,0.27370627314454815,False,70
11,0.28942665947300245,False,70
-8,-0.15827882781061817,False,72
-7,0.07009076002952111,False,72
-6,0.05940075720108187,False,72
-5,-0.03986481937691719,False,72
-4,-0.08285645836412184,False,72
-3,-0.14050802912174576,False,72
-2,0.18503566994790446,False,72
-1,0.1829017366277688,False,72
0,0.18103218603855556,False,72
1,0.06544192415864983,False,72
2,0.12802859327050523,False,72
3,-0.012920987338767648,False,72
4,0.22839975353611616,False,72
5,0.006657649954358719,False,72
6,-0.12224588638031349,False,72
7,-0.1614387712036363,False,72
8,-0.17424411728711048,False,72
9,-0.17838240592420912,False,72
10,-0.17973450880901803,False,72
-8,0.041050922160168674,False,72
-7,-0.014000485649803135,False,72
-6,-0.12953195506254944,False,72
-5,-0.10941584755742638,False,72
-4,0.00951361105321094,False,72
-3,-0.004654623769462907,False,72
-2,0.025269349531994917,False,72
-1,0.25476739922112845,False,72
0,0.104140363724987,False,72
1,-0.04578778551566148,False,72
-8,-0.06095117950566556,False,72
-7,-0.10930630331440767,False,72
-6,-0.16933964510298652,False,72
-5,-0.10238515664755894,False,72
-4,-0.12832395131309132,False,72
-3,0.10655840239358347,False,72
-2,0.032896323049616705,False,72
-1,0.20307963839056423,False,72
0,0.1928662208504943,False,72
1,0.16859624857149383,False,72
2,0.23999303758831084,False,72
3,0.07347723315239305,False,72
4,-0.04528275007271362,False,72
5,-0.12391338132740023,False,72
6,-0.1034995482490183,False,72
7,-0.1406958496740413,False,72
8,-0.12914227257128136,False,72
9,-0.15394642874976736,False,72
10,-0.16115921455242563,False,72
11,-0.16620741772966002,False,72
12,-0.16555883053571535,False,72
13,-0.1680097763343446,False,72
14,-0.1751156492459487,False,72
-7,-0.05320410750646262,False,72
-6,0.06286609864380252,False,72
-5,-0.009661991137339912,False,72
-4,-0.05439259544488917,False,72
-3,-0.010370331906422475,False,72
-2,0.1701776720729254,False,72
-1,0.12277674693238078,False,72
0,0.4191478928061246,False,72
1,0.23511140590058355,False,72
2,0.06408693047395261,False,72
3,0.06571418631751491,False,72
4,-0.003715239287800043,False,72
5,0.007341191795999347,False,72
6,-0.06876377766759745,False,72
7,-0.11792198976271627,False,72
8,-0.1238311952215643,False,72
9,-0.1275580630797326,False,72
10,-0.12788924241457822,False,72
11,-0.12914423260741595,False,72
-8,0.07020132440301782,False,72
-7,0.08406779109136772,False,72
-6,0.03618818163528123,False,72
-5,-0.012235485222723719,False,72
-4,-0.05702112455387601,False,72
-3,-0.11107317681897706,False,72
-2,0.13095218794128208,False,72
-1,0.25379918472284757,False,72
0,0.1445098140849904,False,72
1,0.15940334457873093,False,72
2,0.09244362094767353,False,72
3,0.20335092523365048,False,72
4,0.09827563725758073,False,72
5,-0.03329688668696648,False,72
6,0.07403258683293348,False,72
7,0.026124662893951572,False,72
8,-0.04894589770162569,False,72
9,-0.0998070890436766,False,72
10,-0.14730295057517837,False,72
11,-0.16088535759290054,False,72
-8,0.04272594460886861,False,73
-7,-0.01296778648172417,False,73
-6,-0.06738888957280191,False,73
-5,-0.0994847664003427,False,73
-4,-0.1106892505299588,False,73
-3,-0.14145411571706895,False,73
-2,0.1013576135237905,False,73
-1,0.14132026959309876,False,73
0,0.23754124200319024,False,73
1,0.18773290711490428,False,73
2,0.13855389123888426,False,73
3,-0.0731235415056841,False,73
4,-0.1371419736026148,False,73
5,-0.15434231109972962,False,73
6,-0.1568736062736802,False,73
7,-0.1662580634479894,False,73
-8,0.0482649465063483,False,73
-7,-0.09763796019289553,False,73
-6,0.028514922193113773,False,73
-5,-0.08825718963215269,False,73
-4,-0.06893612950008368,False,73
-3,-0.07446424699778922,False,73
-2,0.2250838513793824,False,73
-1,0.029622669344146285,False,73
0,0.3630416930000636,False,73
1,0.22686352151565012,False,73
2,0.06481817223467981,False,73
3,0.18285654137266819,False,73
4,-0.010563616238843082,False,73
5,-0.06561674809793136,False,73
6,-0.08321868106016672,False,73
-5,-0.032565141768323175,False,73
-4,-0.021212210993543062,False,73
-3,0.05377735276186621,False,73
-2,0.019637622537152455,False,73
-1,0.14532632544361646,False,73
0,0.22001098599310454,False,73
1,0.03431066504173724,False,73
2,-0.03237726812216121,False,73
3,-0.10749420913330382,False,73
4,-0.09862607935784103,False,73
5,-0.050416080768176025,False,73
6,0.013173287933793076,False,73
7,-0.06412949819189134,False,73
8,-0.0629731443552045,False,73
9,-0.07130746402581542,False,73
10,-0.09587841719460297,False,73
11,-0.1332915752509618,False,73
12,-0.13616337316005583,False,73
13,-0.12770608927378926,False,73
14,-0.0822372524428299,False,73
15,-0.1526962369751117,False,73
-8,-0.18657190781313762,False,73
-7,-0.10935699639479214,False,73
-6,0.04794372374313913,False,73
-5,0.18544942061795255,False,73
-4,0.10507416195181812,False,73
-3,-0.028604095609209873,False,73
-2,0.15090354761580543,False,73
-1,0.12699382339658227,False,73
0,0.12117549930992733,False,73
1,0.04676798444967528,False,73
2,0.20915566384638512,False,73
3,0.05827223072192467,False,73
4,0.07119910976803434,False,73
5,-0.15204732942047425,False,73
6,-0.19375999736612204,False,73
7,-0.1999029416133723,False,73
8,-0.20051782214392444,False,73
9,-0.20050807359192013,False,73
10,-0.2005350190256724,False,73
-8,-0.023571419025963547,False,75
-7,0.05263241764632266,False,75
-6,-0.029060998620359144,False,75
-5,-0.044201919418535296,False,75
-4,0.07620744782501208,False,75
-3,-0.002014097031657336,False,75
-2,-0.04825164822007749,False,75
-1,0.2771857774720669,False,75
0,0.3009783080390966,False,75
1,0.29916418089531116,False,75
2,0.09962806565283443,False,75
3,0.23792518282537917,False,75
4,0.25399781505953195,False,75
5,0.13566961379480402,False,75
6,0.16933116885172378,False,75
7,0.001421887218107945,False,75
8,0.09247704992930476,False,75
9,-0.05963625557443287,False,75
-8,0.016267064365788342,False,75
-7,-0.0802341279804005,False,75
-6,-0.09561223156524173,False,75
-5,-0.10380689583953713,False,75
-4,-0.0404643495221059,False,75
-3,0.010777551604147229,False,75
-2,0.07837246235291503,False,75
-1,0.04106585359585738,False,75
0,0.2626713127652158,False,75
1,-0.05447779485034143,False,75
2,-0.07495068725340406,False,75
3,0.0420082864737229,False,75
4,0.1681689581632401,False,75
-6,0.02613180255362406,False,75
-5,-0.016117771308578333,False,75
-4,-0.010014031245045671,False,75
-3,-0.09057679331726616,False,75
-2,0.12610327601793225,False,75
-1,0.17078692435161463,False,75
0,0.29396228208110725,False,75
1,0.26979290810261675,False,75
2,0.19590221568575145,False,75
3,0.053353427893677044,False,75
4,-0.013882503734649498,False,75
5,-0.04934258260716752,False,75
6,-0.07846035299461095,False,75
7,-0.08508408824282353,False,75
8,-0.0876316798167098,False,75
9,-0.08699514872260586,False,75
10,-0.09287173889900403,False,75
11,-0.09719378288726604,False,75
12,-0.09893181258939045,False,75
13,-0.09658461310092244,False,75
14,-0.09810826731837893,False,75
15,-0.10317447744909411,False,75
-6,-0.10071296579830352,False,76
-5,-0.06523978256512525,False,76
-4,0.16595274836342874,False,76
-3,-0.1338430073079108,False,76
-2,-0.0480858218163053,False,76
-1,0.2042319203621081,False,76
0,0.25197162925630434,False,76
1,0.07474491282841669,False,76
2,0.10981341458716268,False,76
3,0.13966740303161437,False,76
4,0.0612043603599122,False,76
5,0.05345053276139436,False,76
6,0.054374333435762284,False,76
7,-0.004997926439301664,False,76
8,-0.08805937985906323,False,76
9,-0.1514102134718792,False,76
10,-0.16933247376946917,False,76
-8,-0.05191973686996551,False,76
-7,-0.00393655701289386,False,76
-6,0.05585629388285934,False,76
-5,0.015098637522961755,False,76
-4,0.014649776373488327,False,76
-3,-0.07961997194814614,False,76
-2,-0.01932465019648491,False,76
-1,0.14956937278601848,False,76
0,0.25322654537134703,False,76
1,0.08684690070424964,False,76
2,0.12548913017317212,False,76
3,0.07500145669765423,False,76
-5,0.0411731824768818,False,76
-4,-0.017681916722074323,False,76
-3,-0.023491265754807478,False,76
-2,-0.06039705305688328,False,76
-1,0.12921068704606214,False,76
0,0.35515933613333744,False,76
1,0.34426097233500613,False,76
2,0.3397280802353754,False,76
3,0.22090654905027524,False,76
4,0.16241177991042394,False,76
5,0.09850003373931833,False,76
6,0.035686992288304006,False,76
7,-0.03471272309762976,False,76
8,-0.06905773006123958,False,76
9,-0.08283976274888512,False,76
10,-0.08524672916876477,False,76
11,-0.08849132092791334,False,76
12,-0.08941540949772916,False,76
13,-0.08995767368097944,False,76
14,-0.09079653347517043,False,76
15,-0.0897437588728391,False,76
-7,-0.02832165781824242,False,76
-6,0.02067310935422091,False,76
-5,0.007648548464021507,False,76
-4,-0.02448938172396624,False,76
-3,0.1403856736390331,False,76
-2,0.08671297097078186,False,76
-1,0.110039103230669,False,76
0,0.34124621742130007,False,76
1,0.16073601077879324,False,76
2,0.2252437167258462,False,76
3,0.08930649770993336,False,76
4,0.16672693840412117,False,76
5,0.20157736591601322,False,76
6,0.24170642139975157,False,76
7,0.12436030275657232,False,76
8,0.14059563774410805,False,76
9,0.018067785719958387,False,76
10,0.1869546380017817,False,76
11,0.07177933385074513,False,76
12,-0.07612847748306455,False,76
13,-0.0313527985017044,False,76
14,-0.023952352271589067,False,76
15,-0.1118659538199512,False,76
-7,-0.013792419416500779,False,76
-6,0.038579180004475036,False,76
-5,-0.02478676058797425,False,76
-4,0.04569658126979077,False,76
-3,0.016969964372569896,False,76
-2,0.20115270011622483,False,76
-1,0.12033419633337045,False,76
0,0.13321784482608365,False,76
1,0.16768062009328968,False,76
2,0.2781558308888892,False,76
3,0.2157456789492339,False,76
4,0.15586575091911425,False,76
5,0.2051058836162759,False,76
6,0.09124651415596843,False,76
7,0.1104331143611445,False,76
8,0.05383200869653648,False,76
9,-0.016266535889488558,False,76
10,0.05010290884833764,False,76
11,0.0520197570017763,False,76
12,-0.012924766193848324,False,76
13,-0.007988740829700969,False,76
-5,0.03890778508825496,False,78
-4,-0.011174650354254217,False,78
-3,-0.027733134734000728,False,78
-2,0.04310023986951794,False,78
-1,0.21944646825535613,False,78
0,0.2104299263733686,False,78
1,0.17721104574081648,False,78
2,0.03240076948672127,False,78
3,0.06607752316415497,False,78
4,-0.06300649894596407,False,78
5,-0.09545762768297097,False,78
6,-0.11498653409156642,False,78
7,-0.12716439878695232,False,78
8,-0.13423796905795987,False,78
9,-0.13726126993737975,False,78
10,-0.14086760522042355,False,78
11,-0.14261629309813803,False,78
-8,-0.04730057408721133,False,78
-7,0.030989539182716658,False,78
-6,0.01631103490449462,False,78
-5,-0.0581831187203108,False,78
-4,0.013856866926386546,False,78
-3,-0.043128148831133,False,78
-2,-0.04652061965853159,False,78
-1,0.16415746642464626,False,78
0,0.3298823869118883,False,78
1,-0.025899353313973,False,78
2,-0.07892470464341109,False,78
3,-0.12088523690438369,False,78
4,-0.1323183457522835,False,78
5,-0.13852514741942748,False,78
6,-0.1464207476763593,False,78
7,-0.1474285650501691,False,78
8,-0.15391873939886805,False,78
9,-0.15882930172097695,False,78
10,-0.1606381935321867,False,78
11,-0.15762007152699403,False,78
-4,0.011465376659811122,False,78
-3,0.005037373966966227,False,78
-2,-0.016502750626777363,False,78
-1,0.29974610978851873,False,78
0,0.2609221810284262,False,78
1,0.10288804710456756,False,78
2,0.0018152505658076967,False,78
3,0.08201700997897127,False,78
4,0.014685785764004575,False,78
5,0.017922036087484994,False,78
6,0.024044945770475223,False,78
7,0.03803579083812292,False,78
8,-0.05367310498316897,False,78
9,0.036289394837576094,False,78
10,-0.040810049887111635,False,78
11,-0.026523868190021213,False,78
12,-0.06343381657715987,False,78
13,-0.014194925142448592,False,78
14,-0.04345653239694589,False,78
15,-0.061695640471901916,False,78
-4,-0.06628250670954504,False,78
-3,0.016925854657577455,False,78
-2,0.0493566520519676,False,78
-1,0.2507989666532181,False,78
0,0.11659590258398073,False,78
1,0.013374517957874615,False,78
2,-0.03344852099756586,False,78
3,-0.09132593762568889,False,78
4,0.16484403321255847,False,78
5,0.07376060410251328,False,78
6,-0.0014506473682684984,False,78
7,0.0777503269276022,False,78
8,0.01637165470121288,False,78
9,0.0770941944497765,False,78
10,0.0833133919600994,False,78
11,0.07735167828472395,False,78
12,-0.021247129659846,False,78
13,0.17325093488135712,False,78
14,0.16556466143877674,False,78
15,0.2497115090025443,False,78
-8,-0.0991597794537552,True,79
-7,0.06377019292230837,True,79
-6,0.03538958653144683,True,79
-5,0.06641182097884027,True,79
-4,-0.09943117814762115,True,79
-3,0.017237602523390072,True,79
-2,-0.0020441687398423114,True,79
-1,0.20467283763964264,True,79
0,0.2854895355809314,True,79
1,0.19527754454032245,True,79
-6,-0.05688369401431945,False,79
-5,0.01634030440640097,False,79
-4,0.040543389607918506,False,79
-3,-0.049658785565699984,False,79
-2,0.16030975135997846,False,79
-1,0.15071576608624046,False,79
0,0.28530737078147606,False,79
1,0.2035745910830423,False,79
2,0.12271997666460185,False,79
3,-0.044950513496503364,False,79
4,-0.11087736751868654,False,79
5,0.0573214701060909,False,79
6,0.0432311997583294,False,79
-5,-0.04762273910536512,False,79
-4,0.11280026927751771,False,79
-3,-0.06517753017215258,False,79
-2,0.07388277906266588,False,79
-1,0.17563693439983083,False,79
0,0.1517969073918138,False,79
1,-0.016232149088366454,False,79
2,-0.08287916596267432,False,79
3,-0.11971560766952107,False,79
4,-0.1358333840420449,False,79
5,-0.14123862697602957,False,79
6,-0.1435834160496337,False,79
7,-0.14424137487685948,False,79
8,-0.14490393554092773,False,79
9,-0.145575891492431,False,79
-8,0.010244452091423245,False,79
-7,0.02993933996704512,False,79
-6,-0.04018379205846834,False,79
-5,-0.00809609304126252,False,79
-4,0.23838808916039173,False,79
-3,0.03415644363502124,False,79
-2,0.020557543352719088,False,79
-1,0.16625448174313368,False,79
0,0.19256209402049657,False,79
1,0.06302712955192746,False,79
2,0.11990478155992201,False,79
3,0.04620832090493168,False,79
4,0.24510590000007265,False,79
5,0.13788458674424248,False,79
6,0.24769671359116363,False,79
7,0.06951008675614137,False,79
8,0.06080533691822576,False,79
-8,-0.06063760909467075,False,79
-7,0.08305028461383204,False,79
-6,-0.022412675519161346,False,79
-5,-0.10418993895421576,False,79
-4,-0.04479247422015771,False,79
-3,0.14821104893524686,False,79
-2,0.1340192531929286,False,79
-1,-0.0369253065853451,False,79
0,0.28241193122733055,False,79
1,0.09617684832033244,False,79
2,-0.06850323803703827,False,79
3,0.0020484139022781123,False,79
4,0.2321014457160462,False,79
5,0.1679829228096246,False,79
6,0.07387010426707874,False,79
-8,-0.02814211872514788,False,79
-7,0.08393580412025906,False,79
-6,0.10601111732891702,False,79
-5,-0.06336913490508453,False,79
-4,0.06178107538072339,False,79
-3,-0.0954067827066298,False,79
-2,0.23896770487115376,False,79
-1,0.20226040695365943,False,79
0,0.2909158754809135,False,79
1,-0.03751485204067323,False,79
2,-0.01759934557241681,False,79
3,0.1569222295369001,False,79
4,0.09880885468027914,False,79
-8,-0.016010911256476773,False,79
-7,0.04583279481687563,False,79
-6,-0.029821883560398832,False,79
-5,-0.13349448867311145,False,79
-4,-0.11843307871718119,False,79
-3,-0.04144564150706295,False,79
-2,0.02194141509232192,False,79
-1,0.047005346458723174,False,79
0,0.311335991039175,False,79
1,0.1403342219620533,False,79
2,0.12898303835125857,False,79
3,0.106593961947892,False,79
4,0.20050839539870902,False,79
5,0.2129879331136864,False,79
6,0.08468311172289572,False,79
7,0.2582004513950184,False,79
-8,-0.03358870970716796,True,81
-7,0.008100462563218197,True,81
-6,0.025488247143949705,True,81
-5,-0.09005094310492828,True,81
-4,-0.07416110187216438,True,81
-3,-0.08177603016713043,True,81
-2,0.060706982091254025,True,81
-1,0.13120827550703315,True,81
0,0.27159439524330065,True,81
1,0.16053145829795293,True,81
-7,-0.017838568000051125,False,81
-6,-0.017448127324269924,False,81
-5,0.035286695324321035,False,81
-4,0.010461271331425895,False,81
-3,-0.062405951964896844,False,81
-2,0.11873423738602294,False,81
-1,0.1928000747740029,False,81
0,0.1807540993095328,False,81
1,0.023955269547321842,False,81
2,0.14546601580444307,False,81
3,-0.006089825303558574,False,81
4,-0.05021959768152322,False,81
5,-0.07407917278926623,False,81
6,-0.07716132303755027,False,81
7,-0.06986151055117683,False,81
8,-0.0945164980806091,False,81
9,-0.07433819923061613,False,81
10,-0.1085466141634164,False,81
11,-0.08283024229982891,False,81
12,-0.1115433080358828,False,81
13,-0.0897165048169868,False,81
-8,0.00402564037247205,False,81
-7,0.013830011339621556,False,81
-6,-0.04681823858853906,False,81
-5,-0.012326299523365863,False,81
-4,-0.1337832866801701,False,81
-3,0.034001257186227374,False,81
-2,-0.033481180010492745,False,81
-1,0.27112088613181945,False,81
0,0.1578790968611647,False,81
1,0.06154125396177179,False,81
2,0.08510773350482892,False,81
3,-0.04237924647219518,False,81
4,-0.09155889055485117,False,81
5,-0.07786733154772922,False,81
6,-0.1343421355857798,False,81
7,-0.15084949810326584,False,81
8,-0.15892441304487154,False,81
9,-0.16264026095889242,False,81
10,-0.1655657908769291,False,81
11,-0.1726085298911832,False,81
-5,-0.04103735421145399,False,81
-4,0.0031722012050348636,False,81
-3,0.037865153006419086,False,81
-2,0.09702795210326258,False,81
-1,0.12977364173494044,False,81
0,0.20367301822116773,False,81
1,0.1872975456791916,False,81
2,0.13280807732218142,False,81
3,0.13567420301569844,False,81
4,-0.04619805866576954,False,81
5,0.08154138969484932,False,81
6,-0.007061898924290572,False,81
7,0.06921545630358751,False,81
8,0.04358699482156532,False,81
9,0.09159084692160475,False,81
10,0.01767505884424682,False,81
11,0.006244558931340946,False,81
12,-0.018142479574356232,False,81
13,0.031189174194705974,False,81
14,-0.021275760149950154,False,81
15,-0.06279833788787109,False,81
-5,-0.0050610877172545254,True,82
-4,0.009432642363440547,True,82
-3,-0.004371554646185993,True,82
-2,-0.02573497289883117,True,82
-1,0.13531147629971854,True,82
0,0.28287140001908795,True,82
1,0.1769333281382118,True,82
2,0.07153158828212183,True,82
3,-0.07280821094652883,True,82
4,-0.012312791579231264,True,82
5,-0.049853086837680166,True,82
6,-0.06183962903331708,True,82
-8,0.1600656421982046,False,82
-7,0.20319509316901044,False,82
-6,-0.03644174559764163,False,82
-5,0.04930457694939985,False,82
-4,-0.07557102556760449,False,82
-3,-0.10861701005219751,False,82
-2,0.15561594414306526,False,82
-1,0.09319668792860389,False,82
0,0.24295825512721916,False,82
1,0.2128431250369701,False,82
-7,-0.0024383464503684865,False,82
-6,0.04049748480065739,False,82
-5,-0.038059138350288874,False,82
-4,0.07854860773700749,False,82
-3,0.04211926141537971,False,82
-2,0.015153545519707032,False,82
-1,0.2811980532611124,False,82
0,0.16769507742703038,False,82
1,0.2180168375800804,False,82
2,0.30290971643138986,False,82
3,0.30855603804411474,False,82
4,0.0875411625495197,False,82
-8,-0.07502355768842775,False,82
-7,-0.07722923326429415,False,82
-6,-0.013129499657537347,False,82
-5,-0.08898050132786228,False,82
-4,-0.10858362423775021,False,82
-3,0.05752708019464656,False,82
-2,0.24004519141569414,False,82
-1,0.027304231040744864,False,82
0,0.10833240943941935,False,82
1,0.37995965641639784,False,82
2,0.16878116911513946,False,82
3,0.14572153368431906,False,82
4,0.09679363878074534,False,82
5,-0.04748653520211303,False,82
6,-0.09250297957060583,False,82
7,-0.10948148813517122,False,82
8,-0.11632786412062447,False,82
-5,-0.024618101011777138,True,84
-4,0.010223958082358889,True,84
-3,0.014394142929418208,True,84
-2,-0.018462211653409555,True,84
-1,0.23950530691183397,True,84
0,0.2109615261734819,True,84
1,0.22943165645722507,True,84
2,-0.013155771466321617,True,84
-8,0.1326107279733794,True,84
-7,0.09617057790382802,True,84
-6,0.11662424939691277,True,84
-5,0.0925986351402531,True,84
-4,-0.10413127754941223,True,84
-3,-0.12179833434081755,True,84
-2,0.18752692232199838,True,84
-1,0.17937030509978888,True,84
0,0.07611737738747673,True,84
-6,-0.00679098957882418,True,84
-5,-0.029741246353471,True,84
-4,0.03653223593229521,True,84
-3,-0.09513389498123093,True,84
-2,0.16595782351478147,True,84
-1,0.15736953944300472,True,84
0,0.09378714487505935,True,84
1,0.007719410531160431,True,84
2,0.022649522048703186,True,84
3,0.04327535860129217,True,84
4,0.10269536385596004,True,84
5,0.08582066871894742,True,84
6,-0.10044566003062896,True,84
7,-0.08876129841716915,True,84
8,-0.08636527952169508,True,84
-8,0.01692684645650347,False,84
-7,0.03433124275053065,False,84
-6,-0.05125808920703408,False,84
-5,-0.002973806416092045,False,84
-4,-0.05510730882452661,False,84
-3,-0.07381619177328082,False,84
-2,0.15418822105284377,False,84
-1,0.23067366445078755,False,84
0,0.08827673962572291,False,84
1,0.15581303864724702,False,84
2,0.22371014235400868,False,84
3,0.1563745917217442,False,84
4,0.038454771688475275,False,84
5,-0.05094331677345999,False,84
6,-0.08273518235076621,False,84
-8,0.00686420426262363,False,84
-7,0.008953648176314333,False,84
-6,-0.006682997930314599,False,84
-5,-0.07573621846715305,False,84
-4,-0.07889419907201259,False,84
-3,-0.10035151018074055,False,84
-2,0.2319500181502537,False,84
-1,0.2324159665391726,False,84
0,0.2273605617630717,False,84
1,0.15394093463117856,False,84
2,0.28858151318550296,False,84
3,0.14793857899919668,False,84
-8,0.02002737846805601,False,84
-7,-0.0360352719932661,False,84
-6,-0.020826560499204547,False,84
-5,0.017620897989525916,False,84
-4,0.1334442683966819,False,84
-3,-0.04703256762619062,False,84
-2,0.05063285365317745,False,84
-1,0.0676383138517548,False,84
0,0.42483032801830445,False,84
1,0.20785427744931434,False,84
2,0.1295244462932979,False,84
3,-0.02754841372611462,False,84
4,0.02120904265637498,False,84
5,0.21952908657197712,False,84
6,0.3101348034014928,False,84
7,0.2634172293167362,False,84
8,0.20508316219996653,False,84
9,0.10642854419351268,False,84
10,0.05062841103125611,False,84
11,0.06295655737973867,False,84
12,0.08784729060692197,False,84
13,-0.021812264837486654,False,84
14,-0.040851275852097683,False,84
-7,-0.041687438202477986,True,85
-6,-0.0033630766284865193,True,85
-5,0.04505051483096445,True,85
-4,-0.06281767195653436,True,85
-3,-0.03572049779067964,True,85
-2,0.1829728588081118,True,85
-1,0.13271711045698983,True,85
0,0.06459295848705454,True,85
1,0.34147130578066287,True,85
2,0.1633605960153284,True,85
3,0.16338388034145954,True,85
4,0.04112284764554769,True,85
-8,-0.011113545642908423,False,85
-7,0.06473343577590307,False,85
-6,-0.05460305450936957,False,85
-5,-0.017128572638356376,False,85
-4,0.0045110848120010205,False,85
-3,-0.07513685901224125,False,85
-2,0.17224321026707604,False,85
-1,0.019257319476083445,False,85
0,0.2714535811995783,False,85
1,0.08543273195066292,False,85
2,0.13017861219503238,False,85
3,0.1318041349201017,False,85
-8,-0.021421825258155017,False,85
-7,-0.015509603128987692,False,85
-6,-0.06508786793691122,False,85
-5,0.03906719298802083,False,85
-4,0.01268300763456856,False,85
-3,0.05461795015063145,False,85
-2,0.1340510079387661,False,85
-1,0.15624646671441036,False,85
0,0.12974565863788298,False,85
1,0.011696776306338585,False,85
2,-0.029214210952878295,False,85
-8,-0.027316063853485978,False,85
-7,0.026804668783765168,False,85
-6,0.0005113950697207825,False,85
-5,-0.000629001440330984,False,85
-4,0.035778202587998825,False,85
-3,0.003841692334334096,False,85
-2,0.14556069669701674,False,85
-1,0.19821553217185486,False,85
0,0.35275103501041616,False,85
1,-0.06956783453141283,False,85
2,0.07323850021227254,False,85
3,-0.07721851035606633,False,85
4,0.2542382385877915,False,85
5,0.11716019768004296,False,85
6,0.23819073695996204,False,85
7,0.17840524900329816,False,85
8,0.1449205038451857,False,85
-8,0.03126984007630537,False,85
-7,-0.05779602944083559,False,85
-6,0.01618977173428529,False,85
-5,-0.0233827317408489,False,85
-4,-0.18479055576101727,False,85
-3,-0.18035973496955007,False,85
-2,-0.19933514192906138,False,85
-7,-0.004881044427404765,True,87
-6,0.009989283606828173,True,87
-5,-0.0051082391794233795,True,87
-4,-0.05118751748844394,True,87
-3,-0.003311088999373518,True,87
-2,0.14258531746287628,True,87
-1,0.20852679008017794,True,87
0,0.24087538879689424,True,87
1,0.21200113597457726,True,87
-8,-0.008066257081352043,False,87
-7,0.035903884399810945,False,87
-6,-0.02783762731845893,False,87
-5,0.02571937032676884,False,87
-4,-0.06150375759396039,False,87
-3,-0.06217732276346517,False,87
-2,0.16422300676959817,False,87
-1,0.22432395011435935,False,87
0,0.05884458107107991,False,87
1,-0.011071058734052924,False,87
2,0.21760489929389254,False,87
3,0.14612124378491792,False,87
4,-0.049321815649947684,False,87
5,0.1430255908314234,False,87
6,0.0883332653743825,False,87
-7,-0.047830774723995786,False,87
-6,0.009816082905641371,False,87
-5,0.0380146918183544,False,87
-4,-0.012015133021688884,False,87
-3,0.10498036062644525,False,87
-2,0.10991732976975419,False,87
-1,0.12650378632026363,False,87
0,0.17183804456782167,False,87
1,0.20569387918882073,False,87
2,0.1934615218279139,False,87
3,0.0281728622229393,False,87
4,-0.012248123504677605,False,87
5,0.060222023792285556,False,87
6,0.16067921571986918,False,87
7,0.1315754129699611,False,87
8,0.22839979965920318,False,87
-8,0.05406645285652689,False,87
-7,-0.03745037762695548,False,87
-6,-0.02733328659902476,False,87
-5,-0.09139217219236971,False,87
-4,0.1330053934806428,False,87
-3,-0.08201920307317677,False,87
-2,0.20968682115290374,False,87
-1,0.16440283815327975,False,87
0,0.1906455296410218,False,87
1,0.08555623004733834,False,87
2,0.03587625692826127,False,87
3,0.0006909200190335363,False,87
4,-0.025216594616426072,False,87
-8,-0.014305255246502863,True,88
-7,-0.010737101337942145,True,88
-6,0.02504235658444498,True,88
-5,0.010963420470095242,True,88
-4,0.05779668260548279,True,88
-3,-0.03609282238892639,True,88
-2,0.1322398852877783,True,88
-1,0.20870823845082126,True,88
0,0.1631386203945135,True,88
1,0.13117163976497898,True,88
2,0.019472369526172956,True,88
3,0.05234914119211295,True,88
4,-0.0835320181102816,True,88
-8,0.024613461987672863,False,88
-7,-0.04170952717710312,False,88
-6,-0.00402259032641733,False,88
-5,0.04323417680102898,False,88
-4,-0.06447372918132874,False,88
-3,-0.07152183856443166,False,88
-2,0.11706891475329687,False,88
-1,0.19876758209304285,False,88
0,0.1816014592063398,False,88
1,0.11697564079215861,False,88
2,0.05393824943207082,False,88
3,0.15873174488569097,False,88
4,0.02041152236687946,False,88
5,0.12827168276680728,False,88
6,-0.007243811629412802,False,88
-6,-0.028252230066100364,False,88
-5,0.046221714645174605,False,88
-4,-0.017969484579074185,False,88
-3,0.0474539220413758,False,88
-2,0.0213716077686065,False,88
-1,0.1910196406722445,False,88
0,0.21365375754307445,False,88
1,0.23655573791610898,False,88
2,0.11126484103397996,False,88
3,0.09468486550615454,False,88
4,-0.057637397167826065,False,88
5,-0.13553189234627414,False,88
6,-0.15366047146557732,False,88
7,-0.15856614191673898,False,88
8,-0.1617343640982926,False,88
9,-0.16199764004628484,False,88
10,-0.163566886941017,False,88
11,-0.16454285333759616,False,88
12,-0.16557860371982175,False,88
13,-0.16535551623687356,False,88
14,-0.16661805516583206,False,88
15,-0.16626637303893338,False,88
-8,-0.008418317580456136,False,88
-7,0.006743539505142726,False,88
-6,-0.01762601147917367,False,88
-5,0.06348539958483138,False,88
-4,0.0466211987140297,False,88
-3,-0.05491871643630376,False,88
-2,0.1314764457171256,False,88
-1,0.11037842741402445,False,88
0,0.1660904036968752,False,88
1,0.24129075952673926,False,88
2,0.2637631696931566,False,88
3,0.13346585405450292,False,88
4,0.01303469554500844,False,88
5,0.018785575149661504,False,88
6,0.03985749668938421,False,88
7,0.02345690371789369,False,88
8,0.07550297875167336,False,88
9,0.04718640220804504,False,88
10,-0.09244481239187889,False,88
11,-0.10184331148629402,False,88
12,-0.10616998280303672,False,88
-6,-0.0035186092765211174,False,88
-5,0.025088575987974204,False,88
-4,-0.02156996671145306,False,88
-3,0.027998152546199417,False,88
-2,0.126189072514462,False,88
-1,0.20210388800692636,False,88
0,0.12600719213691602,False,88
1,0.07421398793164283,False,88
2,0.050544543281816096,False,88
3,0.04878047418997439,False,88
4,-0.04208645064827668,False,88
5,-0.12437808144571783,False,88
6,-0.1615048078250977,False,88
7,-0.16545720686731416,False,88
8,-0.16762010601987234,False,88
9,-0.16858637285752506,False,88
10,-0.1694614809489703,False,88
11,-0.17039944747849683,False,88
12,-0.16962926774372825,False,88
13,-0.17020816888946327,False,88
14,-0.17113107005173586,False,88
15,-0.17167254136609147,False,88
-5,0.009298386337809245,False,88
-4,-0.015434010640801868,False,88
-3,0.006135624302992637,False,88
-2,0.02329385219238103,False,88
-1,0.2585209508093802,False,88
0,0.10768947510368532,False,88
1,0.1463772025878428,False,88
2,0.04421824550258929,False,88
3,0.03516020920914173,False,88
4,-0.023620915276486604,False,88
5,0.02790082914385536,False,88
6,-0.06517893794355274,False,88
7,-0.00976870600022249,False,88
8,-0.0032779289963310865,False,88
9,-0.05997046064504269,False,88
10,-0.07567574414912412,False,88
-8,-0.016704633821640114,True,90
-7,-0.0024876661823254043,True,90
-6,0.019192300003965518,True,90
-5,-0.07667738904884401,True,90
-4,0.029198677340541962,True,90
-3,-0.025501266532002353,True,90
-2,0.12030958311882736,True,90
-1,0.26801996440038156,True,90
0,0.10810130194531734,True,90
1,-0.050513231286415286,True,90
2,-0.12718069070048638,True,90
3,-0.033513527297975604,True,90
4,-0.10359871704649481,True,90
-7,-0.024313745559539496,False,90
-6,0.02769123523709649,False,90
-5,-0.003377489677557022,False,90
-4,-0.030064639694486278,False,90
-3,-0.13018691671481025,False,90
-2,-0.03249902833814938,False,90
-1,0.16558819082272436,False,90
0,0.25680315335418236,False,90
1,0.03004297625029645,False,90
2,0.14712082673375043,False,90
3,0.1338864724692111,False,90
4,-0.029771903769118285,False,90
5,0.014381656966589662,False,90
6,0.08580557780145748,False,90
7,0.047439224857260265,False,90
8,0.07968928058089014,False,90
9,0.12261306259119426,False,90
10,0.22017777637720326,False,90
11,0.3222099129442282,False,90
12,-0.022132222094174675,False,90
13,-0.08624406592040731,False,90
14,-0.1583396357391295,False,90
-5,-0.02627413017199287,False,90
-4,0.04475226785208049,False,90
-3,-0.018478137680087617,False,90
-2,-0.015687432045180028,False,90
-1,0.306678159374603,False,90
0,0.19556140269490663,False,90
1,0.19075206697834157,False,90
2,0.03405236471802754,False,90
3,0.08330681469112279,False,90
4,-0.023045071362482697,False,90
5,-0.04921348424312075,False,90
6,0.019540792776527108,False,90
7,0.03805380280427369,False,90
8,0.037284339541812164,False,90
9,-0.03823169933543083,False,90
10,-0.04258552340892714,False,90
11,-0.09564070501880773,False,90
12,-0.04606015794044467,False,90
13,-0.07129821097463937,False,90
14,-0.08430471186080946,False,90
15,-0.10741387606187561,False,90
-8,-0.02861278299946396,False,90
-7,0.09058018842284823,False,90
-6,0.042550103098656866,False,90
-5,-0.016578923102769427,False,90
-4,0.0071286328291488565,False,90
-3,-0.023796352432027656,False,90
-2,-0.035217147562774664,False,90
-1,0.19429404691241456,False,90
0,0.23618956798302718,False,90
1,0.19010752570403525,False,90
2,0.028596401420448808,False,90
3,-0.030113368748298328,False,90
4,0.053470095986498045,False,90
5,0.06667289691704545,False,90
6,0.07012373654790141,False,90
7,0.2278624361912728,False,90
8,0.11904372791513831,False,90
9,0.1290936983361289,False,90
10,0.059521460079137,False,90
-6,0.011717187396114409,False,90
-5,0.006582370149929878,False,90
-4,-0.018299557546044315,False,90
-3,-0.05883984007070308,False,90
-2,0.06834407016973484,False,90
-1,0.15793179347123204,False,90
0,0.2346382752735418,False,90
1,0.1996704008360482,False,90
2,0.09967447041947533,False,90
3,0.15067656961965054,False,90
4,0.00015388287297696257,False,90
5,0.22974908507694353,False,90
6,0.2039912816366004,False,90
7,-0.005449078574133057,False,90
8,-0.045501512887851134,False,90
9,-0.08069901663797047,False,90
10,-0.08125614670434933,False,90
11,-0.10200638389085559,False,90
-7,-0.01375118321361693,False,90
-6,0.003486102803713864,False,90
-5,0.010265080409903038,False,90
-4,0.0655294280565408,False,90
-3,0.08207481411478915,False,90
-2,0.02043208963605525,False,90
-1,0.19690393648316962,False,90
0,0.2086115268710722,False,90
1,0.231534737463381,False,90
2,0.18396924169873125,False,90
3,0.08598064951883103,False,90
4,0.13295160758637659,False,90
5,0.04826428767404334,False,90
6,-0.10913781169446066,False,90
7,-0.1290110624671896,False,90
8,-0.1273367309249574,False,90
9,-0.13002254267007263,False,90
10,-0.13747727324829384,False,90
11,-0.1419899846927462,False,90
12,-0.14212856988058956,False,90
13,-0.14275177256671687,False,90
14,-0.14319964179962225,False,90
-8,-0.07164645741754025,False,91
-7,-0.007772137656692296,False,91
-6,-0.02534131863285835,False,91
-5,-0.0974122918257776,False,91
-4,-0.16862698880992558,False,91
-3,-0.013324494166587958,False,91
-2,-0.03484155518974022,False,91
-1,0.28729091807435714,False,91
0,0.21049225021409604,False,91
1,0.08073067849287721,False,91
2,-0.06661832496487233,False,91
3,0.09821511843815708,False,91
4,0.09667351434871382,False,91
5,0.013649200885525847,False,91
6,-0.007518273517152285,False,91
7,0.08022897883541494,False,91
8,-0.10816983050935768,False,91
9,-0.00882997333080332,False,91
10,-0.10161755362810032,False,91
-8,-0.02788087051613858,False,91
-7,-0.1094196003387949,False,91
-6,-0.02577401012093916,False,91
-5,-0.05868232588723368,False,91
-4,0.0759452075790975,False,91
-3,-0.0870185302354646,False,91
-2,0.20221260252842654,False,91
-1,0.12280596760547335,False,91
0,0.13150747872904478,False,91
1,0.08666641407500209,False,91
2,-0.0018000350284670952,False,91
3,-0.07197559217955238,False,91
4,0.10329431658571137,False,91
-8,-0.023316526120053777,False,91
-7,0.011117732366293903,False,91
-6,-0.07773624202305003,False,91
-5,0.02173291175348735,False,91
-4,-0.08955478769021333,False,91
-3,0.07311489365481535,False,91
-2,0.033701442715266816,False,91
-1,0.17834219696816875,False,91
0,0.18833361634616144,False,91
1,-0.023389208633799674,False,91
2,0.11382580190454303,False,91
3,0.11302351486016213,False,91
4,0.14904583258114487,False,91
5,0.07704483781957291,False,91
-8,0.02391291974443109,True,93
-7,-0.029795076896519758,True,93
-6,0.0247752904563905,True,93
-5,0.03995062087103707,True,93
-4,-0.0371742395268032,True,93
-3,-0.03438229411378288,True,93
-2,0.13506257189624465,True,93
-1,0.19610903953909647,True,93
0,0.0692849872953878,True,93
1,0.17320116892945298,True,93
2,-0.00521503781749863,True,93
-8,0.05221129759450241,True,93
-7,0.030410656722523022,True,93
-6,-0.07843260915543919,True,93
-5,-0.038069185507155004,True,93
-4,-0.0790392228570677,True,93
-3,-0.03779179925474058,True,93
-2,0.1648374313158584,True,93
-1,0.15301216866597853,True,93
0,0.06397458576317633,True,93
1,-0.02451774043076757,True,93
-8,0.058478612241364,False,93
-7,0.04268432536694855,False,93
-6,0.13568404072673237,False,93
-5,-0.04788639994085636,False,93
-4,0.025563490519479204,False,93
-3,-0.07369734412849309,False,93
-2,0.040529191391691005,False,93
-1,0.18746148911043845,False,93
0,0.15237400196061254,False,93
1,0.05233162197967248,False,93
2,0.14900210422166352,False,93
3,-0.013427471301773228,False,93
4,0.09361029890896705,False,93
5,-0.04091832879234594,False,93
6,-0.064144680195926,False,93
-6,-0.016464511089301526,True,94
-5,0.007027562886723099,True,94
-4,0.009436948202578413,True,94
-3,-0.00741790435382865,True,94
-2,0.18253759392760405,True,94
-1,0.1502943843678751,True,94
0,0.1640637867975889,True,94
1,0.04589475981946897,True,94
-4,-0.015061749747594444,False,94
-3,-0.062029066429090104,False,94
-2,0.07709081617668453,False,94
-1,0.19604062200238812,False,94
0,0.13389466728745272,False,94
1,0.1084710859315868,False,94
2,0.061535789869873514,False,94
3,0.06530860394500956,False,94
4,0.11139589467863334,False,94
5,0.08318480144468329,False,94
6,0.11135670134153561,False,94
7,-0.005477521095171051,False,94
8,0.06319402892734427,False,94
9,0.07343751926019995,False,94
10,-0.05141578755453158,False,94
11,-0.01969760956115718,False,94
-7,-0.012485068320757964,False,94
-6,0.01896104263095616,False,94
-5,-0.00647597431019821,False,94
-4,-0.04556028138894151,False,94
-3,-0.060119112824951644,False,94
-2,0.20166437535638393,False,94
-1,0.16061103589785397,False,94
0,0.13820862615954116,False,94
1,0.07182202571511587,False,94
2,0.04990716237451573,False,94
3,-0.05895782880222274,False,94
4,-0.10631585322134379,False,94
5,-0.11189638631860366,False,94
6,-0.11564110442592929,False,94
7,-0.1138882284001757,False,94
8,-0.11436726783676415,False,94
9,-0.11652103038660329,False,94
10,-0.11654593525871133,False,94
11,-0.11682134155914843,False,94
12,-0.11688942547506177,False,94
13,-0.11733729768280891,False,94
14,-0.11837865246324143,False,94
15,-0.11825447032899351,False,94
-8,-0.019146395515185197,False,94
-7,-0.07885822579256048,False,94
-6,-0.0034608690722152113,False,94
-5,0.005838572276074261,False,94
-4,0.0884611014825672,False,94
-3,0.10487679947156797,False,94
-2,0.17939319260507383,False,94
-1,0.06625056623372463,False,94
0,0.21495864697592085,False,94
1,-0.05094129096394816,False,94
2,-0.045310785064483175,False,94
3,-0.0886695614146569,False,94
-4,-0.03736329389312665,False,94
-3,0.007601241925187838,False,94
-2,0.029762051967938838,False,94
-1,0.07228713711153305,False,94
0,0.27619239905693527,False,94
1,0.2050183382966887,False,94
2,0.28510755817513384,False,94
3,0.12667264003641165,False,94
4,0.11288976384964063,False,94
5,0.12596818789518377,False,94
6,0.04128601682918544,False,94
7,0.22033427758133195,False,94
8,0.06580354001846951,False,94
9,0.20304524669334595,False,94
10,0.18794599838464165,False,94
11,0.0520571225203879,False,94
12,0.027889935016589387,False,94
13,0.04532268673908833,False,94
14,0.12155424408342451,False,94
15,0.1359785740966754,False,94
-8,0.0035919575357243744,True,96
-7,-0.012391868381537136,True,96
-6,0.008799910845812775,True,96
-5,-0.09852472825050183,True,96
-4,-0.04989366497535896,True,96
-3,-0.003574085193883053,True,96
-2,-0.06420289555629796,True,96
-1,0.26420706293682866,True,96
0,0.2148287847368478,True,96
-6,-0.03353956002921167,False,96
-5,0.03568903167003448,False,96
-4,-0.0021494716408227976,False,96
-3,0.09923975272324997,False,96
-2,0.13317445935566777,False,96
-1,0.12840092953351398,False,96
0,0.3056589247377437,False,96
1,0.09029011896239322,False,96
2,0.024007271846401,False,96
3,0.07153196329743886,False,96
4,0.20673683419831293,False,96
5,0.001935469534366463,False,96
6,-0.04867891093773265,False,96
7,-0.07769534585745036,False,96
8,-0.07284732487435228,False,96
-7,-0.0408832957205722,False,96
-6,0.010214010975762161,False,96
-5,0.030669284744810094,False,96
-4,0.03349113606073012,False,96
-3,0.029171001532884322,False,96
-2,0.06687171694972124,False,96
-1,0.2270837556012034,False,96
0,0.3121424023929408,False,96
1,0.10351969775254,False,96
2,-0.07513925460787653,False,96
3,0.025815066606666215,False,96
4,0.08597669908528949,False,96
5,0.08361576634641055,False,96
6,0.07596876855641152,False,96
7,0.022386669059041325,False,96
8,-0.08462632725041358,False,96
9,0.10632128690908224,False,96
10,0.20474596971705697,False,96
11,0.23222933047167674,False,96
12,0.12252028533096346,False,96
13,0.012680223688081582,False,96
14,0.04171477089149067,False,96
-8,0.04264952946665038,False,96
-7,0.021988702488781375,False,96
-6,-0.02029886705422826,False,96
-5,0.032788600160584824,False,96
-4,-0.1067556893954627,False,96
-3,-0.0839487529046949,False,96
-2,0.10762093118082824,False,96
-1,0.2747836864142036,False,96
0,0.13260998384269604,False,96
1,0.1885452956622721,False,96
2,0.2932809103690115,False,96
3,0.3095131895123895,False,96
4,0.2103752657842418,False,96
5,0.1218869670402705,False,96
6,-0.003585309747378085,False,96
7,-0.06725202242463343,False,96
8,-0.10223597379339115,False,96
9,-0.10252288354818422,False,96
10,-0.1424985399987996,False,96
11,-0.14845448140657033,False,96
12,-0.15092254826804935,False,96
13,-0.153476078864295,False,96
14,-0.15641937893339197,False,96
15,-0.15758758642051923,False,96
-6,-0.011407511192070813,False,96
-5,0.0033798394862060016,False,96
-4,0.008027671705864783,False,96
-3,-0.011859106521124138,False,96
-2,0.22225865914665666,False,96
-1,0.1378715461194236,False,96
0,0.11716494265055737,False,96
1,0.17989550361095785,False,96
2,0.08009619453571572,False,96
3,0.10925041177382637,False,96
4,0.09795252781513554,False,96
5,0.00876990703413695,False,96
6,-0.05090939555813729,False,96
7,-0.0782989025916749,False,96
8,-0.08578017147745784,False,96
9,-0.09035906020949021,False,96
10,-0.09409093409098526,False,96
11,-0.09672053416007798,False,96
12,-0.0977587084165198,False,96
13,-0.09926330028061535,False,96
14,-0.1000592787764666,False,96
15,-0.10059251595839223,False,96
-8,0.06686855080586511,True,97
-7,0.03614901978617048,True,97
-6,-0.04326453754335125,True,97
-5,0.010360970101228259,True,97
-4,-0.037984747384967446,True,97
-3,0.0006841836579470212,True,97
-2,0.2464588946251015,True,97
-1,0.12301947630490813,True,97
0,0.17068170822006362,True,97
1,0.02985803980436795,True,97
2,0.2200048800050441,True,97
3,0.128607899797748,True,97
4,0.233349674898569,True,97
5,0.17520360891212972,True,97
-8,0.007718785674378809,False,97
-7,-0.0037960591652330122,False,97
-6,-0.07528189161445582,False,97
-5,0.04430317384632945,False,97
-4,-0.0967065707774078,False,97
-3,-0.055646874380515424,False,97
-2,0.10225897824068345,False,97
-1,0.06889373150434544,False,97
0,0.2143487358829598,False,97
1,-0.040648758133490545,False,97
2,0.13398369187773138,False,97
3,0.18475943598954855,False,97
4,0.09014123345778643,False,97
5,-0.0654108981352645,False,97
-6,0.004405127798958963,False,97
-5,0.04922481027316686,False,97
-4,-0.05362993807212582,False,97
-3,0.02805030130323402,False,97
-2,0.11938936341645975,False,97
-1,0.16296324023469014,False,97
0,0.2686592300575589,False,97
1,0.26920886683670453,False,97
2,0.08066144592097282,False,97
3,-0.0328315365175689,False,97
4,-0.07769045181380613,False,97
5,-0.09167730084914374,False,97
6,-0.15869116647528586,False,97
7,-0.19173355958211516,False,97
8,-0.2062997627617357,False,97
9,-0.2117479943384032,False,97
10,-0.21503160639053653,False,97
11,-0.2178484322224361,False,97
12,-0.2197172134156262,False,97
13,-0.21998357826047926,False,97
14,-0.2202626348911776,False,97
-6,0.015677197527278253,False,97
-5,0.0007674713768514863,False,97
-4,-0.016444668904129725,False,97
-3,-0.07119689776464697,False,97
-2,0.19243750923194988,False,97
-1,0.19939227156743475,False,97
0,0.20266748683722755,False,97
1,0.30585229748957843,False,97
2,0.049572596623544324,False,97
3,0.02501738997030023,False,97
4,0.2880916769666899,False,97
5,0.17119947796024784,False,97
6,0.1592329715367515,False,97
7,0.11909361464040294,False,97
-7,0.009567369635630166,False,97
-6,0.008149979487206124,False,97
-5,-0.017717349122836318,False,97
-4,-0.03179152045557114,False,97
-3,-0.03532286348764528,False,97
-2,-0.05485634322448715,False,97
-1,0.23014796196356396,False,97
0,0.28064946763260795,False,97
1,0.19526024937651892,False,97
2,0.1650662328768191,False,97
3,0.01817486480333623,False,97
4,-0.07815307455213746,False,97
5,-0.10385576523454254,False,97
-8,0.04922718749999777,False,97
-7,-0.014237786173698697,False,97
-6,-0.06868908694972638,False,97
-5,-0.05904931988409935,False,97
-4,-0.10695931343549539,False,97
-3,-0.1192659588383128,False,97
-2,0.09423449173325965,False,97
-1,0.334186378381384,False,97
0,0.3148460787864811,False,97
1,0.09998002011211352,False,97
2,0.09889240532530322,False,97
3,0.2982945693567034,False,97
-8,-0.03386201158341043,False,97
-7,0.07588050297380813,False,97
-6,-0.07476131963806049,False,97
-5,-0.10724651717379777,False,97
-4,0.04210172896721301,False,97
-3,0.045160138142654904,False,97
-2,0.15754653127254284,False,97
-1,0.15656811416970565,False,97
0,0.1044738788245245,False,97
1,0.06581052102512433,False,97
2,-0.06900588579074557,False,97
3,-0.0637187267789186,False,97
4,0.09877459936975325,False,97
5,0.0218812369516887,False,97
6,0.04097034531057084,False,97
7,-0.02246649831427379,False,97
-4,-0.009373747464976767,False,97
-3,-0.008064011364464385,False,97
-2,0.017437758829441097,False,97
-1,0.2093026477945619,False,97
0,0.18012690968176573,False,97
1,0.2634413386638432,False,97
2,0.18573798262204708,False,97
3,0.0031629376766947326,False,97
4,0.08373911385044,False,97
5,0.01765552303950202,False,97
6,0.09873497501680464,False,97
7,0.13940653095114516,False,97
8,0.2336903393599001,False,97
9,0.33272217808676263,False,97
10,0.17939620382386598,False,97
-4,0.0176175467727073,True,99
-3,-0.042985740155876,True,99
-2,0.025368193383168702,True,99
-1,0.3151939128607688,True,99
0,0.22147743182881321,True,99
1,0.11763512171773119,True,99
-8,0.031036246322631245,True,99
-7,0.021011059957399714,True,99
-6,-0.05459860645824846,True,99
-5,-0.06738075702422902,True,99
-4,0.15168704084280862,True,99
-3,0.03166885431815514,True,99
-2,-0.10479937510385139,True,99
-1,0.15768446848541404,True,99
0,0.3633923118091632,True,99
1,-0.014169309861204238,True,99
2,-0.12826787004927676,True,99
3,-0.14498056379996976,True,99
-8,-0.005698681231739167,True,99
-7,0.038022528808572986,True,99
-6,-0.08179619671156908,True,99
-5,-0.011864063142308284,True,99
-4,-0.10752121727109053,True,99
-3,-0.09183172061296699,True,99
-2,0.10286346741563082,True,99
-1,0.10669141570079166,True,99
0,0.17792850060394413,True,99
1,0.09506088228580345,True,99
2,0.052393209055967505,True,99
3,0.1053806736139973,True,99
4,0.1297624438718238,True,99
5,0.09968009034547176,True,99
-8,0.0019434768208184683,False,99
-7,-0.02943976853617608,False,99
-6,0.027496291715357585,False,99
-5,-0.041370915351681734,False,99
-4,-0.05089179356039296,False,99
-3,0.09915476956317157,False,99
-2,0.11008172200384345,False,99
-1,0.14171695100573586,False,99
0,0.31868106674347096,False,99
1,0.06101873559453516,False,99
2,-0.03319271222167382,False,99
3,0.1886900310337015,False,99
4,0.17526047546824833,False,99
5,0.21013793843370984,False,99
-7,-0.057579542859429095,False,99
-6,-0.004774160550933437,False,99
-5,0.06235370341036256,False,99
-4,-0.004864002493670666,False,99
-3,-0.11594746735057541,False,99
-2,0.07859925516183089,False,99
-1,0.1773535170783392,False,99
0,0.15180748988996276,False,99
1,0.1517007207963779,False,99
2,-0.07601843130025426,False,99
3,-0.160455160953474,False,99
4,-0.16485290935331154,False,99
5,-0.16721512271198047,False,99
6,-0.1677145756803148,False,99
7,-0.16806316588267792,False,99
8,-0.16805650474014122,False,99
9,-0.16871531680348767,False,99
10,-0.1694328699992157,False,99
11,-0.16901130781447396,False,99
12,-0.16948009073255324,False,99
13,-0.1700401596582823,False,99
14,-0.17060345397815813,False,99
15,-0.17061053091703982,False,99
-8,-0.043315596119710476,False,99
-7,-0.08390843236243928,False,99
-6,0.08227266748931675,False,99
-5,-0.0009084833780818591,False,99
-4,-0.09599737233220615,False,99
-3,-0.08953948460104581,False,99
-2,0.020143160958257328,False,99
-1,0.35859778370749007,False,99
0,0.08736831651648394,False,99
1,0.05572414224998759,False,99
2,-0.06210942979564635,False,99
3,-0.12394505000074522,False,99
4,-0.0975818379725473,False,99
5,0.007023112567704215,False,99
6,-0.028453980714272437,False,99
7,0.2609508836925296,False,99
-7,-0.00454222586428446,False,99
-6,-0.010162405239833597,False,99
-5,0.014704631104118071,False,99
-4,0.015013407666041007,False,99
-3,0.0189455208901958,False,99
-2,0.08647179876673533,False,99
-1,0.22264428306324402,False,99
0,0.13385974955072627,False,99
1,0.09661488390193501,False,99
2,0.13025743564563555,False,99
3,0.023260092537688015,False,99
4,0.06621586705514315,False,99
5,0.06460328740610924,False,99
6,-0.04140448926263443,False,99
7,-0.0647371840002271,False,99
8,-0.07119713058341365,False,99
9,-0.08516124862720967,False,99
10,-0.09810855350771291,False,99
11,-0.09756708901335034,False,99
12,-0.07715932230154607,False,99
13,-0.08129193401914475,False,99
14,-0.09686277327666937,False,99
-8,-0.0818826587047374,True,100
-7,-0.026817002919169455,True,100
-6,-0.12880998987511622,True,100
-5,-0.1281460385276778,True,100
-4,0.13693629107237357,True,100
-3,0.21761946365276838,True,100
-2,-0.04626263239601745,True,100
-1,0.07443690396563421,True,100
0,0.35313790932812716,True,100
1,-0.045265617538588904,True,100
2,0.13614537357604875,True,100
-8,-0.16161931753012737,False,100
-7,-0.14050918155288517,False,100
-6,-0.19151725506589626,False,100
-5,-0.1150207283540977,False,100
-4,-0.09786925978580466,False,100
-3,0.034609610475149155,False,100
-2,0.10830541821612383,False,100
-1,0.17302423506453468,False,100
0,0.14795151628320619,False,100
1,0.17057067939476994,False,100
2,0.12767110503653062,False,100
3,0.010010542520736132,False,100
4,-0.025655829405558578,False,100
-8,-0.02073012078050601,True,102
-7,-0.05092945747899702,True,102
-6,0.11247101630552735,True,102
-5,0.05642717736768761,True,102
-4,0.004161242145789099,True,102
-3,0.01822460520372958,True,102
-2,0.34434166714195547,True,102
-1,-0.023553023279798344,True,102
0,0.27070167928991284,True,102
1,0.17650695333472743,True,102
2,0.21111592391849449,True,102
3,0.21354290118707991,True,102
4,0.03963285879698199,True,102
5,0.04036252928438107,True,102
-8,-0.10910742765453882,False,102
-7,-0.013853967496793573,False,102
-6,-0.08793666390363371,False,102
-5,0.13281924305386503,False,102
-4,-0.04239941828283059,False,102
-3,-0.13849865821412044,False,102
-2,0.22758610201335264,False,102
-1,0.24929680863262918,False,102
0,0.027378487502384086,False,102
1,0.055683214103692924,False,102
2,0.09780353920888266,False,102
3,0.14746762632351354,False,102
4,0.05657804270413888,False,102
5,-0.004551369233809249,False,102
6,-0.11442165111141975,False,102
7,-0.14320669623856028,False,102
-8,0.03706032129894604,False,102
-7,-0.05579901544597454,False,102
-6,0.02480882431239255,False,102
-5,0.07116055005859097,False,102
-4,0.028212598448458567,False,102
-3,-0.05634881714889113,False,102
-2,0.06245265610197549,False,102
-1,0.27210481611231496,False,102
0,0.07302172097213334,False,102
1,-0.014987514596844359,False,102
2,-0.0458524395602333,False,102
3,-0.059938530127579465,False,102
4,-0.06884030739969858,False,102
5,-0.07311023946753506,False,102
6,-0.07616292961645253,False,102
7,-0.07651954698405457,False,102
8,-0.07643529307289537,False,102
9,-0.07751318791937432,False,102
-8,0.0038883187527136986,False,102
-7,0.007484897439966026,False,102
-6,-0.011373216192679766,False,102
-5,0.003609932680614658,False,102
-4,-0.0041198381190271915,False,102
-3,-0.0021894767722878683,False,102
-2,-0.08134174117895791,False,102
-1,0.15038908039216817,False,102
0,0.33639613173125615,False,102
1,0.20563208349320758,False,102
2,0.3320849567131259,False,102
3,0.4723950220397829,False,102
4,0.27308008904940484,False,102
5,0.15242084208110182,False,102
6,0.13814128710589382,False,102
-8,0.10023391286281189,False,103
-7,-0.021356281350802045,False,103
-6,0.1693739364938383,False,103
-5,0.040630156210899715,False,103
-4,-0.09913724470860938,False,103
-3,-0.08169406243710708,False,103
-2,0.0684530166254636,False,103
-1,0.26092815238991046,False,103
0,0.16037143571261098,False,103
1,0.24685269640673285,False,103
2,-0.012070167601979265,False,103
3,-0.019956921169192732,False,103
4,-0.08654969744461626,False,103
5,-0.10792923844152824,False,103
6,-0.12277196310637661,False,103
7,-0.12638001275098615,False,103
8,-0.1277687105847409,False,103
9,-0.12811440102570293,False,103
-8,-0.01347121077094579,False,103
-7,0.0036199384551944824,False,103
-6,0.008213380212727855,False,103
-5,-0.03605081319038428,False,103
-4,-0.10548030271279596,False,103
-3,-0.07915471574085303,False,103
-2,0.19822040123694418,False,103
-1,0.17495383960423738,False,103
0,0.4307149893919147,False,103
1,0.1687197560024446,False,103
2,0.20360721923060504,False,103
3,0.16128701903162507,False,103
4,0.019945111377919406,False,103
-5,-0.03444978045501246,False,103
-4,0.02826840251791783,False,103
-3,0.006181377937094654,False,103
-2,0.17414646965134284,False,103
-1,0.04553997721885737,False,103
0,0.17826909218943188,False,103
1,-0.021280868943253275,False,103
2,0.2782281389905476,False,103
3,0.2065622130702971,False,103
4,0.28600079756805497,False,103
5,0.25476831839366443,False,103
6,0.11602517504935776,False,103
7,0.0007714414995964175,False,103
-8,0.026282783270088997,False,105
-7,-0.023935978352889423,False,105
-6,0.031802771106743635,False,105
-5,0.0046057669898239145,False,105
-4,0.03887451704738158,False,105
-3,0.030441290168715787,False,105
-2,-0.0438478269192711,False,105
-1,0.3851221776542889,False,105
0,0.18846002576766274,False,105
1,0.23941980786675604,False,105
2,0.28968336606584094,False,105
3,0.1848700838274111,False,105
4,0.23678431500554575,False,105
5,0.28080841891888225,False,105
6,0.22959475434851712,False,105
-7,-0.041849467737583454,False,105
-6,0.04837614927346234,False,105
-5,-0.0065266815358788755,False,105
-4,-0.03350039361555007,False,105
-3,-0.0472580318795956,False,105
-2,0.1740726921749,False,105
-1,0.14461957554354593,False,105
0,0.06338690999292859,False,105
1,0.05023381471305263,False,105
2,-0.09496674479316412,False,105
3,-0.050326360048660174,False,105
4,-0.10638465901855823,False,105
5,-0.09954257783456952,False,105
6,-0.13293716947929593,False,105
-8,0.017579968911669658,False,105
-7,-0.05663489866827218,False,105
-6,-0.08382017233060161,False,105
-5,0.016238271488997952,False,105
-4,-0.12771261225961417,False,105
-3,0.01450019250765755,False,105
-2,0.10569515209735864,False,105
-1,0.21758881954587944,False,105
0,0.2175303959357886,False,105
1,0.19508004428921244,False,105
2,0.12299964568231742,False,105
3,-0.011562550747389794,False,105
4,-0.07201370883249678,False,105
5,-0.125087028877177,False,105
-7,-0.027421410051792522,False,105
-6,0.04166314034904489,False,105
-5,-0.0142417302972523,False,105
-4,-0.02331715260517435,False,105
-3,-0.06400291380157266,False,105
-2,0.1694505876511367,False,105
-1,0.23240692071168875,False,105
0,0.29489789500113284,False,105
1,0.22739193465730187,False,105
2,0.4922184474402921,False,105
3,0.05062178307057155,False,105
4,0.06365866755996585,False,105
5,-0.10177735899916605,False,105
6,-0.11950455106637106,False,105
7,-0.12733668399779846,False,105
-8,0.02515329662670593,False,105
-7,-0.08248044546249514,False,105
-6,0.13753134421800864,False,105
-5,0.07926734026425217,False,105
-4,0.14865792085655652,False,105
-3,-0.09003901245154891,False,105
-2,-0.007367365891903843,False,105
-1,0.2072263683216021,False,105
0,0.27243814553704093,False,105
1,0.1194747103603622,False,105
2,0.2604073997999161,False,105
3,0.2794482242827495,False,105
-8,-0.034298438848189464,False,105
-7,-0.042770948575004075,False,105
-6,-0.09670996172949586,False,105
-5,0.165495439826547,False,105
-4,0.06815158234790791,False,105
-3,0.0033155961983596383,False,105
-2,0.20765594199796997,False,105
-1,0.14969338456320522,False,105
0,0.09894510812234014,False,105
-8,-0.024021399403848953,True,105
-7,-0.02155990081527047,True,105
-6,0.05775423475261711,True,105
-5,-0.01937636187497291,True,105
-4,-0.022944109926930786,True,105
-3,-0.017657930508280698,True,105
-2,-0.010023549629581227,True,105
-1,0.2873698564859331,True,105
0,0.16867992458452397,True,105
1,0.17827960365840706,True,105
-8,0.0001419556244126874,False,105
-7,0.009166573550320592,False,105
-6,-0.009308529174733252,False,105
-5,0.0027079384146124624,False,105
-4,-0.04093098296246542,False,105
-3,-0.09059443194719526,False,105
-2,0.03046735734401264,False,105
-1,0.16803232410678093,False,105
0,0.21690605185709994,False,105
1,0.21469097256114733,False,105
2,0.12157327190461469,False,105
3,0.2224174985517457,False,105
4,0.005334204133639289,False,105
5,0.08394458423915817,False,105
6,0.003732002655250019,False,105
7,0.15034956273646022,False,105
8,-0.018206648175862816,False,105
-7,-0.014627018678809556,False,105
-6,0.013429393576721405,False,105
-5,0.001197625102088165,False,105
-4,-0.03954111963520089,False,105
-3,0.0011476639194347854,False,105
-2,-0.0577913677026369,False,105
-1,0.2567580903824335,False,105
0,0.401050541792743,False,105
1,0.2520308420477194,False,105
2,0.16192371855814047,False,105
3,0.06691877580859551,False,105
4,0.23161541511037215,False,105
5,0.39525547730852084,False,105
6,0.16051620648844744,False,105
7,0.09515754799520093,False,105
8,0.05048698658881237,False,105
9,0.13486522274482504,False,105
-5,-0.013940954268657796,False,105
-4,0.034880061535043805,False,105
-3,-0.020939107266385953,False,105
-2,0.11996189256662695,False,105
-1,0.04886778363327002,False,105
0,0.22935390927231078,False,105
1,0.1769259516416921,False,105
2,0.17951180573829342,False,105
3,0.2508893007611094,False,105
4,0.03347166483209804,False,105
-8,-0.04027634905166902,False,105
-7,-0.04343549405698259,False,105
-6,-0.10780237030729435,False,105
-5,0.16661506015995095,False,105
-4,-0.02422591333072452,False,105
-3,-0.055374243349619934,False,105
-2,0.16531889981123352,False,105
-1,0.10382497671281579,False,105
0,0.27119297543885856,False,105
1,0.13700201474209736,False,105
2,0.14948787960274865,False,105
3,0.13136371665876304,False,105
4,0.14145726963762814,False,105
-7,0.013485306102824085,False,105
-6,0.02170786617203288,False,105
-5,-0.035193172274856965,False,105
-4,0.00031458002258544226,False,105
-3,-0.08208939809904732,False,105
-2,0.11748458127731723,False,105
-1,0.328708938012258,False,105
0,0.23289614752091384,False,105
1,0.25511155861358203,False,105
2,0.14883710467016006,False,105
3,0.01759858965023678,False,105
4,-0.11625819928736199,False,105
5,-0.17451149758311785,False,105
6,-0.17777704259435526,False,105
7,-0.17758174940358534,False,105
8,-0.17864923569330243,False,105
9,-0.17443249861367002,False,105
10,-0.0019445909451653032,False,105
11,-0.0640387002581025,False,105
12,0.10783081853190321,False,105
-8,0.0828999158797176,False,107
-7,-0.07412656341643643,False,107
-6,-0.12438058085932975,False,107
-5,0.1873748362190847,False,107
-4,-0.030493602371005762,False,107
-3,-0.022466790940076378,False,107
-2,0.20132096870838542,False,107
-1,0.16143590469357902,False,107
0,0.08722418495793388,False,107
1,0.01920317969831678,False,107
2,-0.0702434185602007,False,107
3,-0.07638140899443853,False,107
4,-0.09106003107504296,False,107
5,-0.10280770987458707,False,107
6,-0.10018632394672165,False,107
7,-0.11894356045851305,False,107
-8,0.014762844978444128,False,107
-7,0.009230844058640691,False,107
-6,0.002351381237173114,False,107
-5,0.04421639563836252,False,107
-4,-0.032903346284931495,False,107
-3,-0.08577414657041403,False,107
-2,0.18450459200425007,False,107
-1,0.19325486405259412,False,107
0,0.20841209374075842,False,107
1,0.13381915636403377,False,107
2,-0.05444755272889924,False,107
3,-0.07927145716329605,False,107
4,-0.09047677826097161,False,107
5,-0.09536045579705459,False,107
6,-0.10061893043225204,False,107
7,-0.10271706747527551,False,107
8,-0.10385332366751833,False,107
9,-0.10357409009147092,False,107
10,-0.10406446739326615,False,107
-8,-0.012010977871211193,True,108
-7,0.01748300290322849,True,108
-6,-0.005472025032017283,True,108
-5,-0.09223943525273998,True,108
-4,-0.07804223364284946,True,108
-3,0.08570313840218619,True,108
-2,-0.016231837945788766,True,108
-1,0.15741242703334923,True,108
0,0.3247419823224562,True,108
1,0.03939130530519616,True,108
-4,-0.10079978754507057,False,108
-3,-0.0021465386765206484,False,108
-2,0.10294632622159128,False,108
-1,0.20283586343065868,False,108
0,0.16401456002814907,False,108
1,0.04601500956543558,False,108
2,-0.0012172323713316446,False,108
3,-0.062304654538501286,False,108
4,-0.061503746206157034,False,108
5,-0.18604064314731764,False,108
6,-0.2250673288833309,False,108
7,-0.20864734042471428,False,108
8,-0.06531772237168507,False,108
9,-0.15433581792722262,False,108
10,-0.16877097348174203,False,108
11,0.10914733861919607,False,108
12,0.10148311875464311,False,108
13,0.1654214146687581,False,108
-5,0.012354330970591326,False,108
-4,-0.01021457452702923,False,108
-3,-0.002139756443562124,False,108
-2,-0.02520631246150984,False,108
-1,0.20297879745383798,False,108
0,0.2106884465780898,False,108
1,0.21274588053341628,False,108
2,0.15526547094232987,False,108
3,0.02530693022906874,False,108
4,0.04823553930905247,False,108
5,0.045441547935982735,False,108
6,-0.026917820499732042,False,108
7,-0.007127881053761692,False,108
8,-0.08459598300314977,False,108
9,0.039097735633242287,False,108
10,0.014452793527413271,False,108
11,-0.0642096076724622,False,108
12,-0.049666096828480805,False,108
-8,0.016064668255948017,False,108
-7,0.10816831573553246,False,108
-6,-0.13494796723535346,False,108
-5,-0.1359843544636426,False,108
-4,-0.07476043918384402,False,108
-3,0.04148785403213334,False,108
-2,0.16568031396531432,False,108
-1,0.04916755257921446,False,108
0,0.23324686403290593,False,108
1,-0.01994566718871499,False,108
2,-0.060204750817253655,False,108
-8,0.11856790924586716,False,108
-7,0.038878796173865554,False,108
-6,-0.0006742303960025064,False,108
-5,-0.04508472128108211,False,108
-4,-0.1324166746469628,False,108
-3,-0.16330758426309006,False,108
-2,0.07628067231304353,False,108
-1,0.20786326313569922,False,108
0,0.22300555610900538,False,108
1,0.18330161104677392,False,108
2,0.06673237045130034,False,108
3,-0.012790594502476882,False,108
-8,-0.012276783062932228,False,110
-7,-0.0809997229880889,False,110
-6,-0.0849442322212138,False,110
-5,-0.0413678089045762,False,110
-4,-0.01607108522292794,False,110
-3,-0.12719905375497997,False,110
-2,0.141445930095677,False,110
-1,0.21100080825637926,False,110
0,0.1082749161007028,False,110
1,0.30938294761678087,False,110
2,0.24926552590014103,False,110
3,0.14343845755863113,False,110
4,0.16410513735256457,False,110
5,0.31334323025254907,False,110
6,0.02955915202572046,False,110
-8,-0.038637154185586206,False,110
-7,-0.043714928330800845,False,110
-6,-0.05332756666046205,False,110
-5,-0.10920723695892698,False,110
-4,0.05485442749070257,False,110
-3,0.09409215841680363,False,110
-2,0.16527673158614217,False,110
-1,0.0784540249879275,False,110
0,0.15887885284482947,False,110
-7,-0.022907080008495465,False,110
-6,0.014205339990253446,False,110
-5,0.008701740018242032,False,110
-4,-0.01645500513803022,False,110
-3,0.0028568552933122826,False,110
-2,-0.06962309033805658,False,110
-1,0.1944415608959848,False,110
0,0.33399385822008276,False,110
1,0.22507420382744042,False,110
2,0.25236341958750164,False,110
3,0.19430153435949937,False,110
4,0.19792966913273213,False,110
5,0.2163230682344615,False,110
6,0.16324324143460817,False,110
7,0.14900209872828662,False,110
8,0.03902170921209397,False,110
-8,0.16835479543040696,False,110
-7,0.00012235104385496798,False,110
-6,-0.0453241299582197,False,110
-5,-0.036206312173744634,False,110
-4,0.02003089761258925,False,110
-3,-0.11934836840748117,False,110
-2,0.03642188156496021,False,110
-1,0.12024933396302065,False,110
0,0.27802531149224086,False,110
1,0.03841572351910566,False,110
2,0.016861302635902575,False,110
3,-0.027063209487575735,False,110
4,0.06450138229605679,False,110
5,-0.05927705547858314,False,110
6,-0.05096742983587017,False,110
7,-0.10953292046922973,False,110
8,-0.10207834401505364,False,110
9,-0.12926577917415394,False,110
10,-0.12077221365028584,False,110
11,-0.14238582195295885,False,110
-8,-0.0002868228527502792,False,110
-7,-0.02985447247101132,False,110
-6,0.030141295323761613,False,110
-5,-0.0453511366681478,False,110
-4,-0.027497737412628967,False,110
-3,-0.09422933172456754,False,110
-2,0.1950439623130382,False,110
-1,0.24820472017371562,False,110
0,0.27067463978637074,False,110
1,0.05451059458858898,False,110
2,0.254969980793858,False,110
3,0.20929399761068576,False,110
4,0.2410414497651023,False,110
5,0.07861496986292635,False,110
6,0.07650741172397088,False,110
-8,0.03959791667476456,False,112
-7,0.08972669970061561,False,112
-6,0.031277520169342404,False,112
-5,0.057032496571438024,False,112
-4,-0.027182320500056548,False,112
-3,0.014253989105314446,False,112
-2,0.22700619908677147,False,112
-1,0.10959397906704907,False,112
0,0.09995403234385719,False,112
1,-0.04968788499167076,False,112
2,-0.03971233381566053,False,112
3,0.04060202358566914,False,112
4,-0.009670067048969083,False,112
5,0.041606068601054536,False,112
6,-0.11815419937949968,False,112
7,-0.04822440292483757,False,112
8,-0.03256115211896765,False,112
9,0.11705757301518313,False,112
10,-0.07014162827655354,False,112
-8,-0.08284070062346081,False,112
-7,0.06607672848045026,False,112
-6,0.07960452899266621,False,112
-5,-0.023423275576154243,False,112
-4,-0.008241761736898112,False,112
-3,0.06552892202331442,False,112
-2,0.21577251908992326,False,112
-1,0.003468028342482915,False,112
0,0.26783507902357384,False,112
1,0.16218929217688186,False,112
-8,0.04215183376629883,False,112
-7,0.02337139113856121,False,112
-6,-0.060246435998794895,False,112
-5,-0.11262115187810848,False,112
-4,-0.06655351251618108,False,112
-3,-0.0065843074867470985,False,112
-2,0.18871890494092955,False,112
-1,0.17983791072965802,False,112
0,0.04443659949977005,False,112
1,-0.061847578746609164,False,112
2,0.03259449345780993,False,112
-8,0.005219102816433424,False,112
-7,0.01864270898180767,False,112
-6,-0.11816763041400785,False,112
-5,0.16961521199812812,False,112
-4,-0.05396638427928507,False,112
-3,-0.12845084647167282,False,112
-2,0.11203202135428064,False,112
-1,0.2448623855347704,False,112
0,0.13164111535642825,False,112
1,-0.085465134239838,False,112
2,-0.1380423738800825,False,112
3,-0.04600162365168646,False,112
4,0.12976968059231314,False,112
5,0.04198340037489079,False,112
6,0.111599472962996,False,112
7,0.1307607106236947,False,112
8,-0.056262871340859694,False,112
9,-0.034874427946218645,False,112
10,-0.037231461461630866,False,112
11,0.09444918764389854,False,112
12,0.16666729743526304,False,112
13,0.20665421568486003,False,112
14,0.2570430482052588,False,112
-8,-0.003266865915558609,False,112
-7,-0.026724668256435657,False,112
-6,-0.03907074491469795,False,112
-5,0.19796034237629007,False,112
-4,0.04999607220323099,False,112
-3,-0.01731004384988938,False,112
-2,0.19890050391112424,False,112
-1,0.19149005478518794,False,112
0,0.05796605409194283,False,112
1,-0.07902211906706584,False,112
2,0.10515443774341815,False,112
3,0.05181327137477604,False,112
4,-0.0437242016808804,False,112
5,0.08055473652348943,False,112
6,-0.08689217648828172,False,112
7,-0.055033968440924425,False,112
8,-0.17468164985202886,False,112
9,-0.12233502304984885,False,112
-8,-0.037113705646492405,True,113
-7,0.13123328994224712,True,113
-6,0.04096548774806502,True,113
-5,-0.01066313683997256,True,113
-4,-0.04320219389912817,True,113
-3,-0.03556801309960251,True,113
-2,0.15353875437778627,True,113
-1,0.19683219815536973,True,113
0,0.03669005682528456,True,113
1,-0.03897844176532196,True,113
2,0.20458988130289835,True,113
3,-0.025406758314414017,True,113
4,-0.03474737287115069,True,113
5,0.049112646150576755,True,113
-6,-0.042460322599437744,True,113
-5,-0.028923906424241044,True,113
-4,0.0713842290236788,True,113
-3,-0.014534194828773023,True,113
-2,0.243740625325532,True,113
-1,0.0968953472294769,True,113
0,0.09276493904341088,True,113
1,0.04586959982919253,True,113
2,0.021000612878416813,True,113
3,-0.09169918027693272,True,113
4,-0.05841879638263077,True,113
5,-0.08614456494726519,True,113
6,-0.01896747851077868,True,113
7,0.11394850409872656,True,113
8,0.07832106264545771,True,113
9,-0.024313825974701345,True,113
10,-0.12359806526012806,True,113
11,-0.1309077053710817,True,113
12,-0.14417070673538068,True,113
-8,0.019874789448477453,False,113
-7,0.046583465468701096,False,113
-6,0.004356084288488188,False,113
-5,-0.01327798388250126,False,113
-4,0.039201637184841515,False,113
-3,-0.02858286770327849,False,113
-2,0.14744577783633897,False,113
-1,0.1989008933635629,False,113
0,0.04595791071496927,False,113
1,0.06757951498932963,False,113
2,0.06723689537386815,False,113
3,0.12353510253737579,False,113
4,0.16612601548354058,False,113
5,0.10208897966980429,False,113
6,0.02629490787768715,False,113
7,-0.05575015431300456,False,113
8,-0.1043639062228356,False,113
9,-0.10529303268467038,False,113
10,-0.04408748718085086,False,113
11,-0.0008643695561093012,False,113
-8,-0.03179519703438266,True,115
-7,0.024893705006627367,True,115
-6,-0.012052437841349115,True,115
-5,0.0051294123820538745,True,115
-4,-0.005272240411944101,True,115
-3,0.01659408990769684,True,115
-2,0.06063900594181586,True,115
-1,0.22275674472094842,True,115
0,0.15480573767615052,True,115
1,0.18089726089339692,True,115
2,0.008992473951439178,True,115
3,0.012372750871696175,True,115
4,-0.06200401290007013,True,115
-8,-0.0170200495044064,False,115
-7,0.008305588533800354,False,115
-6,0.008714460970606033,False,115
-5,-0.049454544442713994,False,115
-4,0.013370865646933253,False,115
-3,-0.04431394335022293,False,115
-2,0.11893290492928389,False,115
-1,0.23153745545097737,False,115
0,0.18968550094080588,False,115
1,0.2933590621942997,False,115
2,0.14825072605124856,False,115
3,0.08370449628273997,False,115
4,0.29252603103437286,False,115
5,0.23658738608199292,False,115
6,0.16329465805777726,False,115
7,0.11445723943181473,False,115
8,-0.02877148759578045,False,115
9,-0.06989171689294713,False,115
-8,0.020187028409004826,False,115
-7,0.01567787723910366,False,115
-6,-0.0358649056481085,False,115
-5,-0.08396879009635402,False,115
-4,-0.02117351325173135,False,115
-3,-0.10438644224794547,False,115
-2,0.17138549197677588,False,115
-1,0.2391529787279127,False,115
0,0.11538450215908103,False,115
1,0.10437333263445886,False,115
2,0.11133414387624824,False,115
3,0.017004439642414132,False,115
4,0.08182484329563611,False,115
5,0.0974842032641583,False,115
6,0.030424849941922433,False,115
-7,0.052916462677208675,False,115
-6,-0.018174449820144184,False,115
-5,-0.03474201285706456,False,115
-4,-0.12377350734010412,False,115
-3,0.14770334972442103,False,115
-2,0.057758178368020274,False,115
-1,0.07679244737658336,False,115
0,0.31856899539218864,False,115
1,0.0393585598645699,False,115
2,-0.06089991953391778,False,115
3,-0.02379937320164742,False,115
4,-0.13266102583507597,False,115
5,0.18438741176582327,False,115
6,0.06174380266429147,False,115
7,-0.0011042278888059587,False,115
8,-0.004189153504841087,False,115
9,-0.04077760185153183,False,115
-8,-0.014533026894854056,False,115
-7,-0.017780429765191216,False,115
-6,-0.06995188002158212,False,115
-5,0.02188624929298283,False,115
-4,0.1403794756589527,False,115
-3,0.058820157276973484,False,115
-2,0.14607312871690814,False,115
-1,0.1471451622250759,False,115
0,0.2223401687709715,False,115
1,0.04900113141427334,False,115
2,0.0926726659537623,False,115
3,0.15284021514038298,False,115
4,0.1444899761043663,False,115
5,0.11686882279197386,False,115
6,0.0592551684201037,False,115
-8,0.0489120875502289,False,116
-7,0.07291333879453206,False,116
-6,-0.0013857428077552747,False,116
-5,0.06381713542271227,False,116
-4,0.0030496609682807985,False,116
-3,-0.09184759048305163,False,116
-2,0.028662195539327265,False,116
-1,0.12351566712086272,False,116
0,0.3017791648225233,False,116
1,0.10025721960968208,False,116
2,-0.0014599183293075024,False,116
3,0.30244986429818627,False,116
4,0.4627545632811953,False,116
5,0.39070569922458204,False,116
6,0.12196110242973486,False,116
-8,-0.042492346765330646,False,118
-7,0.06165135712212978,False,118
-6,-0.01915901035679915,False,118
-5,0.1083927696326251,False,118
-4,0.038329177727027194,False,118
-3,-0.024924811124059046,False,118
-2,0.07638281213021568,False,118
-1,0.18571497969563133,False,118
0,0.158334495961642,False,118
1,0.15550184756475727,False,118
2,0.28247846352143596,False,118
3,0.12978925571312488,False,118
4,0.02869769947859023,False,118
5,0.0026938225202062654,False,118
6,-0.016635514045223426,False,118
7,-0.03478658112421912,False,118
8,-0.04505800677398396,False,118
9,-0.05948505511373618,False,118
10,-0.07025113462326027,False,118
11,-0.03435352411886454,False,118
12,-0.07177727289132853,False,118
13,-0.08082783393242562,False,118
14,-0.08882149642173134,False,118
-8,-0.032306127503760385,False,118
-7,0.058761989452502134,False,118
-6,0.004257112164011034,False,118
-5,0.05997555599551929,False,118
-4,-0.0273067216470948,False,118
-3,0.023900528696995355,False,118
-2,-0.01853844484676123,False,118
-1,0.06163847582305021,False,118
0,0.3914996414969109,False,118
1,0.15466063432983146,False,118
2,0.010637374538412181,False,118
3,0.2082388480900244,False,118
4,0.28610647472701795,False,118
5,0.1378657281950612,False,118
6,-0.01651634775998563,False,118
7,0.058214313495352804,False,118
8,0.07658716448845068,False,118
9,-0.0021879442681203565,False,118
10,0.004498545343664867,False,118
11,0.2622022062602321,False,118
12,0.20415468851180202,False,118
13,0.035793574947055234,False,118
-8,-0.07611830577300965,False,118
-7,-0.08787593363798298,False,118
-6,0.07944962277544423,False,118
-5,0.16676840955912836,False,118
-4,-0.04585226004546525,False,118
-3,-0.05161871597570887,False,118
-2,0.12273771839115993,False,118
-1,0.19870447727953527,False,118
0,0.26283642303130234,False,118
1,0.2587312124685573,False,118
2,0.2798387479226182,False,118
-8,0.11478985922544502,False,118
-7,0.030808076076767166,False,118
-6,0.054701019296440084,False,118
-5,-0.04984963871963978,False,118
-4,-0.011044390306176322,False,118
-3,0.010773613045708064,False,118
-2,0.11388081180643309,False,118
-1,0.2035434721838126,False,118
0,0.12866308256208134,False,118
1,0.17089430306657202,False,118
2,0.12766526188613472,False,118
3,0.04128063207689234,False,118
4,-0.0834856686997361,False,118
5,-0.13977661714429518,False,118
6,-0.15034103616792538,False,118
7,-0.15280588700990638,False,118
8,-0.15774964201503475,False,118
-8,-0.06928396604506032,False,119
-7,-0.015117299318546447,False,119
-6,0.01238305973626079,False,119
-5,0.019687916579633147,False,119
-4,0.03925986047345989,False,119
-3,0.04071253588839378,False,119
-2,0.014598716010864321,False,119
-1,-0.03326937046615557,False,119
0,0.42880640470527664,False,119
1,0.14339625218013724,False,119
2,0.25155252022051505,False,119
3,0.19432581737670707,False,119
-8,-0.02848126847147521,True,121
-7,-0.01736013105652512,True,121
-6,-0.06759547567108487,True,121
-5,-0.05322148969694468,True,121
-4,0.13444681596481986,True,121
-3,-0.006514171691828302,True,121
-2,0.05697997341838809,True,121
-1,0.27075973090691574,True,121
0,0.06990298732478756,True,121
-8,-0.006017928696085764,False,121
-7,-0.02221680868596114,False,121
-6,0.028234737382046918,False,121
-5,-0.028249002740319967,False,121
-4,-0.013032131352831197,False,121
-3,-0.06924080706286248,False,121
-2,0.13205956247669426,False,121
-1,0.26190979083463783,False,121
0,0.005861037092250235,False,121
1,-0.10677533512349292,False,121
2,0.009189172460713144,False,121
3,-0.09185747930293353,False,121
4,0.01241925841818474,False,121
5,0.20386119718235257,False,121
6,0.10303413760231851,False,121
7,-0.014473835010410718,False,121
-5,0.009489308703939686,False,122
-4,-0.04444687456086742,False,122
-3,0.03495756585692775,False,122
-2,0.12965507354118946,False,122
-1,0.18603379622865826,False,122
0,0.1679784200553677,False,122
1,0.0647753282759431,False,122
2,0.2079816320632422,False,122
3,0.11729264369707992,False,122
4,-0.007056179782151353,False,122
5,-0.01980685352170887,False,122
6,-0.09290799192858715,False,122
7,-0.11648651401579166,False,122
8,-0.11816489262499084,False,122
9,-0.12024646993264834,False,122
10,-0.12002497809825864,False,122
11,-0.12146826085557015,False,122
12,-0.12156011169085458,False,122
13,-0.12266686569305112,False,122
14,-0.12318024720430054,False,122
15,-0.12400595884953249,False,122
-8,-0.01386902456315034,False,122
-7,-0.0048261808686871355,False,122
-6,0.018695205431837475,False,122
-5,-0.11892076857372263,False,122
-4,0.026360200426078145,False,122
-3,-0.05145139565283355,False,122
-2,-0.09517412922544312,False,122
-1,0.31875302129528427,False,122
0,0.3423121495600222,False,122
1,-0.09840117156449457,False,122
2,0.2976061230727399,False,122
3,0.1409562299716707,False,122
4,0.10283328794721577,False,122
5,-0.028218860690272393,False,122
6,-0.1130691712056025,False,122
7,-0.13654501654840775,False,122
8,-0.14112979430498931,False,122
9,-0.14456341552655777,False,122
10,-0.14611636591970298,False,122
11,-0.14572079331189178,False,122
12,-0.145635802666396,False,122
13,-0.1466006450723136,False,122
14,-0.14731007303316374,False,122
-6,0.015924209334518574,False,122
-5,0.0019016059503104144,False,122
-4,-0.01782581528482899,False,122
-3,-0.08125677480025797,False,122
-2,0.14216370827877226,False,122
-1,0.06404614387885274,False,122
0,0.16974415434308268,False,122
1,0.14553072058374764,False,122
2,0.3406329019011247,False,122
3,0.1202772228076174,False,122
4,-0.04234939070039867,False,122
5,-0.02044653408191105,False,122
6,-0.1375555144941489,False,122
7,0.12587669113347785,False,122
8,-0.04664931870184022,False,122
9,0.13069287207233657,False,122
10,0.28375831426741527,False,122
11,0.021415405597139142,False,122
12,0.1493498782804558,False,122
13,0.08360420292331153,False,122
14,-0.006749316554073348,False,122
-7,-0.024198390147149668,False,122
-6,0.027981174949501197,False,122
-5,-0.003782784802351502,False,122
-4,-0.00439552064365431,False,122
-3,0.02997073413487178,False,122
-2,-0.07145790657631294,False,122
-1,0.2321665141755855,False,122
0,0.25475222643325257,False,122
1,0.0853373989396217,False,122
2,0.0029494003279829095,False,122
3,0.017644372990342883,False,122
4,-0.07921503804691346,False,122
5,0.042635131679014726,False,122
6,-0.10488973232562311,False,122
7,0.1342049899202146,False,122
8,0.11329796441706011,False,122
9,-0.11957481858187921,False,122
10,-0.18705408074581362,False,122
11,-0.12627051731096917,False,122
12,-0.13955846760379925,False,122
13,0.019088646959013716,False,122
14,-0.16726149195892104,False,122
15,-0.1429896538549176,False,122
-8,0.00843222553245039,False,124
-7,0.0024137678579599225,False,124
-6,0.008473575248766366,False,124
-5,-0.0109971867065623,False,124
-4,-0.06692596293084094,False,124
-3,-0.05220656680991064,False,124
-2,-0.08579123919471476,False,124
-1,0.30236106997871576,False,124
0,0.2231768734260594,False,124
1,0.31088121482364706,False,124
2,0.23580523002880782,False,124
3,-0.05831109964968745,False,124
4,0.12545693125838464,False,124
5,-0.08595812570192694,False,124
6,-0.028095166257755842,False,124
7,-0.08934875798379673,False,124
8,0.055102844252423025,False,124
9,-0.0891723441829139,False,124
-8,0.033180124892080914,True,125
-7,0.007810313481366987,True,125
-6,-0.04099043837344791,True,125
-5,0.0711723508173468,True,125
-4,0.028945753651183903,True,125
-3,0.005866270781208646,True,125
-2,0.015691802615769607,True,125
-1,0.1316318094199878,True,125
0,0.421016506685855,True,125
1,0.11905984117638971,True,125
-8,0.026172429446740073,True,125
-7,-0.0009623805768610855,True,125
-6,-0.07471572032333144,True,125
-5,-0.07822805507163959,True,125
-4,-0.08609902725656035,True,125
-3,-0.08439352910078948,True,125
-2,0.17616253789188302,True,125
-1,0.12772203201532356,True,125
0,0.24168040475003788,True,125
1,0.02247872293852589,True,125
2,-0.04998799281546201,True,125
3,0.13776365059970275,True,125
4,-0.048945280063701954,True,125
-8,0.060777693380267034,False,125
-7,0.061765061135810234,False,125
-6,0.07193123959729081,False,125
-5,-0.056786194908780285,False,125
-4,-0.05012857167179552,False,125
-3,-0.10914757135982936,False,125
-2,0.15693105771625315,False,125
-1,0.22639302061165695,False,125
0,0.27283537045348377,False,125
1,0.17777727541470656,False,125
-8,-0.11202185217211147,False,125
-7,0.05501292991348242,False,125
-6,0.1387243286017432,False,125
-5,-0.09111097964656009,False,125
-4,-0.07175965547178773,False,125
-3,-0.1274986885823843,False,125
-2,-0.10672145077862587,False,125
-1,0.24967333967724012,False,125
0,0.23601900990759514,False,125
1,0.1221595378778916,False,125
2,0.05405084136583807,False,125
3,0.24019330841097628,False,125
4,0.11663090654780825,False,125
5,-0.138760817636024,False,125
6,-0.04028807645050428,False,125
7,0.00753698153627938,False,125
-8,0.007670028782621907,True,127
-7,0.149805481018426,True,127
-6,-0.017249886800913355,True,127
-5,0.06391681171833774,True,127
-4,-0.10035292531417242,True,127
-3,-0.1080586020991874,True,127
-2,0.013939818925759573,True,127
-1,0.29919896056115725,True,127
0,0.07350115912498201,True,127
1,-0.06528073585745144,True,127
2,0.023883627940841617,True,127
3,0.17978414365219375,True,127
4,-0.05280230112810523,True,127
-8,-0.10315795655687007,False,127
-7,-0.07788888868531141,False,127
-6,-0.09366353898045562,False,127
-5,-0.10094429767322363,False,127
-4,-0.10395652621173224,False,127
-3,-0.10047855372794307,False,127
-2,0.030709800950237717,False,127
-1,0.2954299717286248,False,127
0,0.0855343287602376,False,127
1,0.1058340602216604,False,127
-4,0.029415187563722897,False,127
-3,-0.035802179897799005,False,127
-2,0.006386992334076122,False,127
-1,0.24786044983807687,False,127
0,0.13267382258026494,False,127
1,0.27132073873986207,False,127
2,0.23130318583660398,False,127
3,0.20898489631015826,False,127
4,0.18533163006153347,False,127
5,0.12464623766415879,False,127
6,-0.016136946245709327,False,127
7,0.22001674562504175,False,127
-8,0.014988927784342326,False,127
-7,-0.18642868427606263,False,127
-6,0.003111726807410703,False,127
-5,0.046811479733920386,False,127
-4,0.049415234444352724,False,127
-3,-0.18560457995330168,False,127
-2,0.011684956093727217,False,127
-1,0.19384698451663065,False,127
0,0.20599688538039926,False,127
1,0.13453466258358884,False,127
2,0.06161659333371064,False,127
3,0.017948676279311765,False,127
-8,-0.044861243465647876,False,128
-7,-0.08583875819605413,False,128
-6,-0.11840588423171823,False,128
-5,-0.10475118645380767,False,128
-4,-0.029977017731570924,False,128
-3,0.09115886871772254,False,128
-2,0.024897287144295413,False,128
-1,0.2513645578024678,False,128
0,0.1782376793406698,False,128
1,0.08571554384649731,False,128
2,-0.07215599896252863,False,128
3,-0.10197603298042121,False,128
4,-0.11283263217387958,False,128
5,-0.11378842365952262,False,128
6,-0.11493829694459379,False,128
7,-0.11673212274516616,False,128
-8,0.04881599356705457,False,128
-7,0.006998568021433144,False,128
-6,-0.08913783895250918,False,128
-5,-0.04865985494463011,False,128
-4,0.069754548280833,False,128
-3,-0.03573468113504781,False,128
-2,0.23740343976641923,False,128
-1,0.1218090395793475,False,128
0,0.08094984862158286,False,128
1,0.10150729458804833,False,128
2,0.005842084127079705,False,128
3,-0.06275100010547927,False,128
4,0.06044643294325877,False,128
5,0.09923543702188067,False,128
6,0.11130376092468378,False,128
7,-0.07039623057061618,False,128
8,-0.07402866169494253,False,128
9,0.06544771291797741,False,128
10,-0.025982817377038503,False,128
11,0.0023765657622226988,False,128
12,0.14841499626830254,False,128
13,-0.09960579409012449,False,128
14,-0.10592591722107084,False,128
-8,-0.016232879892427707,False,130
-7,0.03519989011977395,False,130
-6,0.05420233807625932,False,130
-5,-0.008457506269605827,False,130
-4,-0.06606868537000822,False,130
-3,-0.06660365789924913,False,130
-2,-0.020570325610683782,False,130
-1,0.2529087095385769,False,130
0,0.38083064132121114,False,130
1,0.24076119075855137,False,130
2,-0.009521058291516518,False,130
3,0.007310799453042555,False,130
4,-0.10992271282410189,False,130
5,-0.080876344497612,False,130
6,-0.11534103610634405,False,130
-8,0.040657907115688036,False,130
-7,0.0148675778391546,False,130
-6,-0.12668624746207283,False,130
-5,-0.10421612034416826,False,130
-4,-0.10402620690250343,False,130
-3,-0.11836066238510162,False,130
-2,0.12967793389392493,False,130
-1,0.06425752085535263,False,130
0,0.19040342020815623,False,130
1,0.15585652311954037,False,130
2,0.16039446836464608,False,130
3,-0.027446336846674968,False,130
4,-0.021610540742808132,False,130
5,0.03170473905737972,False,130
6,0.09481913001243733,False,130
7,0.02344393334378292,False,130
8,0.10004837840035677,False,130
9,0.1780737966770801,False,130
10,0.056905382237892904,False,130
-7,-0.009743854251694564,True,131
-6,0.010151694451750237,True,131
-5,-0.00040784020005570076,True,131
-4,-0.012657922061176122,True,131
-3,-0.05960201840731402,True,131
-2,-0.04654788439546845,True,131
-1,0.31124951513702565,True,131
0,0.16454111572800506,True,131
1,0.13522588745983205,True,131
2,0.14845053934134744,True,131
3,0.0012554031240415015,True,131
4,-0.07876911499881398,True,131
5,-0.08532057589653097,True,131
-5,-0.010007548330562166,False,131
-4,-0.018357932698750412,False,131
-3,0.02836548102931255,False,131
-2,0.028848665745270285,False,131
-1,0.20839335960977382,False,131
0,0.15547744930966859,False,131
1,0.26170583859406715,False,131
2,-0.09450427090800997,False,131
3,-0.010493962049755667,False,131
4,0.11015397943396074,False,131
5,0.032416214836643864,False,131
6,0.1593630572604011,False,131
7,-0.0025932181178604657,False,131
8,0.08967811309056611,False,131
-8,-0.1694127641676103,False,131
-7,-0.17328494386993712,False,131
-6,-0.1490309248951946,False,131
-5,-0.04448705310459339,False,131
-4,0.2077397419358648,False,131
-3,-0.07293139281954787,False,131
-2,0.037451045656218485,False,131
-1,0.19495392590723631,False,131
0,0.22777966100018104,False,131
1,0.14478249395353665,False,131
2,0.08343116175654242,False,131
3,-0.07190759236975089,False,131
4,-0.14185305993175837,False,131
-8,0.06820788535719156,False,131
-7,-0.03513194813485812,False,131
-6,-0.03509731623345794,False,131
-5,-0.07405110272053814,False,131
-4,-0.0717617870320934,False,131
-3,-0.08023581388236248,False,131
-2,0.06960771165810666,False,131
-1,0.08557714146946836,False,131
0,0.2898543487126839,False,131
1,0.051103364830041006,False,131
-8,0.008457062965154666,False,131
-7,-0.0038719821440887647,False,131
-6,-0.004585080821065901,False,131
-5,-0.06489319871256731,False,131
-4,-0.10584365750859585,False,131
-3,-0.07207509411500324,False,131
-2,-0.06730024585250807,False,131
-1,0.15732729209025526,False,131
0,0.30418541296188367,False,131
1,0.19201421128714963,False,131
2,0.18294503656351385,False,131
3,0.03412016002178844,False,131
4,0.08024307833505265,False,131
5,0.09152558950974657,False,131
6,0.27249090151378536,False,131
-8,-0.0128220569062438,False,131
-7,0.037703648377643284,False,131
-6,0.05991402340573124,False,131
-5,0.012610812728752918,False,131
-4,-0.06815663114556864,False,131
-3,-0.08517703830017931,False,131
-2,0.1625656827040768,False,131
-1,0.24394096611662378,False,131
0,0.10463937889291985,False,131
1,0.1406121148199663,False,131
2,0.05400004499388686,False,131
3,0.09893623098748774,False,131
4,-0.06043800649926119,False,131
5,0.08814845992510728,False,131
6,-0.03408288881411163,False,131
7,0.044248755501532955,False,131
8,-0.08367194886600385,False,131
9,-0.05682658918967205,False,131
10,-0.07603737382782266,False,131
11,-0.10364007911683057,False,131
-6,0.010261435192508897,False,131
-5,0.012717897728627539,False,131
-4,-0.02297933292113645,False,131
-3,-0.0864154194812926,False,131
-2,0.05552504153430689,False,131
-1,0.2631526297479816,False,131
0,0.2592873596030311,False,131
1,0.20410589568498638,False,131
2,0.009881857281036452,False,131
3,-0.05815226213188073,False,131
4,-0.08349786664254183,False,131
5,-0.0867639512071146,False,131
6,-0.08899140455034586,False,131
7,-0.08939315804957759,False,131
8,-0.08871446222410197,False,131
9,-0.08924610448289723,False,131
10,-0.08986646557471292,False,131
11,-0.09051241313619252,False,131
12,-0.09123995818964088,False,131
13,-0.09149690362905144,False,131
14,-0.09182009756024932,False,131
15,-0.09189630888539273,False,131
-6,-0.02038269727762486,False,131
-5,-0.002810021157885423,False,131
-4,0.023192718435510296,False,131
-3,0.07127474473935014,False,131
-2,0.06793836168108985,False,131
-1,0.19446121191618185,False,131
0,0.13288475777393974,False,131
1,-0.04824108952104335,False,131
2,0.19231380162069786,False,131
3,0.051527563188509456,False,131
4,-0.08780643423784767,False,131
5,-0.11986384384882,False,131
6,-0.1315645240624881,False,131
7,0.1342558720887623,False,131
8,-0.08145529891561662,False,131
9,0.05873638928711453,False,131
10,0.03796325033406725,False,131
11,0.16815538515077363,False,131
12,0.1613025640461397,False,131
13,-0.028150353441280765,False,131
-8,0.04187054152715233,False,133
-7,-0.07624863402872248,False,133
-6,-0.04057078667739583,False,133
-5,-0.06371078126844418,False,133
-4,-0.0966339888364943,False,133
-3,-0.12355818929855994,False,133
-2,-0.027816423473383117,False,133
-1,0.2194754538989919,False,133
0,0.225667096302709,False,133
1,0.2009443023690066,False,133
2,0.11058487278552714,False,133
3,0.17227273456551392,False,133
4,0.027031818296166132,False,133
5,-0.07104885350190905,False,133
6,-0.10402047682733176,False,133
7,-0.11390715021667493,False,133
8,-0.11749059933072686,False,133
9,-0.11868364869150715,False,133
10,-0.1196837969549373,False,133
11,-0.1217903504759356,False,133
12,-0.12346609194632233,False,133
13,-0.12370670670302199,False,133
14,-0.12242235484304408,False,133
15,-0.12456071803874484,False,133
-8,-0.050538296323065536,False,133
-7,-0.009325824104086139,False,133
-6,0.050692636700639296,False,133
-5,0.0023757703218386106,False,133
-4,0.0018160047951173153,False,133
-3,-0.06087876189821603,False,133
-2,0.17060654323155772,False,133
-1,0.19694114405583146,False,133
0,0.28047320000895326,False,133
1,0.13867678395869232,False,133
2,0.06738449010398305,False,133
3,-0.060087383028934314,False,133
4,-0.0844601005122351,False,133
5,-0.08867052098165246,False,133
-4,-0.025199630038342108,False,133
-3,-0.019419060075104078,False,133
-2,0.044618690113446186,False,133
-1,0.3006600151758405,False,133
0,0.20406153494144638,False,133
1,0.109807623792928,False,133
2,0.00046859152732697806,False,133
3,-0.010918072272024099,False,133
4,-0.1060345952096832,False,133
5,-0.08974756052861013,False,133
6,0.15592598533333155,False,133
7,0.13743734736829807,False,133
8,-0.011507917586352959,False,133
9,-0.012675721989357416,False,133
10,0.06273150133157901,False,133
-8,-0.09812824397016359,False,133
-7,-0.06509714208144111,False,133
-6,-0.11770147649261496,False,133
-5,-0.09125302861444012,False,133
-4,-0.13823299914870682,False,133
-3,-0.03657526896003496,False,133
-2,0.21524067559079627,False,133
-1,0.1784436826464786,False,133
0,0.1204901966647973,False,133
1,0.18850428046386594,False,133
2,0.014334619164085044,False,133
3,0.019741218812800138,False,133
4,-0.035210927602283074,False,133
5,-0.07330749913850614,False,133
6,-0.12091689251110693,False,133
7,-0.13121262893283792,False,133
8,-0.13665941525411812,False,133
-8,-0.04919576013132502,False,134
-7,-0.0018523194825271205,False,134
-6,0.01675817413348496,False,134
-5,-0.0773743888273869,False,134
-4,-0.06300860643768705,False,134
-3,-0.04181135999055563,False,134
-2,0.023074869345686533,False,134
-1,0.17405106137578258,False,134
0,0.1959771522081855,False,134
-8,0.013160910418841154,False,134
-7,-0.10566915847940705,False,134
-6,0.11706824094676332,False,134
-5,0.08903898496797993,False,134
-4,0.10838827124766784,False,134
-3,-0.007605145332077554,False,134
-2,-0.08722479255047559,False,134
-1,0.2173020006692592,False,134
0,0.28146249936563456,False,134
1,0.04479022901450297,False,134
2,-0.0699975028607712,False,134
3,-0.044223125748449485,False,134
4,0.11731737372911838,False,134
5,-0.033983341705701234,False,134
6,-0.07247230132571715,False,134
7,-0.07415943574241449,False,134
8,0.09976190410449404,False,134
9,-0.06467150645260855,False,134
-6,-0.023926470550661744,True,136
-5,-0.015410985459939588,True,136
-4,0.039337456010601304,True,136
-3,-0.040958172445008906,True,136
-2,-0.0022791667223173856,True,136
-1,0.13645270225124168,True,136
0,0.2723272550337756,True,136
1,0.2596285148953924,True,136
2,0.10687479797115042,True,136
3,-0.08584497019626935,True,136
4,-0.06570378141532898,True,136
-7,-0.004007053185859227,True,136
-6,0.02516636973541081,True,136
-5,-0.021159316549551582,True,136
-4,-0.06833369284142024,True,136
-3,-0.0036389108144745247,True,136
-2,0.10975222051376993,True,136
-1,0.16876819285286526,True,136
0,0.11250423994669359,True,136
1,0.12266741525765573,True,136
2,0.022530038280185127,True,136
3,-0.10117015770721435,True,136
4,-0.11336699775393762,True,136
-8,-0.001186852062666055,False,136
-7,0.0390990907371109,False,136
-6,0.02515944543027912,False,136
-5,-0.00048178362121642504,False,136
-4,-0.00935724129548171,False,136
-3,-0.03565211381736892,False,136
-2,0.07267681318233313,False,136
-1,0.22237043454010724,False,136
0,0.27460112854325414,False,136
1,0.17082551851060562,False,136
2,0.1018600351666849,False,136
3,0.23446719809912753,False,136
4,-0.019573262406071004,False,136
5,-0.09136247388792203,False,136
6,-0.09502499046741883,False,136
7,-0.10170261563720923,False,136
-7,0.049581480822946195,False,136
-6,-0.014488267365413143,False,136
-5,-0.035093213457532996,False,136
-4,-0.09755906804821202,False,136
-3,-0.003153590667971301,False,136
-2,-0.07028063208847476,False,136
-1,0.3091618442442921,False,136
0,0.28000040736699144,False,136
1,0.31331915610969685,False,136
2,0.06334383842450489,False,136
3,0.14539387683069227,False,136
4,0.1945372085760742,False,136
5,0.1318500425981438,False,136
6,0.18780493738819187,False,136
7,0.22045481921013926,False,136
8,-0.006013614038525128,False,136
9,0.055121035343853875,False,136
10,-0.08240914115564946,False,136
11,-0.04709101737979335,False,136
12,-0.07120954190820578,False,136
13,-0.05280359428782233,False,136
14,-0.08285152055959522,False,136
15,-0.11615162487934087,False,136
-8,-0.15417163098558928,False,137
-7,-0.1181295807879563,False,137
-6,-0.09646495613910394,False,137
-5,-0.09430384796203967,False,137
-4,-0.08415401025376379,False,137
-3,-0.06923296939744585,False,137
-2,0.13397938106981672,False,137
-1,0.28036731898694434,False,137
0,0.21644142692989282,False,137
1,0.2026042127761336,False,137
2,0.07124719873786367,False,137
3,0.12391321640272485,False,137
4,0.016873703214642904,False,137
5,0.14886538322935877,False,137
6,0.09415054511563398,False,137
7,0.06968738056866622,False,137
8,-0.03764423071800235,False,137
-5,0.024102589715106648,False,137
-4,0.005860490083720277,False,137
-3,-0.029963079798826855,False,137
-2,0.0026384296856032385,False,137
-1,0.07282039461877782,False,137
0,0.2997051804084123,False,137
1,0.10695524283975863,False,137
2,-0.004525939746187646,False,137
3,-0.05817900722757688,False,137
4,-0.0017690626915353724,False,137
5,0.11458905576489883,False,137
6,0.07085242358802904,False,137
7,0.1397998367840301,False,137
8,0.14173388928444444,False,137
9,0.06897257559766828,False,137
10,0.05950632994407731,False,137
-6,-0.006806027155164318,True,139
-5,0.02720486878649432,True,139
-4,-0.02039884163133003,True,139
-3,-0.04986255075300468,True,139
-2,0.04002602047960023,True,139
-1,0.25303539023671556,True,139
0,0.20285603437372307,True,139
1,0.09508469731298709,True,139
2,0.01946416438359104,True,139
3,-0.08255102839221304,True,139
4,-0.08048357892162995,True,139
-8,-0.012441874612633297,False,139
-7,-0.09042149057067406,False,139
-6,-0.03440169768007201,False,139
-5,-0.12076792717573333,False,139
-4,-0.07188971855577247,False,139
-3,-0.14732859707049162,False,139
-2,0.1821236858807835,False,139
-1,0.32552926109085023,False,139
0,0.3247611708403173,False,139
1,0.12574951167266876,False,139
2,0.16139143120189045,False,139
3,0.0568250380028297,False,139
4,-0.04854274486107692,False,139
5,-0.12187755825758029,False,139
6,-0.13518334865668752,False,139
7,-0.14227758524791595,False,139
8,-0.14456928473820857,False,139
9,-0.14641608205608456,False,139
-8,-0.004658139967676236,False,139
-7,-0.009397909304441468,False,139
-6,-0.01708601693000962,False,139
-5,-0.07672232823342527,False,139
-4,0.08095116601437885,False,139
-3,-0.010381900859289708,False,139
-2,-0.0378009440591075,False,139
-1,0.30765017138543926,False,139
0,0.1580813080590695,False,139
1,-0.025181630293487703,False,139
2,-0.023709189003823045,False,139
3,0.07756242524731405,False,139
4,-0.07776361891507744,False,139
5,-0.06074668659449919,False,139
6,-0.102207339585769,False,139
7,-0.04511690412837978,False,139
8,-0.08828278728153123,False,139
9,-0.06791479552419237,False,139
10,0.06360523966773632,False,139
-8,0.033523783132121315,False,139
-7,-0.09027164024598394,False,139
-6,-0.07257099566697661,False,139
-5,-0.12640000690871805,False,139
-4,-0.13409593486112587,False,139
-3,-0.15229862035997022,False,139
-2,0.09407898781445806,False,139
-1,0.13158330046644623,False,139
0,0.2481519908297452,False,139
1,0.1868518469520868,False,139
2,0.08404347083514532,False,139
3,0.08812612370213627,False,139
4,-0.005403953940774142,False,139
5,-0.10267141216066558,False,139
6,-0.14489444160319784,False,139
7,-0.14917605255188895,False,139
8,-0.1494493552238645,False,139
9,-0.1493257189419584,False,139
10,-0.15220615201243054,False,139
11,-0.15308973310951096,False,139
12,-0.15332576996563715,False,139
13,-0.1530876661370396,False,139
14,-0.1496711967079561,False,139
15,-0.1539578394909258,False,139
-5,0.0579188230927806,False,142
-4,-0.00975271868470029,False,142
-3,-0.048166104408080224,False,142
-2,0.17699083994148299,False,142
-1,0.18905751003222923,False,142
0,0.1207767243943634,False,142
1,0.12056052318680197,False,142
2,0.13841183702418117,False,142
3,-0.08141121977118149,False,142
4,-0.14062885532721495,False,142
5,-0.14981890772346912,False,142
6,-0.15259290237223747,False,142
7,-0.15303615392172157,False,142
8,-0.15452205782664957,False,142
9,-0.15429045878364345,False,142
10,-0.15520081450811224,False,142
11,-0.15676398286167206,False,142
12,-0.1570634934572896,False,142
-7,-0.015125559939290614,False,142
-6,-0.001359179529273516,False,142
-5,0.016484739468564102,False,142
-4,-0.06450888242947864,False,142
-3,0.05778485354749971,False,142
-2,0.1502102702228934,False,142
-1,0.14362970655867108,False,142
0,0.23882815521451695,False,142
1,0.22355839051937232,False,142
2,0.2791278889878852,False,142
3,0.030801012107822323,False,142
4,-0.07735186423792975,False,142
5,-0.08425896704553022,False,142
6,-0.09767124184851013,False,142
7,-0.1009681631859288,False,142
8,-0.10531541627791391,False,142
9,-0.10893752977979668,False,142
10,-0.10999898178160096,False,142
11,-0.11022064462904785,False,142
12,-0.11125632617298105,False,142
13,-0.11259007718877709,False,142
14,-0.11420693889306667,False,142
15,-0.11423410779417663,False,142
-7,0.027909600695565334,False,142
-6,0.0019413684853847035,False,142
-5,-0.029850969180950024,False,142
-4,-0.05837337564263885,False,142
-3,-0.027363524122752725,False,142
-2,0.09365111480842622,False,142
-1,0.23521757837953317,False,142
0,0.17563752713189362,False,142
1,0.09706236399656595,False,142
2,0.20601866531356705,False,142
3,0.09921373011604398,False,142
4,0.0349938075157242,False,142
5,-0.0972023471074317,False,142
6,-0.10908629177296217,False,142
7,-0.11431372246983706,False,142
8,-0.11204472483142945,False,142
9,-0.11578720014412851,False,142
10,-0.11760925983808003,False,142
11,-0.11906529770994642,False,142
12,-0.11811267012929395,False,142
13,-0.11809473117324207,False,142
14,-0.11943842164282638,False,142
15,-0.12080304700178879,False,142
-8,-0.048722333901652315,False,143
-7,-0.0158422531366135,False,143
-6,0.010326253706318164,False,143
-5,0.014546780230399778,False,143
-4,-0.03665281634887342,False,143
-3,-0.07084434623701985,False,143
-2,0.08012117522775337,False,143
-1,0.32403240752025897,False,143
0,0.034086230653746705,False,143
1,-0.054525726693476675,False,143
2,-0.09279423013258949,False,143
3,-0.09810980376290147,False,143
4,-0.10008403210078706,False,143
5,-0.10088411682506242,False,143
-8,0.07153479863434502,False,143
-7,-0.05990589513448531,False,143
-6,0.025993889039966786,False,143
-5,0.03902829270105211,False,143
-4,-0.10987866483868118,False,143
-3,-0.11791799896972552,False,143
-2,-0.03149449933761013,False,143
-1,0.319878022388804,False,143
0,0.18953983203227226,False,143
-8,-0.06626373807990749,True,143
-7,-0.09171521086449379,True,143
-6,-0.06005478128585637,True,143
-5,-0.04297751896830612,True,143
-4,-0.07923220913960927,True,143
-3,-0.11036754839724638,True,143
-2,0.09595289076229502,True,143
-1,0.19764896753378788,True,143
0,0.08181656900878914,True,143
1,-0.0719363276528521,True,143
2,0.2085407027409957,True,143
3,-0.11321500362491463,True,143
4,-0.04253198362462593,True,143
5,-0.10279661573775911,True,143
6,0.10595234645404514,True,143
7,0.12749694036055195,True,143
8,-0.054162472268683315,True,143
9,-0.11843303720215892,True,143
10,-0.13164714867348923,True,143
-8,0.04315928663633109,False,143
-7,-0.08233825048508034,False,143
-6,-0.016444777136351868,False,143
-5,-0.08313478989320053,False,143
-4,-0.11351212220489401,False,143
-3,-0.14999640100388312,False,143
-2,0.08562429761991172,False,143
-1,0.252713277050889,False,143
0,0.13004880818225842,False,143
1,0.11277600906796534,False,143
2,-0.0984121373211927,False,143
3,-0.13796172794718253,False,143
4,-0.14320562546546003,False,143
5,-0.13410059377065678,False,143
6,-0.14573011776717557,False,143
7,-0.14726343602623643,False,143
8,-0.14102726291260215,False,143
9,-0.1476570661248078,False,143
10,-0.14757657192787385,False,143
-6,-0.050483216614064685,False,143
-5,0.061453804849929905,False,143
-4,-0.010970588235865192,False,143
-3,-0.08983000116655226,False,143
-2,0.06024846838945974,False,143
-1,0.23215750601529567,False,143
0,0.09445649533881578,False,143
1,0.051538671651916446,False,143
2,-0.14725927982462128,False,143
3,-0.10668042130776516,False,143
4,-0.11228595874221084,False,143
5,-0.15773901347544894,False,143
6,-0.15455586027229587,False,143
7,-0.14267548513711,False,143
8,-0.18419039785407548,False,143
9,-0.006553263817365512,False,143
10,0.1366665569710787,False,143
11,0.0733304696669484,False,143
12,0.018289915029503445,False,143
13,-0.07664680483529857,False,143
14,-0.16936508689778815,False,143
15,-0.09583034115706573,False,143
-3,-0.0013871400251850574,False,145
-2,0.052256671985978526,False,145
-1,-0.05086953196079348,False,145
0,0.43873161191823185,False,145
1,0.17899795851026454,False,145
2,0.22793608995975387,False,145
3,0.08473519274588978,False,145
4,0.3361599650010403,False,145
5,0.15294270442217503,False,145
6,0.016050522748843304,False,145
-7,-0.004521338966739508,False,145
-6,-0.03065630582415811,False,145
-5,0.03517764479089763,False,145
-4,0.018003915585066255,False,145
-3,-0.0663634468066352,False,145
-2,-0.025934696808554925,False,145
-1,0.18210723912119656,False,145
0,0.22233814340301897,False,145
1,0.12183050915172386,False,145
2,0.041041511313607254,False,145
3,0.10132275892100437,False,145
4,0.08281311561253771,False,145
5,0.05426123603382754,False,145
6,-0.06703376659204394,False,145
7,0.0244761020406859,False,145
8,-0.0976337390075046,False,145
9,-0.11781011728282986,False,145
10,-0.08234483576753676,False,145
11,-0.11598763094486862,False,145
12,-0.1339218552022648,False,145
13,-0.10753872478689033,False,145
14,-0.12748857186005122,False,145
15,-0.13662928125769716,False,145
-8,0.0040031528705873065,False,145
-7,0.0023600425941355807,False,145
-6,-0.006363195464722887,False,145
-5,-0.057299766959246504,False,145
-4,-0.09679988955430358,False,145
-3,-0.12295699342911942,False,145
-2,0.18031829142424396,False,145
-1,0.19378262761952966,False,145
0,0.187423645650473,False,145
1,0.07858605471471386,False,145
2,0.026566545732145147,False,145
3,0.053302661155629066,False,145
4,0.007049691317366741,False,145
5,-0.11286553304064886,False,145
6,-0.14242675686396014,False,145
-7,-0.035194341031663565,False,145
-6,0.009222725431158874,False,145
-5,0.02597161560050476,False,145
-4,-0.06834074037037799,False,145
-3,-0.08866192771151224,False,145
-2,0.1131919312804349,False,145
-1,0.28795598373438336,False,145
0,0.22894881101082667,False,145
1,0.13826164190077408,False,145
2,0.0831768591494694,False,145
3,-0.045525043624952036,False,145
4,-0.1008403064564929,False,145
5,-0.12939650000352276,False,145
6,-0.13315323941429397,False,145
7,-0.13607545325342832,False,145
8,-0.13773422495428783,False,145
9,-0.13937943803822164,False,145
-8,-0.08119321612611688,False,146
-7,-0.043956357278496186,False,146
-6,-0.08504608106969148,False,146
-5,-0.0033372072453928397,False,146
-4,-0.11548551393301891,False,146
-3,-0.11030444716486008,False,146
-2,0.15291335933460298,False,146
-1,0.2574937855336169,False,146
0,0.05789457954164205,False,146
1,0.20876297972053903,False,146
2,-0.09742768348317253,False,146
3,0.09422871432565728,False,146
4,0.17965662890087658,False,146
5,0.24057049376362388,False,146
6,0.33952681887934516,False,146
7,0.1903442922966278,False,146
-8,-0.04676727687301738,False,146
-7,-0.1306713569532683,False,146
-6,-0.08600147007699366,False,146
-5,0.08040505772712567,False,146
-4,-0.05036512595410855,False,146
-3,-0.0033519225652735296,False,146
-2,0.11957750127591407,False,146
-1,0.1586036507779748,False,146
0,0.09755205076401183,False,146
1,0.08524916941079999,False,146
2,0.02827045837582942,False,146
3,-0.024755692041005778,False,146
4,0.03410474985884196,False,146
5,0.0038490360960779235,False,146
6,-0.0239235326044423,False,146
7,-0.1290411409916175,False,146
-8,-0.018041080086239752,True,148
-7,-0.029678381042806623,True,148
-6,-0.020356396410776523,True,148
-5,0.03259980248934917,True,148
-4,0.03752101450090743,True,148
-3,-0.03894417878913426,True,148
-2,-0.062163913637875295,True,148
-1,0.2580682003461834,True,148
0,0.26704223093533613,True,148
1,0.041956907448977857,True,148
-8,-0.032385462773748444,False,148
-7,-0.011479498459293747,False,148
-6,0.042188008509180114,False,148
-5,-0.029091189103125567,False,148
-4,-0.05653455893311356,False,148
-3,-0.026983170384381,False,148
-2,0.1749763972022618,False,148
-1,0.20349785309503252,False,148
0,0.18506151001093993,False,148
1,0.12864731734189486,False,148
2,0.15080597273604,False,148
3,-0.01808916596471541,False,148
4,-0.10399068908407319,False,148
5,-0.11944795925083289,False,148
6,-0.1236224298208021,False,148
7,-0.12279668736913629,False,148
-7,-0.03158769744129089,False,148
-6,0.008896996105589347,False,148
-5,0.022690701335701516,False,148
-4,-0.017063867143061504,False,148
-3,0.05943245219169756,False,148
-2,-0.08436417129413787,False,148
-1,0.2910465056903448,False,148
0,0.3311769328051699,False,148
1,0.25970902141954216,False,148
2,0.11359571264252218,False,148
3,0.175849500983759,False,148
4,0.19308598713939623,False,148
5,-0.04287181043759965,False,148
6,-0.104991967295882,False,148
7,-0.10970044076208887,False,148
8,-0.11158555465891024,False,148
9,-0.11310257949344497,False,148
10,-0.11367977876539076,False,148
-8,-0.00772979955936029,False,148
-7,-0.013119487722388953,False,148
-6,-0.05722918259315811,False,148
-5,0.01425140055034152,False,148
-4,-0.07837100372238631,False,148
-3,-0.10181210049497962,False,148
-2,0.10041406150976656,False,148
-1,0.31371343883763214,False,148
0,0.1091047963446683,False,148
1,0.17923361755679756,False,148
2,0.24206554804846675,False,148
3,0.12010782776075368,False,148
4,0.1384118403213439,False,148
5,0.06562703546117035,False,148
6,0.10850018742972492,False,148
7,0.20233726289581994,False,148
8,0.09390041173778996,False,148
9,0.008285226808683654,False,148
10,0.014088812845105853,False,148
-8,-0.03604620696450196,False,149
-7,-0.08385287483446133,False,149
-6,-0.03807712714557092,False,149
-5,-0.08887600238309759,False,149
-4,-0.032717413223749714,False,149
-3,-0.08484451327172027,False,149
-2,-0.10124469677868374,False,149
-1,0.17049927440160195,False,149
0,0.31420377140128986,False,149
1,0.2792526311066648,False,149
2,0.19412982148188013,False,149
3,-0.0804206455684155,False,149
4,-0.08548985810583293,False,149
5,-0.10816841304429678,False,149
6,-0.11249562830393994,False,149
7,-0.00900967896272363,False,149
8,0.07304491915554902,False,149
-8,-0.09563113712790201,False,149
-7,0.14130898052534238,False,149
-6,0.051491315077390964,False,149
-5,-0.0474995789907095,False,149
-4,-0.12377275993370562,False,149
-3,-0.17416899037186348,False,149
-2,0.00035928963391840263,False,149
-1,0.14502056676439187,False,149
0,0.24183258945524802,False,149
1,-0.15006003441570842,False,149
2,0.05257548862099179,False,149
3,0.076662277649763,False,149
4,0.13629090723046464,False,149
5,0.08216045022209426,False,149
6,-0.11146056819616,False,149
7,-0.13050486553650012,False,149
8,-0.1401961588647692,False,149
-8,0.1441348483941321,False,151
-7,0.00020251794921608002,False,151
-6,0.02897947844256396,False,151
-5,0.07061658052141861,False,151
-4,-0.043250482512767835,False,151
-3,-0.08002088198734959,False,151
-2,0.1399937342741775,False,151
-1,0.11717581705221775,False,151
0,0.35423545952355323,False,151
1,0.14934681309264936,False,151
2,0.04794230884804154,False,151
3,-0.08783671015454814,False,151
4,-0.11170760879464893,False,151
5,-0.11545341782183734,False,151
6,-0.12050893572401866,False,151
-7,0.009845012355435473,True,152
-6,0.03775470604864675,True,152
-5,-0.04759971840408221,True,152
-4,-0.05568650235684948,True,152
-3,-0.09792390519050695,True,152
-2,0.1596684300694475,True,152
-1,0.02847295561059421,True,152
0,0.2072252400472945,True,152
1,0.04097371860403129,True,152
2,-0.02646880545352953,True,152
3,0.02051216048007448,True,152
4,-0.04354624196291562,True,152
-8,-0.03823459721522007,False,152
-7,-0.025827703153515,False,152
-6,-0.06795379938606702,False,152
-5,-0.10024106073434595,False,152
-4,-0.09203123687320466,False,152
-3,-0.11483076806068752,False,152
-2,0.17465709263835055,False,152
-1,0.08941502425693561,False,152
0,0.19865282098908543,False,152
1,0.2018840922218495,False,152
2,0.2013849418330802,False,152
3,0.15558971666135296,False,152
4,-0.032488082534811336,False,152
5,-0.016460099109999737,False,152
6,-0.004933659349899436,False,152
7,0.12857142545967215,False,152
8,0.08539515652698333,False,152
9,0.20876192524864673,False,152
-8,-0.02521364388428886,False,152
-7,0.076785318347255,False,152
-6,0.06375200684421722,False,152
-5,0.0896479504105622,False,152
-4,0.15412808510126097,False,152
-3,-0.10380045209294915,False,152
-2,0.1908442358079953,False,152
-1,0.22033897723632428,False,152
0,0.29212027002628227,False,152
1,0.0873533587529692,False,152
2,-0.04423870146528104,False,152
3,0.17123965647941342,False,152
-8,-0.05493711497780887,False,152
-7,0.004781585180293951,False,152
-6,-0.13569773708112184,False,152
-5,-0.10677086896057644,False,152
-4,-0.13781272736116446,False,152
-3,-0.16493205429344607,False,152
-2,0.20034873864793865,False,152
-1,0.22062343698621215,False,152
0,0.03720974251817927,False,152
1,0.25342407194001526,False,152
2,0.1872482865882568,False,152
3,0.26320688053821006,False,152
4,0.050893392199066995,False,152
5,0.32714822880350936,False,152
6,0.15124195112400077,False,152
7,-0.017479896765074387,False,152
8,-0.08155009466246137,False,152
9,-0.13638007904006835,False,152
10,-0.14562842066930656,False,152
11,-0.160036506061673,False,152
-8,-0.09590271447182995,False,154
-7,0.0679635973369834,False,154
-6,0.16212059002190587,False,154
-5,0.0641183262146611,False,154
-4,-0.03409842713339847,False,154
-3,-0.06461678974803235,False,154
-2,-0.007403490873856541,False,154
-1,0.03176753070032101,False,154
0,0.3800503930027779,False,154
1,-0.028398664336499915,False,154
-8,-0.05387240678388257,False,154
-7,-0.06565646155613801,False,154
-6,-0.04499216442555824,False,154
-5,0.07998604731983436,False,154
-4,-0.07095696962049385,False,154
-3,-0.0482492406902682,False,154
-2,0.13065056840112135,False,154
-1,0.1731180268289477,False,154
0,0.13075822048064248,False,154
1,-0.0815090548704261,False,154
2,0.20219911610329763,False,154
3,0.05947509532749201,False,154
4,-0.13084291157146494,False,154
5,0.07600384973712485,False,154
6,-0.004170129384357291,False,154
7,0.22058915473513044,False,154
8,0.14306509810390192,False,154
-8,-0.14519251332628097,False,155
-7,-0.017938350497387318,False,155
-6,-0.044874244440344185,False,155
-5,-0.05885635376760781,False,155
-4,-0.11295270387867047,False,155
-3,-0.05482659801421347,False,155
-2,0.08222044213021085,False,155
-1,0.2024834368571783,False,155
0,0.09796539015210909,False,155
1,-0.010784423649756125,False,155
2,0.012660800233872838,False,155
3,-0.08910538684596274,False,155
4,-0.03125829476498551,False,155
5,-0.10361402109069622,False,155
6,-0.14084266477214705,False,155
7,-0.07980278769006371,False,155
-7,0.0008485408254111787,False,155
-6,-0.011538224863842067,False,155
-5,0.010689684038430916,False,155
-4,-0.011855028426432851,False,155
-3,-0.0035692127204554336,False,155
-2,-0.09117606486889068,False,155
-1,0.1559270430587431,False,155
0,0.33652957872613815,False,155
1,0.17308193358931412,False,155
2,0.28728978414357886,False,155
3,0.25260291763658743,False,155
4,0.3741242494979681,False,155
5,0.15431862256103107,False,155
6,0.15638552180826498,False,155
7,0.11455649554603427,False,155
8,0.09323466512897328,False,155
9,-0.006586247837495118,False,155
-7,0.019956851280491267,False,155
-6,-0.00624090488927502,False,155
-5,-0.013715946391216233,False,155
-4,-0.060810746775202394,False,155
-3,-0.02306992320210463,False,155
-2,-0.005164262571459133,False,155
-1,0.2375985812694283,False,155
0,0.2310893043136999,False,155
1,-0.044575816419588396,False,155
2,-0.06172657476438987,False,155
3,0.033180511409581254,False,155
4,0.25299168830183694,False,155
5,0.2109172409166563,False,155
6,0.20098687676593702,False,155
7,0.1502796986156354,False,155
8,-0.02055717478550842,False,155
9,0.050788601215241314,False,155
10,0.117285132150763,False,155
11,0.013569500786892202,False,155
12,-0.027263861453908245,False,155
13,-0.01466920461105363,False,155
-8,0.013993631031613676,False,157
-7,-0.008050316184995868,False,157
-6,-0.06800610141128577,False,157
-5,-0.08844389985743611,False,157
-4,-0.11151351525860284,False,157
-3,-0.10950629555105015,False,157
-2,0.13682142107980916,False,157
-1,0.22695355919608823,False,157
0,0.17523948292519403,False,157
1,0.17699343058887101,False,157
2,0.14697720092182215,False,157
-8,0.030055631908442904,False,157
-7,0.06028421825496019,False,157
-6,-0.03751401042171831,False,157
-5,-0.08770919737031438,False,157
-4,0.04709788341921098,False,157
-3,-0.045261689296836945,False,157
-2,-0.07112311224350876,False,157
-1,-0.08020007210315201,False,157
-8,-0.15267175624399545,False,157
-7,-0.14183035962839752,False,157
-6,-0.05670432946916139,False,157
-5,-0.004335712219899923,False,157
-4,-0.05591381201319218,False,157
-3,-0.06297859007936378,False,157
-2,-0.07590603927010309,False,157
-1,0.1663670735035293,False,157
0,0.4286240013288133,False,157
1,0.15078941143775798,False,157
2,0.15529765400664292,False,157
3,0.0140197858776418,False,157
4,0.09369664415479817,False,157
5,0.06675274859149519,False,157
6,0.22841608611751335,False,157
7,0.061355694720843124,False,157
8,0.009567327668375397,False,157
9,0.04663382618272344,False,157
-8,-0.06288468451026481,False,158
-7,-0.05119797962828532,False,158
-6,-0.008450561024772124,False,158
-5,-0.13861751042902087,False,158
-4,-0.1767223606748827,False,158
-3,-0.15545103343374447,False,158
-2,-0.014224254871568198,False,158
-1,0.3003978694967293,False,158
0,0.11969460986682454,False,158
1,0.2183621233161094,False,158
2,0.36216855569154915,False,158
3,0.18963994508756596,False,158
4,0.06715041542871733,False,158
5,-0.026905293685642845,False,158
6,-0.11184103957450853,False,158
7,-0.1442138362393507,False,158
8,-0.1597486316726463,False,158
-8,0.09312984550337366,False,160
-7,0.10939945286091576,False,160
-6,0.021459165952720502,False,160
-5,-0.07927514848524149,False,160
-4,0.1349628039749662,False,160
-3,-0.0528679813960043,False,160
-2,-0.09500519351393424,False,160
-1,0.2911717834445225,False,160
0,0.2819636749283418,False,160
-8,-0.10688516007531206,False,160
-7,-0.04544533129303242,False,160
-6,-0.09273307810234897,False,160
-5,-0.1285782573916058,False,160
-4,-0.13905205189815845,False,160
-3,-0.13312335437783776,False,160
-2,-0.0033470942529746917,False,160
-1,0.16622142839902956,False,160
0,0.24433790026629013,False,160
1,-0.005237881671209282,False,160
2,0.028503493971542365,False,160
3,0.08876303724877915,False,160
4,0.07253898881294057,False,160
5,0.021056190012795795,False,160
6,-0.11237639379969055,False,160
7,-0.12711799613194696,False,160
8,-0.1334045442535532,False,160
9,-0.13789642046234277,False,160
10,-0.14063261256189324,False,160
11,-0.1412286479462319,False,160
12,-0.14126168347828696,False,160
13,-0.14199258227148795,False,160
-7,0.03351718828457474,True,161
-6,-0.019422207355408838,True,161
-5,-0.014094980929165932,True,161
-4,-0.07447041039840302,True,161
-3,-0.015602393421291522,True,161
-2,0.1683625786162809,True,161
-1,0.04173991388698421,True,161
0,0.18015368500406403,True,161
1,0.0017026774307889458,True,161
2,0.1203962891986693,True,161
3,0.22068038303507015,True,161
4,-0.03739462054204881,True,161
-8,-0.037276267736212565,True,161
-7,0.09139714203191036,True,161
-6,-0.04810736214355166,True,161
-5,-0.028927003744985164,True,161
-4,-0.0809929239410418,True,161
-3,-0.08124214236862452,True,161
-2,0.20636041804643368,True,161
-1,0.18397172992182836,True,161
0,0.3144681720249297,True,161
1,-0.04718066586325183,True,161
-7,-0.04455913334122051,False,161
-6,0.07204972703298837,False,161
-5,-0.027490593691767914,False,161
-4,-0.06888461191232528,False,161
-3,-0.06041616492063348,False,161
-2,0.005451991600331663,False,161
-1,0.388111434406483,False,161
0,0.27270932155308436,False,161
1,0.006692621214404004,False,161
2,-0.06789340412549431,False,161
3,-0.1399046143925105,False,161
4,0.004503807453997338,False,161
5,0.1163696288448535,False,161
6,-0.052776796003919366,False,161
7,-0.10908219221721022,False,161
8,-0.13095218329538505,False,161
9,-0.14962938001239204,False,161
10,-0.13219461018432518,False,161
11,-0.0831943624074508,False,161
12,-0.13181312807021747,False,161
13,-0.1409179124655449,False,161
14,-0.15005559464831555,False,161
-7,-0.014846458310318902,False,161
-6,-0.003833385381958862,False,161
-5,0.01867984369227778,False,161
-4,0.04641161587733206,False,161
-3,-0.008112926854619826,False,161
-2,0.08215891952516688,False,161
-1,-0.039038927288106914,False,161
0,0.393861526574009,False,161
1,0.25736651535293437,False,161
2,0.2911392645046794,False,161
3,0.2140462261881762,False,161
4,0.13915181791099507,False,161
5,0.006134633116294169,False,161
6,0.10303385478547697,False,161
7,0.24148276232833993,False,161
8,0.3268332493823465,False,161
9,0.13064760826763677,False,161
-8,-0.04729218402200697,False,161
-7,-0.09797039749496808,False,161
-6,0.004039660256314914,False,161
-5,0.00974405815631979,False,161
-4,-0.04091689089382754,False,161
-3,-0.05883079039164074,False,161
-2,0.11063489684290578,False,161
-1,0.195433026789557,False,161
0,0.11095088858922272,False,161
1,0.46080203677430864,False,161
2,0.31033772253073544,False,161
3,0.1592411123439648,False,161
4,0.2926281589141121,False,161
5,0.20568548963244945,False,161
-8,-0.007987602553698944,False,164
-7,-0.05275894211784138,False,164
-6,0.067684522205969,False,164
-5,0.03192110600469429,False,164
-4,0.02424479584088106,False,164
-3,-0.07793339908095748,False,164
-2,0.1769798812236955,False,164
-1,0.11615533567872056,False,164
0,0.117443693361017,False,164
1,-0.02228269426956747,False,164
2,-0.07879285505133338,False,164
3,-0.08028783342815485,False,164
4,0.1830443833279672,False,164
5,0.04425235697711717,False,164
6,0.13171756491177267,False,164
7,-0.030685653401395466,False,164
8,0.08328897762730382,False,164
9,-0.053546553128755774,False,164
10,-0.05675029762970666,False,164
-8,-0.03606752210019705,False,164
-7,-0.012451962200227124,False,164
-6,-0.03172617186903812,False,164
-5,0.018923366249788034,False,164
-4,0.11514567972823868,False,164
-3,0.0025729517404681906,False,164
-2,0.08140287481229776,False,164
-1,0.1669355667511167,False,164
0,0.2105080023452472,False,164
1,0.12005743850777649,False,164
2,0.2605371249665398,False,164
3,0.17579921846530094,False,164
4,0.21754774303208224,False,164
5,0.2169007820817781,False,164
6,0.1853315518943428,False,164
7,0.1462865914907071,False,164
8,0.12565290031236376,False,164
9,0.03441561073360418,False,164
10,0.1708211138419638,False,164
11,0.13229379867982677,False,164
12,0.05417452739025096,False,164
-7,-0.0013095866210657003,True,166
-6,-0.007577214400731003,True,166
-5,0.008886801021796675,True,166
-4,-0.05066512117024927,True,166
-3,-0.1041283414904376,True,166
-2,0.09943645312610358,True,166
-1,0.23733528507511056,True,166
0,0.3189779695012138,True,166
-8,-0.006315951838034385,True,167
-7,0.003018598862060365,True,167
-6,-0.04969850808672705,True,167
-5,0.06475317341688835,True,167
-4,0.01324190675135177,True,167
-3,-0.0568016667597774,True,167
-2,0.1684874882541112,True,167
-1,0.2629560117852434,True,167
0,0.17888433100403578,True,167
1,0.022074517025979054,True,167
-8,0.018728982324815513,False,167
-7,0.016087726898855348,False,167
-6,0.01772359109434199,False,167
-5,0.014436246650185752,False,167
-4,-0.03372740837968591,False,167
-3,-0.006951368429088431,False,167
-2,0.027305110657152937,False,167
-1,0.12246669066401589,False,167
0,0.2687330746318251,False,167
1,0.2856944529155112,False,167
2,0.33366709294162045,False,167
3,0.212078810865778,False,167
-6,0.0277658858309022,True,169
-5,0.003743877134973872,True,169
-4,-0.03150976296587603,True,169
-3,-0.108941435306869,True,169
-2,-0.05005732516602086,True,169
-1,0.2883842916645916,True,169
0,0.1839000287968669,True,169
1,-0.0176017961175485,True,169
2,-0.13379357287407315,True,169
3,-0.13876413336692398,True,169
-8,-0.032295134118447276,False,170
-7,-0.018492879781669053,False,170
-6,-0.04917182006306229,False,170
-5,-0.03770587887141646,False,170
-4,-0.038445739545175446,False,170
-3,-0.0713639018361157,False,170
-2,0.02227297810657268,False,170
-1,0.18163976194332737,False,170
0,0.1845985298597339,False,170
1,0.04107143771323364,False,170
-8,-0.0631210526304296,False,172
-7,-0.04068789132209287,False,172
-6,-0.08882891036548858,False,172
-5,0.17740895275815505,False,172
-4,-0.015889493756120074,False,172
-3,-0.04924442802588848,False,172
-2,0.23507869784851676,False,172
-1,0.09264299583756884,False,172
0,0.1265010515242837,False,172
1,0.04871415167960967,False,172
2,0.01487534119950007,False,172
3,0.18256104554902974,False,172
-8,0.03632890785851978,False,173
-7,0.05347999901765765,False,173
-6,-0.06287302591160057,False,173
-5,-0.07766131017123332,False,173
-4,-0.12995488330595714,False,173
-3,0.1442918671183659,False,173
-2,0.15280356333401568,False,173
-1,0.04896388276719754,False,173
0,0.37011823324971427,False,173
1,0.11139313453180527,False,173
2,0.1854671558563481,False,173
3,0.035236358528964035,False,173
-6,-0.04205922838059173,True,175
-5,0.08262533597990393,True,175
-4,-0.04056610759931217,True,175
-3,-0.07468913217177015,True,175
-2,0.12048606790180685,True,175
-1,0.17012513210940497,True,175
0,0.3176563153399402,True,175
1,0.30576535494415613,True,175
2,0.1465910283498684,True,175
3,0.04882528444458509,True,175
4,0.007323192523685296,True,175
5,0.04894757072647807,True,175
-5,0.03907711075874029,True,176
-4,0.027550755167267946,True,176
-3,-0.06662786592600822,True,176
-2,0.287678196304021,True,176
-1,0.10082610613721021,True,176
0,0.006423812459410427,True,176
1,-0.07672872457645805,True,176
-8,0.10228614880244186,False,176
-7,-0.051188255244052655,False,176
-6,0.044346919689444236,False,176
-5,-0.0834616771611062,False,176
-4,-0.0969224892662183,False,176
-3,-0.17021473238386778,False,176
-2,-0.11823216197014727,False,176
-1,0.2220679760992989,False,176
0,0.2992757085478627,False,176
1,0.13549411128579997,False,176
2,0.2604660407670899,False,176
3,-0.05685014906473432,False,176
4,-0.1172079115892044,False,176
5,-0.1429855543590793,False,176
6,-0.1546770386372335,False,176
7,-0.1630103820751757,False,176
8,-0.16725599298746976,False,176
9,-0.1687804498254096,False,176
10,-0.17044670107234683,False,176
11,-0.17065448600079025,False,176
12,-0.17274419021027348,False,176
13,-0.17411482598860228,False,176
-8,0.006480770900798821,False,178
-7,0.023370970487782694,False,178
-6,-0.029851741388581515,False,178
-5,-0.08277545711725517,False,178
-4,-0.07366492342579573,False,178
-3,-0.10949409504233643,False,178
-2,0.14780259472093224,False,178
-1,0.2603184524350938,False,178
0,0.1750431362510628,False,178
1,0.0759580048285714,False,178
2,-0.02254124715267447,False,178
3,-0.09732931260656583,False,178
4,-0.11098132701731832,False,178
5,-0.11435890535825101,False,178
6,-0.11850828809097676,False,178
7,-0.1218451747204219,False,178
8,-0.12223513928804683,False,178
9,-0.12534144522738241,False,178
10,-0.1276621812469848,False,178
11,-0.1274838551959373,False,178
12,-0.12909916889618758,False,178
-6,0.04299567782583716,False,178
-5,-0.009004137535723905,False,178
-4,-0.03399154029011327,False,178
-3,-0.02892525511229968,False,178
-2,0.009745778838171348,False,178
-1,0.28459948055198886,False,178
0,0.2497524737846295,False,178
1,0.13462077503379527,False,178
2,0.10161923335608991,False,178
3,0.07710162461069672,False,178
4,0.038231653598852694,False,178
5,0.07674344845411055,False,178
6,0.05402078521844955,False,178
7,-0.057224360528836934,False,178
8,-0.04443229371657764,False,178
9,-0.08041201704905396,False,178
10,-0.09198762981781392,False,178
11,-0.11295828537880358,False,178
12,-0.11276528207592718,False,178
13,-0.11839534838794966,False,178
14,-0.11832460868013801,False,178
15,-0.11884257115506672,False,178
-8,-0.00528805953564776,False,179
-7,-0.009742482091745774,False,179
-6,0.01503054162739352,False,179
-5,-0.05274806320716324,False,179
-4,-0.013302221901402081,False,179
-3,-0.08685774620195946,False,179
-2,0.11986251319769374,False,179
-1,0.2307791514755449,False,179
0,0.23455215842252253,False,179
1,0.22640874963412372,False,179
2,0.15040490259106037,False,179
3,0.013833058219377845,False,179
4,-0.07621325034298929,False,179
5,-0.0904489118116829,False,179
6,-0.09715979098543427,False,179
7,-0.09808964123663645,False,179
8,-0.1004453409734953,False,179
9,-0.10206005276525237,False,179
-8,-0.07732173447931764,False,179
-7,-0.09654066922707245,False,179
-6,-0.04572977328726753,False,179
-5,-0.08494945748371789,False,179
-4,-0.06597588835744234,False,179
-3,-0.0050589935820424675,False,179
-2,-0.03340641932434717,False,179
-1,0.2922508734480559,False,179
0,0.2281476619465655,False,179
1,-0.026972157430701887,False,179
2,-0.04367082100752179,False,179
-8,0.010052827202433473,False,179
-7,-0.030769576683163644,False,179
-6,0.02071674948073013,False,179
-5,-0.05663010631952453,False,179
-4,-0.046851747105727856,False,179
-3,-0.08579977894743238,False,179
-2,0.1298109138237294,False,179
-1,0.1820197060381799,False,179
0,0.1301297309977406,False,179
1,0.1529746466099735,False,179
2,0.15362384189628714,False,179
3,0.06481115927412134,False,179
-8,-0.03451213473534173,False,181
-7,-0.09593226425193493,False,181
-6,-0.09058763145375566,False,181
-5,-0.06667303862609127,False,181
-4,-0.09590038369023514,False,181
-3,0.038771215218130664,False,181
-2,0.11008085811409808,False,181
-1,0.15459894624830334,False,181
0,0.2792607127909955,False,181
1,0.09551956824146916,False,181
2,0.31686854319472646,False,181
3,0.08310410860409671,False,181
4,0.2611006510306779,False,181
5,0.2049135628097189,False,181
6,0.04787863985227796,False,181
7,-0.049719605787078985,False,181
8,-0.08226384188471172,False,181
9,-0.10399630696286491,False,181
10,-0.10619547372063433,False,181
11,-0.10898574254905906,False,181
12,-0.11149544440616886,False,181
13,-0.11232613653785906,False,181
-7,0.054346425179144286,False,181
-6,0.0015067232451512758,False,181
-5,-0.055853148424295576,False,181
-4,-0.07048726024959531,False,181
-3,0.03666758535662183,False,181
-2,0.03438301594671718,False,181
-1,0.16654247895973665,False,181
0,0.17581568698446562,False,181
1,0.11222447990978326,False,181
2,0.063138742886033,False,181
3,-0.072867313796678,False,181
4,-0.07816615107051875,False,181
5,0.03885967708398688,False,181
6,0.022992297215424812,False,181
7,0.0010661866170341011,False,181
-7,0.05932977870614839,False,182
-6,-0.02293681146775149,False,182
-5,-0.036392967238396925,False,182
-4,0.06698450744657605,False,182
-3,0.047742460412787374,False,182
-2,0.03067056465341901,False,182
-1,0.26396207521834497,False,182
0,0.18416712538944602,False,182
1,0.2712725713393079,False,182
2,0.10220756279465659,False,182
3,0.10094237179379523,False,182
4,0.09089074461654986,False,182
5,0.10995420648662435,False,182
6,0.15621402902712567,False,182
7,0.20817788294068784,False,182
8,0.028997748398393447,False,182
-8,-0.02095796044352341,False,182
-7,-0.11039618749279734,False,182
-6,-0.03919455217801966,False,182
-5,-0.015674643517000486,False,182
-4,-0.050669969503413764,False,182
-3,-0.11592814987338326,False,182
-2,-0.04926610265418485,False,182
-1,0.23360092027880597,False,182
0,0.22570449065508041,False,182
1,0.09627909005688348,False,182
2,0.01620837566964542,False,182
3,-0.043945405446534816,False,182
4,-0.03561042392026602,False,182
5,-0.06883578473659419,False,182
6,-0.07518339480616398,False,182
7,-0.09300924196885699,False,182
8,-0.0954567549789535,False,182
9,-0.10465790381274775,False,182
10,-0.10569453438280235,False,182
11,-0.11229575972670407,False,182
12,-0.11459304529307392,False,182
-8,-0.044003630783969364,False,184
-7,0.05294426140190009,False,184
-6,0.06828279240607704,False,184
-5,-0.04872527383537886,False,184
-4,-0.08196883382912595,False,184
-3,0.06854462893155361,False,184
-2,-0.036181567204560616,False,184
-1,0.26267190304426985,False,184
0,0.14953703245481426,False,184
1,0.1843986061302091,False,184
2,-0.025376192326916486,False,184
3,-0.08311991535986052,False,184
4,-0.10756222179619522,False,184
5,-0.11566577410216203,False,184
6,-0.12226077931784458,False,184
7,-0.12327304107514954,False,184
8,-0.12284195734114976,False,184
9,-0.12465057336682352,False,184
-8,0.009348637907257595,False,184
-7,0.23804203646129896,False,184
-6,0.075184427705261,False,184
-5,-0.05651495228087247,False,184
-4,0.013398109332598718,False,184
-3,-0.08553109747589262,False,184
-2,0.10417304818187097,False,184
-1,0.14136329851021345,False,184
0,0.2602999068239132,False,184
-8,0.02972739744277926,False,184
-7,-0.039159109712892264,False,184
-6,-0.06358004047240186,False,184
-5,-0.031722456446205805,False,184
-4,0.03962536573631824,False,184
-3,0.03712658307616158,False,184
-2,0.013613852523694986,False,184
-1,0.22335073679332107,False,184
0,0.2463584863464966,False,184
1,0.15775124145250352,False,184
2,0.3288727268295137,False,184
3,0.20645880197795163,False,184
4,0.15507553468925633,False,184
5,-0.003711767681025477,False,184
6,0.017050475406296547,False,184
7,0.11708143727062774,False,184
8,0.148294279589326,False,184
-7,-0.015982192109274748,False,185
-6,-0.0022660096074572644,False,185
-5,0.018248201716731985,False,185
-4,-0.03940647540676025,False,185
-3,-0.0138738396007647,False,185
-2,-0.027033945633848255,False,185
-1,0.18827097629889444,False,185
0,0.34120796724217795,False,185
1,0.1813319869058419,False,185
2,0.07889081425253709,False,185
3,-0.05799784004422143,False,185
4,0.1642268553126054,False,185
5,0.1575802051779247,False,185
6,-0.04860487941292428,False,185
7,-0.06479525389375806,False,185
8,-0.09971415222282629,False,185
9,-0.08048021667050487,False,185
10,0.0331880183268327,False,185
11,0.08975833856857361,False,185
12,0.1978181840269045,False,185
13,0.3209566343036813,False,185
14,0.19173549446484328,False,185
-8,0.008704772664167776,False,187
-7,0.015781132368728662,False,187
-6,-0.10782734634005942,False,187
-5,-0.05209694340951601,False,187
-4,0.15189927650380133,False,187
-3,0.0038779422799514185,False,187
-2,0.10828927011125625,False,187
-1,0.12883060437133334,False,187
0,0.23400545936777792,False,187
1,0.17603989732984301,False,187
2,-0.06880276364510353,False,187
3,-0.08133219295158295,False,187
4,-0.10033144029744312,False,187
5,-0.10180393011365169,False,187
-5,0.025588171473441862,False,187
-4,-0.034310127992869394,False,187
-3,0.008721956519427532,False,187
-2,-0.0952709700594968,False,187
-1,-0.015367201589985446,False,187
0,0.5079909719763185,False,187
1,0.08308005418671804,False,187
2,0.011359735052346331,False,187
3,-0.022017376371224348,False,187
4,-0.028442066146911513,False,187
5,-0.045868379521977434,False,187
6,-0.04608652584611436,False,187
7,-0.07757820652276792,False,187
8,-0.07112525695608299,False,187
9,-0.0881082304560931,False,187
10,-0.07518594753312507,False,187
11,-0.09672180381108764,False,187
12,-0.095665612889149,False,187
13,-0.10637217742917676,False,187
14,-0.0987799844134118,False,187
15,-0.10624655742730138,False,187
-8,-0.03498574717473782,False,187
-7,0.025518654432948512,False,187
-6,0.03935558477175469,False,187
-5,-0.06836715287563451,False,187
-4,-0.02059957579454519,False,187
-3,-0.007058951960445592,False,187
-2,0.14641786344477906,False,187
-1,0.23051866467276647,False,187
0,0.06583394077167443,False,187
1,0.14378500410794512,False,187
2,0.25615471626252073,False,187
-7,0.038180285293163085,False,188
-6,-0.030819629620167655,False,188
-5,-0.007360655672995459,False,188
-4,-0.008100848786994796,False,188
-3,0.05559640759636436,False,188
-2,0.013282026735195851,False,188
-1,0.27847359485533973,False,188
0,0.40852251857050215,False,188
1,0.12897555918191875,False,188
2,0.17312995184596044,False,188
3,0.03762084874423233,False,188
4,0.013337121399435076,False,188
5,-0.03971028635665591,False,188
6,-0.07389741960971907,False,188
7,-0.0981051407326162,False,188
8,-0.09450318583513317,False,188
9,-0.0962682954088179,False,188
10,-0.10646274987310661,False,188
11,-0.11716581358482633,False,188
12,-0.11046137910512557,False,188
13,-0.13305275722196253,False,188
14,-0.123739882999063,False,188
-8,-0.05115721526372337,False,188
-7,0.052569587127669265,False,188
-6,-0.001412371863945855,False,188
-5,-0.07010808365738702,False,188
-4,-0.0783063256429723,False,188
-3,-0.12430763305359953,False,188
-2,0.1655132238609858,False,188
-1,0.1808132322706059,False,188
0,0.14071676755805942,False,188
1,0.21243361034698763,False,188
2,0.061691000002257274,False,188
3,-0.057886559988884784,False,188
4,0.053616905770551226,False,188
5,0.12343063149569208,False,188
6,-0.02385531852574363,False,188
7,-0.07370889264766675,False,188
8,-0.13657475197678637,False,188
9,-0.13032354960467607,False,188
10,-0.15882113409019585,False,188
11,-0.1487096765167304,False,188
12,-0.1569566555632106,False,188
-8,-0.05356642977780317,True,190
-7,-0.011897941477947122,True,190
-6,0.13981526633384653,True,190
-5,0.08167704775417028,True,190
-4,-0.03890430359653807,True,190
-3,-0.006195303269018737,True,190
-2,0.20715720753884634,True,190
-1,0.17348921793775,True,190
0,0.02045889029623707,True,190
1,-0.06397726099902956,True,190
2,-0.12399549454339016,True,190
-8,-0.03831327142371144,False,190
-7,-0.04687871177911487,False,190
-6,-0.14784978654130315,False,190
-5,-0.13677121013037646,False,190
-4,-0.14451893230845053,False,190
-3,0.13024492850712988,False,190
-2,0.038964883765985586,False,190
-1,0.14952570106700724,False,190
0,0.2250769543861395,False,190
1,-0.014784431148825772,False,190
2,0.01454347928604749,False,190
3,0.12678550999332572,False,190
-5,-0.01206398759303337,False,190
-4,0.012293599702758506,False,190
-3,-0.00022961210972516355,False,190
-2,-0.07111873565792358,False,190
-1,0.24898643356625258,False,190
0,0.19814182664549043,False,190
1,0.08952261051771082,False,190
2,0.0177984125548398,False,190
3,0.008672052085229975,False,190
4,0.24947095972308328,False,190
5,0.18116413130198808,False,190
6,0.11000611963418036,False,190
7,-0.0014027922222482891,False,190
-8,-0.043275233575148384,False,191
-7,0.05780242045143058,False,191
-6,-0.056762271909700956,False,191
-5,0.018456406407351716,False,191
-4,0.056894673877662866,False,191
-3,-0.10036630163941254,False,191
-2,0.1082538153015522,False,191
-1,0.17400729259111847,False,191
0,0.27112017410648925,False,191
1,0.12878143910115397,False,191
2,-0.0833309492664714,False,191
3,-0.1106063674974502,False,191
4,-0.08715545689712935,False,191
5,-0.14592029772510448,False,191
6,-0.1466726528144992,False,191
7,0.0031924020706644574,False,191
-5,0.05242656378363844,False,193
-4,-0.00565744909466713,False,193
-3,-0.04676911468897132,False,193
-2,0.22866983304637695,False,193
-1,0.059990610120928906,False,193
0,0.18018088688730732,False,193
1,-0.05789358739845322,False,193
2,0.06329452865463117,False,193
3,0.14586342730510587,False,193
4,0.12293614833331853,False,193
5,0.10088476476042163,False,193
6,-0.0024450916242766407,False,193
7,-0.062309712507575575,False,193
8,0.1432410250861223,False,193
-8,-0.015495313563526222,False,193
-7,0.01664665922264276,False,193
-6,-0.03262076700202533,False,193
-5,-0.06593685358757592,False,193
-4,-0.037155529423673964,False,193
-3,-0.08127785184087728,False,193
-2,0.31518521317308745,False,193
-1,0.05239230307533592,False,193
0,0.013349368426192262,False,193
1,0.0258544825496939,False,193
2,-0.03307469498615931,False,193
3,-0.08673510363514231,False,193
-8,-0.04502757709364892,False,194
-7,-0.027045728498055116,False,194
-6,-0.05583105651994795,False,194
-5,-0.1440809613444242,False,194
-4,0.08888984428969274,False,194
-3,0.08720412498380611,False,194
-2,0.10893660190356672,False,194
-1,-0.005706837292518835,False,194
-8,-0.0674354540864747,False,194
-7,-0.09190982411276229,False,194
-6,-0.1644717855982445,False,194
-5,-0.1687823111328205,False,194
-4,-0.152546046402734,False,194
-3,0.019175068615893742,False,194
-2,0.11311561034495549,False,194
-1,0.11113100063557552,False,194
0,0.17130729043170634,False,194
1,0.14510720876427052,False,194
2,0.11403508093316778,False,194
3,-0.07991151309460987,False,194
4,-0.12719161486535718,False,194
5,-0.15693112037750717,False,194
6,-0.1706283885640802,False,194
-5,0.01110019314094704,False,194
-4,0.036298246388564465,False,194
-3,-0.047398439529511546,False,194
-2,0.08387545874748029,False,194
-1,0.16946782126513518,False,194
0,0.19076088735453647,False,194
1,0.0855220995648529,False,194
2,0.14012420395166228,False,194
3,0.20446017059566804,False,194
4,0.14601376102849703,False,194
5,0.003480323370723626,False,194
6,0.04909298503435283,False,194
7,0.038778729719702726,False,194
8,-0.04667917138647429,False,194
9,-0.08392337705672452,False,194
-8,0.1251507410800069,False,194
-7,-0.008689750059170748,False,194
-6,-0.06750660537702718,False,194
-5,0.004161014760455259,False,194
-4,0.02018892032593124,False,194
-3,-0.06895207460330405,False,194
-2,0.09813593015530549,False,194
-1,0.1275684092769837,False,194
0,0.2363789593066185,False,194
1,0.26603772103622436,False,194
-7,-0.002960856373737525,False,194
-6,-0.010783988740770883,False,194
-5,0.013744845114508408,False,194
-4,-0.0501127862154106,False,194
-3,-0.04539845914301442,False,194
-2,0.18291775953615788,False,194
-1,0.11982951013678425,False,194
0,0.17945188118898645,False,194
1,0.2288837696276885,False,194
2,0.09292668946771795,False,194
3,-0.004125580711281163,False,194
4,0.1257769587002087,False,194
5,0.07936373571238745,False,194
6,0.07051946264133935,False,194
-8,0.026779920473952584,False,194
-7,-0.001582155839371241,False,194
-6,-0.02519776463458133,False,194
-5,-0.09402258986953596,False,194
-4,-0.040108892073026106,False,194
-3,-0.10165739654380189,False,194
-2,0.17933205882954686,False,194
-1,0.15303556988651149,False,194
0,0.09895814690903021,False,194
1,-0.024634382693546536,False,194
2,-0.0956307036824714,False,194
3,-0.12522686626236418,False,194
4,-0.1279391711902006,False,194
5,-0.13063414463402317,False,194
6,-0.13137570653670633,False,194
7,-0.13229834733164877,False,194
8,-0.13282636938658848,False,194
-8,-0.1239280519979252,False,195
-7,-0.07333491017460636,False,195
-6,0.17307214136603702,False,195
-5,-0.02083216067587615,False,195
-4,-0.07435420698904945,False,195
-3,-0.10673532410139071,False,195
-2,-0.05945978049948131,False,195
-1,0.2236219293760697,False,195
0,0.23021701310975648,False,195
1,0.04729021648033127,False,195
2,-0.07016994453186276,False,195
3,-0.08884501835134245,False,195
4,-0.10873378531203039,False,195
5,-0.12133558356525148,False,195
6,-0.1286556075879375,False,195
-8,-0.011476837131592546,False,195
-7,0.010089148217991908,False,195
-6,0.0013876889136006099,False,195
-5,-0.05141715248079491,False,195
-4,-0.06271906239760075,False,195
-3,-0.08402126287843535,False,195
-2,0.08363752044123778,False,195
-1,0.2795963039403857,False,195
0,0.3731627823468965,False,195
1,-0.013247546327222012,False,195
2,0.0424520798796804,False,195
3,0.09274790638427095,False,195
4,-0.0012899070425278075,False,195
5,-0.033698985421779404,False,195
6,0.05396285713442188,False,195
7,-0.047226838483531375,False,195
-8,-0.10766126885168378,False,195
-7,-0.11235154133536915,False,195
-6,-0.11799316791705751,False,195
-5,-0.1275424280387167,False,195
-4,0.0287224055792982,False,195
-3,0.08230261337924116,False,195
-2,-0.006356539940455791,False,195
-1,0.2533317676734619,False,195
0,0.24906317382387275,False,195
1,0.1267569579226873,False,195
2,0.03721873358753358,False,195
3,0.12722534164170748,False,195
4,-0.04599424950072717,False,195
5,-0.08074434729185626,False,195
6,0.027179225292618153,False,195
7,-0.08618617389569846,False,195
8,-0.10554063447558185,False,195
9,-0.09169687026037027,False,195
10,-0.10718886548038387,False,195
-8,0.08883114689250386,False,197
-7,-0.008662289675696239,False,197
-6,0.008899260402780648,False,197
-5,-0.030087999176099264,False,197
-4,0.0767249201672164,False,197
-3,-0.06805754077069631,False,197
-2,0.007295380136026597,False,197
-1,0.22148277129799782,False,197
0,0.17752045102964537,False,197
1,0.09346442650455374,False,197
2,0.039176130747542046,False,197
3,0.028821931798422115,False,197
4,0.018281311328685837,False,197
5,-0.07956322064800563,False,197
-8,-0.06901598214472493,False,197
-7,-0.07426363784221372,False,197
-6,-0.11119236742952324,False,197
-5,0.0444931193093904,False,197
-4,-0.08043853775441955,False,197
-3,-0.038532791977997374,False,197
-2,0.24317138729529772,False,197
-1,0.16278464267875062,False,197
0,0.22843610980850002,False,197
1,0.0230019252316139,False,197
2,0.12604941717007154,False,197
3,-0.07289810656066524,False,197
4,-0.13443755353935014,False,197
5,-0.14444549482208363,False,197
6,-0.14758278152088763,False,197
-8,0.06548301478410762,True,198
-7,-0.07227794308133287,True,198
-6,0.0067949282972253056,True,198
-5,-0.046685114199166794,True,198
-4,0.1332316336042459,True,198
-3,0.05956341335335044,True,198
-2,-0.06646077686596653,True,198
-1,0.24052627457691367,True,198
0,0.28720214565822844,True,198
1,0.11767170724377057,True,198
2,0.23268246268586412,True,198
3,0.21730795087613608,True,198
4,0.10805602306045037,True,198
5,-0.009211238448385617,True,198
6,-0.039984800163700276,True,198
7,-0.04250912536037682,True,198
8,0.021407412730976627,True,198
9,-0.1271995221733549,True,198
10,0.05953209249830679,True,198
-8,-0.027123100313775753,False,200
-7,-0.00460508084314433,False,200
-6,0.03172818115692004,False,200
-5,0.025427765719128706,False,200
-4,0.0036346103704133353,False,200
-3,-0.10007933459703239,False,200
-2,0.15147567314358645,False,200
-1,0.1352207146228122,False,200
0,0.1525097557547847,False,200
1,0.2524802644190061,False,200
2,0.22474651002057716,False,200
3,0.28296720993362146,False,200
4,0.06691534908693066,False,200
5,0.033088408897063395,False,200
-7,0.05864563341272923,False,200
-6,0.0033295394291340125,False,200
-5,-0.06197517284186328,False,200
-4,0.02827868771239868,False,200
-3,0.026761008656684945,False,200
-2,0.11977481773234981,False,200
-1,0.2011645881624416,False,200
0,0.28663524628723075,False,200
1,0.21456607622670215,False,200
2,0.2161065067407656,False,200
3,0.255519740235361,False,200
4,0.14907543761069247,False,200
5,-0.07046239793960271,False,200
6,-0.09386115617763982,False,200
7,-0.0956653334730717,False,200
8,-0.0978277062988537,False,200
9,-0.09998748483983004,False,200
10,-0.1022949511299224,False,200
11,-0.10369648399056751,False,200
12,-0.10371854405106377,False,200
13,-0.10326138755716559,False,200
14,-0.10442012287903935,False,200
15,-0.10509369511791185,False,200
-8,-0.010234850960366443,False,200
-7,-0.03966810124190201,False,200
-6,-0.03620970765281331,False,200
-5,-0.020192739659848302,False,200
-4,-0.08727474061029775,False,200
-3,-0.13964279945272465,False,200
-2,0.12058769482252604,False,200
-1,0.05820099321406791,False,200
0,0.45752395946898194,False,200
1,0.19378785772257748,False,200
2,0.3106882721564982,False,200
-8,-0.05135371691589732,True,203
-7,0.023961362187965865,True,203
-6,-0.012217957328241005,True,203
-5,-0.04821330773449772,True,203
-4,-0.019002047018047627,True,203
-3,-0.004266541163450946,True,203
-2,0.08404327326299381,True,203
-1,0.17943259188839972,True,203
0,0.13033365743688952,True,203
1,0.14825301806693236,True,203
2,0.1668722152346842,True,203
3,0.10987580965402015,True,203
4,0.04181922505689549,True,203
5,-0.08532020508307092,True,203
6,-0.08854932445219858,True,203
7,-0.09472540919982247,True,203
-8,0.015187964388379271,False,203
-7,-0.02902663318519219,False,203
-6,0.10059376533826093,False,203
-5,0.009047263727974847,False,203
-4,0.09794463419886133,False,203
-3,-0.09416036898219982,False,203
-2,0.0013016711828317817,False,203
-1,0.1858013785212354,False,203
0,0.20609800706143921,False,203
1,-0.08291776899687757,False,203
2,0.038361162863236695,False,203
3,-0.080357743325842,False,203
4,0.042979433289466976,False,203
-4,-0.00306918076437393,False,203
-3,0.012459008595255672,False,203
-2,-0.009389827830881742,False,203
-1,0.17634503625548867,False,203
0,0.2956889412564828,False,203
1,0.13644473069542998,False,203
2,0.18938207001068533,False,203
3,-0.025476437686650436,False,203
4,-0.02968330813563097,False,203
5,0.2884687703345532,False,203
6,0.25436327897166,False,203
7,0.12211927177043849,False,203
8,0.11844473949393278,False,203
9,0.14420332664753313,False,203
10,0.12485584578756417,False,203
11,-0.03926697129365464,False,203
12,-0.095275108199769,False,203
13,-0.12193251195786846,False,203
14,-0.1294708533244781,False,203
15,-0.1317927759920289,False,203
-8,-0.021146623829872327,False,203
-7,0.06094322730670548,False,203
-6,0.04392263881441322,False,203
-5,0.023364930260997174,False,203
-4,0.0650694593659435,False,203
-3,0.04113956234635319,False,203
-2,0.20494108530890423,False,203
-1,0.09130172016145743,False,203
0,0.11677300302998622,False,203
1,0.032118282921809266,False,203
2,-0.04794477243207809,False,203
3,0.1423611175861004,False,203
4,0.03470528558568933,False,203
5,-0.07256412206081374,False,203
6,-0.10141834412695035,False,203
7,-0.10490056681414979,False,203
8,-0.10917131949022078,False,203
9,-0.11120420656546287,False,203
10,-0.11318006398686015,False,203
11,-0.11707393689350669,False,203
12,-0.11835847399604925,False,203
13,-0.11836458110357204,False,203
14,-0.11763405042616223,False,203
-6,-0.02785877390419947,False,204
-5,0.004494524256661261,False,204
-4,0.023364249647538166,False,204
-3,-0.03989662058132663,False,204
-2,0.10466916806603713,False,204
-1,0.22961282698213759,False,204
0,0.123814561749377,False,204
1,0.13281677441323766,False,204
2,0.07571294542784868,False,204
3,0.012381112102903283,False,204
4,0.013832909913883196,False,204
5,-0.012061977284464287,False,204
6,-0.039048369074508676,False,204
7,-0.045562139548005226,False,204
8,-0.05112610481958921,False,204
9,-0.06628618780130449,False,204
10,-0.07811371453998887,False,204
11,-0.08262800854142097,False,204
12,-0.071451862547279,False,204
13,-0.0933022444741898,False,204
14,-0.09618745489101642,False,204
15,-0.09857615374522154,False,204
-8,0.04134361221755305,True,206
-7,-0.08882759444874624,True,206
-6,-0.03324438595388089,True,206
-5,-0.10115147236789084,True,206
-4,-0.05196345508868934,True,206
-3,-0.10096269909846502,True,206
-2,0.21507466110391005,True,206
-1,0.1881628057549744,True,206
0,-0.011520959098612518,True,206
1,-0.022077879204439113,True,206
2,-0.026777523374004367,True,206
-8,0.01240525214080794,False,207
-7,0.01107994459389447,False,207
-6,-0.023485196734702438,False,207
-5,-0.06908551623028805,False,207
-4,-0.012687925938216327,False,207
-3,-0.0692111278504112,False,207
-2,-0.06270115088039353,False,207
-1,0.19954633247304687,False,207
0,0.4375197808564067,False,207
1,0.2310871847767061,False,207
2,0.06009691842877178,False,207
3,0.01051612760274781,False,207
4,-0.019209669830813694,False,207
5,-0.029160304602739613,False,207
6,-0.033724906603355705,False,207
7,-0.03870424576986468,False,207
8,-0.05222068562553663,False,207
9,-0.05598715529616657,False,207
10,-0.06270074030554111,False,207
11,-0.06155149046358944,False,207
-8,-0.053879485471416064,False,207
-7,-0.04587174863729454,False,207
-6,-0.05292872254163085,False,207
-5,-0.030546054774142184,False,207
-4,-0.06005922364742047,False,207
-3,-0.015925178614731444,False,207
-2,0.27349921428473484,False,207
-1,0.09670484009351027,False,207
0,0.17360684981966806,False,207
1,0.06772780954758137,False,207
-8,0.051060792764594826,False,208
-7,-0.04913964538294849,False,208
-6,-0.06986020020611965,False,208
-5,-0.09320306601520853,False,208
-4,-0.11774352069293115,False,208
-3,-0.13462115530468083,False,208
-2,0.06736829692127724,False,208
-1,0.23888526823947784,False,208
0,0.0771106525137141,False,208
1,-0.00963219386441086,False,208
2,0.045234379230011335,False,208
3,0.20156709757144717,False,208
4,0.012428563792799274,False,208
5,-0.11561985035771957,False,208
6,-0.09455580767023583,False,208
7,-0.11541928889854772,False,208
8,-0.17094021107285468,False,208
9,-0.13954978691094497,False,208
10,-0.1605233226579299,False,208
11,-0.18084815153304507,False,208
12,-0.16500019154809475,False,208
-8,-0.030689299205472587,False,208
-7,0.04575396741551904,False,208
-6,-0.06156957907985761,False,208
-5,0.04689262727078575,False,208
-4,-0.035994868838565425,False,208
-3,-0.006709383814066175,False,208
-2,0.24710766268325235,False,208
-1,0.1259759757774123,False,208
0,0.22518346435114556,False,208
1,0.21578167355221628,False,208
2,0.15300398856239444,False,208
3,0.2018659069391761,False,208
-8,0.040003060891112024,False,211
-7,0.037813631042628026,False,211
-6,-0.07781669193374004,False,211
-5,-0.06517521374567854,False,211
-4,-0.02097502908845729,False,211
-3,0.029293175536227817,False,211
-2,0.024213807564782724,False,211
-1,0.3130672450052253,False,211
0,0.06730546717344857,False,211
1,0.06307637649185041,False,211
2,-0.05748997217170057,False,211
3,0.08719920109768853,False,211
4,0.11558698707959228,False,211
5,0.013086305938061316,False,211
6,-0.01806778052183891,False,211
7,-0.031675355172098324,False,211
8,-0.10015353564405696,False,211
9,-0.13207510805713207,False,211
10,-0.13133990341238463,False,211
11,-0.06561679875798725,False,211
12,-0.1320048349287234,False,211
13,-0.1332166939808478,False,211
-8,-0.016312208858316996,False,211
-7,-0.06810619271099781,False,211
-6,-0.06916833372870435,False,211
-5,-0.09370411407792423,False,211
-4,-0.12755596309473144,False,211
-3,-0.13298879144709236,False,211
-2,0.14105291364741487,False,211
-1,0.1451422026289246,False,211
0,0.19818018127021533,False,211
1,0.23087134338681756,False,211
2,0.2927965750397148,False,211
3,0.10926877612636363,False,211
4,-0.07409308475657125,False,211
5,0.013147703407208111,False,211
-8,-0.004442352787076109,False,211
-7,0.007823432181877907,False,211
-6,-0.0033810793948018253,False,211
-5,0.055879095241793963,False,211
-4,-0.03671435543053653,False,211
-3,0.04323757184326282,False,211
-2,-0.015650615293882134,False,211
-1,0.2601534111172447,False,211
0,0.15377439278118687,False,211
1,0.158243427706649,False,211
2,0.24937064041335127,False,211
3,0.2026469470559461,False,211
4,0.1791050926478674,False,211
5,0.3237401860523887,False,211
6,0.05213699946535766,False,211
7,-0.018345456367130197,False,211
8,-0.055790342624323044,False,211
9,-0.08097465387774137,False,211
10,-0.09942390321132377,False,211
11,-0.1005855991968636,False,211
12,-0.1013403525790883,False,211
-8,0.05527843674035263,False,214
-7,-0.08368309529312781,False,214
-6,-0.03595075173328298,False,214
-5,-0.10426300899160604,False,214
-4,-0.1161802140919861,False,214
-3,0.04778259225651796,False,214
-2,0.013704760522853576,False,214
-1,0.17785386778363949,False,214
0,0.3041377887256166,False,214
1,0.13437754634637328,False,214
2,0.05854542025608317,False,214
3,-0.08431465655228611,False,214
4,-0.10850009919172565,False,214
5,-0.1114398718512188,False,214
6,-0.11255558540394338,False,214
7,-0.11302406441512002,False,214
-8,0.042733264482445216,False,214
-7,-0.11490198415735955,False,214
-6,-0.07480676537045033,False,214
-5,0.049456639971078215,False,214
-4,-0.05403296994141657,False,214
-3,0.05341699353420548,False,214
-2,-0.013188928330240782,False,214
-1,0.25380874709503587,False,214
0,0.13623659764489246,False,214
1,0.10259935456748578,False,214
2,0.029795658806435504,False,214
3,0.18281189954789376,False,214
4,-0.03623281881138718,False,214
5,-0.029802766411490766,False,214
6,-0.05337467660697906,False,214
7,-0.10618491546631455,False,214
8,-0.11888458253681555,False,214
9,-0.10780834160410646,False,214
10,-0.10590904326773559,False,214
11,-0.10277574707418362,False,214
12,-0.12069264379563352,False,214
13,-0.10324906564668845,False,214
14,-0.11725836173736451,False,214
15,-0.11081209869874578,False,214
-5,-0.004296967225295795,False,215
-4,-0.04945282323603302,False,215
-3,0.053749790461328786,False,215
-2,0.029707985262892075,False,215
-1,0.2635976289023966,False,215
0,0.16590435255781422,False,215
1,0.06234137963465765,False,215
2,-0.025803637601679336,False,215
3,0.08739478368393457,False,215
4,-0.012737176650564494,False,215
5,-0.055316331183212684,False,215
6,-0.0768449603774117,False,215
-8,0.19058342871052814,False,215
-7,0.01786581376369177,False,215
-6,0.05779998370302915,False,215
-5,0.12251450159204778,False,215
-4,-0.013433278386328185,False,215
-3,-0.008575686459293616,False,215
-2,0.1359350347518289,False,215
-1,0.23892863203624853,False,215
0,0.21762558045485536,False,215
1,0.01892335860526069,False,215
2,-0.02932533139128301,False,215
-8,-0.019412654829722112,False,215
-7,-0.0330788864804704,False,215
-6,-0.07901627428752524,False,215
-5,-0.07589848476357972,False,215
-4,-0.09857345654928804,False,215
-3,0.003399965070004146,False,215
-2,0.08508867544100593,False,215
-1,0.06350380623596255,False,215
0,0.27491806274405634,False,215
1,0.09020805207091329,False,215
2,0.017492205349148457,False,215
3,-0.09309662038240553,False,215
4,-0.08800561011162517,False,215
5,-0.09579488061512222,False,215
6,-0.0612265801117296,False,215
7,0.14041631812252958,False,215
8,0.18056316968167446,False,215
9,0.050723191791668204,False,215
-8,-0.04692945947328841,True,217
-7,-0.051070973938261544,True,217
-6,-0.06341948593210658,True,217
-5,0.05695162249903295,True,217
-4,0.01697760028694413,True,217
-3,-0.03396584954931224,True,217
-2,0.1829270489577457,True,217
-1,0.1299617967606102,True,217
0,0.18869036131873507,True,217
1,0.07917113371985741,True,217
2,-0.051931439727076,True,217
3,-0.07030825829343512,True,217
-8,0.0503571421213545,True,217
-7,0.03168133632096165,True,217
-6,-0.03931335424909296,True,217
-5,-0.05054136753407541,True,217
-4,-0.04074718871769328,True,217
-3,0.07528058911512489,True,217
-2,0.20520577548666744,True,217
-1,0.001965308064177357,True,217
0,0.27319128369473356,True,217
1,0.17125229165761865,True,217
2,-0.01875017242876792,True,217
-8,-0.06779410035546744,False,217
-7,-0.07099085173036176,False,217
-6,-0.07769058904137383,False,217
-5,0.14618111041548768,False,217
-4,-0.06493857393881147,False,217
-3,-0.08894911178768161,False,217
-2,0.002940607318434346,False,217
-6,0.023046345262446116,False,217
-5,-0.010438656760593856,False,217
-4,-0.01260768850185226,False,217
-3,-0.05842565942181781,False,217
-2,0.13354729870980034,False,217
-1,0.27329321806671203,False,217
0,0.2659725366900194,False,217
1,0.27350990155909005,False,217
2,0.32767885091447857,False,217
3,0.1651154892534377,False,217
4,0.21767798981983108,False,217
5,0.10671110069898887,False,217
-6,-0.00900024144467454,False,217
-5,-0.01149886406969132,False,217
-4,0.020499105514365845,False,217
-3,-0.052858792035388166,False,217
-2,-0.01041760677283883,False,217
-1,0.07705093640485608,False,217
0,0.38220283190420695,False,217
1,0.15884200680982768,False,217
2,-0.02172186512007991,False,217
3,0.04138773568966375,False,217
4,-0.06078601992037122,False,217
5,-0.09027944413672129,False,217
6,-0.09282746721325318,False,217
7,-0.08590934952998999,False,217
8,-0.10107829816280592,False,217
9,-0.10258130190853926,False,217
10,-0.10961322320140647,False,217
11,-0.11296038428580438,False,217
-7,-0.025137626867755627,False,217
-6,-0.006248246556910142,False,217
-5,0.031385873424665756,False,217
-4,-0.06631444893110694,False,217
-3,-0.08307769741054441,False,217
-2,-0.11953830026652808,False,217
-1,0.19188559496141974,False,217
0,0.3089018212868021,False,217
1,0.15834849827335137,False,217
2,-0.007860778029255222,False,217
3,-0.057510776966885835,False,217
4,-0.08317003153672255,False,217
5,-0.09434130570450669,False,217
6,-0.10819455101196454,False,217
7,-0.10960470574415346,False,217
8,-0.11161552914199585,False,217
9,-0.12021939698342847,False,217
-8,-0.054623052268086614,False,221
-7,0.10231339485931668,False,221
-6,0.05324796743913307,False,221
-5,0.06705678510290539,False,221
-4,0.028074494885440726,False,221
-3,-0.005422817377945199,False,221
-2,0.06725747421299272,False,221
-1,0.07633248956670313,False,221
0,0.31585454682515,False,221
1,0.02090419490803866,False,221
2,-0.05412240280291884,False,221
3,0.044407316900829774,False,221
-7,-0.011480285762675527,False,221
-6,-0.020608861588456345,False,221
-5,0.032089147351131914,False,221
-4,0.06679241862797958,False,221
-3,-0.10327638374178098,False,221
-2,0.24301815369773067,False,221
-1,0.12853124924827586,False,221
0,0.017674607906646878,False,221
1,0.029778155316342758,False,221
2,0.26669698673280484,False,221
3,0.037388222772905266,False,221
4,-0.027468436451301245,False,221
5,-0.06453611701577028,False,221
6,-0.08504895236656995,False,221
7,-0.09107110877137331,False,221
8,-0.09667904672728696,False,221
9,-0.10421236933262135,False,221
10,-0.10810748421776602,False,221
11,-0.11282102468792372,False,221
12,-0.11391344367003843,False,221
13,-0.11498687150972323,False,221
14,-0.11653028391946288,False,221
15,-0.12069583403165811,False,221
-7,0.044409169224085804,False,225
-6,0.003879650861864814,False,225
-5,-0.04828882008595066,False,225
-4,-0.011286860146631578,False,225
-3,0.029510651783118735,False,225
-2,0.1364908662882006,False,225
-1,0.056239287778743235,False,225
0,0.19778228121716349,False,225
1,0.07532246793032837,False,225
2,-0.08989027962887841,False,225
3,0.04716669166591933,False,225
4,-0.09338829863237574,False,225
5,-0.07069801619181573,False,225
6,-0.11040952523703546,False,225
-8,0.004172514652700951,True,227
-7,0.023995806254164323,True,227
-6,-0.03127982977235483,True,227
-5,-0.0361914110025976,True,227
-4,-0.07515644576533001,True,227
-3,-0.0599638736061512,True,227
-2,0.10487362744433444,True,227
-1,0.12278255942370024,True,227
0,0.21792236007946575,True,227
1,-0.004953834435793544,True,227
-8,-0.013064598345304157,False,227
-7,-0.015461601347644682,False,227
-6,0.028526199692948784,False,227
-5,-0.06733872703568838,False,227
-4,-0.04396034429970873,False,227
-3,-0.1104131093215925,False,227
-2,0.18420899234584184,False,227
-1,0.14558374467162996,False,227
0,0.19482779176468903,False,227
1,0.1440248741158173,False,227
2,-0.08370554319507209,False,227
3,-0.1157517561647101,False,227
4,-0.13205002866155224,False,227
-8,-0.009871462896642091,False,228
-7,-0.10178133160772612,False,228
-6,0.07418271764892487,False,228
-5,-0.06470569344023296,False,228
-4,-0.1246938127010222,False,228
-3,-0.1389859400876917,False,228
-2,0.11343911673083062,False,228
-1,0.22728974087788645,False,228
0,0.31483672294355597,False,228
1,0.08033082357915033,False,228
2,0.012078978878091035,False,228
3,-0.09268773827631133,False,228
4,0.14456632014609044,False,228
5,-0.08879904836580457,False,228
6,-0.07781191556614832,False,228
7,-0.10584221058222157,False,228
-8,0.0026051741729330724,True,230
-7,-0.08571494807632804,True,230
-6,0.08310977390339491,True,230
-5,-0.06588477879379881,True,230
-4,-0.07662085578331554,True,230
-3,-0.002086051076237161,True,230
-2,0.22340725114252838,True,230
-1,0.11197262741693273,True,230
0,0.15531606955001928,True,230
1,0.06812925122052146,True,230
2,0.10947478603904795,True,230
3,-0.05391747363679757,True,230
-8,-0.014079257235945011,False,230
-7,-0.0014859857961830591,False,230
-6,0.015565243032128084,False,230
-5,-0.06821000615333792,False,230
-4,-0.05121292447497296,False,230
-3,-0.11334398955736188,False,230
-2,0.007009448531525964,False,230
-1,0.23984464263143954,False,230
0,0.14928124026667147,False,230
1,-0.047720164156433514,False,230
2,-0.09921500674545829,False,230
3,-0.1034722825811569,False,230
4,-0.11472751852284346,False,230
5,-0.11965547734867335,False,230
6,-0.12304151729277983,False,230
7,-0.12449314824555666,False,230
-8,-0.07344267347149565,True,231
-7,0.013994821791028789,True,231
-6,-0.07980051235703303,True,231
-5,0.08055772696563306,True,231
-4,0.028465283163706598,True,231
-3,-0.014479389519982996,True,231
-2,0.0015790443003032562,True,231
-1,0.241899026175444,True,231
0,0.19177377468936674,True,231
1,0.2008953858511131,True,231
-8,-0.05158754160443213,False,231
-7,-0.06702131446132009,False,231
-6,0.042563393745414554,False,231
-5,-0.03981144972396586,False,231
-4,0.12549479769946387,False,231
-3,-0.007185737018884683,False,231
-2,0.20313509917850647,False,231
-1,0.00909957479048415,False,231
0,0.2834803568456177,False,231
1,0.30948270184884513,False,231
2,0.14778284166018624,False,231
3,0.1845755868861796,False,231
4,0.01853173674533297,False,231
5,0.08481984014555106,False,231
6,0.0019525726560550571,False,231
7,0.04099362782959694,False,231
8,0.07565552541617755,False,231
-8,0.05912608232781308,False,232
-7,0.006322961169151459,False,232
-6,-0.06544904349696447,False,232
-5,0.04251467484648255,False,232
-4,0.041340180954739736,False,232
-3,-0.04128124459691869,False,232
-2,0.030823672969171906,False,232
-1,0.3812136786112984,False,232
0,0.18573895302850327,False,232
1,0.027024509493911275,False,232
2,-0.08076738637520145,False,232
3,0.06423088519901501,False,232
4,0.06808729795646157,False,232
5,0.012546835952065821,False,232
6,-0.010884065031621107,False,232
7,-0.0491840965966152,False,232
8,-0.09580030561675365,False,232
9,-0.11400664113789255,False,232
10,0.017792939554646114,False,232
11,-0.08103431881823145,False,232
12,-0.12120840475112625,False,232
13,-0.07785279645923608,False,232
14,-0.037803939338111756,False,232
-7,-0.007314305212059835,False,234
-6,0.024630645837710075,False,234
-5,-0.017316340625650267,False,234
-4,-0.03903519948858669,False,234
-3,-0.030624598702814948,False,234
-2,0.10142980913828592,False,234
-1,0.13206787633893383,False,234
0,0.2939411444141232,False,234
1,0.1683260429786486,False,234
2,0.12584591808268028,False,234
3,-0.0025010344343284197,False,234
4,-0.10306849368983516,False,234
-8,-0.03526198675213747,True,235
-7,0.045155650821203014,True,235
-6,-0.06396715310801496,True,235
-5,-0.10096792983185679,True,235
-4,-0.07955323609180248,True,235
-3,-0.13279129539217016,True,235
-2,0.3180331178311765,True,235
-1,0.14366287428006416,True,235
0,-0.08440928907438493,True,235
1,-0.11349414898801513,True,235
2,-0.12493790231476337,True,235
-8,-0.005678181982322991,False,235
-7,0.0010521942286532832,False,235
-6,0.19721052879580914,False,235
-5,0.07533067080255247,False,235
-4,0.07701532307324839,False,235
-3,0.11367640258939822,False,235
-2,0.09816008201009717,False,235
-1,0.11243577142429188,False,235
0,0.2101390280062716,False,235
1,0.06197360917321017,False,235
2,0.07871353051050138,False,235
-6,-0.007940179904864383,False,235
-5,0.028914550262436958,False,235
-4,-0.02097437035757256,False,235
-3,0.006366482498406947,False,235
-2,0.11954025003245035,False,235
-1,0.11659802164687126,False,235
0,0.307714875740051,False,235
1,0.16475595603823184,False,235
2,-0.012779218823904162,False,235
3,-0.03238994023642294,False,235
4,0.14323869740284118,False,235
5,0.12117425744523809,False,235
6,0.11277065447396824,False,235
7,-0.07426409502347367,False,235
8,-0.04042268668434412,False,235
9,-0.0008028070169076168,False,235
10,-0.05536218868981032,False,235
11,-0.06504304680188402,False,235
12,-0.09785922159424354,False,235
13,-0.1011191069693803,False,235
14,-0.10850939165281108,False,235
15,-0.101950388048158,False,235
-8,-0.021877318894203593,False,237
-7,0.035087013000504486,False,237
-6,-0.009227735993864727,False,237
-5,-0.020235967347063455,False,237
-4,-0.06194253764995375,False,237
-3,-0.09429872441219826,False,237
-2,0.19536307079144932,False,237
-1,0.2075252361811304,False,237
0,0.15771408775659101,False,237
1,0.25087827890931136,False,237
2,0.06340078076909739,False,237
3,0.21337528318242183,False,237
4,0.15976024714487397,False,237
5,0.3885638564877817,False,237
-8,-0.028604624828930725,False,238
-7,-0.02220609562821385,False,238
-6,0.050810720457144576,False,238
-5,0.05007878717411898,False,238
-4,0.09178018765540119,False,238
-3,-0.03649081484005448,False,238
-2,0.13212992999193918,False,238
-1,0.17886417972964674,False,238
0,0.09654612186461581,False,238
1,0.05339475415944689,False,238
2,-0.020375647817618886,False,238
3,-0.08494873110798933,False,238
4,-0.0162686515117903,False,238
5,-0.028597088918426217,False,238
6,-0.11431650644537567,False,238
7,-0.12270240506772963,False,238
8,-0.1311347041526128,False,238
9,-0.14088166507976999,False,238
10,-0.10239793869280579,False,238
11,-0.15058200628337787,False,238
-8,-0.024086827817486056,False,243
-7,0.02803861980162624,False,243
-6,0.013991862839912508,False,243
-5,-0.04945988726912144,False,243
-4,0.0716752570216903,False,243
-3,-0.08924661727851596,False,243
-2,0.23703471585647606,False,243
-1,0.12199899279073263,False,243
0,0.2277582641969726,False,243
1,0.0953962405340237,False,243
-7,-0.06136118744557543,True,244
-6,-0.006104799951479126,True,244
-5,0.06746598739705456,True,244
-4,-0.01726297254638179,True,244
-3,-0.0009868071176067222,True,244
-2,0.012240943905454826,True,244
-1,0.18981321856466132,True,244
0,0.31845909497451086,True,244
1,0.18602255315686045,True,244
2,0.028949531981611626,True,244
3,-0.07100286387200525,True,244
4,-0.010234093574546188,True,244
5,-0.08270013974807496,True,244
-6,-0.008662811440316526,False,244
-5,0.011284479582397033,False,244
-4,-0.002621668142080466,False,244
-3,-0.06460265207396795,False,244
-2,0.13382334002859128,False,244
-1,0.2508517529909169,False,244
0,0.057410616639937156,False,244
1,0.11177390340112858,False,244
2,-0.04614414308877135,False,244
3,0.0017722813406091942,False,244
4,0.03377815225263356,False,244
5,0.2691503645155303,False,244
6,-0.08594380921530326,False,244
7,0.11181909809417609,False,244
8,0.1297050630777016,False,244
9,0.1429621482378631,False,244
